directElevation,sumMovingDuration,directLongitude,directTimestamp,directDoubleCadence,directSpeed,directLatitude,sumElapsedDuration,directCorrectedElevation,directHeartRate,sumDistance,directUncorrectedElevation,directRunCadence,sumDuration,directFractionalCadence,directVerticalSpeed,elapsed_s
83.80000305175781,0.0,106.89399330876768,1785018051000.0,0.0,0.0,-6.429415438324213,0.0,83.80000305175781,133.0,0.0,89.19999694824219,0.0,0.0,0.0,,0.0
83.0,0.0,106.89393547363579,1785018058000.0,0.0,0.0,-6.429458688944578,7.0,83.0,133.0,6.059999942779541,89.4000015258789,0.0,7.0,0.0,-0.13199999928474426,7.0
81.5999984741211,6.0,106.89385651610792,1785018064000.0,164.0,2.13700008392334,-6.429577125236392,13.0,81.5999984741211,135.0,21.34000015258789,90.4000015258789,82.0,13.0,0.0,-0.24199999868869781,13.0
81.19999694824219,11.0,106.89381519332528,1785018069000.0,166.0,2.2300000190734863,-6.429685251787305,18.0,81.19999694824219,135.0,34.119998931884766,92.19999694824219,83.0,18.0,0.0,-0.05299999937415123,18.0
80.80000305175781,14.0,106.89378811977804,1785018072000.0,166.0,2.2300000190734863,-6.4297395665198565,21.0,80.80000305175781,138.0,40.81999969482422,92.5999984741211,83.0,21.0,0.0,-0.14100000262260437,21.0
80.4000015258789,16.0,106.89376892521977,1785018074000.0,166.0,2.2300000190734863,-6.4297722559422255,23.0,80.4000015258789,143.0,45.0,92.5999984741211,83.0,23.0,0.0,-0.18299999833106995,23.0
80.4000015258789,17.0,106.89376515336335,1785018075000.0,166.0,2.239000082015991,-6.429789522662759,24.0,80.4000015258789,146.0,46.90999984741211,92.80000305175781,83.0,24.0,0.0,-0.032999999821186066,24.0
80.5999984741211,18.0,106.89376817084849,1785018076000.0,164.0,2.239000082015991,-6.4298113994300365,25.0,80.5999984741211,147.0,48.959999084472656,92.80000305175781,82.0,25.0,0.0,0.1550000011920929,25.0
79.5999984741211,22.0,106.89372181892395,1785018080000.0,160.0,2.183000087738037,-6.4298611879348755,29.0,79.5999984741211,150.0,57.08000183105469,93.0,80.0,29.0,0.0,-0.24699999392032623,29.0
79.5999984741211,24.0,106.89369826577604,1785018082000.0,162.0,2.127000093460083,-6.429885998368263,31.0,79.5999984741211,152.0,60.84000015258789,93.4000015258789,81.0,31.0,0.0,-0.013000000268220901,31.0
79.80000305175781,28.0,106.89367655664682,1785018086000.0,159.0,2.0429999828338623,-6.429951712489128,35.0,79.80000305175781,154.0,68.66000366210938,94.19999694824219,79.0,35.0,0.5,0.03999999910593033,35.0
79.80000305175781,29.0,106.8936688452959,1785018087000.0,159.0,2.0429999828338623,-6.429968811571598,36.0,79.80000305175781,155.0,70.72000122070312,94.4000015258789,79.0,36.0,0.5,0.03400000184774399,36.0
80.0,31.0,106.89365887083113,1785018089000.0,159.0,2.0429999828338623,-6.430002339184284,38.0,80.0,155.0,74.36000061035156,94.5999984741211,79.0,38.0,0.5,0.1599999964237213,38.0
81.0,35.0,106.8936379160732,1785018093000.0,158.0,1.996999979019165,-6.430065622553229,42.0,81.0,153.0,81.19000244140625,95.80000305175781,79.0,42.0,0.0,0.2070000022649765,42.0
82.19999694824219,41.0,106.89360430464149,1785018099000.0,165.0,2.00600004196167,-6.430182047188282,48.0,82.19999694824219,150.0,94.20999908447266,97.0,82.0,48.0,0.5,0.20999999344348907,48.0
82.4000015258789,42.0,106.89359533600509,1785018100000.0,165.0,2.015000104904175,-6.430205013602972,49.0,82.4000015258789,149.0,96.94000244140625,97.19999694824219,82.0,49.0,0.5,0.24799999594688416,49.0
83.19999694824219,47.0,106.89361436292529,1785018105000.0,164.0,2.0429999828338623,-6.430321270599961,54.0,83.19999694824219,146.0,108.18000030517578,98.0,82.0,54.0,0.0,0.16099999845027924,54.0
83.4000015258789,50.0,106.89360204152763,1785018108000.0,162.0,2.0429999828338623,-6.430373238399625,57.0,83.4000015258789,148.0,113.97000122070312,98.19999694824219,81.0,57.0,0.0,0.06199999898672104,57.0
83.4000015258789,51.0,106.8935866188258,1785018109000.0,160.0,2.0429999828338623,-6.430381033569574,58.0,83.4000015258789,149.0,115.45999908447266,98.0,80.0,58.0,0.0,0.02800000086426735,58.0
83.5999984741211,55.0,106.89355325885117,1785018113000.0,157.0,2.0339999198913574,-6.430421769618988,62.0,83.5999984741211,150.0,121.26000213623047,97.4000015258789,78.0,62.0,0.5,0.03700000047683716,62.0
83.80000305175781,60.0,106.89350070431828,1785018118000.0,161.0,1.9780000448226929,-6.430463511496782,67.0,83.80000305175781,151.0,128.82000732421875,97.0,80.0,67.0,0.5,0.029999999329447746,67.0
83.80000305175781,61.0,106.89349902793765,1785018119000.0,161.0,1.9589999914169312,-6.430480107665062,68.0,83.80000305175781,151.0,130.66000366210938,97.0,80.0,68.0,0.5,0.06199999898672104,68.0
84.0,71.0,106.8934431206435,1785018129000.0,162.0,1.9780000448226929,-6.430668868124485,78.0,84.0,149.0,152.52000427246094,99.4000015258789,81.0,78.0,0.0,0.019999999552965164,78.0
84.0,72.0,106.89343540929258,1785018130000.0,163.0,1.9780000448226929,-6.430684877559543,79.0,84.0,149.0,154.47999572753906,99.80000305175781,81.0,79.0,0.5,-0.004000000189989805,79.0
84.0,79.0,106.89335796050727,1785018137000.0,159.0,1.9220000505447388,-6.430762493982911,86.0,84.0,149.0,166.69000244140625,101.19999694824219,79.0,86.0,0.5,0.0,86.0
84.0,83.0,106.89332191832364,1785018141000.0,157.0,1.9220000505447388,-6.430796692147851,90.0,84.0,150.0,172.4499969482422,101.4000015258789,78.0,90.0,0.5,0.0,90.0
84.0,85.0,106.89329819753766,1785018143000.0,155.0,1.8940000534057617,-6.430770121514797,92.0,84.0,150.0,176.27999877929688,101.4000015258789,77.0,92.0,0.5,0.0,92.0
84.0,92.0,106.89326173625886,1785018150000.0,150.0,1.8380000591278076,-6.430651266127825,99.0,84.0,149.0,190.30999755859375,100.4000015258789,75.0,99.0,0.0,0.0,99.0
83.80000305175781,102.0,106.89330892637372,1785018160000.0,155.0,1.7450000047683716,-6.430481532588601,109.0,83.80000305175781,149.0,209.72999572753906,99.19999694824219,77.0,109.0,0.5,-0.019999999552965164,109.0
83.4000015258789,112.0,106.89335309900343,1785018170000.0,162.0,1.781999945640564,-6.430326299741864,119.0,83.4000015258789,150.0,227.63999938964844,98.19999694824219,81.0,119.0,0.0,-0.04800000041723251,119.0
82.80000305175781,120.0,106.89339375123382,1785018178000.0,157.0,1.7450000047683716,-6.430232422426343,127.0,82.80000305175781,151.0,238.92999267578125,97.4000015258789,78.0,127.0,0.5,-0.06499999761581421,127.0
82.0,124.0,106.89341336488724,1785018182000.0,152.0,1.7079999446868896,-6.430182131007314,131.0,82.0,148.0,244.83999633789062,96.5999984741211,76.0,131.0,0.0,-0.19900000095367432,131.0
81.5999984741211,127.0,106.89342124387622,1785018185000.0,149.0,1.6610000133514404,-6.430151956155896,134.0,81.5999984741211,147.0,248.2899932861328,96.5999984741211,74.0,134.0,0.5,-0.15399999916553497,134.0
81.0,130.0,106.89343851059675,1785018188000.0,151.0,1.6050000190734863,-6.430112812668085,137.0,81.0,145.0,253.0800018310547,96.5999984741211,75.0,137.0,0.5,-0.20900000631809235,137.0
80.0,135.0,106.89345921389759,1785018193000.0,154.0,1.5579999685287476,-6.430049110203981,142.0,80.0,144.0,260.4599914550781,96.80000305175781,77.0,142.0,0.0,-0.17399999499320984,142.0
79.4000015258789,139.0,106.89349215477705,1785018197000.0,152.0,1.5399999618530273,-6.430000746622682,146.0,79.4000015258789,141.0,266.9599914550781,96.80000305175781,76.0,146.0,0.0,-0.14399999380111694,146.0
79.0,144.0,106.89350665546954,1785018202000.0,159.0,1.5299999713897705,-6.429925058037043,151.0,79.0,138.0,275.57000732421875,96.5999984741211,79.0,151.0,0.5,-0.08799999952316284,151.0
79.0,147.0,106.89351637847722,1785018205000.0,157.0,1.5210000276565552,-6.429887926205993,154.0,79.0,137.0,280.1300048828125,96.80000305175781,78.0,154.0,0.5,-0.032999999821186066,154.0
78.80000305175781,151.0,106.89353942871094,1785018209000.0,154.0,1.5119999647140503,-6.4298314321786165,158.0,78.80000305175781,135.0,287.1499938964844,97.80000305175781,77.0,158.0,0.0,-0.029999999329447746,158.0
78.5999984741211,155.0,106.89354185946286,1785018213000.0,159.0,1.5299999713897705,-6.429756581783295,162.0,78.5999984741211,134.0,295.1000061035156,98.4000015258789,79.0,162.0,0.5,-0.06499999761581421,162.0
78.4000015258789,157.0,106.89354219473898,1785018215000.0,156.0,1.5299999713897705,-6.429729759693146,164.0,78.4000015258789,134.0,297.9100036621094,98.5999984741211,78.0,164.0,0.0,-0.04800000041723251,164.0
78.5999984741211,161.0,106.89355711452663,1785018219000.0,157.0,1.5490000247955322,-6.429666979238391,168.0,78.5999984741211,136.0,305.0899963378906,99.5999984741211,78.0,168.0,0.5,0.020999999716877937,168.0
78.5999984741211,163.0,106.89355929382145,1785018221000.0,157.0,1.5490000247955322,-6.429643929004669,170.0,78.5999984741211,136.0,307.4800109863281,99.80000305175781,78.0,170.0,0.5,0.04500000178813934,170.0
78.19999694824219,168.0,106.89349458552897,1785018226000.0,158.0,1.5399999618530273,-6.429592547938228,175.0,78.19999694824219,136.0,316.6300048828125,100.19999694824219,79.0,175.0,0.0,-0.09300000220537186,175.0
77.4000015258789,177.0,106.89338025636971,1785018235000.0,160.0,1.5490000247955322,-6.429546698927879,184.0,77.4000015258789,138.0,330.260009765625,104.5999984741211,80.0,184.0,0.0,-0.08100000023841858,184.0
77.4000015258789,181.0,106.89330766908824,1785018239000.0,160.0,1.5679999589920044,-6.429518535733223,188.0,77.4000015258789,141.0,338.8599853515625,106.0,80.0,188.0,0.0,-0.02500000037252903,188.0
77.19999694824219,186.0,106.89320331439376,1785018244000.0,156.0,1.6330000162124634,-6.4294706750661135,193.0,77.19999694824219,139.0,351.4700012207031,107.0,78.0,193.0,0.0,-0.03400000184774399,193.0
77.0,195.0,106.89306451007724,1785018253000.0,154.0,1.7450000047683716,-6.429405799135566,202.0,77.0,141.0,368.4200134277344,113.0,77.0,202.0,0.0,-0.026000000536441803,202.0
76.80000305175781,201.0,106.89299343153834,1785018259000.0,153.0,1.7079999446868896,-6.429367661476135,208.0,76.80000305175781,140.0,377.4700012207031,115.5999984741211,76.0,208.0,0.5,-0.023000000044703484,208.0
76.80000305175781,203.0,106.89295621588826,1785018261000.0,146.0,1.6699999570846558,-6.4293622970581055,210.0,76.80000305175781,143.0,381.6000061035156,116.0,73.0,210.0,0.0,-0.009999999776482582,210.0
76.80000305175781,212.0,106.89285471104085,1785018270000.0,149.0,1.437000036239624,-6.429328098893166,219.0,76.80000305175781,140.0,393.4200134277344,115.4000015258789,74.0,219.0,0.5,-0.0010000000474974513,219.0
76.80000305175781,216.0,106.89281447790563,1785018274000.0,148.0,1.4179999828338623,-6.429281495511532,223.0,76.80000305175781,137.0,400.5,115.5999984741211,74.0,223.0,0.0,-0.006000000052154064,223.0
76.5999984741211,217.0,106.89281850121915,1785018275000.0,146.0,1.437000036239624,-6.429272694513202,224.0,76.5999984741211,137.0,401.45001220703125,115.80000305175781,73.0,224.0,0.0,-0.04600000008940697,224.0
76.5999984741211,219.0,106.89283937215805,1785018277000.0,148.0,1.437000036239624,-6.4292591996490955,226.0,76.5999984741211,136.0,404.17999267578125,116.0,74.0,226.0,0.0,-0.06199999898672104,226.0
76.5999984741211,226.0,106.89295160584152,1785018284000.0,154.0,1.4559999704360962,-6.429289290681481,233.0,76.5999984741211,135.0,416.80999755859375,116.4000015258789,77.0,233.0,0.0,-0.008999999612569809,233.0
76.5999984741211,234.0,106.89305881038308,1785018292000.0,153.0,1.465000033378601,-6.429290296509862,241.0,76.5999984741211,134.0,429.2300109863281,116.19999694824219,76.0,241.0,0.5,0.0,241.0
76.5999984741211,240.0,106.89309636130929,1785018298000.0,154.0,1.465000033378601,-6.429288033396006,247.0,76.5999984741211,135.0,434.2799987792969,116.19999694824219,77.0,247.0,0.0,-0.0010000000474974513,247.0
76.5999984741211,244.0,106.89314682036638,1785018302000.0,107.0,1.4459999799728394,-6.429294738918543,251.0,76.5999984741211,135.0,439.6600036621094,115.80000305175781,53.0,251.0,0.5,0.006000000052154064,251.0
76.5999984741211,246.0,106.89317448064685,1785018304000.0,109.0,1.3899999856948853,-6.429302534088492,253.0,76.5999984741211,135.0,442.7300109863281,115.5999984741211,54.0,253.0,0.5,0.03200000151991844,253.0
77.0,253.0,106.89327506348491,1785018311000.0,112.0,1.277999997138977,-6.4293555077165365,260.0,77.0,134.0,454.9100036621094,115.5999984741211,56.0,260.0,0.0,0.057999998331069946,260.0
77.0,254.0,106.89328922890127,1785018312000.0,112.0,1.277999997138977,-6.429361794143915,261.0,77.0,134.0,456.6199951171875,115.5999984741211,56.0,261.0,0.0,0.0,261.0
77.0,261.0,106.89333273097873,1785018319000.0,111.0,1.2599999904632568,-6.42940160818398,268.0,77.0,132.0,464.30999755859375,116.0,55.0,268.0,0.5,0.0,268.0
77.0,268.0,106.89338897354901,1785018326000.0,109.0,1.2319999933242798,-6.4293938130140305,275.0,77.0,129.0,471.17999267578125,115.4000015258789,54.0,275.0,0.5,0.0,275.0
77.0,270.0,106.89341311343014,1785018328000.0,115.0,1.222000002861023,-6.429406888782978,277.0,77.0,129.0,474.2200012207031,115.19999694824219,57.0,277.0,0.5,0.0,277.0
77.0,271.0,106.89342836849391,1785018329000.0,115.0,1.222000002861023,-6.429408648982644,278.0,77.0,129.0,475.8699951171875,115.0,57.0,278.0,0.5,0.0,278.0
78.0,282.0,106.89354420639575,1785018340000.0,116.0,1.2970000505447388,-6.42941870726645,289.0,78.0,129.0,489.9700012207031,112.4000015258789,58.0,289.0,0.0,0.09600000083446503,289.0
78.19999694824219,288.0,106.89359684474766,1785018346000.0,109.0,1.2879999876022339,-6.429364560171962,295.0,78.19999694824219,128.0,498.30999755859375,112.19999694824219,54.0,295.0,0.5,0.029999999329447746,295.0
78.4000015258789,291.0,106.89362685196102,1785018349000.0,113.0,1.2970000505447388,-6.429338995367289,298.0,78.4000015258789,127.0,502.6199951171875,112.0,56.0,298.0,0.5,0.04699999839067459,298.0
78.4000015258789,292.0,106.8936297018081,1785018350000.0,113.0,1.2970000505447388,-6.42932734452188,299.0,78.4000015258789,126.0,503.94000244140625,111.80000305175781,56.0,299.0,0.5,-0.05299999937415123,299.0
78.19999694824219,298.0,106.89366851001978,1785018356000.0,113.0,1.315999984741211,-6.4292659889906645,305.0,78.19999694824219,124.0,511.760009765625,109.4000015258789,56.0,305.0,0.5,-0.004000000189989805,305.0
78.4000015258789,301.0,106.89369902014732,1785018359000.0,153.0,1.38100004196167,-6.429231371730566,308.0,78.4000015258789,123.0,516.8400268554688,108.5999984741211,76.0,308.0,0.5,0.027000000700354576,308.0
78.4000015258789,304.0,106.8937227409333,1785018362000.0,152.0,1.5399999618530273,-6.429183762520552,311.0,78.4000015258789,123.0,522.5700073242188,106.80000305175781,76.0,311.0,0.0,-0.023000000044703484,311.0
78.4000015258789,311.0,106.89376171678305,1785018369000.0,154.0,1.5959999561309814,-6.4290795754641294,318.0,78.4000015258789,126.0,535.1300048828125,105.0,77.0,318.0,0.0,0.007000000216066837,318.0
78.4000015258789,312.0,106.89376934431493,1785018370000.0,154.0,1.5959999561309814,-6.429067002609372,319.0,78.4000015258789,128.0,536.6900024414062,105.0,77.0,319.0,0.0,0.06499999761581421,319.0
78.80000305175781,321.0,106.89382583834231,1785018379000.0,154.0,1.6419999599456787,-6.428940435871482,328.0,78.80000305175781,128.0,551.9000244140625,103.0,77.0,328.0,0.0,0.03999999910593033,328.0
78.80000305175781,324.0,106.893843524158,1785018382000.0,155.0,1.6519999504089355,-6.428900118917227,331.0,78.80000305175781,131.0,556.6799926757812,102.4000015258789,77.0,331.0,0.5,0.035999998450279236,331.0
79.19999694824219,330.0,106.89388778060675,1785018388000.0,154.0,1.6699999570846558,-6.428820071741939,337.0,79.19999694824219,132.0,566.8200073242188,100.0,77.0,337.0,0.0,0.057999998331069946,337.0
79.0,338.0,106.89390789717436,1785018396000.0,157.0,1.7079999446868896,-6.42869065515697,345.0,79.0,131.0,581.1500244140625,98.4000015258789,78.0,345.0,0.5,-0.02199999988079071,345.0
79.5999984741211,346.0,106.89395969733596,1785018404000.0,154.0,1.7170000076293945,-6.4285997953265905,353.0,79.5999984741211,133.0,592.7000122070312,97.80000305175781,77.0,353.0,0.0,0.06599999964237213,353.0
80.19999694824219,353.0,106.89403203316033,1785018411000.0,151.0,1.6890000104904175,-6.4285170659422874,360.0,80.19999694824219,133.0,604.75,97.0,75.0,360.0,0.5,0.09399999678134918,360.0
80.19999694824219,354.0,106.89403932541609,1785018412000.0,153.0,1.6890000104904175,-6.428507259115577,361.0,80.19999694824219,133.0,606.0999755859375,96.5999984741211,76.0,361.0,0.5,0.052000001072883606,361.0
80.5999984741211,362.0,106.89407008700073,1785018420000.0,153.0,1.6699999570846558,-6.428407598286867,369.0,80.5999984741211,133.0,617.6500244140625,94.0,76.0,369.0,0.5,0.02800000086426735,369.0
80.80000305175781,371.0,106.8941247370094,1785018429000.0,153.0,1.6699999570846558,-6.428290335461497,378.0,80.80000305175781,133.0,631.9600219726562,92.80000305175781,76.0,378.0,0.5,0.02500000037252903,378.0
80.5999984741211,373.0,106.89413588494062,1785018431000.0,153.0,1.6699999570846558,-6.428267285227776,380.0,80.5999984741211,133.0,634.8900146484375,92.80000305175781,76.0,380.0,0.5,-0.0430000014603138,380.0
80.19999694824219,376.0,106.89413420855999,1785018434000.0,151.0,1.6699999570846558,-6.428217999637127,383.0,80.19999694824219,133.0,640.1900024414062,92.4000015258789,75.0,383.0,0.5,-0.12200000137090683,383.0
79.80000305175781,384.0,106.89416010864079,1785018442000.0,149.0,1.6519999504089355,-6.428117835894227,391.0,79.80000305175781,133.0,651.5599975585938,91.5999984741211,74.0,391.0,0.5,-0.052000001072883606,391.0
79.80000305175781,387.0,106.89415600150824,1785018445000.0,149.0,1.6419999599456787,-6.428084811195731,394.0,79.80000305175781,130.0,655.47998046875,90.80000305175781,74.0,394.0,0.5,-0.04500000178813934,394.0
79.4000015258789,391.0,106.89411065541208,1785018449000.0,149.0,1.6330000162124634,-6.428043153136969,398.0,79.4000015258789,128.0,662.3599853515625,90.5999984741211,74.0,398.0,0.5,-0.07800000160932541,398.0
79.0,399.0,106.89400336705148,1785018457000.0,154.0,1.6330000162124634,-6.427988167852163,406.0,79.0,127.0,675.7000122070312,94.80000305175781,77.0,406.0,0.0,-0.05400000140070915,406.0
78.0,408.0,106.89386062324047,1785018466000.0,156.0,1.6519999504089355,-6.427953969687223,415.0,78.0,131.0,691.8900146484375,98.19999694824219,78.0,415.0,0.0,-0.10999999940395355,415.0
77.80000305175781,411.0,106.8938162829727,1785018469000.0,158.0,1.6519999504089355,-6.427931757643819,418.0,77.80000305175781,134.0,697.3699951171875,101.4000015258789,79.0,418.0,0.0,-0.08699999749660492,418.0
77.80000305175781,413.0,106.89378627575934,1785018471000.0,158.0,1.6519999504089355,-6.427913820371032,420.0,77.80000305175781,135.0,700.8400268554688,103.4000015258789,79.0,420.0,0.0,0.06499999761581421,420.0
78.19999694824219,417.0,106.89372475259006,1785018475000.0,156.0,1.6610000133514404,-6.427877862006426,424.0,78.19999694824219,137.0,708.52001953125,105.5999984741211,78.0,424.0,0.0,0.06499999761581421,424.0
78.19999694824219,422.0,106.89362743869424,1785018480000.0,160.0,1.6799999475479126,-6.4278308395296335,429.0,78.19999694824219,138.0,720.47998046875,108.4000015258789,80.0,429.0,0.0,0.014999999664723873,429.0
78.5999984741211,424.0,106.89361997880042,1785018482000.0,160.0,1.6610000133514404,-6.4277958031743765,431.0,78.5999984741211,138.0,723.5499877929688,109.0,80.0,431.0,0.0,0.1889999955892563,431.0
78.5999984741211,425.0,106.89362710341811,1785018483000.0,160.0,1.6519999504089355,-6.4277896005660295,432.0,78.5999984741211,138.0,724.5800170898438,109.19999694824219,80.0,432.0,0.0,0.06700000166893005,432.0
78.5999984741211,429.0,106.89369239844382,1785018487000.0,157.0,1.6050000190734863,-6.4278078731149435,436.0,78.5999984741211,135.0,732.1699829101562,108.4000015258789,78.0,436.0,0.5,-0.028999999165534973,436.0
78.0,437.0,106.89381645061076,1785018495000.0,157.0,1.7640000581741333,-6.427883142605424,444.0,78.0,134.0,748.1799926757812,108.80000305175781,78.0,444.0,0.5,-0.054999999701976776,444.0
78.4000015258789,444.0,106.89391493797302,1785018502000.0,155.0,1.809999942779541,-6.427924716845155,451.0,78.4000015258789,137.0,759.9500122070312,111.0,77.0,451.0,0.5,0.0430000014603138,451.0
78.5999984741211,447.0,106.89393027685583,1785018505000.0,152.0,1.6699999570846558,-6.427928656339645,454.0,78.5999984741211,138.0,761.8099975585938,111.80000305175781,76.0,454.0,0.0,0.03700000047683716,454.0
78.5999984741211,448.0,106.89393270760775,1785018506000.0,156.0,1.6610000133514404,-6.427923459559679,455.0,78.5999984741211,138.0,762.1599731445312,112.0,78.0,455.0,0.0,0.017000000923871994,455.0
78.5999984741211,450.0,106.89394645392895,1785018508000.0,158.0,1.6330000162124634,-6.427918514236808,457.0,78.5999984741211,138.0,763.7899780273438,112.80000305175781,79.0,457.0,0.0,0.04899999871850014,457.0
79.0,454.0,106.89400386996567,1785018512000.0,158.0,1.6330000162124634,-6.427909880876541,461.0,79.0,137.0,770.3499755859375,114.80000305175781,79.0,461.0,0.0,0.09300000220537186,461.0
79.0,457.0,106.89405608922243,1785018515000.0,159.0,1.6610000133514404,-6.427923124283552,464.0,79.0,137.0,776.2999877929688,115.4000015258789,79.0,464.0,0.5,0.0,464.0
79.0,463.0,106.89414518885314,1785018521000.0,155.0,1.7079999446868896,-6.427906444296241,470.0,79.0,134.0,786.4600219726562,115.19999694824219,77.0,470.0,0.5,0.010999999940395355,470.0
79.19999694824219,465.0,106.89417662099004,1785018523000.0,155.0,1.7170000076293945,-6.4278973918408155,472.0,79.19999694824219,134.0,789.9099731445312,114.80000305175781,77.0,472.0,0.5,0.03999999910593033,472.0
79.19999694824219,466.0,106.89419036731124,1785018524000.0,154.0,1.7170000076293945,-6.4278921112418175,473.0,79.19999694824219,134.0,791.3200073242188,114.5999984741211,77.0,473.0,0.0,0.029999999329447746,473.0
79.19999694824219,471.0,106.8942285887897,1785018529000.0,154.0,1.6419999599456787,-6.42783846706152,478.0,79.19999694824219,135.0,798.3200073242188,111.5999984741211,77.0,478.0,0.0,-0.010999999940395355,478.0
78.80000305175781,479.0,106.89427234232426,1785018537000.0,155.0,1.5679999589920044,-6.4277298375964165,486.0,78.80000305175781,137.0,811.3599853515625,107.0,77.0,486.0,0.5,-0.027000000700354576,486.0
78.5999984741211,484.0,106.89429924823344,1785018542000.0,152.0,1.5859999656677246,-6.427667811512947,491.0,78.5999984741211,139.0,818.8200073242188,105.19999694824219,76.0,491.0,0.0,-0.061000000685453415,491.0
78.4000015258789,487.0,106.89431416802108,1785018545000.0,154.0,1.5959999561309814,-6.4276158437132835,494.0,78.4000015258789,140.0,824.8400268554688,104.19999694824219,77.0,494.0,0.0,-0.07999999821186066,494.0
78.19999694824219,490.0,106.894327159971,1785018548000.0,157.0,1.6050000190734863,-6.427572509273887,497.0,78.19999694824219,137.0,829.8300170898438,103.80000305175781,78.0,497.0,0.5,-0.06800000369548798,497.0
78.0,492.0,106.89433411695063,1785018550000.0,157.0,1.6239999532699585,-6.427547782659531,499.0,78.0,137.0,832.739990234375,103.80000305175781,78.0,499.0,0.5,-0.05700000002980232,499.0
77.80000305175781,495.0,106.89433981664479,1785018553000.0,157.0,1.6419999599456787,-6.42750721424818,502.0,77.80000305175781,138.0,837.260009765625,103.5999984741211,78.0,502.0,0.5,-0.0560000017285347,502.0
77.0,508.0,106.89438809640706,1785018566000.0,154.0,1.6890000104904175,-6.427330607548356,515.0,77.0,139.0,857.6199951171875,101.4000015258789,77.0,515.0,0.0,-0.06199999898672104,515.0
76.80000305175781,512.0,106.89441760070622,1785018570000.0,157.0,1.6979999542236328,-6.427282243967056,519.0,76.80000305175781,140.0,863.9099731445312,101.19999694824219,78.0,519.0,0.5,-0.07000000029802322,519.0
76.80000305175781,514.0,106.89440594986081,1785018572000.0,157.0,1.6979999542236328,-6.427264725789428,521.0,76.80000305175781,137.0,866.280029296875,101.19999694824219,78.0,521.0,0.5,-0.010999999940395355,521.0
76.80000305175781,515.0,106.89439547248185,1785018573000.0,154.0,1.6890000104904175,-6.427255421876907,522.0,76.80000305175781,137.0,867.8300170898438,101.4000015258789,77.0,522.0,0.0,0.004000000189989805,522.0
76.5999984741211,522.0,106.89437108114362,1785018580000.0,155.0,1.6979999542236328,-6.4271628856658936,529.0,76.5999984741211,135.0,878.7899780273438,101.4000015258789,77.0,529.0,0.5,-0.03500000014901161,529.0
76.4000015258789,525.0,106.89437636174262,1785018583000.0,152.0,1.6979999542236328,-6.427122736349702,532.0,76.4000015258789,132.0,883.260009765625,101.0,76.0,532.0,0.0,-0.054999999701976776,532.0
76.0,534.0,106.89438189379871,1785018592000.0,155.0,1.6979999542236328,-6.427003042772412,541.0,76.0,135.0,896.5,99.4000015258789,77.0,541.0,0.5,-0.05000000074505806,541.0
75.80000305175781,535.0,106.89438382163644,1785018593000.0,155.0,1.6890000104904175,-6.426986362785101,542.0,75.80000305175781,135.0,898.3599853515625,99.19999694824219,77.0,542.0,0.5,-0.06700000166893005,542.0
75.5999984741211,544.0,106.8944032676518,1785018602000.0,115.0,1.6799999475479126,-6.426879996433854,551.0,75.5999984741211,137.0,910.239990234375,96.5999984741211,57.0,551.0,0.5,-0.032999999821186066,551.0
75.5999984741211,550.0,106.89439698122442,1785018608000.0,0.0,1.6330000162124634,-6.426810929551721,557.0,75.5999984741211,135.0,918.030029296875,94.5999984741211,0.0,557.0,0.0,0.004000000189989805,557.0
75.4000015258789,556.0,106.89438776113093,1785018614000.0,113.0,1.5959999561309814,-6.426737001165748,563.0,75.4000015258789,132.0,926.2899780273438,95.4000015258789,56.0,563.0,0.5,-0.03999999910593033,563.0
75.19999694824219,559.0,106.89438139088452,1785018617000.0,116.0,1.5679999589920044,-6.426704898476601,566.0,75.19999694824219,132.0,929.9099731445312,96.4000015258789,58.0,566.0,0.0,-0.039000000804662704,566.0
75.19999694824219,568.0,106.89435188658535,1785018626000.0,116.0,1.5210000276565552,-6.4265945088118315,575.0,75.19999694824219,132.0,942.5399780273438,95.5999984741211,58.0,575.0,0.0,-0.003000000026077032,575.0
75.4000015258789,572.0,106.89433688297868,1785018630000.0,118.0,1.5119999647140503,-6.426548156887293,579.0,75.4000015258789,129.0,947.9600219726562,95.19999694824219,59.0,579.0,0.0,0.041999999433755875,579.0
75.4000015258789,575.0,106.8943319376558,1785018633000.0,117.0,1.5119999647140503,-6.426518904045224,582.0,75.4000015258789,128.0,951.2000122070312,95.19999694824219,58.0,582.0,0.5,0.03500000014901161,582.0
75.4000015258789,576.0,106.89433051273227,1785018634000.0,117.0,1.5119999647140503,-6.426509516313672,583.0,75.4000015258789,129.0,952.2100219726562,95.19999694824219,58.0,583.0,0.5,0.03400000184774399,583.0
76.0,586.0,106.89429841004312,1785018644000.0,116.0,1.4179999828338623,-6.426395187154412,593.0,76.0,128.0,965.4099731445312,95.80000305175781,58.0,593.0,0.0,0.04100000113248825,593.0
77.0,597.0,106.894253147766,1785018655000.0,113.0,1.4179999828338623,-6.426244983449578,604.0,77.0,128.0,982.8300170898438,95.5999984741211,56.0,604.0,0.5,0.09700000286102295,604.0
78.19999694824219,607.0,106.89422439783812,1785018665000.0,147.0,1.465000033378601,-6.426109615713358,614.0,78.19999694824219,127.0,998.1699829101562,95.80000305175781,73.0,614.0,0.5,0.13099999725818634,614.0
78.5999984741211,609.0,106.89421702176332,1785018667000.0,147.0,1.4739999771118164,-6.4260900020599365,616.0,78.5999984741211,125.0,1000.4600219726562,95.80000305175781,73.0,616.0,0.5,0.17800000309944153,616.0
79.0,614.0,106.89419967122376,1785018672000.0,149.0,1.465000033378601,-6.426030490547419,621.0,79.0,126.0,1007.3300170898438,95.19999694824219,74.0,621.0,0.5,0.07999999821186066,621.0
80.80000305175781,628.0,106.89413789659739,1785018686000.0,154.0,1.4559999704360962,-6.42584634013474,635.0,80.80000305175781,128.0,1028.8900146484375,97.0,77.0,635.0,0.0,0.12200000137090683,635.0
81.0,629.0,106.89413152635098,1785018687000.0,154.0,1.4559999704360962,-6.4258325938135386,636.0,81.0,128.0,1030.56005859375,97.19999694824219,77.0,636.0,0.0,0.19099999964237213,636.0
81.19999694824219,635.0,106.8941178638488,1785018693000.0,152.0,1.465000033378601,-6.42575204372406,642.0,81.19999694824219,128.0,1039.68994140625,97.19999694824219,76.0,642.0,0.0,0.05700000002980232,642.0
80.80000305175781,638.0,106.89415449276567,1785018696000.0,151.0,1.465000033378601,-6.425721701234579,645.0,80.80000305175781,128.0,1045.06005859375,97.0,75.0,645.0,0.5,-0.17599999904632568,645.0
79.19999694824219,643.0,106.8942581769079,1785018701000.0,152.0,1.5119999647140503,-6.425705775618553,650.0,79.19999694824219,127.0,1056.6700439453125,97.19999694824219,76.0,650.0,0.0,-0.29899999499320984,650.0
77.80000305175781,651.0,106.89434710890055,1785018709000.0,159.0,1.7259999513626099,-6.425758581608534,658.0,77.80000305175781,127.0,1068.5799560546875,98.0,79.0,658.0,0.5,-0.19200000166893005,658.0
77.5999984741211,657.0,106.89435297623277,1785018715000.0,0.0,0.30799999833106995,-6.425751708447933,664.0,77.5999984741211,128.0,1070.2900390625,98.4000015258789,0.0,664.0,0.0,-0.017999999225139618,664.0
77.19999694824219,661.0,106.89437108114362,1785018719000.0,167.0,0.6809999942779541,-6.425820607692003,668.0,77.19999694824219,129.0,1078.239990234375,98.4000015258789,83.0,668.0,0.5,-0.08900000154972076,668.0
76.19999694824219,669.0,106.89440863206983,1785018727000.0,164.0,1.819000005722046,-6.425964189693332,676.0,76.19999694824219,128.0,1094.6800537109375,98.80000305175781,82.0,676.0,0.0,-0.14399999380111694,676.0
76.19999694824219,676.0,106.89444643445313,1785018734000.0,161.0,1.847000002861023,-6.426078099757433,683.0,76.19999694824219,131.0,1107.9000244140625,97.4000015258789,80.0,683.0,0.5,0.0,683.0
76.0,678.0,106.89445548690856,1785018736000.0,163.0,1.8380000591278076,-6.426110286265612,685.0,76.0,132.0,1111.5899658203125,97.19999694824219,81.0,685.0,0.5,-0.09700000286102295,685.0
75.4000015258789,682.0,106.8944669701159,1785018740000.0,161.0,1.8289999961853027,-6.426173150539398,689.0,75.4000015258789,135.0,1118.6099853515625,96.80000305175781,80.0,689.0,0.5,-0.14399999380111694,689.0
75.80000305175781,692.0,106.89450301229954,1785018750000.0,160.0,1.819000005722046,-6.426330981776118,699.0,75.80000305175781,134.0,1136.5699462890625,97.19999694824219,80.0,699.0,0.0,0.052000001072883606,699.0
75.5999984741211,703.0,106.89453746192157,1785018761000.0,158.0,1.781999945640564,-6.426501888781786,710.0,75.5999984741211,137.0,1155.8900146484375,96.5999984741211,79.0,710.0,0.0,-0.03099999949336052,710.0
75.4000015258789,705.0,106.89454039558768,1785018763000.0,159.0,1.7730000019073486,-6.426532147452235,712.0,75.4000015258789,137.0,1159.25,96.4000015258789,79.0,712.0,0.5,-0.05400000140070915,712.0
74.80000305175781,712.0,106.89456964842975,1785018770000.0,154.0,1.753999948501587,-6.426643878221512,719.0,74.80000305175781,140.0,1172.030029296875,96.4000015258789,77.0,719.0,0.0,-0.0820000022649765,719.0
74.80000305175781,714.0,106.89457534812391,1785018772000.0,159.0,1.753999948501587,-6.426676483824849,721.0,74.80000305175781,140.0,1175.6800537109375,96.4000015258789,79.0,721.0,0.5,-0.03500000014901161,721.0
74.5999984741211,722.0,106.89459068700671,1785018780000.0,159.0,1.7640000581741333,-6.426802044734359,729.0,74.5999984741211,136.0,1189.6800537109375,96.0,79.0,729.0,0.5,-0.020999999716877937,729.0
74.5999984741211,723.0,106.89458892680705,1785018781000.0,159.0,1.7640000581741333,-6.426815874874592,730.0,74.5999984741211,134.0,1191.2099609375,96.0,79.0,730.0,0.5,0.01899999938905239,730.0
75.0,729.0,106.89454718492925,1785018787000.0,159.0,1.753999948501587,-6.426897682249546,736.0,75.0,133.0,1201.510009765625,95.80000305175781,79.0,736.0,0.5,0.06700000166893005,736.0
75.4000015258789,737.0,106.8945536389947,1785018795000.0,159.0,1.7450000047683716,-6.427025254815817,744.0,75.4000015258789,134.0,1215.699951171875,95.5999984741211,79.0,744.0,0.5,0.0430000014603138,744.0
75.80000305175781,744.0,106.89453687518835,1785018802000.0,157.0,1.7450000047683716,-6.427131872624159,751.0,75.80000305175781,137.0,1227.6400146484375,95.19999694824219,78.0,751.0,0.5,0.06300000101327896,751.0
75.80000305175781,745.0,106.89453503116965,1785018803000.0,157.0,1.7450000047683716,-6.427148133516312,752.0,75.80000305175781,137.0,1229.449951171875,95.19999694824219,78.0,752.0,0.5,0.06499999761581421,752.0
76.0,748.0,106.89452656544745,1785018806000.0,159.0,1.7450000047683716,-6.42719741910696,755.0,76.0,140.0,1234.97998046875,95.19999694824219,79.0,755.0,0.5,0.0689999982714653,755.0
76.19999694824219,751.0,106.89451449550688,1785018809000.0,161.0,1.7450000047683716,-6.4272424299269915,758.0,76.19999694824219,143.0,1240.1500244140625,95.4000015258789,80.0,758.0,0.5,0.06800000369548798,758.0
76.5999984741211,756.0,106.89450007863343,1785018814000.0,157.0,1.7450000047683716,-6.427308646962047,763.0,76.5999984741211,144.0,1247.5999755859375,95.80000305175781,78.0,763.0,0.5,0.057999998331069946,763.0
77.0,763.0,106.89447677694261,1785018821000.0,149.0,1.6699999570846558,-6.4273846708238125,770.0,77.0,142.0,1256.2900390625,96.5999984741211,74.0,770.0,0.5,0.050999999046325684,770.0
77.0,764.0,106.89447317272425,1785018822000.0,149.0,1.6330000162124634,-6.427395483478904,771.0,77.0,142.0,1257.550048828125,96.80000305175781,74.0,771.0,0.5,0.052000001072883606,771.0
77.0,766.0,106.89446764066815,1785018824000.0,150.0,1.5579999685287476,-6.427415432408452,773.0,77.0,142.0,1259.77001953125,97.19999694824219,75.0,773.0,0.0,0.04600000008940697,773.0
77.19999694824219,770.0,106.89445531927049,1785018828000.0,149.0,1.4279999732971191,-6.427454827353358,777.0,77.19999694824219,140.0,1264.3499755859375,97.80000305175781,74.0,777.0,0.5,0.04699999839067459,777.0
77.4000015258789,772.0,106.89444718882442,1785018830000.0,148.0,1.38100004196167,-6.427476368844509,779.0,77.4000015258789,138.0,1266.9100341796875,98.19999694824219,74.0,779.0,0.0,0.05299999937415123,779.0
77.5999984741211,779.0,106.8944254796952,1785018837000.0,151.0,1.2319999933242798,-6.427542334422469,786.0,77.5999984741211,138.0,1274.68994140625,99.80000305175781,75.0,786.0,0.5,0.04500000178813934,786.0
78.0,784.0,106.8943977355957,1785018842000.0,149.0,1.2039999961853027,-6.427591284736991,791.0,78.0,138.0,1280.9100341796875,101.0,74.0,791.0,0.5,0.054999999701976776,791.0
78.19999694824219,787.0,106.89437912777066,1785018845000.0,153.0,1.1759999990463257,-6.427625650539994,794.0,78.19999694824219,137.0,1285.2099609375,101.19999694824219,76.0,794.0,0.5,0.06400000303983688,794.0
78.5999984741211,794.0,106.8943477794528,1785018852000.0,153.0,1.194000005722046,-6.427720785140991,801.0,78.5999984741211,134.0,1296.25,101.4000015258789,76.0,801.0,0.5,0.06499999761581421,801.0
78.5999984741211,795.0,106.89434367232025,1785018853000.0,156.0,1.2130000591278076,-6.427734782919288,802.0,78.5999984741211,134.0,1297.8599853515625,101.4000015258789,78.0,802.0,0.0,0.06499999761581421,802.0
79.19999694824219,804.0,106.89430327154696,1785018862000.0,156.0,1.277999997138977,-6.427842071279883,811.0,79.19999694824219,134.0,1310.5899658203125,101.0,78.0,811.0,0.0,0.05900000035762787,811.0
79.4000015258789,807.0,106.89428801648319,1785018865000.0,155.0,1.277999997138977,-6.4278903510421515,814.0,79.4000015258789,136.0,1315.8199462890625,100.0,77.0,814.0,0.5,0.07599999755620956,814.0
79.5999984741211,809.0,106.89427712000906,1785018867000.0,156.0,1.2970000505447388,-6.427926141768694,816.0,79.5999984741211,136.0,1319.969970703125,99.4000015258789,78.0,816.0,0.0,0.08399999886751175,816.0
79.5999984741211,813.0,106.89425390213728,1785018871000.0,156.0,1.315999984741211,-6.427972409874201,820.0,79.5999984741211,137.0,1325.4599609375,97.4000015258789,78.0,820.0,0.0,0.02199999988079071,820.0
79.80000305175781,815.0,106.89425398595631,1785018873000.0,153.0,1.315999984741211,-6.427994202822447,822.0,79.80000305175781,137.0,1327.530029296875,96.80000305175781,76.0,822.0,0.5,0.039000000804662704,822.0
80.19999694824219,819.0,106.89428860321641,1785018877000.0,154.0,1.3250000476837158,-6.428060168400407,826.0,80.19999694824219,137.0,1335.8399658203125,96.4000015258789,77.0,826.0,0.0,0.12399999797344208,826.0
80.4000015258789,821.0,106.89427770674229,1785018879000.0,153.0,1.3250000476837158,-6.428081877529621,828.0,80.4000015258789,137.0,1338.280029296875,96.80000305175781,76.0,828.0,0.5,0.039000000804662704,828.0
80.5999984741211,826.0,106.89424853771925,1785018884000.0,153.0,1.315999984741211,-6.428137701004744,833.0,80.5999984741211,134.0,1344.949951171875,97.5999984741211,76.0,833.0,0.5,0.03799999877810478,833.0
81.4000015258789,833.0,106.89423797652125,1785018891000.0,155.0,1.315999984741211,-6.4282723143696785,840.0,81.4000015258789,133.0,1358.6600341796875,97.4000015258789,77.0,840.0,0.5,0.12800000607967377,840.0
81.4000015258789,840.0,106.89420579001307,1785018898000.0,0.0,1.465000033378601,-6.428374741226435,847.0,81.4000015258789,134.0,1371.6600341796875,96.5999984741211,0.0,847.0,0.0,0.008999999612569809,847.0
81.4000015258789,842.0,106.89417963847518,1785018900000.0,0.0,1.5210000276565552,-6.4283915888518095,849.0,81.4000015258789,133.0,1375.1199951171875,96.19999694824219,0.0,849.0,0.0,-0.09399999678134918,849.0
81.19999694824219,845.0,106.89416614361107,1785018903000.0,89.0,1.5579999685287476,-6.428422098979354,852.0,81.19999694824219,134.0,1378.699951171875,95.4000015258789,44.0,852.0,0.5,-0.03200000151991844,852.0
81.5999984741211,852.0,106.89415306784213,1785018910000.0,114.0,1.1660000085830688,-6.428509606048465,859.0,81.5999984741211,135.0,1387.56005859375,94.5999984741211,57.0,859.0,0.0,0.06199999898672104,859.0
81.80000305175781,853.0,106.8941545765847,1785018911000.0,115.0,1.156999945640564,-6.428526118397713,860.0,81.80000305175781,135.0,1389.3399658203125,94.5999984741211,57.0,860.0,0.5,0.14100000262260437,860.0
82.0,859.0,106.89413546584547,1785018917000.0,114.0,1.2599999904632568,-6.428605662658811,866.0,82.0,132.0,1398.469970703125,93.80000305175781,57.0,866.0,0.0,0.04100000113248825,866.0
81.80000305175781,863.0,106.89411199651659,1785018921000.0,116.0,1.343999981880188,-6.428663330152631,870.0,81.80000305175781,130.0,1405.3499755859375,93.0,58.0,870.0,0.0,-0.032999999821186066,870.0
82.0,870.0,106.89409716054797,1785018928000.0,114.0,1.3899999856948853,-6.42873608507216,877.0,82.0,129.0,1413.0799560546875,90.80000305175781,57.0,877.0,0.0,0.007000000216066837,877.0
81.80000305175781,871.0,106.89408810809255,1785018929000.0,114.0,1.3899999856948853,-6.4287453051656485,878.0,81.80000305175781,129.0,1414.5,90.5999984741211,57.0,878.0,0.0,-0.09700000286102295,878.0
81.4000015258789,875.0,106.89405198208988,1785018933000.0,118.0,1.38100004196167,-6.428780425339937,882.0,81.4000015258789,127.0,1420.1600341796875,91.5999984741211,59.0,882.0,0.0,-0.09799999743700027,882.0
81.4000015258789,876.0,106.89404686912894,1785018934000.0,116.0,1.38100004196167,-6.428791405633092,883.0,81.4000015258789,127.0,1421.47998046875,91.80000305175781,58.0,883.0,0.0,-0.03400000184774399,883.0
81.5999984741211,879.0,106.89404854550958,1785018937000.0,113.0,1.38100004196167,-6.428830046206713,886.0,81.5999984741211,127.0,1425.8900146484375,92.4000015258789,56.0,886.0,0.5,0.05400000140070915,886.0
81.5999984741211,881.0,106.89404301345348,1785018939000.0,113.0,1.371999979019165,-6.428838428109884,888.0,81.5999984741211,126.0,1427.0799560546875,92.5999984741211,56.0,888.0,0.5,-0.02500000037252903,888.0
81.4000015258789,882.0,106.89403404481709,1785018940000.0,115.0,1.371999979019165,-6.428844882175326,889.0,81.4000015258789,125.0,1428.239990234375,92.5999984741211,57.0,889.0,0.5,-0.10599999874830246,889.0
81.4000015258789,883.0,106.89403203316033,1785018941000.0,115.0,1.3619999885559082,-6.428857035934925,890.0,81.4000015258789,123.0,1429.5999755859375,92.5999984741211,57.0,890.0,0.5,0.014999999664723873,890.0
81.5999984741211,889.0,106.89401049166918,1785018947000.0,116.0,1.343999981880188,-6.428937837481499,896.0,81.5999984741211,122.0,1437.97998046875,92.4000015258789,58.0,896.0,0.0,0.03799999877810478,896.0
82.5999984741211,896.0,106.89402189105749,1785018954000.0,112.0,1.3250000476837158,-6.429057698696852,903.0,82.5999984741211,125.0,1448.780029296875,93.80000305175781,56.0,903.0,0.0,0.1469999998807907,903.0
82.80000305175781,897.0,106.89401736482978,1785018955000.0,112.0,1.3250000476837158,-6.429077563807368,904.0,82.80000305175781,125.0,1450.969970703125,93.5999984741211,56.0,904.0,0.0,0.07800000160932541,904.0
82.4000015258789,903.0,106.89395114779472,1785018961000.0,158.0,1.5119999647140503,-6.429174961522222,910.0,82.4000015258789,125.0,1463.8299560546875,93.5999984741211,79.0,910.0,0.0,-0.07000000029802322,910.0
82.4000015258789,904.0,106.8939434364438,1785018962000.0,158.0,1.5770000219345093,-6.42919247969985,911.0,82.4000015258789,125.0,1465.949951171875,93.80000305175781,79.0,911.0,0.0,-0.013000000268220901,911.0
82.0,909.0,106.89390337094665,1785018967000.0,160.0,1.7259999513626099,-6.4292603731155396,916.0,82.0,128.0,1474.4599609375,94.80000305175781,80.0,916.0,0.0,-0.05999999865889549,916.0
81.80000305175781,915.0,106.89386213198304,1785018973000.0,158.0,1.7359999418258667,-6.429339414462447,922.0,81.80000305175781,129.0,1484.5400390625,95.19999694824219,79.0,922.0,0.0,-0.052000001072883606,922.0
81.5999984741211,917.0,106.8938490562141,1785018975000.0,158.0,1.7359999418258667,-6.429368667304516,924.0,81.5999984741211,129.0,1488.0799560546875,95.5999984741211,79.0,924.0,0.0,-0.04100000113248825,924.0
80.80000305175781,927.0,106.89379633404315,1785018985000.0,158.0,1.6330000162124634,-6.42949691042304,934.0,80.80000305175781,127.0,1503.3800048828125,96.5999984741211,79.0,934.0,0.0,-0.0820000022649765,934.0
80.4000015258789,932.0,106.89378879033029,1785018990000.0,154.0,1.5490000247955322,-6.4295625407248735,939.0,80.4000015258789,127.0,1510.6400146484375,97.80000305175781,77.0,939.0,0.0,-0.0689999982714653,939.0
80.4000015258789,934.0,106.89378493465483,1785018992000.0,153.0,1.5299999713897705,-6.4295893628150225,941.0,80.4000015258789,127.0,1513.5899658203125,98.0,76.0,941.0,0.5,-0.07599999755620956,941.0
80.19999694824219,935.0,106.89377747476101,1785018993000.0,155.0,1.5210000276565552,-6.429603947326541,942.0,80.19999694824219,128.0,1515.300048828125,98.0,77.0,942.0,0.5,-0.1599999964237213,942.0
79.80000305175781,942.0,106.8937470484525,1785019000000.0,156.0,1.5210000276565552,-6.42971626482904,949.0,79.80000305175781,129.0,1528.1800537109375,98.0,78.0,949.0,0.0,-0.06499999761581421,949.0
79.4000015258789,949.0,106.89370974898338,1785019007000.0,160.0,1.6050000190734863,-6.429835120216012,956.0,79.4000015258789,131.0,1541.800048828125,98.80000305175781,80.0,956.0,0.0,-0.03999999910593033,956.0
79.5999984741211,954.0,106.89369834959507,1785019012000.0,162.0,1.6330000162124634,-6.429896894842386,961.0,79.5999984741211,134.0,1547.6600341796875,99.0,81.0,961.0,0.0,0.035999998450279236,961.0
79.5999984741211,955.0,106.89368862658739,1785019013000.0,161.0,1.6330000162124634,-6.429904857650399,962.0,79.5999984741211,134.0,1549.02001953125,98.80000305175781,80.0,962.0,0.5,-0.006000000052154064,962.0
79.80000305175781,960.0,106.89365258440375,1785019018000.0,161.0,1.6419999599456787,-6.4299666322767735,967.0,79.80000305175781,137.0,1557.02001953125,97.80000305175781,80.0,967.0,0.5,0.01899999938905239,967.0
80.5999984741211,965.0,106.89363716170192,1785019023000.0,159.0,1.6519999504089355,-6.430048942565918,972.0,80.5999984741211,139.0,1566.010009765625,97.4000015258789,79.0,972.0,0.5,0.19599999487400055,972.0
81.4000015258789,969.0,106.89362643286586,1785019027000.0,161.0,1.6699999570846558,-6.43011306412518,976.0,81.4000015258789,142.0,1573.0999755859375,97.0,80.0,976.0,0.5,0.1860000044107437,976.0
81.80000305175781,972.0,106.89359759911895,1785019030000.0,163.0,1.6699999570846558,-6.430144412443042,979.0,81.80000305175781,142.0,1577.969970703125,96.5999984741211,81.0,979.0,0.5,0.11299999803304672,979.0
82.19999694824219,974.0,106.89357270486653,1785019032000.0,157.0,1.6799999475479126,-6.430177269503474,981.0,82.19999694824219,142.0,1582.3699951171875,96.5999984741211,78.0,981.0,0.5,0.1770000010728836,981.0
82.5999984741211,977.0,106.89355644397438,1785019035000.0,157.0,1.6890000104904175,-6.430216580629349,984.0,82.5999984741211,143.0,1587.1199951171875,96.4000015258789,78.0,984.0,0.5,0.14100000262260437,984.0
83.0,982.0,106.8935480620712,1785019040000.0,149.0,1.6799999475479126,-6.430280534550548,989.0,83.0,142.0,1593.7099609375,98.19999694824219,74.0,989.0,0.5,0.10599999874830246,989.0
83.19999694824219,984.0,106.89353716559708,1785019042000.0,149.0,1.6699999570846558,-6.430301573127508,991.0,83.19999694824219,142.0,1596.300048828125,99.0,74.0,991.0,0.5,0.03799999877810478,991.0
83.4000015258789,991.0,106.89353448338807,1785019049000.0,149.0,1.6139999628067017,-6.430397294461727,998.0,83.4000015258789,141.0,1606.22998046875,100.80000305175781,74.0,998.0,0.5,0.04899999871850014,998.0
84.19999694824219,1001.0,106.89349366351962,1785019059000.0,149.0,1.5210000276565552,-6.43052201718092,1008.0,84.19999694824219,139.0,1621.050048828125,100.5999984741211,74.0,1008.0,0.5,0.07100000232458115,1008.0
84.0,1010.0,106.89338411204517,1785019068000.0,152.0,1.5210000276565552,-6.430611368268728,1017.0,84.0,138.0,1636.8199462890625,102.5999984741211,76.0,1017.0,0.0,-0.024000000208616257,1017.0
84.0,1015.0,106.8933603912592,1785019073000.0,154.0,1.5299999713897705,-6.430671215057373,1022.0,84.0,135.0,1643.9300537109375,104.0,77.0,1022.0,0.0,0.0,1022.0
84.0,1019.0,106.89334840513766,1785019077000.0,150.0,1.5399999618530273,-6.430717399343848,1026.0,84.0,135.0,1649.22998046875,105.0,75.0,1026.0,0.0,0.0,1026.0
84.0,1026.0,106.89331906847656,1785019084000.0,154.0,1.5299999713897705,-6.43079811707139,1033.0,84.0,135.0,1659.030029296875,106.0,77.0,1033.0,0.0,0.0,1033.0
84.0,1028.0,106.89328797161579,1785019086000.0,152.0,1.5299999713897705,-6.430796775966883,1035.0,84.0,135.0,1662.5899658203125,106.0,76.0,1035.0,0.0,0.0,1035.0
84.0,1033.0,106.89325016923249,1785019091000.0,152.0,1.5399999618530273,-6.430730056017637,1040.0,84.0,134.0,1671.4000244140625,105.80000305175781,76.0,1040.0,0.0,0.0,1040.0
84.0,1038.0,106.89326425082982,1785019096000.0,149.0,1.5579999685287476,-6.4306445606052876,1045.0,84.0,134.0,1681.1300048828125,105.0,74.0,1045.0,0.5,0.0,1045.0
84.0,1041.0,106.89328252337873,1785019099000.0,152.0,1.5679999589920044,-6.430596951395273,1048.0,84.0,133.0,1686.760009765625,104.5999984741211,76.0,1048.0,0.0,0.0,1048.0
83.5999984741211,1052.0,106.89332728274167,1785019110000.0,154.0,1.5959999561309814,-6.430440377444029,1059.0,83.5999984741211,135.0,1704.739990234375,104.19999694824219,77.0,1059.0,0.0,-0.03099999949336052,1059.0
83.4000015258789,1058.0,106.89336567185819,1785019116000.0,156.0,1.6139999628067017,-6.430361336097121,1065.0,83.4000015258789,138.0,1714.4599609375,101.80000305175781,78.0,1065.0,0.0,-0.04699999839067459,1065.0
83.19999694824219,1061.0,106.89339115284383,1785019119000.0,157.0,1.6239999532699585,-6.4303226955235,1068.0,83.19999694824219,138.0,1719.6099853515625,100.0,78.0,1068.0,0.5,-0.04600000008940697,1068.0
83.19999694824219,1063.0,106.89340154640377,1785019121000.0,157.0,1.6239999532699585,-6.430294951424003,1070.0,83.19999694824219,138.0,1722.8499755859375,98.5999984741211,78.0,1070.0,0.5,-0.041999999433755875,1070.0
82.4000015258789,1068.0,106.8934172205627,1785019126000.0,158.0,1.6419999599456787,-6.430212389677763,1075.0,82.4000015258789,139.0,1732.0400390625,96.4000015258789,79.0,1075.0,0.0,-0.14399999380111694,1075.0
80.80000305175781,1074.0,106.89344010315835,1785019132000.0,156.0,1.6610000133514404,-6.430106777697802,1081.0,80.80000305175781,139.0,1744.02001953125,96.0,78.0,1081.0,0.0,-0.2669999897480011,1081.0
80.5999984741211,1076.0,106.89346156083047,1785019134000.0,158.0,1.6610000133514404,-6.430083811283112,1083.0,80.5999984741211,139.0,1747.3900146484375,96.0,79.0,1083.0,0.0,-0.13600000739097595,1083.0
80.19999694824219,1080.0,106.89349207095802,1785019138000.0,156.0,1.6699999570846558,-6.43004902638495,1087.0,80.19999694824219,140.0,1752.4599609375,97.0,78.0,1087.0,0.0,-0.09799999743700027,1087.0
80.0,1082.0,106.89350548200309,1785019140000.0,156.0,1.6610000133514404,-6.430028658360243,1089.0,80.0,140.0,1755.0999755859375,97.19999694824219,78.0,1089.0,0.0,-0.12200000137090683,1089.0
79.4000015258789,1085.0,106.89352551475167,1785019143000.0,158.0,1.6519999504089355,-6.4299942925572395,1092.0,79.4000015258789,140.0,1759.2900390625,96.5999984741211,79.0,1092.0,0.0,-0.14100000262260437,1092.0
79.4000015258789,1087.0,106.89354185946286,1785019145000.0,156.0,1.6419999599456787,-6.429970236495137,1094.0,79.4000015258789,140.0,1762.5,95.4000015258789,78.0,1094.0,0.0,-0.08799999952316284,1094.0
79.0,1095.0,106.89358829520643,1785019153000.0,157.0,1.6330000162124634,-6.429854817688465,1102.0,79.0,138.0,1775.9599609375,94.5999984741211,78.0,1102.0,0.5,-0.03099999949336052,1102.0
78.5999984741211,1103.0,106.89360748976469,1785019161000.0,154.0,1.6330000162124634,-6.429717522114515,1110.0,78.5999984741211,137.0,1790.8599853515625,94.0,77.0,1110.0,0.0,-0.05299999937415123,1110.0
78.5999984741211,1107.0,106.89359064213932,1785019165000.0,156.0,1.6330000162124634,-6.429661279544234,1114.0,78.5999984741211,137.0,1797.47998046875,93.19999694824219,78.0,1114.0,0.0,0.008999999612569809,1114.0
78.5999984741211,1109.0,106.89356884919107,1785019167000.0,157.0,1.6330000162124634,-6.429635044187307,1116.0,78.5999984741211,137.0,1801.2099609375,92.80000305175781,78.0,1116.0,0.5,0.00800000037997961,1116.0
78.5999984741211,1112.0,106.89354135654867,1785019170000.0,152.0,1.6330000162124634,-6.429609563201666,1119.0,78.5999984741211,136.0,1805.4100341796875,92.0,76.0,1119.0,0.0,-0.0020000000949949026,1119.0
78.19999694824219,1115.0,106.893499949947,1785019173000.0,152.0,1.6239999532699585,-6.42960830591619,1122.0,78.19999694824219,135.0,1809.969970703125,91.4000015258789,76.0,1122.0,0.0,-0.13699999451637268,1122.0
77.5999984741211,1121.0,106.89342007040977,1785019179000.0,154.0,1.6050000190734863,-6.429565642029047,1128.0,77.5999984741211,133.0,1820.0400390625,91.80000305175781,77.0,1128.0,0.0,-0.1289999932050705,1128.0
77.4000015258789,1123.0,106.89339785836637,1785019181000.0,155.0,1.6050000190734863,-6.429549381136894,1130.0,77.4000015258789,132.0,1823.050048828125,93.0,77.0,1130.0,0.5,-0.028999999165534973,1130.0
77.4000015258789,1128.0,106.89333809539676,1785019186000.0,152.0,1.5959999561309814,-6.429521050304174,1135.0,77.4000015258789,132.0,1830.4599609375,95.80000305175781,76.0,1135.0,0.0,-0.019999999552965164,1135.0
77.4000015258789,1130.0,106.89331814646721,1785019188000.0,150.0,1.5959999561309814,-6.429509399458766,1137.0,77.4000015258789,132.0,1832.969970703125,97.0,75.0,1137.0,0.0,-0.020999999716877937,1137.0
77.19999694824219,1139.0,106.89319794997573,1785019197000.0,131.0,1.5859999656677246,-6.429464304819703,1146.0,77.19999694824219,132.0,1847.18994140625,102.4000015258789,65.0,1146.0,0.5,-0.017999999225139618,1146.0
77.0,1147.0,106.89310331828892,1785019205000.0,108.0,1.5210000276565552,-6.4294088166207075,1154.0,77.0,131.0,1859.27001953125,108.0,54.0,1154.0,0.0,-0.02500000037252903,1154.0
77.0,1155.0,106.89300709404051,1785019213000.0,113.0,1.399999976158142,-6.429398003965616,1162.0,77.0,130.0,1870.06005859375,110.5999984741211,56.0,1162.0,0.5,-0.004999999888241291,1162.0
76.80000305175781,1158.0,106.89296090975404,1785019216000.0,115.0,1.38100004196167,-6.429376462474465,1165.0,76.80000305175781,129.0,1875.75,111.0,57.0,1165.0,0.5,-0.026000000536441803,1165.0
76.80000305175781,1160.0,106.8929383624345,1785019218000.0,116.0,1.4179999828338623,-6.429365398362279,1167.0,76.80000305175781,129.0,1878.510009765625,111.19999694824219,58.0,1167.0,0.0,-0.019999999552965164,1167.0
76.80000305175781,1167.0,106.89286007545888,1785019225000.0,118.0,1.409000039100647,-6.429331116378307,1174.0,76.80000305175781,132.0,1887.489990234375,113.80000305175781,59.0,1174.0,0.0,-0.004000000189989805,1174.0
76.80000305175781,1169.0,106.89283417537808,1785019227000.0,118.0,1.409000039100647,-6.429306389763951,1176.0,76.80000305175781,134.0,1891.489990234375,114.5999984741211,59.0,1176.0,0.0,0.0020000000949949026,1176.0
76.5999984741211,1173.0,106.89283375628293,1785019231000.0,112.0,1.4279999732971191,-6.42926624044776,1180.0,76.5999984741211,133.0,1895.719970703125,116.4000015258789,56.0,1180.0,0.0,-0.035999998450279236,1180.0
76.5999984741211,1174.0,106.89283962361515,1785019232000.0,112.0,1.4279999732971191,-6.429266408085823,1181.0,76.5999984741211,133.0,1896.3499755859375,117.0,56.0,1181.0,0.0,-0.020999999716877937,1181.0
76.4000015258789,1182.0,106.8929280526936,1785019240000.0,114.0,1.4179999828338623,-6.429280070587993,1189.0,76.4000015258789,131.0,1906.260009765625,118.19999694824219,57.0,1189.0,0.0,-0.014999999664723873,1189.0
76.5999984741211,1189.0,106.89301338046789,1785019247000.0,0.0,1.3899999856948853,-6.4292957447469234,1196.0,76.5999984741211,132.0,1915.9200439453125,117.80000305175781,0.0,1196.0,0.0,0.00800000037997961,1196.0
76.5999984741211,1196.0,106.89311061054468,1785019254000.0,114.0,1.4179999828338623,-6.429308317601681,1203.0,76.5999984741211,132.0,1926.949951171875,117.5999984741211,57.0,1203.0,0.0,0.006000000052154064,1203.0
77.0,1205.0,106.89325461164117,1785019263000.0,159.0,1.5299999713897705,-6.429390544071794,1212.0,77.0,131.0,1945.1600341796875,115.0,79.0,1212.0,0.5,0.04699999839067459,1212.0
77.0,1214.0,106.89338168129325,1785019272000.0,158.0,1.6699999570846558,-6.429436728358269,1221.0,77.0,134.0,1960.1199951171875,110.80000305175781,79.0,1221.0,0.0,0.004999999888241291,1221.0
77.80000305175781,1222.0,106.89349710009992,1785019280000.0,155.0,1.7170000076293945,-6.429483164101839,1229.0,77.80000305175781,133.0,1973.9100341796875,109.4000015258789,77.0,1229.0,0.5,0.09399999678134918,1229.0
78.80000305175781,1230.0,106.89360262826085,1785019288000.0,157.0,1.753999948501587,-6.4294529892504215,1237.0,78.80000305175781,133.0,1986.6800537109375,109.5999984741211,78.0,1237.0,0.5,0.1289999932050705,1237.0
79.0,1237.0,106.8936780653894,1785019295000.0,161.0,1.7730000019073486,-6.4293537475168705,1244.0,79.0,133.0,2000.300048828125,109.19999694824219,80.0,1244.0,0.5,0.028999999165534973,1244.0
79.0,1239.0,106.8936970923096,1785019297000.0,161.0,1.7730000019073486,-6.429326171055436,1246.0,79.0,133.0,2004.0,109.19999694824219,80.0,1246.0,0.5,0.003000000026077032,1246.0
79.19999694824219,1244.0,106.89373891800642,1785019302000.0,159.0,1.7640000581741333,-6.4292642287909985,1251.0,79.19999694824219,134.0,2012.4300537109375,108.80000305175781,79.0,1251.0,0.5,0.02800000086426735,1251.0
79.0,1246.0,106.89374109730124,1785019304000.0,159.0,1.753999948501587,-6.429239083081484,1253.0,79.0,134.0,2015.1600341796875,108.5999984741211,79.0,1253.0,0.5,-0.07100000232458115,1253.0
79.0,1253.0,106.89377303235233,1785019311000.0,159.0,1.6979999542236328,-6.429155515506864,1260.0,79.0,132.0,2025.0,105.4000015258789,79.0,1260.0,0.5,-0.004000000189989805,1260.0
79.0,1260.0,106.89380153082311,1785019318000.0,158.0,1.6419999599456787,-6.429070523008704,1267.0,79.0,134.0,2034.5999755859375,99.5999984741211,79.0,1267.0,0.0,-0.014000000432133675,1267.0
79.0,1263.0,106.89381720498204,1785019321000.0,160.0,1.6330000162124634,-6.429024087265134,1270.0,79.0,140.0,2040.030029296875,97.4000015258789,80.0,1270.0,0.0,0.014000000432133675,1270.0
79.0,1268.0,106.89384285360575,1785019326000.0,159.0,1.6239999532699585,-6.428959630429745,1275.0,79.0,140.0,2047.6600341796875,96.0,79.0,1275.0,0.5,0.027000000700354576,1275.0
79.0,1272.0,106.89385525882244,1785019330000.0,156.0,1.6239999532699585,-6.428899448364973,1279.0,79.0,139.0,2054.5400390625,95.5999984741211,78.0,1279.0,0.0,-0.009999999776482582,1279.0
79.0,1274.0,106.89386649057269,1785019332000.0,156.0,1.6239999532699585,-6.428861981257796,1281.0,79.0,139.0,2058.9599609375,95.5999984741211,78.0,1281.0,0.0,0.013000000268220901,1281.0
79.0,1275.0,106.8938678316772,1785019333000.0,157.0,1.6239999532699585,-6.4288433734327555,1282.0,79.0,138.0,2061.0,95.5999984741211,78.0,1282.0,0.5,-0.04800000041723251,1282.0
79.0,1285.0,106.89390177838504,1785019343000.0,159.0,1.6610000133514404,-6.4286914095282555,1292.0,79.0,136.0,2078.090087890625,96.0,79.0,1292.0,0.5,-0.006000000052154064,1292.0
79.5999984741211,1293.0,106.8939590267837,1785019351000.0,159.0,1.6890000104904175,-6.428554365411401,1300.0,79.5999984741211,137.0,2094.419921875,95.80000305175781,79.0,1300.0,0.5,0.07599999755620956,1300.0
79.80000305175781,1297.0,106.89397662878036,1785019355000.0,161.0,1.7079999446868896,-6.428492842242122,1304.0,79.80000305175781,140.0,2101.52001953125,96.0,80.0,1304.0,0.5,0.04800000041723251,1304.0
79.80000305175781,1299.0,106.89398853108287,1785019357000.0,161.0,1.7079999446868896,-6.428469372913241,1306.0,79.80000305175781,140.0,2104.389892578125,96.4000015258789,80.0,1306.0,0.5,0.06400000303983688,1306.0
80.0,1301.0,106.89399406313896,1785019359000.0,161.0,1.7079999446868896,-6.428444646298885,1308.0,80.0,141.0,2107.14990234375,96.80000305175781,80.0,1308.0,0.5,0.029999999329447746,1308.0
80.19999694824219,1306.0,106.89401367679238,1785019364000.0,161.0,1.6979999542236328,-6.428370717912912,1313.0,80.19999694824219,143.0,2115.639892578125,97.80000305175781,80.0,1313.0,0.5,0.03099999949336052,1313.0
80.0,1313.0,106.89404510892928,1785019371000.0,153.0,1.6979999542236328,-6.428273655474186,1320.0,80.0,143.0,2127.18994140625,98.80000305175781,76.0,1320.0,0.5,-0.008999999612569809,1320.0
79.80000305175781,1318.0,106.89406363293529,1785019376000.0,152.0,1.6610000133514404,-6.428213892504573,1325.0,79.80000305175781,140.0,2134.139892578125,98.19999694824219,76.0,1325.0,0.0,-0.03500000014901161,1325.0
79.80000305175781,1322.0,106.89407444559038,1785019380000.0,149.0,1.6330000162124634,-6.428155805915594,1329.0,79.80000305175781,138.0,2140.77001953125,97.5999984741211,74.0,1329.0,0.5,-0.0430000014603138,1329.0
79.5999984741211,1330.0,106.89410872757435,1785019388000.0,154.0,1.6050000190734863,-6.428069556131959,1337.0,79.5999984741211,137.0,2151.469970703125,97.0,77.0,1337.0,0.0,-0.023000000044703484,1337.0
79.4000015258789,1331.0,106.8940977472812,1785019389000.0,154.0,1.5959999561309814,-6.428061174228787,1338.0,79.4000015258789,137.0,2153.010009765625,96.5999984741211,77.0,1338.0,0.0,-0.07000000029802322,1338.0
79.4000015258789,1334.0,106.89407519996166,1785019392000.0,154.0,1.5859999656677246,-6.428050110116601,1341.0,79.4000015258789,136.0,2155.77001953125,95.5999984741211,77.0,1341.0,0.0,-0.03999999910593033,1341.0
79.4000015258789,1336.0,106.89407008700073,1785019394000.0,156.0,1.5770000219345093,-6.428052959963679,1343.0,79.4000015258789,135.0,2156.39990234375,95.19999694824219,78.0,1343.0,0.0,-0.004000000189989805,1343.0
79.0,1341.0,106.89400303177536,1785019399000.0,158.0,1.4179999828338623,-6.4280222821980715,1348.0,79.0,132.0,2164.25,94.5999984741211,79.0,1348.0,0.0,-0.06400000303983688,1348.0
79.0,1342.0,106.89399062655866,1785019400000.0,158.0,1.437000036239624,-6.428015576675534,1349.0,79.0,132.0,2165.780029296875,94.4000015258789,79.0,1349.0,0.0,-0.054999999701976776,1349.0
78.19999694824219,1349.0,106.89389448612928,1785019407000.0,155.0,1.4739999771118164,-6.427987078204751,1356.0,78.19999694824219,134.0,2176.719970703125,94.80000305175781,77.0,1356.0,0.5,-0.0989999994635582,1356.0
78.0,1352.0,106.89385031349957,1785019410000.0,154.0,1.4739999771118164,-6.4279769361019135,1359.0,78.0,137.0,2181.639892578125,95.5999984741211,77.0,1359.0,0.0,-0.10599999874830246,1359.0
77.5999984741211,1357.0,106.8937935680151,1785019415000.0,157.0,1.4839999675750732,-6.427947096526623,1364.0,77.5999984741211,140.0,2188.679931640625,97.5999984741211,78.0,1364.0,0.5,-0.05999999865889549,1364.0
78.0,1367.0,106.89365945756435,1785019425000.0,154.0,1.5299999713897705,-6.4278761856257915,1374.0,78.0,141.0,2205.39990234375,101.80000305175781,77.0,1374.0,0.0,0.028999999165534973,1374.0
78.19999694824219,1370.0,106.89364244230092,1785019428000.0,152.0,1.5490000247955322,-6.427833354100585,1377.0,78.19999694824219,141.0,2210.5,102.4000015258789,76.0,1377.0,0.0,0.08500000089406967,1377.0
78.4000015258789,1372.0,106.89365811645985,1785019430000.0,151.0,1.5490000247955322,-6.427816171199083,1379.0,78.4000015258789,140.0,2213.010009765625,102.80000305175781,75.0,1379.0,0.5,0.09300000220537186,1379.0
78.4000015258789,1373.0,106.89367529936135,1785019431000.0,151.0,1.5490000247955322,-6.427818601951003,1380.0,78.4000015258789,139.0,2214.919921875,102.80000305175781,75.0,1380.0,0.5,0.029999999329447746,1380.0
78.4000015258789,1374.0,106.89368661493063,1785019432000.0,151.0,1.5490000247955322,-6.427821284160018,1381.0,78.4000015258789,136.0,2216.18994140625,103.0,75.0,1381.0,0.5,0.020999999716877937,1381.0
78.4000015258789,1378.0,106.89374470151961,1785019436000.0,152.0,1.5490000247955322,-6.427836790680885,1385.0,78.4000015258789,134.0,2222.75,103.4000015258789,76.0,1385.0,0.0,0.003000000026077032,1385.0
78.0,1387.0,106.89387160353363,1785019445000.0,154.0,1.5679999589920044,-6.427903845906258,1394.0,78.0,134.0,2238.820068359375,106.4000015258789,77.0,1394.0,0.0,-0.03799999877810478,1394.0
78.80000305175781,1395.0,106.89396154135466,1785019453000.0,150.0,1.5770000219345093,-6.42795036546886,1402.0,78.80000305175781,135.0,2249.820068359375,110.80000305175781,75.0,1402.0,0.0,0.08100000023841858,1402.0
79.0,1403.0,106.89408173784614,1785019461000.0,150.0,1.5679999589920044,-6.427966123446822,1410.0,79.0,135.0,2263.300048828125,111.0,75.0,1410.0,0.0,0.039000000804662704,1410.0
79.4000015258789,1411.0,106.8941823206842,1785019469000.0,151.0,1.5579999685287476,-6.427944917231798,1418.0,79.4000015258789,135.0,2274.1201171875,111.0,75.0,1418.0,0.5,0.035999998450279236,1418.0
79.4000015258789,1415.0,106.89421358518302,1785019473000.0,151.0,1.5399999618530273,-6.427922118455172,1422.0,79.4000015258789,133.0,2278.1201171875,110.80000305175781,75.0,1422.0,0.5,0.00800000037997961,1422.0
79.19999694824219,1418.0,106.894226744771,1785019476000.0,149.0,1.5299999713897705,-6.427888758480549,1425.0,79.19999694824219,132.0,2282.050048828125,109.4000015258789,74.0,1425.0,0.5,-0.024000000208616257,1425.0
79.0,1426.0,106.89425935037434,1785019484000.0,154.0,1.5119999647140503,-6.427791863679886,1433.0,79.0,134.0,2293.389892578125,107.19999694824219,77.0,1433.0,0.0,-0.028999999165534973,1433.0
78.80000305175781,1433.0,106.89428835175931,1785019491000.0,154.0,1.5210000276565552,-6.427693879231811,1440.0,78.80000305175781,135.0,2304.81005859375,105.0,77.0,1440.0,0.0,-0.04800000041723251,1440.0
78.4000015258789,1441.0,106.89430561847985,1785019499000.0,0.0,1.5299999713897705,-6.427605282515287,1448.0,78.4000015258789,136.0,2314.860107421875,102.5999984741211,0.0,1448.0,0.0,-0.04800000041723251,1448.0
78.19999694824219,1445.0,106.8943221308291,1785019503000.0,114.0,1.5210000276565552,-6.427559265866876,1452.0,78.19999694824219,135.0,2320.5,101.80000305175781,57.0,1452.0,0.0,-0.0560000017285347,1452.0
78.0,1447.0,106.8943321891129,1785019505000.0,0.0,1.5119999647140503,-6.427534120157361,1454.0,78.0,135.0,2323.320068359375,101.4000015258789,0.0,1454.0,0.0,-0.06300000101327896,1454.0
78.0,1449.0,106.89433964900672,1785019507000.0,0.0,1.5119999647140503,-6.427517607808113,1456.0,78.0,135.0,2325.409912109375,101.19999694824219,0.0,1456.0,0.0,-0.0430000014603138,1456.0
77.80000305175781,1451.0,106.89434568397701,1785019509000.0,108.0,1.5019999742507935,-6.4274948090314865,1458.0,77.80000305175781,134.0,2328.080078125,100.19999694824219,54.0,1458.0,0.0,-0.052000001072883606,1458.0
77.5999984741211,1453.0,106.89435590989888,1785019511000.0,144.0,1.4930000305175781,-6.4274741895496845,1460.0,77.5999984741211,134.0,2330.590087890625,99.5999984741211,72.0,1460.0,0.0,-0.0560000017285347,1460.0
77.4000015258789,1457.0,106.89436697401106,1785019515000.0,144.0,1.4559999704360962,-6.4274294301867485,1464.0,77.4000015258789,133.0,2335.77001953125,99.19999694824219,72.0,1464.0,0.0,-0.05000000074505806,1464.0
77.19999694824219,1460.0,106.89438985660672,1785019518000.0,117.0,1.437000036239624,-6.427396824583411,1467.0,77.19999694824219,133.0,2340.1298828125,99.4000015258789,58.0,1467.0,0.5,-0.06700000166893005,1467.0
76.80000305175781,1470.0,106.89440284855664,1785019528000.0,116.0,1.4559999704360962,-6.427266988903284,1477.0,76.80000305175781,131.0,2356.02001953125,99.0,58.0,1477.0,0.0,-0.050999999046325684,1477.0
76.80000305175781,1471.0,106.8944062013179,1785019529000.0,115.0,1.465000033378601,-6.42725165002048,1478.0,76.80000305175781,131.0,2357.75,99.0,57.0,1478.0,0.5,-0.06700000166893005,1478.0
76.4000015258789,1477.0,106.89442011527717,1785019535000.0,114.0,1.4559999704360962,-6.427189372479916,1484.0,76.4000015258789,130.0,2364.830078125,98.4000015258789,57.0,1484.0,0.0,-0.04600000008940697,1484.0
75.80000305175781,1488.0,106.89443067647517,1785019546000.0,112.0,1.465000033378601,-6.427049729973078,1495.0,75.80000305175781,127.0,2380.31005859375,98.0,56.0,1495.0,0.0,-0.04899999871850014,1495.0
75.80000305175781,1491.0,106.89443469978869,1785019549000.0,109.0,1.465000033378601,-6.427017292007804,1498.0,75.80000305175781,126.0,2383.93994140625,97.5999984741211,54.0,1498.0,0.5,-0.04399999976158142,1498.0
75.4000015258789,1504.0,106.8944321013987,1785019562000.0,158.0,1.6610000133514404,-6.426829621195793,1511.0,75.4000015258789,125.0,2404.68994140625,96.0,79.0,1511.0,0.0,-0.02500000037252903,1511.0
75.19999694824219,1513.0,106.89441248774529,1785019571000.0,158.0,1.7640000581741333,-6.426688889041543,1520.0,75.19999694824219,127.0,2420.43994140625,94.80000305175781,79.0,1520.0,0.0,-0.03200000151991844,1520.0
75.4000015258789,1522.0,106.89438507892191,1785019580000.0,158.0,1.7640000581741333,-6.426559891551733,1529.0,75.4000015258789,130.0,2435.06005859375,94.5999984741211,79.0,1529.0,0.0,0.017999999225139618,1529.0
75.4000015258789,1523.0,106.89438499510288,1785019581000.0,160.0,1.753999948501587,-6.426546648144722,1530.0,75.4000015258789,130.0,2436.52001953125,94.80000305175781,80.0,1530.0,0.0,0.04800000041723251,1530.0
75.80000305175781,1532.0,106.89435599371791,1785019590000.0,159.0,1.7170000076293945,-6.42641169950366,1539.0,75.80000305175781,129.0,2451.93994140625,96.19999694824219,79.0,1539.0,0.5,0.05400000140070915,1539.0
76.19999694824219,1543.0,106.8943274114281,1785019601000.0,157.0,1.7079999446868896,-6.426260992884636,1550.0,76.19999694824219,131.0,2468.8798828125,96.80000305175781,78.0,1550.0,0.5,0.03400000184774399,1550.0
77.5999984741211,1553.0,106.89429237507284,1785019611000.0,157.0,1.6419999599456787,-6.426133923232555,1560.0,77.5999984741211,131.0,2483.4599609375,94.5999984741211,78.0,1560.0,0.5,0.1289999932050705,1560.0
78.19999694824219,1559.0,106.89427183941007,1785019617000.0,156.0,1.6239999532699585,-6.4260440692305565,1566.0,78.19999694824219,134.0,2493.659912109375,92.0,78.0,1566.0,0.0,0.11699999868869781,1566.0
78.4000015258789,1562.0,106.89426144585013,1785019620000.0,158.0,1.6139999628067017,-6.426001405343413,1569.0,78.4000015258789,135.0,2498.47998046875,91.4000015258789,79.0,1569.0,0.0,0.08900000154972076,1569.0
78.80000305175781,1566.0,106.89424409531057,1785019624000.0,156.0,1.6139999628067017,-6.425939043983817,1573.0,78.80000305175781,138.0,2505.659912109375,91.0,78.0,1573.0,0.0,0.10300000011920929,1573.0
79.19999694824219,1571.0,106.89422816969454,1785019629000.0,157.0,1.6139999628067017,-6.4258761797100306,1578.0,79.19999694824219,139.0,2512.919921875,90.80000305175781,78.0,1578.0,0.5,0.07999999821186066,1578.0
79.5999984741211,1578.0,106.89423403702676,1785019636000.0,158.0,1.6050000190734863,-6.4257734175771475,1585.0,79.5999984741211,139.0,2524.330078125,90.0,79.0,1585.0,0.0,0.04500000178813934,1585.0
79.5999984741211,1582.0,106.8942283373326,1785019640000.0,157.0,1.5959999561309814,-6.425706697627902,1589.0,79.5999984741211,136.0,2531.719970703125,90.0,78.0,1589.0,0.5,0.020999999716877937,1589.0
79.5999984741211,1585.0,106.89422867260873,1785019643000.0,155.0,1.5959999561309814,-6.425664955750108,1592.0,79.5999984741211,135.0,2536.5,91.4000015258789,77.0,1592.0,0.5,-0.0020000000949949026,1592.0
79.19999694824219,1587.0,106.89425784163177,1785019645000.0,154.0,1.5859999656677246,-6.425641905516386,1594.0,79.19999694824219,135.0,2540.60009765625,92.19999694824219,77.0,1594.0,0.0,-0.20999999344348907,1594.0
77.4000015258789,1595.0,106.89436387270689,1785019653000.0,157.0,1.6139999628067017,-6.425573928281665,1602.0,77.4000015258789,134.0,2554.6298828125,93.80000305175781,78.0,1602.0,0.5,-0.23000000417232513,1602.0
77.19999694824219,1596.0,106.89437485300004,1785019654000.0,157.0,1.6139999628067017,-6.425565965473652,1603.0,77.19999694824219,134.0,2556.1298828125,94.0,78.0,1603.0,0.5,-0.1979999989271164,1603.0
75.19999694824219,1606.0,106.89451801590621,1785019664000.0,157.0,1.6419999599456787,-6.425491534173489,1613.0,75.19999694824219,138.0,2573.949951171875,93.80000305175781,78.0,1613.0,0.5,-0.210999995470047,1613.0
74.5999984741211,1610.0,106.89456830732524,1785019668000.0,156.0,1.6519999504089355,-6.425461191684008,1617.0,74.5999984741211,142.0,2580.43994140625,93.80000305175781,78.0,1617.0,0.0,-0.13099999725818634,1617.0
74.4000015258789,1612.0,106.89459060318768,1785019670000.0,156.0,1.6519999504089355,-6.425447026267648,1619.0,74.4000015258789,145.0,2583.35009765625,93.80000305175781,78.0,1619.0,0.0,-0.08399999886751175,1619.0
73.80000305175781,1617.0,106.89466369338334,1785019675000.0,162.0,1.6419999599456787,-6.425406793132424,1624.0,73.80000305175781,146.0,2592.550048828125,94.19999694824219,81.0,1624.0,0.0,-0.12399999797344208,1624.0
73.19999694824219,1620.0,106.8947087880224,1785019678000.0,159.0,1.6419999599456787,-6.425404949113727,1627.0,73.19999694824219,145.0,2597.580078125,94.5999984741211,79.0,1627.0,0.5,-0.20999999344348907,1627.0
72.5999984741211,1623.0,106.8947278149426,1785019681000.0,151.0,1.6330000162124634,-6.425433279946446,1630.0,72.5999984741211,144.0,2601.429931640625,95.19999694824219,75.0,1630.0,0.5,-0.19300000369548798,1630.0
72.0,1627.0,106.89472161233425,1785019685000.0,154.0,1.6050000190734863,-6.425503436475992,1634.0,72.0,144.0,2608.929931640625,96.19999694824219,77.0,1634.0,0.0,-0.16699999570846558,1634.0
72.0,1629.0,106.89470308832824,1785019687000.0,153.0,1.5859999656677246,-6.425525397062302,1636.0,72.0,143.0,2611.97998046875,96.4000015258789,76.0,1636.0,0.5,0.014999999664723873,1636.0
73.19999694824219,1639.0,106.89460418187082,1785019697000.0,148.0,1.5579999685287476,-6.425584321841598,1646.0,73.19999694824219,141.0,2624.739990234375,97.5999984741211,74.0,1646.0,0.0,0.13199999928474426,1646.0
75.19999694824219,1649.0,106.89449027180672,1785019707000.0,149.0,1.465000033378601,-6.425631428137422,1656.0,75.19999694824219,138.0,2638.3798828125,98.19999694824219,74.0,1656.0,0.5,0.18700000643730164,1656.0
75.4000015258789,1650.0,106.89447979442775,1785019708000.0,149.0,1.465000033378601,-6.425637127831578,1657.0,75.4000015258789,138.0,2639.699951171875,98.4000015258789,74.0,1657.0,0.5,0.1889999955892563,1657.0
77.4000015258789,1660.0,106.89436948858202,1785019718000.0,153.0,1.4459999799728394,-6.425700159743428,1667.0,77.4000015258789,138.0,2653.7099609375,98.5999984741211,76.0,1667.0,0.5,0.1979999989271164,1667.0
77.5999984741211,1663.0,106.89435255713761,1785019721000.0,151.0,1.437000036239624,-6.42575447447598,1670.0,77.5999984741211,137.0,2660.050048828125,98.19999694824219,75.0,1670.0,0.5,0.10199999809265137,1670.0
77.5999984741211,1666.0,106.89435565844178,1785019724000.0,156.0,1.437000036239624,-6.425797892734408,1673.0,77.5999984741211,137.0,2664.81005859375,98.5999984741211,78.0,1673.0,0.0,-0.01899999938905239,1673.0
77.0,1672.0,106.89437904395163,1785019730000.0,154.0,1.437000036239624,-6.425856649875641,1679.0,77.0,135.0,2671.820068359375,100.19999694824219,77.0,1679.0,0.0,-0.09600000083446503,1679.0
76.80000305175781,1675.0,106.89438566565514,1785019733000.0,158.0,1.465000033378601,-6.425899565219879,1682.0,76.80000305175781,133.0,2676.570068359375,100.0,79.0,1682.0,0.0,-0.09099999815225601,1682.0
76.19999694824219,1685.0,106.89442112110555,1785019743000.0,153.0,1.5119999647140503,-6.426035268232226,1692.0,76.19999694824219,135.0,2692.10009765625,97.80000305175781,76.0,1692.0,0.5,-0.04800000041723251,1692.0
76.19999694824219,1689.0,106.89443411305547,1785019747000.0,149.0,1.5210000276565552,-6.426082123070955,1696.0,76.19999694824219,138.0,2697.489990234375,97.5999984741211,74.0,1696.0,0.5,0.007000000216066837,1696.0
75.4000015258789,1696.0,106.89445598982275,1785019754000.0,151.0,1.5210000276565552,-6.42617030069232,1703.0,75.4000015258789,140.0,2707.56005859375,97.19999694824219,75.0,1703.0,0.5,-0.11100000143051147,1703.0
75.80000305175781,1709.0,106.89448147080839,1785019767000.0,154.0,1.4559999704360962,-6.42633106559515,1716.0,75.80000305175781,139.0,2725.60009765625,95.5999984741211,77.0,1716.0,0.0,0.028999999165534973,1716.0
75.5999984741211,1720.0,106.89451617188752,1785019778000.0,147.0,1.4459999799728394,-6.426463918760419,1727.0,75.5999984741211,138.0,2740.760009765625,96.19999694824219,73.0,1727.0,0.5,-0.01899999938905239,1727.0
75.19999694824219,1730.0,106.89453788101673,1785019788000.0,147.0,1.4179999828338623,-6.42659149132669,1737.0,75.19999694824219,137.0,2755.080078125,95.80000305175781,73.0,1737.0,0.5,-0.04600000008940697,1737.0
75.0,1740.0,106.89454316161573,1785019798000.0,0.0,1.409000039100647,-6.426719650626183,1747.0,75.0,134.0,2769.320068359375,94.80000305175781,0.0,1747.0,0.0,-0.01600000075995922,1747.0
75.0,1747.0,106.89454743638635,1785019805000.0,117.0,1.371999979019165,-6.426799530163407,1754.0,75.0,133.0,2778.2900390625,95.19999694824219,58.0,1754.0,0.5,-0.0020000000949949026,1754.0
75.0,1748.0,106.8945499509573,1785019806000.0,117.0,1.3530000448226929,-6.426809336990118,1755.0,75.0,133.0,2779.409912109375,95.19999694824219,58.0,1755.0,0.5,-0.008999999612569809,1755.0
75.0,1755.0,106.89455925486982,1785019813000.0,117.0,1.2599999904632568,-6.42690765671432,1762.0,75.0,133.0,2790.31005859375,94.80000305175781,58.0,1762.0,0.5,-0.009999999776482582,1762.0
75.4000015258789,1765.0,106.89454508945346,1785019823000.0,116.0,1.2970000505447388,-6.427036821842194,1772.0,75.4000015258789,130.0,2804.7099609375,95.19999694824219,58.0,1772.0,0.0,0.04899999871850014,1772.0
76.0,1776.0,106.89454215578735,1785019834000.0,113.0,1.315999984741211,-6.427181828767061,1783.0,76.0,127.0,2820.739990234375,95.4000015258789,56.0,1783.0,0.5,0.04800000041723251,1783.0
76.0,1777.0,106.89454332925379,1785019835000.0,113.0,1.315999984741211,-6.427199933677912,1784.0,76.0,127.0,2822.72998046875,95.19999694824219,56.0,1784.0,0.5,0.061000000685453415,1784.0
76.4000015258789,1783.0,106.89452153630555,1785019841000.0,116.0,1.3339999914169312,-6.427273107692599,1790.0,76.4000015258789,125.0,2831.320068359375,95.0,58.0,1790.0,0.0,0.05700000002980232,1790.0
76.4000015258789,1784.0,106.89451583661139,1785019842000.0,116.0,1.3339999914169312,-6.4272798132151365,1791.0,76.4000015258789,125.0,2832.27001953125,94.80000305175781,58.0,1791.0,0.0,0.04500000178813934,1791.0
76.4000015258789,1785.0,106.89451541751623,1785019843000.0,115.0,1.3339999914169312,-6.427293894812465,1792.0,76.4000015258789,125.0,2833.830078125,94.4000015258789,57.0,1792.0,0.5,0.052000001072883606,1792.0
76.5999984741211,1790.0,106.8945116456598,1785019848000.0,116.0,1.343999981880188,-6.427353238686919,1797.0,76.5999984741211,124.0,2840.429931640625,93.5999984741211,58.0,1797.0,0.0,0.04500000178813934,1797.0
77.0,1795.0,106.8944981507957,1785019853000.0,0.0,1.3339999914169312,-6.4274105709046125,1802.0,77.0,121.0,2846.909912109375,93.0,0.0,1802.0,0.0,0.050999999046325684,1802.0
77.19999694824219,1799.0,106.89447711221874,1785019857000.0,159.0,1.3339999914169312,-6.427463963627815,1806.0,77.19999694824219,122.0,2853.27001953125,92.80000305175781,79.0,1806.0,0.5,0.06700000166893005,1806.0
77.5999984741211,1803.0,106.8944585043937,1785019861000.0,160.0,1.343999981880188,-6.427524816244841,1810.0,77.5999984741211,125.0,2860.300048828125,93.80000305175781,80.0,1810.0,0.0,0.07100000232458115,1810.0
77.80000305175781,1808.0,106.89443721435964,1785019866000.0,155.0,1.3899999856948853,-6.427599331364036,1815.0,77.80000305175781,127.0,2868.840087890625,95.4000015258789,77.0,1815.0,0.5,0.0689999982714653,1815.0
78.19999694824219,1815.0,106.89440896734595,1785019873000.0,157.0,1.409000039100647,-6.427684659138322,1822.0,78.19999694824219,130.0,2878.830078125,96.0,78.0,1822.0,0.5,0.057999998331069946,1822.0
78.4000015258789,1818.0,106.89438994042575,1785019876000.0,154.0,1.409000039100647,-6.427722712978721,1825.0,78.4000015258789,131.0,2883.5400390625,96.0,77.0,1825.0,0.0,0.06800000369548798,1825.0
78.5999984741211,1821.0,106.89437795430422,1785019879000.0,157.0,1.4179999828338623,-6.4277625270187855,1828.0,78.5999984741211,133.0,2888.22998046875,96.19999694824219,78.0,1828.0,0.5,0.06199999898672104,1828.0
79.19999694824219,1828.0,106.89433344639838,1785019886000.0,155.0,1.4279999732971191,-6.427859757095575,1835.0,79.19999694824219,134.0,2899.969970703125,96.4000015258789,77.0,1835.0,0.5,0.0729999989271164,1835.0
79.80000305175781,1836.0,106.89426739700139,1785019894000.0,157.0,1.4739999771118164,-6.427985150367022,1843.0,79.80000305175781,132.0,2915.169921875,95.80000305175781,78.0,1843.0,0.5,0.07800000160932541,1843.0
80.19999694824219,1844.0,106.89424803480506,1785019902000.0,155.0,1.4930000305175781,-6.428089002147317,1851.0,80.19999694824219,135.0,2927.0,96.80000305175781,77.0,1851.0,0.5,0.04899999871850014,1851.0
80.80000305175781,1852.0,106.89421660266817,1785019910000.0,154.0,1.4930000305175781,-6.428198050707579,1859.0,80.80000305175781,135.0,2939.590087890625,98.0,77.0,1859.0,0.0,0.07000000029802322,1859.0
81.4000015258789,1859.0,106.89418768510222,1785019917000.0,158.0,1.5210000276565552,-6.428311206400394,1866.0,81.4000015258789,134.0,2952.320068359375,97.0,79.0,1866.0,0.0,0.08699999749660492,1866.0
81.19999694824219,1863.0,106.89416262321174,1785019921000.0,158.0,1.5399999618530273,-6.428381614387035,1870.0,81.19999694824219,136.0,2960.830078125,96.80000305175781,79.0,1870.0,0.0,-0.04100000113248825,1870.0
81.19999694824219,1866.0,106.89415918663144,1785019924000.0,156.0,1.5579999685287476,-6.428446238860488,1873.0,81.19999694824219,138.0,2967.81005859375,97.19999694824219,78.0,1873.0,0.0,0.029999999329447746,1873.0
82.0,1873.0,106.89415843226016,1785019931000.0,158.0,1.5959999561309814,-6.428542211651802,1880.0,82.0,139.0,2978.510009765625,98.0,79.0,1880.0,0.0,0.09700000286102295,1880.0
82.0,1876.0,106.89415105618536,1785019934000.0,158.0,1.5959999561309814,-6.428573727607727,1883.0,82.0,138.0,2982.080078125,97.4000015258789,79.0,1883.0,0.0,0.03999999910593033,1883.0
82.19999694824219,1880.0,106.89414124935865,1785019938000.0,158.0,1.5679999589920044,-6.428626952692866,1887.0,82.19999694824219,139.0,2988.030029296875,96.0,79.0,1887.0,0.0,0.02800000086426735,1887.0
82.4000015258789,1882.0,106.89414317719638,1785019940000.0,158.0,1.5490000247955322,-6.428668778389692,1889.0,82.4000015258789,139.0,2992.25,95.5999984741211,79.0,1889.0,0.0,0.08900000154972076,1889.0
82.4000015258789,1887.0,106.89412054605782,1785019945000.0,156.0,1.4930000305175781,-6.428744215518236,1894.0,82.4000015258789,140.0,3000.77001953125,95.80000305175781,78.0,1894.0,0.0,-0.010999999940395355,1894.0
82.0,1893.0,106.8940832465887,1785019951000.0,158.0,1.4839999675750732,-6.428811522200704,1900.0,82.0,141.0,3008.860107421875,96.4000015258789,79.0,1900.0,0.0,-0.04899999871850014,1900.0
81.80000305175781,1895.0,106.89406572841108,1785019953000.0,156.0,1.4739999771118164,-6.428829543292522,1902.0,81.80000305175781,141.0,3011.570068359375,96.4000015258789,78.0,1902.0,0.0,-0.09399999678134918,1902.0
81.80000305175781,1896.0,106.8940591905266,1785019954000.0,158.0,1.4739999771118164,-6.428839433938265,1903.0,81.80000305175781,141.0,3012.719970703125,96.19999694824219,79.0,1903.0,0.0,-0.05900000035762787,1903.0
81.5999984741211,1898.0,106.89404343254864,1785019956000.0,160.0,1.465000033378601,-6.428859047591686,1905.0,81.5999984741211,142.0,3015.280029296875,95.4000015258789,80.0,1905.0,0.0,-0.07800000160932541,1905.0
81.5999984741211,1904.0,106.89399691298604,1785019962000.0,157.0,1.4459999799728394,-6.4289552718400955,1911.0,81.5999984741211,140.0,3027.1298828125,93.19999694824219,78.0,1911.0,0.5,-0.003000000026077032,1911.0
81.5999984741211,1909.0,106.89396447502077,1785019967000.0,157.0,1.4459999799728394,-6.429032301530242,1916.0,81.5999984741211,137.0,3036.39990234375,93.19999694824219,78.0,1916.0,0.5,-0.006000000052154064,1916.0
81.5999984741211,1911.0,106.89395567402244,1785019969000.0,157.0,1.4739999771118164,-6.4290648233145475,1918.0,81.5999984741211,137.0,3040.110107421875,93.5999984741211,78.0,1918.0,0.5,0.03799999877810478,1918.0
81.80000305175781,1912.0,106.89395651221275,1785019970000.0,156.0,1.4930000305175781,-6.429076390340924,1919.0,81.80000305175781,137.0,3041.3701171875,94.0,78.0,1919.0,0.0,0.09799999743700027,1919.0
81.80000305175781,1913.0,106.89396020025015,1785019971000.0,156.0,1.5019999742507935,-6.429087035357952,1920.0,81.80000305175781,137.0,3042.5400390625,94.19999694824219,78.0,1920.0,0.0,0.14300000667572021,1920.0
82.4000015258789,1917.0,106.89396497793496,1785019975000.0,154.0,1.5210000276565552,-6.429152665659785,1924.0,82.4000015258789,139.0,3049.989990234375,94.4000015258789,77.0,1924.0,0.0,0.14000000059604645,1924.0
82.4000015258789,1923.0,106.89393958076835,1785019981000.0,154.0,1.5859999656677246,-6.42923204228282,1930.0,82.4000015258789,142.0,3059.22998046875,93.5999984741211,77.0,1930.0,0.0,0.003000000026077032,1930.0
82.4000015258789,1926.0,106.89392390660942,1785019984000.0,153.0,1.5679999589920044,-6.429270766675472,1933.0,82.4000015258789,141.0,3063.840087890625,93.4000015258789,76.0,1933.0,0.5,-0.028999999165534973,1933.0
82.4000015258789,1930.0,106.89391678199172,1785019988000.0,149.0,1.5399999618530273,-6.429315526038408,1937.0,82.4000015258789,140.0,3068.7900390625,93.0,74.0,1937.0,0.5,0.014999999664723873,1937.0
82.4000015258789,1933.0,106.89391007646918,1785019991000.0,151.0,1.5119999647140503,-6.429348047822714,1940.0,82.4000015258789,140.0,3072.449951171875,92.4000015258789,75.0,1940.0,0.5,0.007000000216066837,1940.0
82.4000015258789,1939.0,106.89388333819807,1785019997000.0,152.0,1.4459999799728394,-6.42941384576261,1946.0,82.4000015258789,140.0,3080.360107421875,91.0,76.0,1946.0,0.0,-0.02500000037252903,1946.0
82.0,1943.0,106.89386833459139,1785020001000.0,152.0,1.4279999732971191,-6.429467657580972,1950.0,82.0,140.0,3086.449951171875,91.0,76.0,1950.0,0.0,-0.08299999684095383,1950.0
82.0,1946.0,106.89387504011393,1785020004000.0,151.0,1.437000036239624,-6.429493306204677,1953.0,82.0,140.0,3089.449951171875,91.5999984741211,75.0,1953.0,0.5,0.0010000000474974513,1953.0
82.0,1947.0,106.89387579448521,1785020005000.0,151.0,1.437000036239624,-6.429509734734893,1954.0,82.0,140.0,3091.169921875,91.5999984741211,75.0,1954.0,0.5,-0.04800000041723251,1954.0
81.4000015258789,1953.0,106.89384134486318,1785020011000.0,152.0,1.4279999732971191,-6.429602522403002,1960.0,81.4000015258789,140.0,3101.889892578125,92.4000015258789,76.0,1960.0,0.0,-0.10100000351667404,1960.0
80.5999984741211,1959.0,106.89379222691059,1785020017000.0,149.0,1.437000036239624,-6.4296679850667715,1966.0,80.5999984741211,140.0,3110.72998046875,94.19999694824219,74.0,1966.0,0.5,-0.12800000607967377,1966.0
80.4000015258789,1961.0,106.89377739094198,1785020019000.0,149.0,1.437000036239624,-6.429688772186637,1968.0,80.4000015258789,140.0,3113.590087890625,94.80000305175781,74.0,1968.0,0.5,-0.1120000034570694,1968.0
79.5999984741211,1968.0,106.89373078756034,1785020026000.0,154.0,1.4559999704360962,-6.429773597046733,1975.0,79.5999984741211,137.0,3124.320068359375,95.80000305175781,77.0,1975.0,0.0,-0.11699999868869781,1975.0
79.4000015258789,1971.0,106.89371092244983,1785020029000.0,154.0,1.4559999704360962,-6.429808298125863,1978.0,79.4000015258789,136.0,3128.68994140625,95.80000305175781,77.0,1978.0,0.0,-0.05700000002980232,1978.0
79.4000015258789,1976.0,106.89368083141744,1785020034000.0,149.0,1.4739999771118164,-6.429864540696144,1983.0,79.4000015258789,136.0,3135.60009765625,95.80000305175781,74.0,1983.0,0.5,0.01899999938905239,1983.0
79.5999984741211,1979.0,106.89366901293397,1785020037000.0,148.0,1.4739999771118164,-6.429898235946894,1986.0,79.5999984741211,137.0,3139.550048828125,95.80000305175781,74.0,1986.0,0.0,0.026000000536441803,1986.0
80.0,1987.0,106.89364470541477,1785020045000.0,149.0,1.4559999704360962,-6.429998064413667,1994.0,80.0,137.0,3150.85009765625,95.5999984741211,74.0,1994.0,0.5,0.057999998331069946,1994.0
81.4000015258789,1996.0,106.89360472373664,1785020054000.0,153.0,1.4559999704360962,-6.4301185961812735,2003.0,81.4000015258789,137.0,3164.830078125,95.5999984741211,76.0,2003.0,0.5,0.1679999977350235,2003.0
82.19999694824219,2001.0,106.89358276315033,1785020059000.0,156.0,1.4559999704360962,-6.43018146045506,2008.0,82.19999694824219,137.0,3172.110107421875,95.5999984741211,78.0,2008.0,0.0,0.13600000739097595,2008.0
82.4000015258789,2003.0,106.89357354305685,1785020061000.0,157.0,1.4559999704360962,-6.430208198726177,2010.0,82.4000015258789,138.0,3175.239990234375,96.0,78.0,2010.0,0.5,0.14399999380111694,2010.0
82.5999984741211,2004.0,106.89356625080109,1785020062000.0,157.0,1.4559999704360962,-6.430215993896127,2011.0,82.5999984741211,138.0,3176.419921875,96.4000015258789,78.0,2011.0,0.5,0.08399999886751175,2011.0
83.0,2009.0,106.89354026690125,1785020067000.0,156.0,1.4559999704360962,-6.430281288921833,2016.0,83.0,138.0,3184.6298828125,97.19999694824219,78.0,2016.0,0.0,0.1080000028014183,2016.0
83.19999694824219,2014.0,106.89350958913565,1785020072000.0,157.0,1.4739999771118164,-6.430334430187941,2021.0,83.19999694824219,139.0,3191.2900390625,97.19999694824219,78.0,2021.0,0.5,0.03799999877810478,2021.0
83.5999984741211,2019.0,106.89347547478974,1785020077000.0,154.0,1.4839999675750732,-6.430415315553546,2026.0,83.5999984741211,139.0,3200.72998046875,96.80000305175781,77.0,2026.0,0.0,0.057999998331069946,2026.0
84.0,2028.0,106.89344236627221,1785020086000.0,159.0,1.5299999713897705,-6.4305532816797495,2035.0,84.0,139.0,3216.68994140625,96.80000305175781,79.0,2035.0,0.5,0.04800000041723251,2035.0
84.0,2036.0,106.89341462217271,1785020094000.0,155.0,1.5399999618530273,-6.430654199793935,2043.0,84.0,139.0,3228.260009765625,98.80000305175781,77.0,2043.0,0.5,0.0,2043.0
84.0,2046.0,106.89337698742747,1785020104000.0,0.0,1.5579999685287476,-6.4307832811027765,2053.0,84.0,139.0,3243.18994140625,96.5999984741211,0.0,2053.0,0.0,0.0,2053.0
84.0,2048.0,106.89337531104684,1785020106000.0,0.0,1.5579999685287476,-6.430801134556532,2055.0,84.0,139.0,3245.179931640625,96.19999694824219,0.0,2055.0,0.0,0.0,2055.0
84.0,2050.0,106.89337195828557,1785020108000.0,0.0,1.5579999685287476,-6.430825777351856,2057.0,84.0,139.0,3247.8798828125,96.0,0.0,2057.0,0.0,0.020999999716877937,2057.0
84.0,2051.0,106.89336902461946,1785020109000.0,0.0,1.5579999685287476,-6.430837512016296,2058.0,84.0,139.0,3249.2099609375,95.80000305175781,0.0,2058.0,0.0,0.041999999433755875,2058.0
84.5999984741211,2060.0,106.8933323957026,1785020118000.0,115.0,1.5299999713897705,-6.430945973843336,2067.0,84.5999984741211,140.0,3262.050048828125,94.5999984741211,57.0,2067.0,0.5,0.052000001072883606,2067.0
85.0,2067.0,106.89330632798374,1785020125000.0,113.0,1.5210000276565552,-6.431026691570878,2074.0,85.0,137.0,3271.469970703125,93.80000305175781,56.0,2074.0,0.5,0.07000000029802322,2074.0
85.19999694824219,2069.0,106.89329149201512,1785020127000.0,113.0,1.5210000276565552,-6.431047394871712,2076.0,85.19999694824219,137.0,3274.280029296875,93.5999984741211,56.0,2076.0,0.5,0.04800000041723251,2076.0
85.5999984741211,2079.0,106.89323650673032,1785020137000.0,114.0,1.4930000305175781,-6.431140098720789,2086.0,85.5999984741211,137.0,3286.3798828125,94.19999694824219,57.0,2086.0,0.0,0.04699999839067459,2086.0
85.80000305175781,2081.0,106.89323256723583,1785020139000.0,0.0,1.4930000305175781,-6.431163987144828,2088.0,85.80000305175781,136.0,3289.050048828125,94.4000015258789,0.0,2088.0,0.0,0.07900000363588333,2088.0
86.0,2085.0,106.89321412704885,1785020143000.0,112.0,1.4739999771118164,-6.4312085788697,2092.0,86.0,135.0,3294.3798828125,94.19999694824219,56.0,2092.0,0.0,0.06400000303983688,2092.0
86.5999984741211,2092.0,106.89319308847189,1785020150000.0,113.0,1.465000033378601,-6.431286782026291,2099.0,86.5999984741211,132.0,3303.3798828125,91.80000305175781,56.0,2099.0,0.5,0.07000000029802322,2099.0
86.5999984741211,2094.0,106.89318588003516,1785020152000.0,113.0,1.465000033378601,-6.431310418993235,2101.0,86.5999984741211,131.0,3306.10009765625,91.4000015258789,56.0,2101.0,0.5,0.07199999690055847,2101.0
87.0,2098.0,106.89315855503082,1785020156000.0,116.0,1.465000033378601,-6.431371103972197,2105.0,87.0,128.0,3313.4599609375,92.19999694824219,58.0,2105.0,0.0,0.0949999988079071,2105.0
87.19999694824219,2103.0,106.89312812872231,1785020161000.0,158.0,1.6139999628067017,-6.431451067328453,2110.0,87.19999694824219,127.0,3322.93994140625,94.0,79.0,2110.0,0.0,0.04699999839067459,2110.0
87.4000015258789,2107.0,106.89311002381146,1785020165000.0,158.0,1.7259999513626099,-6.4315056335181,2114.0,87.4000015258789,131.0,3329.2900390625,95.80000305175781,79.0,2114.0,0.0,0.032999999821186066,2114.0
87.5999984741211,2110.0,106.89309233799577,1785020168000.0,159.0,1.753999948501587,-6.431545279920101,2117.0,87.5999984741211,134.0,3334.10009765625,96.5999984741211,79.0,2117.0,0.5,0.041999999433755875,2117.0
87.5999984741211,2113.0,106.89306769520044,1785020171000.0,157.0,1.753999948501587,-6.431576712056994,2120.0,87.5999984741211,135.0,3338.52001953125,97.0,78.0,2120.0,0.5,0.05900000035762787,2120.0
87.5999984741211,2121.0,106.89303198829293,1785020179000.0,152.0,1.7259999513626099,-6.431685341522098,2128.0,87.5999984741211,134.0,3351.239990234375,97.4000015258789,76.0,2128.0,0.0,-0.0020000000949949026,2128.0
87.0,2131.0,106.89299477264285,1785020189000.0,155.0,1.6890000104904175,-6.431836131960154,2138.0,87.0,134.0,3368.280029296875,98.80000305175781,77.0,2138.0,0.5,-0.07500000298023224,2138.0
86.80000305175781,2135.0,106.89297934994102,1785020193000.0,154.0,1.6890000104904175,-6.43189606256783,2142.0,86.80000305175781,134.0,3374.989990234375,100.4000015258789,77.0,2142.0,0.0,-0.03999999910593033,2142.0
86.80000305175781,2138.0,106.89295688644052,1785020196000.0,154.0,1.6799999475479126,-6.431936714798212,2145.0,86.80000305175781,133.0,3380.110107421875,101.0,77.0,2145.0,0.0,0.004999999888241291,2145.0
87.4000015258789,2147.0,106.89289905130863,1785020205000.0,157.0,1.6890000104904175,-6.432049619033933,2154.0,87.4000015258789,132.0,3394.18994140625,102.0,78.0,2154.0,0.5,0.06800000369548798,2154.0
88.0,2155.0,106.89286124892533,1785020213000.0,156.0,1.6519999504089355,-6.432157075032592,2162.0,88.0,135.0,3406.780029296875,101.4000015258789,78.0,2162.0,0.0,0.07699999958276749,2162.0
88.19999694824219,2157.0,106.8928503524512,1785020215000.0,157.0,1.6419999599456787,-6.432186746969819,2164.0,88.19999694824219,136.0,3410.27001953125,101.4000015258789,78.0,2164.0,0.5,0.09300000220537186,2164.0
88.19999694824219,2161.0,106.89283333718777,1785020219000.0,155.0,1.6419999599456787,-6.432251539081335,2168.0,88.19999694824219,139.0,3417.610107421875,101.80000305175781,77.0,2168.0,0.5,0.0020000000949949026,2168.0
88.4000015258789,2166.0,106.89281472936273,1785020224000.0,154.0,1.6519999504089355,-6.432308368384838,2173.0,88.4000015258789,138.0,3424.199951171875,101.5999984741211,77.0,2173.0,0.0,0.032999999821186066,2173.0
88.80000305175781,2173.0,106.89277902245522,1785020231000.0,155.0,1.6330000162124634,-6.432412723079324,2180.0,88.80000305175781,135.0,3436.429931640625,100.5999984741211,77.0,2180.0,0.5,0.05400000140070915,2180.0
89.0,2178.0,106.89274901524186,1785020236000.0,154.0,1.6330000162124634,-6.432472905144095,2185.0,89.0,134.0,3443.860107421875,101.0,77.0,2185.0,0.0,0.0430000014603138,2185.0
89.80000305175781,2187.0,106.89268522895873,1785020245000.0,159.0,1.6419999599456787,-6.432587988674641,2194.0,89.80000305175781,135.0,3458.340087890625,99.5999984741211,79.0,2194.0,0.5,0.08900000154972076,2194.0
91.4000015258789,2198.0,106.89265170134604,1785020256000.0,158.0,1.6419999599456787,-6.432764092460275,2205.0,91.4000015258789,138.0,3477.969970703125,96.5999984741211,79.0,2205.0,0.0,0.1550000011920929,2205.0
91.4000015258789,2208.0,106.8925966322422,1785020266000.0,156.0,1.6699999570846558,-6.432902729138732,2215.0,91.4000015258789,140.0,3494.4599609375,98.4000015258789,78.0,2215.0,0.0,-0.004999999888241291,2215.0
91.5999984741211,2217.0,106.89256645739079,1785020275000.0,157.0,1.6610000133514404,-6.433019153773785,2224.0,91.5999984741211,139.0,3507.840087890625,99.5999984741211,78.0,2224.0,0.5,0.02199999988079071,2224.0
91.19999694824219,2227.0,106.89257131889462,1785020285000.0,154.0,1.6419999599456787,-6.43316650763154,2234.0,91.19999694824219,138.0,3524.330078125,99.0,77.0,2234.0,0.0,-0.03700000047683716,2234.0
91.0,2232.0,106.89258037135005,1785020290000.0,158.0,1.6519999504089355,-6.433241190388799,2239.0,91.0,141.0,3532.64990234375,99.80000305175781,79.0,2239.0,0.0,-0.04100000113248825,2239.0
91.0,2235.0,106.89258405938745,1785020293000.0,155.0,1.6519999504089355,-6.433276059105992,2242.0,91.0,142.0,3536.530029296875,100.0,77.0,2242.0,0.5,-0.032999999821186066,2242.0
90.80000305175781,2244.0,106.89258364029229,1785020302000.0,154.0,1.6330000162124634,-6.433383347466588,2251.0,90.80000305175781,143.0,3548.35009765625,100.4000015258789,77.0,2251.0,0.0,-0.01600000075995922,2251.0
90.80000305175781,2252.0,106.89258556813002,1785020310000.0,151.0,1.5959999561309814,-6.43348753452301,2259.0,90.80000305175781,141.0,3559.89990234375,100.0,75.0,2259.0,0.5,0.0020000000949949026,2259.0
91.0,2262.0,106.89258883707225,1785020320000.0,149.0,1.5770000219345093,-6.4336249977350235,2269.0,91.0,141.0,3575.1201171875,100.19999694824219,74.0,2269.0,0.5,0.009999999776482582,2269.0
90.80000305175781,2271.0,106.89257517457008,1785020329000.0,147.0,1.5490000247955322,-6.433735974133015,2278.0,90.80000305175781,143.0,3587.610107421875,100.19999694824219,73.0,2278.0,0.5,-0.004999999888241291,2278.0
90.80000305175781,2282.0,106.89254340715706,1785020340000.0,146.0,1.5119999647140503,-6.433863379061222,2289.0,90.80000305175781,142.0,3602.179931640625,100.5999984741211,73.0,2289.0,0.0,-0.009999999776482582,2289.0
92.4000015258789,2291.0,106.89251138828695,1785020349000.0,149.0,1.4930000305175781,-6.433976031839848,2298.0,92.4000015258789,139.0,3615.2900390625,101.4000015258789,74.0,2298.0,0.5,0.18199999630451202,2298.0
93.0,2301.0,106.89247014932334,1785020359000.0,149.0,1.4559999704360962,-6.434090444818139,2308.0,93.0,140.0,3628.75,101.4000015258789,74.0,2308.0,0.5,0.05900000035762787,2308.0
94.19999694824219,2312.0,106.8924274854362,1785020370000.0,151.0,1.4279999732971191,-6.434218185022473,2319.0,94.19999694824219,141.0,3643.739990234375,101.80000305175781,75.0,2319.0,0.5,0.10199999809265137,2319.0
96.4000015258789,2323.0,106.89233218319714,1785020381000.0,158.0,1.4279999732971191,-6.4343480207026005,2330.0,96.4000015258789,141.0,3661.669921875,103.4000015258789,79.0,2330.0,0.0,0.20999999344348907,2330.0
98.0,2333.0,106.89223738387227,1785020391000.0,158.0,1.4839999675750732,-6.434467630460858,2340.0,98.0,140.0,3678.639892578125,104.0,79.0,2340.0,0.0,0.1589999943971634,2340.0
99.0,2344.0,106.89215297810733,1785020402000.0,0.0,1.4559999704360962,-6.434582127258182,2351.0,99.0,141.0,3694.320068359375,104.4000015258789,0.0,2351.0,0.0,0.08299999684095383,2351.0
99.5999984741211,2351.0,106.89209028147161,1785020409000.0,116.0,1.409000039100647,-6.434651026502252,2358.0,99.5999984741211,144.0,3704.570068359375,104.80000305175781,58.0,2358.0,0.0,0.09700000286102295,2358.0
99.5999984741211,2352.0,106.89208382740617,1785020410000.0,116.0,1.399999976158142,-6.434659492224455,2359.0,99.5999984741211,145.0,3705.659912109375,105.0,58.0,2359.0,0.0,0.07000000029802322,2359.0
100.0,2362.0,106.89200202003121,1785020420000.0,119.0,1.3339999914169312,-6.4347609132528305,2369.0,100.0,144.0,3719.969970703125,105.80000305175781,59.0,2369.0,0.5,0.032999999821186066,2369.0
100.0,2371.0,106.89194301143289,1785020429000.0,0.0,1.305999994277954,-6.434828722849488,2378.0,100.0,144.0,3729.929931640625,105.80000305175781,0.0,2378.0,0.0,0.0,2378.0
100.0,2382.0,106.89184636808932,1785020440000.0,116.0,1.277999997138977,-6.4349376037716866,2389.0,100.0,143.0,3746.2099609375,106.0,58.0,2389.0,0.0,0.0,2389.0
100.19999694824219,2390.0,106.89178006723523,1785020448000.0,116.0,1.2879999876022339,-6.435000384226441,2397.0,100.19999694824219,142.0,3756.39990234375,106.0,58.0,2397.0,0.0,0.032999999821186066,2397.0
100.5999984741211,2396.0,106.8917215615511,1785020454000.0,114.0,1.305999994277954,-6.4350527711212635,2403.0,100.5999984741211,138.0,3765.1201171875,105.19999694824219,57.0,2403.0,0.0,0.061000000685453415,2403.0
100.80000305175781,2400.0,106.89167814329267,1785020458000.0,159.0,1.3250000476837158,-6.435092501342297,2407.0,100.80000305175781,135.0,3771.639892578125,104.4000015258789,79.0,2407.0,0.5,0.06499999761581421,2407.0
101.0,2401.0,106.89166774973273,1785020459000.0,159.0,1.3250000476837158,-6.435101553797722,2408.0,101.0,134.0,3773.159912109375,104.19999694824219,79.0,2408.0,0.5,0.0560000017285347,2408.0
101.4000015258789,2409.0,106.89158828929067,1785020467000.0,154.0,1.5210000276565552,-6.435177661478519,2416.0,101.4000015258789,137.0,3785.340087890625,104.19999694824219,77.0,2416.0,0.0,0.06499999761581421,2416.0
101.5999984741211,2410.0,106.89157747663558,1785020468000.0,154.0,1.5119999647140503,-6.43518797121942,2417.0,101.5999984741211,137.0,3786.989990234375,104.4000015258789,77.0,2417.0,0.0,0.07100000232458115,2417.0
101.80000305175781,2419.0,106.89148887991905,1785020477000.0,149.0,1.4930000305175781,-6.4352556969970465,2426.0,101.80000305175781,139.0,3799.409912109375,104.19999694824219,74.0,2426.0,0.5,0.029999999329447746,2426.0
100.19999694824219,2430.0,106.8913410231471,1785020488000.0,152.0,1.4559999704360962,-6.435310933738947,2437.0,100.19999694824219,138.0,3816.8798828125,103.5999984741211,76.0,2437.0,0.0,-0.1379999965429306,2437.0
99.4000015258789,2437.0,106.89125561155379,1785020495000.0,153.0,1.437000036239624,-6.435348484665155,2444.0,99.4000015258789,135.0,3827.2099609375,104.0,76.0,2444.0,0.5,-0.11800000071525574,2444.0
99.0,2441.0,106.89120557159185,1785020499000.0,156.0,1.4279999732971191,-6.435367511585355,2448.0,99.0,132.0,3833.110107421875,104.19999694824219,78.0,2448.0,0.0,-0.14100000262260437,2448.0
97.5999984741211,2449.0,106.89111077226698,1785020507000.0,152.0,1.4279999732971191,-6.435401374474168,2456.0,97.5999984741211,129.0,3844.260009765625,104.19999694824219,76.0,2456.0,0.0,-0.1679999977350235,2456.0
97.19999694824219,2451.0,106.8910809326917,1785020509000.0,154.0,1.4279999732971191,-6.4354100078344345,2458.0,97.19999694824219,129.0,3847.68994140625,104.19999694824219,77.0,2458.0,0.0,-0.22200000286102295,2458.0
96.19999694824219,2458.0,106.89099786803126,1785020516000.0,152.0,1.4179999828338623,-6.435439679771662,2465.0,96.19999694824219,132.0,3857.429931640625,104.19999694824219,76.0,2465.0,0.0,-0.1459999978542328,2465.0
95.5999984741211,2462.0,106.89095688052475,1785020520000.0,149.0,1.409000039100647,-6.435454348102212,2469.0,95.5999984741211,133.0,3862.239990234375,104.80000305175781,74.0,2469.0,0.5,-0.12099999934434891,2469.0
95.4000015258789,2472.0,106.89083408564329,1785020530000.0,150.0,1.38100004196167,-6.435513943433762,2479.0,95.4000015258789,130.0,3877.360107421875,105.80000305175781,75.0,2479.0,0.0,-0.017000000923871994,2479.0
95.4000015258789,2473.0,106.8908195849508,1785020531000.0,150.0,1.38100004196167,-6.4355166256427765,2480.0,95.4000015258789,129.0,3878.97998046875,105.80000305175781,75.0,2480.0,0.0,-0.032999999821186066,2480.0
95.19999694824219,2482.0,106.89069922082126,1785020540000.0,153.0,1.38100004196167,-6.435555517673492,2489.0,95.19999694824219,132.0,3893.06005859375,105.5999984741211,76.0,2489.0,0.5,-0.024000000208616257,2489.0
95.19999694824219,2489.0,106.8906144797802,1785020547000.0,152.0,1.3899999856948853,-6.435597762465477,2496.0,95.19999694824219,134.0,3903.580078125,105.4000015258789,76.0,2496.0,0.0,0.004000000189989805,2496.0
95.0,2497.0,106.8905138131231,1785020555000.0,151.0,1.38100004196167,-6.4356232434511185,2504.0,95.0,137.0,3915.1298828125,106.19999694824219,75.0,2504.0,0.5,-0.017999999225139618,2504.0
95.0,2498.0,106.8904955405742,1785020556000.0,151.0,1.38100004196167,-6.435627266764641,2505.0,95.0,136.0,3917.199951171875,106.5999984741211,75.0,2505.0,0.5,-0.03700000047683716,2505.0
95.0,2507.0,106.89039495773613,1785020565000.0,154.0,1.371999979019165,-6.4356812462210655,2514.0,95.0,137.0,3929.669921875,107.19999694824219,77.0,2514.0,0.0,0.003000000026077032,2514.0
96.0,2516.0,106.89028289169073,1785020574000.0,158.0,1.409000039100647,-6.435775961726904,2523.0,96.0,135.0,3945.800048828125,104.80000305175781,79.0,2523.0,0.0,0.11400000005960464,2523.0
96.80000305175781,2523.0,106.89022933132946,1785020581000.0,155.0,1.437000036239624,-6.435861876234412,2530.0,96.80000305175781,136.0,3957.139892578125,104.5999984741211,77.0,2530.0,0.5,0.11599999666213989,2530.0
97.80000305175781,2532.0,106.89018113538623,1785020590000.0,149.0,1.4739999771118164,-6.4359742775559425,2539.0,97.80000305175781,137.0,3970.780029296875,105.0,74.0,2539.0,0.5,0.10899999737739563,2539.0
99.0,2541.0,106.89013042487204,1785020599000.0,152.0,1.5019999742507935,-6.436086595058441,2548.0,99.0,137.0,3984.389892578125,105.4000015258789,76.0,2548.0,0.0,0.11599999666213989,2548.0
98.80000305175781,2551.0,106.89008298330009,1785020609000.0,152.0,1.5399999618530273,-6.436234284192324,2558.0,98.80000305175781,136.0,4001.47998046875,106.0,76.0,2558.0,0.0,-0.019999999552965164,2558.0
98.80000305175781,2552.0,106.89008072018623,1785020610000.0,152.0,1.5399999618530273,-6.43624534830451,2559.0,98.80000305175781,136.0,4002.679931640625,106.19999694824219,76.0,2559.0,0.0,-0.024000000208616257,2559.0
98.19999694824219,2561.0,106.89004082232714,1785020619000.0,158.0,1.5490000247955322,-6.436364622786641,2568.0,98.19999694824219,136.0,4016.699951171875,107.19999694824219,79.0,2568.0,0.0,-0.04800000041723251,2568.0
97.4000015258789,2571.0,106.88999371603131,1785020629000.0,154.0,1.5770000219345093,-6.436496637761593,2578.0,97.4000015258789,135.0,4032.219970703125,107.19999694824219,77.0,2578.0,0.0,-0.09200000017881393,2578.0
96.5999984741211,2580.0,106.88993931747973,1785020638000.0,153.0,1.5770000219345093,-6.436614906415343,2587.0,96.5999984741211,136.0,4046.64990234375,106.19999694824219,76.0,2587.0,0.5,-0.08699999749660492,2587.0
96.4000015258789,2588.0,106.88990503549576,1785020646000.0,160.0,1.6050000190734863,-6.436740132048726,2595.0,96.4000015258789,136.0,4061.050048828125,105.80000305175781,80.0,2595.0,0.0,-0.020999999716877937,2595.0
96.0,2595.0,106.88985868357122,1785020653000.0,158.0,1.6239999532699585,-6.436829902231693,2602.0,96.0,137.0,4072.2099609375,104.5999984741211,79.0,2602.0,0.0,-0.04899999871850014,2602.0
95.4000015258789,2602.0,106.88979179598391,1785020660000.0,158.0,1.6419999599456787,-6.4369245339185,2609.0,95.4000015258789,140.0,4085.030029296875,104.19999694824219,79.0,2609.0,0.0,-0.08900000154972076,2609.0
95.5999984741211,2605.0,106.88975717872381,1785020663000.0,160.0,1.6610000133514404,-6.436964347958565,2612.0,95.5999984741211,141.0,4090.8701171875,104.19999694824219,80.0,2612.0,0.0,0.061000000685453415,2612.0
95.5999984741211,2608.0,106.88972113654017,1785020666000.0,158.0,1.6699999570846558,-6.436996450647712,2615.0,95.5999984741211,140.0,4096.14990234375,104.19999694824219,79.0,2615.0,0.0,0.019999999552965164,2615.0
95.5999984741211,2611.0,106.88968266360462,1785020669000.0,158.0,1.6799999475479126,-6.437024613842368,2618.0,95.5999984741211,139.0,4101.43017578125,104.19999694824219,79.0,2618.0,0.0,-0.01600000075995922,2618.0
95.80000305175781,2621.0,106.88958476297557,1785020679000.0,153.0,1.6799999475479126,-6.437107594683766,2628.0,95.80000305175781,139.0,4115.56982421875,103.80000305175781,76.0,2628.0,0.5,0.00800000037997961,2628.0
96.80000305175781,2631.0,106.88951326534152,1785020689000.0,154.0,1.6419999599456787,-6.437241956591606,2638.0,96.80000305175781,142.0,4132.43017578125,104.19999694824219,77.0,2638.0,0.0,0.11299999803304672,2638.0
97.0,2633.0,106.88950387760997,1785020691000.0,151.0,1.6419999599456787,-6.437268191948533,2640.0,97.0,142.0,4135.5,104.4000015258789,75.0,2640.0,0.5,0.04399999976158142,2640.0
97.19999694824219,2640.0,106.8894796539098,1785020698000.0,151.0,1.6419999599456787,-6.437353519722819,2647.0,97.19999694824219,140.0,4145.27978515625,104.4000015258789,75.0,2647.0,0.5,0.05000000074505806,2647.0
97.4000015258789,2644.0,106.88946364447474,1785020702000.0,0.0,1.6330000162124634,-6.437398362904787,2651.0,97.4000015258789,137.0,4150.60986328125,104.4000015258789,0.0,2651.0,0.0,0.03700000047683716,2651.0
97.5999984741211,2648.0,106.88944922760129,1785020706000.0,0.0,1.6139999628067017,-6.437446642667055,2655.0,97.5999984741211,138.0,4156.2099609375,104.5999984741211,0.0,2655.0,0.0,0.04800000041723251,2655.0
97.80000305175781,2651.0,106.88943481072783,1785020709000.0,0.0,1.5959999561309814,-6.437482014298439,2658.0,97.80000305175781,136.0,4160.39990234375,105.0,0.0,2658.0,0.0,0.032999999821186066,2658.0
97.4000015258789,2656.0,106.88942885957658,1785020714000.0,109.0,1.5859999656677246,-6.437551164999604,2663.0,97.4000015258789,133.0,4168.0400390625,105.80000305175781,54.0,2663.0,0.5,-0.061000000685453415,2663.0
97.0,2662.0,106.88941326923668,1785020720000.0,113.0,1.5490000247955322,-6.437624674290419,2669.0,97.0,130.0,4176.3701171875,107.4000015258789,56.0,2669.0,0.5,-0.07100000232458115,2669.0
96.80000305175781,2664.0,106.88940580934286,1785020722000.0,115.0,1.5399999618530273,-6.437646551057696,2671.0,96.80000305175781,130.0,4178.93017578125,107.80000305175781,57.0,2671.0,0.5,-0.05400000140070915,2671.0
96.19999694824219,2673.0,106.8893623072654,1785020731000.0,112.0,1.4930000305175781,-6.437755348160863,2680.0,96.19999694824219,131.0,4191.85986328125,107.5999984741211,56.0,2680.0,0.0,-0.07000000029802322,2680.0
95.5999984741211,2682.0,106.88933691009879,1785020740000.0,112.0,1.4839999675750732,-6.43786758184433,2689.0,95.5999984741211,128.0,4204.5498046875,106.19999694824219,56.0,2689.0,0.0,-0.08299999684095383,2689.0
95.4000015258789,2683.0,106.88933531753719,1785020741000.0,113.0,1.4839999675750732,-6.4378750417381525,2690.0,95.4000015258789,128.0,4205.39013671875,106.19999694824219,56.0,2690.0,0.5,-0.05000000074505806,2690.0
95.19999694824219,2685.0,106.88932727091014,1785020743000.0,112.0,1.4739999771118164,-6.4378974214196205,2692.0,95.19999694824219,125.0,4208.02001953125,106.19999694824219,56.0,2692.0,0.0,-0.09799999743700027,2692.0
94.19999694824219,2694.0,106.8892861995846,1785020752000.0,115.0,1.437000036239624,-6.43800244666636,2701.0,94.19999694824219,124.0,4220.52001953125,106.5999984741211,57.0,2701.0,0.5,-0.1080000028014183,2701.0
94.0,2698.0,106.88927044160664,1785020756000.0,111.0,1.4459999799728394,-6.438059946522117,2705.0,94.0,121.0,4227.240234375,106.80000305175781,55.0,2705.0,0.5,-0.057999998331069946,2705.0
94.19999694824219,2703.0,106.88923758454621,1785020761000.0,157.0,1.7259999513626099,-6.438129600137472,2710.0,94.19999694824219,120.0,4235.81982421875,107.19999694824219,78.0,2710.0,0.5,0.026000000536441803,2710.0
94.4000015258789,2710.0,106.88920246437192,1785020768000.0,153.0,1.7450000047683716,-6.438220711424947,2717.0,94.4000015258789,123.0,4246.6298828125,106.80000305175781,76.0,2717.0,0.5,0.028999999165534973,2717.0
94.4000015258789,2711.0,106.88919508829713,1785020769000.0,153.0,1.7450000047683716,-6.438232949003577,2718.0,94.4000015258789,123.0,4248.2001953125,106.80000305175781,76.0,2718.0,0.5,0.017000000923871994,2718.0
94.4000015258789,2713.0,106.88918142579496,1785020771000.0,154.0,1.7359999418258667,-6.438263123854995,2720.0,94.4000015258789,126.0,4251.8701171875,106.5999984741211,77.0,2720.0,0.0,0.029999999329447746,2720.0
94.5999984741211,2720.0,106.88913549296558,1785020778000.0,159.0,1.7450000047683716,-6.438369490206242,2727.0,94.5999984741211,128.0,4264.66015625,105.80000305175781,79.0,2727.0,0.5,0.03099999949336052,2727.0
95.19999694824219,2730.0,106.88908712938428,1785020788000.0,154.0,1.7640000581741333,-6.438521454110742,2737.0,95.19999694824219,131.0,4282.31982421875,106.80000305175781,77.0,2737.0,0.0,0.04399999976158142,2737.0
95.19999694824219,2731.0,106.8890808429569,1785020789000.0,154.0,1.7640000581741333,-6.438533524051309,2738.0,95.19999694824219,131.0,4283.81982421875,107.0,77.0,2738.0,0.0,0.041999999433755875,2738.0
95.5999984741211,2737.0,106.88905829563737,1785020795000.0,149.0,1.753999948501587,-6.438600663095713,2744.0,95.5999984741211,134.0,4291.64990234375,107.80000305175781,74.0,2744.0,0.5,0.05700000002980232,2744.0
96.0,2741.0,106.88904513604939,1785020799000.0,148.0,1.7170000076293945,-6.43865036778152,2748.0,96.0,136.0,4297.31982421875,107.80000305175781,74.0,2748.0,0.0,0.10999999940395355,2748.0
96.5999984741211,2749.0,106.88901311717927,1785020807000.0,149.0,1.6239999532699585,-6.438740054145455,2756.0,96.5999984741211,133.0,4307.85009765625,107.4000015258789,74.0,2756.0,0.5,0.09200000017881393,2756.0
97.4000015258789,2757.0,106.88898210413754,1785020815000.0,151.0,1.5679999589920044,-6.438837619498372,2764.0,97.4000015258789,131.0,4319.18017578125,107.19999694824219,75.0,2764.0,0.5,0.08399999886751175,2764.0
99.19999694824219,2769.0,106.88893466256559,1785020827000.0,151.0,1.5299999713897705,-6.438992852345109,2776.0,99.19999694824219,131.0,4337.14990234375,108.0,75.0,2776.0,0.5,0.1589999943971634,2776.0
101.4000015258789,2781.0,106.88887833617628,1785020839000.0,152.0,1.5119999647140503,-6.439143726602197,2788.0,101.4000015258789,132.0,4354.9599609375,109.0,76.0,2788.0,0.0,0.17000000178813934,2788.0
103.0,2793.0,106.88883709721267,1785020851000.0,149.0,1.4739999771118164,-6.43928362056613,2800.0,103.0,132.0,4371.08984375,109.4000015258789,74.0,2800.0,0.5,0.13699999451637268,2800.0
103.4000015258789,2805.0,106.88878940418363,1785020863000.0,146.0,1.409000039100647,-6.439418317750096,2812.0,103.4000015258789,132.0,4386.919921875,109.5999984741211,73.0,2812.0,0.0,0.0430000014603138,2812.0
103.5999984741211,2808.0,106.88877565786242,1785020866000.0,147.0,1.399999976158142,-6.439449163153768,2815.0,103.5999984741211,136.0,4390.64990234375,109.5999984741211,73.0,2815.0,0.5,0.029999999329447746,2815.0
103.80000305175781,2814.0,106.88874749466777,1785020872000.0,147.0,1.38100004196167,-6.439520996063948,2821.0,103.80000305175781,136.0,4399.2099609375,109.5999984741211,73.0,2821.0,0.5,0.052000001072883606,2821.0
104.4000015258789,2823.0,106.88869720324874,1785020881000.0,149.0,1.371999979019165,-6.439621075987816,2830.0,104.4000015258789,136.0,4411.72998046875,109.5999984741211,74.0,2830.0,0.5,0.05700000002980232,2830.0
104.80000305175781,2829.0,106.88866711221635,1785020887000.0,149.0,1.3530000448226929,-6.439677402377129,2836.0,104.80000305175781,137.0,4418.81005859375,109.80000305175781,74.0,2836.0,0.5,0.06800000369548798,2836.0
104.80000305175781,2830.0,106.88866266980767,1785020888000.0,149.0,1.3530000448226929,-6.439691232517362,2837.0,104.80000305175781,137.0,4420.330078125,110.0,74.0,2837.0,0.5,0.10000000149011612,2837.0
105.5999984741211,2839.0,106.88863643445075,1785020897000.0,151.0,1.315999984741211,-6.439801203086972,2846.0,105.5999984741211,138.0,4432.7998046875,110.4000015258789,75.0,2846.0,0.5,0.08299999684095383,2846.0
106.4000015258789,2850.0,106.88858589157462,1785020908000.0,151.0,1.3250000476837158,-6.439948473125696,2857.0,106.4000015258789,137.0,4450.009765625,110.5999984741211,75.0,2857.0,0.5,0.06499999761581421,2857.0
106.19999694824219,2857.0,106.88854498788714,1785020915000.0,152.0,1.3339999914169312,-6.440037656575441,2864.0,106.19999694824219,136.0,4460.83984375,110.80000305175781,76.0,2864.0,0.0,-0.017000000923871994,2864.0
106.0,2859.0,106.8885401263833,1785020917000.0,151.0,1.3339999914169312,-6.440059281885624,2866.0,106.0,137.0,4463.2998046875,111.0,75.0,2866.0,0.5,-0.0689999982714653,2866.0
105.80000305175781,2863.0,106.88853367231786,1785020921000.0,149.0,1.3339999914169312,-6.440113261342049,2870.0,105.80000305175781,137.0,4469.27978515625,110.80000305175781,74.0,2870.0,0.5,-0.09099999815225601,2870.0
105.0,2873.0,106.88849830068648,1785020931000.0,147.0,1.315999984741211,-6.44023354165256,2880.0,105.0,135.0,4483.18994140625,108.80000305175781,73.0,2880.0,0.5,-0.06300000101327896,2880.0
104.4000015258789,2882.0,106.88846829347312,1785020940000.0,144.0,1.2970000505447388,-6.440341081470251,2889.0,104.4000015258789,134.0,4495.43017578125,108.80000305175781,72.0,2889.0,0.0,-0.07500000298023224,2889.0
103.4000015258789,2892.0,106.88843895681202,1785020950000.0,148.0,1.305999994277954,-6.440472761169076,2899.0,103.4000015258789,133.0,4510.31005859375,108.80000305175781,74.0,2899.0,0.0,-0.09799999743700027,2899.0
102.0,2902.0,106.88838246278465,1785020960000.0,152.0,1.3619999885559082,-6.440607961267233,2909.0,102.0,133.0,4526.490234375,110.80000305175781,76.0,2909.0,0.0,-0.15000000596046448,2909.0
101.19999694824219,2912.0,106.88833870925009,1785020970000.0,151.0,1.4179999828338623,-6.440733857452869,2919.0,101.19999694824219,136.0,4541.16015625,113.19999694824219,75.0,2919.0,0.5,-0.07900000363588333,2919.0
101.19999694824219,2913.0,106.88833703286946,1785020971000.0,151.0,1.4179999828338623,-6.440748609602451,2920.0,101.19999694824219,137.0,4542.7998046875,113.4000015258789,75.0,2920.0,0.5,-0.029999999329447746,2920.0
100.80000305175781,2919.0,106.88831381499767,1785020977000.0,149.0,1.437000036239624,-6.440824382007122,2926.0,100.80000305175781,140.0,4551.56005859375,114.5999984741211,74.0,2926.0,0.5,-0.061000000685453415,2926.0
101.0,2924.0,106.88830048777163,1785020982000.0,147.0,1.4459999799728394,-6.440890096127987,2931.0,101.0,142.0,4558.97998046875,114.5999984741211,73.0,2931.0,0.5,0.04699999839067459,2931.0
101.4000015258789,2934.0,106.88830132596195,1785020992000.0,146.0,1.4559999704360962,-6.4410086162388325,2941.0,101.4000015258789,142.0,4572.1298828125,114.80000305175781,73.0,2941.0,0.0,0.03099999949336052,2941.0
101.19999694824219,2941.0,106.8883294891566,1785020999000.0,151.0,1.4459999799728394,-6.441093692556024,2948.0,101.19999694824219,139.0,4582.02978515625,115.4000015258789,75.0,2948.0,0.5,-0.014999999664723873,2948.0
101.19999694824219,2944.0,106.8883329257369,1785021002000.0,151.0,1.4459999799728394,-6.441127639263868,2951.0,101.19999694824219,139.0,4585.759765625,116.0,75.0,2951.0,0.5,-0.03200000151991844,2951.0
101.0,2954.0,106.88839788548648,1785021012000.0,105.0,1.3530000448226929,-6.441223360598087,2961.0,101.0,138.0,4598.58984375,117.4000015258789,52.0,2961.0,0.5,-0.017999999225139618,2961.0
100.5999984741211,2965.0,106.88846561126411,1785021023000.0,0.0,1.3250000476837158,-6.441324530169368,2972.0,100.5999984741211,135.0,4612.06982421875,117.80000305175781,0.0,2972.0,0.0,-0.035999998450279236,2972.0
100.4000015258789,2968.0,106.8884899187833,1785021026000.0,108.0,1.3250000476837158,-6.441353866830468,2975.0,100.4000015258789,135.0,4616.2900390625,118.19999694824219,54.0,2975.0,0.0,-0.04800000041723251,2975.0
99.5999984741211,2978.0,106.88856208696961,1785021036000.0,112.0,1.305999994277954,-6.441455287858844,2985.0,99.5999984741211,136.0,4630.06982421875,119.4000015258789,56.0,2985.0,0.0,-0.08399999886751175,2985.0
98.80000305175781,2988.0,106.88862486742437,1785021046000.0,108.0,1.277999997138977,-6.441547991707921,2995.0,98.80000305175781,135.0,4642.43017578125,119.5999984741211,54.0,2995.0,0.0,-0.07699999958276749,2995.0
98.0,2998.0,106.88871011137962,1785021056000.0,0.0,1.2970000505447388,-6.441651005297899,3005.0,98.0,133.0,4657.31005859375,121.0,0.0,3005.0,0.0,-0.07999999821186066,3005.0
99.80000305175781,3009.0,106.88880373723805,1785021067000.0,151.0,1.4179999828338623,-6.4417849481105804,3016.0,99.80000305175781,131.0,4675.419921875,122.0,75.0,3016.0,0.5,0.15800000727176666,3016.0
100.19999694824219,3013.0,106.88883022405207,1785021071000.0,147.0,1.437000036239624,-6.441825516521931,3020.0,100.19999694824219,128.0,4680.77978515625,121.80000305175781,73.0,3020.0,0.5,0.13199999928474426,3020.0
101.0,3019.0,106.88886970281601,1785021077000.0,151.0,1.437000036239624,-6.441889889538288,3026.0,101.0,128.0,4689.14013671875,121.4000015258789,75.0,3026.0,0.5,0.13300000131130219,3026.0
102.5999984741211,3026.0,106.88891764730215,1785021084000.0,149.0,1.4459999799728394,-6.441979492083192,3033.0,102.5999984741211,131.0,4700.39990234375,121.5999984741211,74.0,3033.0,0.5,0.2240000069141388,3033.0
103.19999694824219,3031.0,106.8889479059726,1785021089000.0,151.0,1.4559999704360962,-6.442034477367997,3038.0,103.19999694824219,131.0,4707.39990234375,121.5999984741211,75.0,3038.0,0.5,0.12200000137090683,3038.0
103.4000015258789,3035.0,106.88897506333888,1785021093000.0,151.0,1.4559999704360962,-6.442081751301885,3042.0,103.4000015258789,134.0,4713.43017578125,121.4000015258789,75.0,3042.0,0.5,0.06700000166893005,3042.0
104.0,3039.0,106.88901328481734,1785021097000.0,149.0,1.465000033378601,-6.442129863426089,3046.0,104.0,137.0,4720.240234375,121.19999694824219,74.0,3046.0,0.5,0.10700000077486038,3046.0
104.4000015258789,3043.0,106.8890443816781,1785021101000.0,151.0,1.4739999771118164,-6.442176215350628,3050.0,104.4000015258789,139.0,4726.39990234375,121.4000015258789,75.0,3050.0,0.5,0.10999999940395355,3050.0
105.4000015258789,3054.0,106.88913993537426,1785021112000.0,149.0,1.4930000305175781,-6.442300770431757,3061.0,105.4000015258789,140.0,4743.85009765625,121.19999694824219,74.0,3061.0,0.5,0.09300000220537186,3061.0
105.80000305175781,3065.0,106.889210594818,1785021123000.0,151.0,1.5019999742507935,-6.442421721294522,3072.0,105.80000305175781,140.0,4759.81982421875,122.5999984741211,75.0,3072.0,0.5,0.035999998450279236,3072.0
105.80000305175781,3075.0,106.8892428651452,1785021133000.0,152.0,1.4930000305175781,-6.44253839738667,3082.0,105.80000305175781,138.0,4773.56982421875,123.4000015258789,76.0,3082.0,0.0,0.012000000104308128,3082.0
106.0,3085.0,106.88932676799595,1785021143000.0,151.0,1.4739999771118164,-6.442634370177984,3092.0,106.0,140.0,4787.7099609375,124.0,75.0,3092.0,0.5,0.010999999940395355,3092.0
106.19999694824219,3092.0,106.88938468694687,1785021150000.0,149.0,1.4559999704360962,-6.442696396261454,3099.0,106.19999694824219,140.0,4797.14013671875,123.19999694824219,74.0,3099.0,0.5,0.023000000044703484,3099.0
106.80000305175781,3104.0,106.88949909992516,1785021162000.0,149.0,1.437000036239624,-6.442796224728227,3111.0,106.80000305175781,142.0,4813.9599609375,122.5999984741211,74.0,3111.0,0.5,0.05400000140070915,3111.0
107.4000015258789,3116.0,106.88964628614485,1785021174000.0,153.0,1.4739999771118164,-6.44289362244308,3123.0,107.4000015258789,144.0,4833.5400390625,124.19999694824219,76.0,3123.0,0.5,0.04399999976158142,3123.0
107.80000305175781,3124.0,106.88970671966672,1785021182000.0,144.0,1.4559999704360962,-6.442943075671792,3131.0,107.80000305175781,143.0,4842.2001953125,126.19999694824219,72.0,3131.0,0.0,0.05299999937415123,3131.0
108.0,3127.0,106.889728596434,1785021185000.0,139.0,1.409000039100647,-6.442963778972626,3134.0,108.0,146.0,4845.5400390625,126.5999984741211,69.0,3134.0,0.5,0.07699999958276749,3134.0
108.4000015258789,3131.0,106.88975835219026,1785021189000.0,134.0,1.3530000448226929,-6.442991271615028,3138.0,108.4000015258789,144.0,4850.009765625,126.80000305175781,67.0,3138.0,0.0,0.07800000160932541,3138.0
108.4000015258789,3133.0,106.8897716794163,1785021191000.0,136.0,1.305999994277954,-6.443011639639735,3140.0,108.4000015258789,142.0,4852.740234375,127.0,68.0,3140.0,0.0,0.08500000089406967,3140.0
108.4000015258789,3136.0,106.88974443823099,1785021194000.0,139.0,1.277999997138977,-6.4430292416363955,3143.0,108.4000015258789,141.0,4856.58984375,127.19999694824219,69.0,3143.0,0.5,-0.04399999976158142,3143.0
107.5999984741211,3142.0,106.88964737579226,1785021200000.0,146.0,1.277999997138977,-6.44303779117763,3149.0,107.5999984741211,138.0,4867.4501953125,126.80000305175781,73.0,3149.0,0.0,-0.11100000143051147,3149.0
107.5999984741211,3144.0,106.88962742686272,1785021202000.0,148.0,1.277999997138977,-6.44303142093122,3151.0,107.5999984741211,135.0,4869.77978515625,126.5999984741211,74.0,3151.0,0.0,-0.08299999684095383,3151.0
107.19999694824219,3146.0,106.88960311934352,1785021204000.0,149.0,1.277999997138977,-6.443016417324543,3153.0,107.19999694824219,134.0,4872.93994140625,127.19999694824219,74.0,3153.0,0.5,-0.11400000005960464,3153.0
107.0,3151.0,106.88955240882933,1785021209000.0,147.0,1.315999984741211,-6.442971406504512,3158.0,107.0,131.0,4880.43994140625,128.0,73.0,3158.0,0.5,-0.0560000017285347,3158.0
106.80000305175781,3158.0,106.88947043381631,1785021216000.0,149.0,1.3530000448226929,-6.4429111406207085,3165.0,106.80000305175781,132.0,4891.7001953125,127.80000305175781,74.0,3165.0,0.5,-0.041999999433755875,3165.0
106.5999984741211,3162.0,106.88942483626306,1785021220000.0,149.0,1.38100004196167,-6.4428734220564365,3169.0,106.5999984741211,135.0,4898.25,127.5999984741211,74.0,3169.0,0.5,-0.04100000113248825,3169.0
106.19999694824219,3169.0,106.88934076577425,1785021227000.0,149.0,1.4279999732971191,-6.442805863916874,3176.0,106.19999694824219,135.0,4910.18994140625,127.19999694824219,74.0,3176.0,0.5,-0.0430000014603138,3176.0
105.80000305175781,3180.0,106.88923506997526,1785021238000.0,152.0,1.4839999675750732,-6.4426899421960115,3187.0,105.80000305175781,134.0,4927.52001953125,126.4000015258789,76.0,3187.0,0.0,-0.03500000014901161,3187.0
105.4000015258789,3192.0,106.88911696895957,1785021250000.0,149.0,1.5299999713897705,-6.442563878372312,3199.0,105.4000015258789,134.0,4946.6201171875,124.5999984741211,74.0,3199.0,0.5,-0.03500000014901161,3199.0
105.4000015258789,3196.0,106.88908570446074,1785021254000.0,146.0,1.5299999713897705,-6.442520963028073,3203.0,105.4000015258789,131.0,4952.5,123.4000015258789,73.0,3203.0,0.0,-0.02800000086426735,3203.0
105.0,3203.0,106.88902610912919,1785021261000.0,146.0,1.5210000276565552,-6.442447789013386,3210.0,105.0,130.0,4962.93994140625,122.19999694824219,73.0,3210.0,0.0,-0.03400000184774399,3210.0
104.0,3214.0,106.8889323156327,1785021272000.0,147.0,1.5299999713897705,-6.442332873120904,3221.0,104.0,130.0,4979.39013671875,120.0,73.0,3221.0,0.5,-0.0989999994635582,3221.0
103.4000015258789,3225.0,106.88884044997394,1785021283000.0,152.0,1.5399999618530273,-6.442196751013398,3232.0,103.4000015258789,128.0,4997.56005859375,118.0,76.0,3232.0,0.0,-0.05299999937415123,3232.0
103.19999694824219,3227.0,106.88882167451084,1785021285000.0,154.0,1.5579999685287476,-6.442168587818742,3234.0,103.19999694824219,128.0,5001.2998046875,117.80000305175781,77.0,3234.0,0.0,-0.08399999886751175,3234.0
102.0,3233.0,106.88877138309181,1785021291000.0,156.0,1.5859999656677246,-6.442089378833771,3240.0,102.0,131.0,5011.68017578125,118.0,78.0,3240.0,0.0,-0.1940000057220459,3240.0
101.0,3237.0,106.88874112442136,1785021295000.0,155.0,1.6139999628067017,-6.442043446004391,3244.0,101.0,132.0,5017.77001953125,118.4000015258789,77.0,3244.0,0.5,-0.27399998903274536,3244.0
99.5999984741211,3244.0,106.88870809972286,1785021302000.0,116.0,1.6139999628067017,-6.441981252282858,3251.0,99.5999984741211,133.0,5025.60986328125,118.4000015258789,58.0,3251.0,0.0,-0.1899999976158142,3251.0
99.19999694824219,3247.0,106.88869711942971,1785021305000.0,112.0,1.465000033378601,-6.441954597830772,3254.0,99.19999694824219,133.0,5028.7900390625,118.5999984741211,56.0,3254.0,0.0,-0.16699999570846558,3254.0
98.5999984741211,3251.0,106.88867406919599,1785021309000.0,112.0,1.25,-6.44192811101675,3258.0,98.5999984741211,131.0,5032.64990234375,118.80000305175781,56.0,3258.0,0.0,-0.11699999868869781,3258.0
98.0,3260.0,106.88861673697829,1785021318000.0,112.0,1.184999942779541,-6.441841693595052,3267.0,98.0,131.0,5044.14013671875,118.5999984741211,56.0,3267.0,0.0,-0.07999999821186066,3267.0
97.4000015258789,3272.0,106.8885403778404,1785021330000.0,110.0,1.194000005722046,-6.44172728061676,3279.0,97.4000015258789,131.0,5059.3701171875,119.4000015258789,55.0,3279.0,0.0,-0.05000000074505806,3279.0
97.19999694824219,3277.0,106.88850542530417,1785021335000.0,108.0,1.2039999961853027,-6.441680761054158,3284.0,97.19999694824219,129.0,5065.7998046875,119.80000305175781,54.0,3284.0,0.0,-0.02500000037252903,3284.0
97.19999694824219,3281.0,106.88847608864307,1785021339000.0,110.0,1.194000005722046,-6.441654609516263,3288.0,97.19999694824219,128.0,5070.1201171875,119.80000305175781,55.0,3288.0,0.0,-0.026000000536441803,3288.0
97.80000305175781,3290.0,106.88842378556728,1785021348000.0,107.0,1.194000005722046,-6.441569617018104,3297.0,97.80000305175781,126.0,5081.240234375,119.80000305175781,53.0,3297.0,0.5,0.07599999755620956,3297.0
98.4000015258789,3299.0,106.8883593287319,1785021357000.0,111.0,1.1759999990463257,-6.441502561792731,3306.0,98.4000015258789,126.0,5091.66015625,119.0,55.0,3306.0,0.5,0.054999999701976776,3306.0
99.0,3307.0,106.88830493018031,1785021365000.0,0.0,1.156999945640564,-6.441418407484889,3314.0,99.0,125.0,5102.740234375,118.80000305175781,0.0,3314.0,0.0,0.08900000154972076,3314.0
99.5999984741211,3315.0,106.8882190156728,1785021373000.0,161.0,1.3339999914169312,-6.4413051679730415,3322.0,99.5999984741211,123.0,5118.5400390625,119.19999694824219,80.0,3322.0,0.5,0.07900000363588333,3322.0
99.5999984741211,3323.0,106.88816436566412,1785021381000.0,154.0,1.7259999513626099,-6.441184049472213,3330.0,99.5999984741211,126.0,5133.25,117.4000015258789,77.0,3330.0,0.0,0.004999999888241291,3330.0
99.80000305175781,3325.0,106.88815229572356,1785021383000.0,158.0,1.7450000047683716,-6.441150354221463,3332.0,99.80000305175781,129.0,5137.2099609375,117.19999694824219,79.0,3332.0,0.0,0.017000000923871994,3332.0
99.80000305175781,3327.0,106.88814265653491,1785021385000.0,159.0,1.7730000019073486,-6.441112970933318,3334.0,99.80000305175781,133.0,5141.47998046875,117.0,79.0,3334.0,0.5,0.02800000086426735,3334.0
99.5999984741211,3329.0,106.88813595101237,1785021387000.0,159.0,1.7910000085830688,-6.441075671464205,3336.0,99.5999984741211,137.0,5145.669921875,116.80000305175781,79.0,3336.0,0.5,-0.10499999672174454,3336.0
99.19999694824219,3331.0,106.88812932930887,1785021389000.0,159.0,1.8289999961853027,-6.441037449985743,3338.0,99.19999694824219,140.0,5149.9501953125,116.5999984741211,79.0,3338.0,0.5,-0.17299999296665192,3338.0
98.80000305175781,3333.0,106.88812455162406,1785021391000.0,159.0,1.8660000562667847,-6.440996462479234,3340.0,98.80000305175781,142.0,5154.490234375,116.5999984741211,79.0,3340.0,0.5,-0.17299999296665192,3340.0
98.4000015258789,3337.0,106.88813008368015,1785021395000.0,161.0,1.9869999885559082,-6.440916582942009,3344.0,98.4000015258789,145.0,5163.35986328125,116.5999984741211,80.0,3344.0,0.5,-0.1289999932050705,3344.0
97.80000305175781,3342.0,106.88813184387982,1785021400000.0,161.0,2.071000099182129,-6.440821029245853,3349.0,97.80000305175781,148.0,5173.919921875,116.0,80.0,3349.0,0.5,-0.09399999678134918,3349.0
98.0,3344.0,106.88813620246947,1785021402000.0,159.0,2.0899999141693115,-6.4407856576144695,3351.0,98.0,148.0,5177.8701171875,115.80000305175781,79.0,3351.0,0.5,0.06400000303983688,3351.0
98.4000015258789,3349.0,106.88816143199801,1785021407000.0,157.0,2.0899999141693115,-6.440703934058547,3356.0,98.4000015258789,152.0,5187.35986328125,115.19999694824219,78.0,3356.0,0.5,0.07699999958276749,3356.0
99.0,3354.0,106.88818674534559,1785021412000.0,155.0,2.0250000953674316,-6.440637214109302,3361.0,99.0,153.0,5195.240234375,114.5999984741211,77.0,3361.0,0.5,0.11699999868869781,3361.0
100.4000015258789,3365.0,106.88824106007814,1785021423000.0,147.0,1.847000002861023,-6.4404885191470385,3372.0,100.4000015258789,153.0,5212.75,113.5999984741211,73.0,3372.0,0.5,0.13600000739097595,3372.0
101.5999984741211,3371.0,106.8882655352354,1785021429000.0,147.0,1.7910000085830688,-6.440406460314989,3378.0,101.5999984741211,148.0,5222.259765625,113.4000015258789,73.0,3378.0,0.5,0.1940000057220459,3378.0
101.80000305175781,3372.0,106.88827173784375,1785021430000.0,149.0,1.781999945640564,-6.440397826954722,3379.0,101.80000305175781,151.0,5223.39013671875,113.4000015258789,74.0,3379.0,0.5,0.16899999976158142,3379.0
102.0,3373.0,106.88827718608081,1785021431000.0,149.0,1.781999945640564,-6.440385170280933,3380.0,102.0,148.0,5224.919921875,113.4000015258789,74.0,3380.0,0.5,0.22100000083446503,3380.0
102.19999694824219,3374.0,106.88828229904175,1785021432000.0,149.0,1.7730000019073486,-6.440370585769415,3381.0,102.19999694824219,141.0,5226.6298828125,113.4000015258789,74.0,3381.0,0.5,0.24699999392032623,3381.0
102.4000015258789,3375.0,106.88828347250819,1785021433000.0,149.0,1.7640000581741333,-6.440358180552721,3382.0,102.4000015258789,142.0,5228.0,113.4000015258789,74.0,3382.0,0.5,0.18700000643730164,3382.0
103.4000015258789,3379.0,106.8882951233536,1785021437000.0,149.0,1.7450000047683716,-6.440299255773425,3386.0,103.4000015258789,134.0,5234.68017578125,113.19999694824219,74.0,3386.0,0.5,0.2329999953508377,3386.0
103.80000305175781,3380.0,106.88830107450485,1785021438000.0,147.0,1.7450000047683716,-6.440281150862575,3387.0,103.80000305175781,131.0,5236.77978515625,113.4000015258789,73.0,3387.0,0.5,0.30300000309944153,3387.0
104.19999694824219,3382.0,106.88830962404609,1785021440000.0,147.0,1.7359999418258667,-6.440254496410489,3389.0,104.19999694824219,128.0,5239.8798828125,113.5999984741211,73.0,3389.0,0.5,0.19900000095367432,3389.0
105.5999984741211,3393.0,106.8883696384728,1785021451000.0,153.0,1.6979999542236328,-6.440112171694636,3400.0,105.5999984741211,127.0,5256.97021484375,114.19999694824219,76.0,3400.0,0.5,0.13199999928474426,3400.0
106.5999984741211,3403.0,106.88840987160802,1785021461000.0,156.0,1.6890000104904175,-6.439956268295646,3410.0,106.5999984741211,127.0,5274.7900390625,114.0,78.0,3410.0,0.0,0.11299999803304672,3410.0
106.0,3411.0,106.88844717107713,1785021469000.0,154.0,1.7170000076293945,-6.439836574718356,3418.0,106.0,128.0,5288.64990234375,113.4000015258789,77.0,3418.0,0.0,-0.09399999678134918,3418.0
105.5999984741211,3414.0,106.88846192322671,1785021472000.0,154.0,1.7170000076293945,-6.4397925697267056,3421.0,105.5999984741211,131.0,5293.77978515625,112.80000305175781,77.0,3421.0,0.0,-0.10599999874830246,3421.0
105.0,3421.0,106.88850123435259,1785021479000.0,157.0,1.7259999513626099,-6.439692657440901,3428.0,105.0,131.0,5305.64013671875,112.0,78.0,3428.0,0.5,-0.10300000011920929,3428.0
102.80000305175781,3434.0,106.88858245499432,1785021492000.0,154.0,1.7079999446868896,-6.439513200893998,3441.0,102.80000305175781,131.0,5327.47021484375,112.19999694824219,77.0,3441.0,0.0,-0.15600000321865082,3441.0
102.80000305175781,3435.0,106.88858991488814,1785021493000.0,154.0,1.7079999446868896,-6.439501801505685,3442.0,102.80000305175781,131.0,5328.97998046875,112.19999694824219,77.0,3442.0,0.0,-0.13899999856948853,3442.0
100.4000015258789,3443.0,106.88861849717796,1785021501000.0,161.0,1.7170000076293945,-6.439367858693004,3450.0,100.4000015258789,131.0,5344.2998046875,112.19999694824219,80.0,3450.0,0.5,-0.28299999237060547,3450.0
99.19999694824219,3448.0,106.88864003866911,1785021506000.0,160.0,1.7450000047683716,-6.439283452928066,3455.0,99.19999694824219,136.0,5353.89990234375,112.19999694824219,80.0,3455.0,0.0,-0.24199999868869781,3455.0
98.5999984741211,3452.0,106.88866392709315,1785021510000.0,154.0,1.753999948501587,-6.439223354682326,3459.0,98.5999984741211,137.0,5361.06005859375,112.0,77.0,3459.0,0.0,-0.18400000035762787,3459.0
96.80000305175781,3462.0,106.88872276805341,1785021520000.0,154.0,1.7359999418258667,-6.439082454890013,3469.0,96.80000305175781,137.0,5377.93017578125,110.4000015258789,77.0,3469.0,0.0,-0.1679999977350235,3469.0
95.19999694824219,3470.0,106.88874850049615,1785021528000.0,149.0,1.6979999542236328,-6.4389673713594675,3477.0,95.19999694824219,137.0,5391.0,110.0,74.0,3477.0,0.5,-0.20100000500679016,3477.0
93.80000305175781,3478.0,106.88878051936626,1785021536000.0,152.0,1.6799999475479126,-6.4388445764780045,3485.0,93.80000305175781,134.0,5405.0498046875,110.5999984741211,76.0,3485.0,0.0,-0.18000000715255737,3485.0
93.5999984741211,3480.0,106.88879158347845,1785021538000.0,154.0,1.6799999475479126,-6.438811719417572,3487.0,93.5999984741211,133.0,5408.8798828125,110.80000305175781,77.0,3487.0,0.0,-0.07800000160932541,3487.0
93.5999984741211,3484.0,106.88881304115057,1785021542000.0,154.0,1.6979999542236328,-6.438749106600881,3491.0,93.5999984741211,130.0,5416.22998046875,111.19999694824219,77.0,3491.0,0.0,0.004999999888241291,3491.0
93.80000305175781,3488.0,106.88883709721267,1785021546000.0,155.0,1.7170000076293945,-6.4386961329728365,3495.0,93.80000305175781,131.0,5422.669921875,112.0,77.0,3495.0,0.5,0.0430000014603138,3495.0
94.0,3496.0,106.88887598924339,1785021554000.0,156.0,1.7170000076293945,-6.438579708337784,3503.0,94.0,132.0,5436.259765625,111.19999694824219,78.0,3503.0,0.0,0.028999999165534973,3503.0
94.0,3503.0,106.88891639001667,1785021561000.0,155.0,1.7079999446868896,-6.438480298966169,3510.0,94.0,132.0,5448.22021484375,109.80000305175781,77.0,3510.0,0.5,-0.009999999776482582,3510.0
94.0,3506.0,106.888925191015,1785021564000.0,154.0,1.7079999446868896,-6.438433947041631,3513.0,94.0,135.0,5453.3798828125,109.19999694824219,77.0,3513.0,0.0,-0.03400000184774399,3513.0
93.80000305175781,3511.0,106.88895008526742,1785021569000.0,154.0,1.7079999446868896,-6.438353061676025,3518.0,93.80000305175781,136.0,5462.72021484375,108.80000305175781,77.0,3518.0,0.0,-0.00800000037997961,3518.0
93.0,3521.0,106.88900297507644,1785021579000.0,158.0,1.7170000076293945,-6.438212916254997,3528.0,93.0,136.0,5479.2900390625,109.19999694824219,79.0,3528.0,0.0,-0.09200000017881393,3528.0
92.4000015258789,3528.0,106.88903516158462,1785021586000.0,154.0,1.7079999446868896,-6.438128342851996,3535.0,92.4000015258789,136.0,5489.31982421875,108.80000305175781,77.0,3535.0,0.0,-0.08100000023841858,3535.0
92.0,3537.0,106.88907908275723,1785021595000.0,152.0,1.6699999570846558,-6.4380040392279625,3544.0,92.0,134.0,5503.9501953125,108.0,76.0,3544.0,0.0,-0.041999999433755875,3544.0
92.4000015258789,3545.0,106.88910389319062,1785021603000.0,113.0,1.5399999618530273,-6.437918124720454,3552.0,92.4000015258789,133.0,5513.830078125,107.80000305175781,56.0,3552.0,0.5,0.05999999865889549,3552.0
92.5999984741211,3549.0,106.88912560231984,1785021607000.0,113.0,1.277999997138977,-6.437862133607268,3556.0,92.5999984741211,129.0,5520.4599609375,107.19999694824219,56.0,3556.0,0.5,0.04699999839067459,3556.0
92.80000305175781,3554.0,106.88913985155523,1785021612000.0,110.0,1.305999994277954,-6.437804717570543,3561.0,92.80000305175781,128.0,5527.0400390625,108.0,55.0,3561.0,0.0,0.009999999776482582,3561.0
93.0,3560.0,106.88915703445673,1785021618000.0,113.0,1.3339999914169312,-6.4377339743077755,3567.0,93.0,128.0,5535.14990234375,109.4000015258789,56.0,3567.0,0.5,0.04100000113248825,3567.0
94.0,3568.0,106.8891931604594,1785021626000.0,113.0,1.3530000448226929,-6.437622997909784,3575.0,94.0,127.0,5548.06005859375,110.0,56.0,3575.0,0.5,0.13099999725818634,3575.0
95.0,3577.0,106.88922970555723,1785021635000.0,117.0,1.4459999799728394,-6.437507914379239,3584.0,95.0,124.0,5561.41015625,111.0,58.0,3584.0,0.5,0.11900000274181366,3584.0
95.4000015258789,3585.0,106.88926155678928,1785021643000.0,115.0,1.4459999799728394,-6.437426442280412,3592.0,95.4000015258789,127.0,5571.10009765625,110.5999984741211,57.0,3592.0,0.5,0.03200000151991844,3592.0
95.0,3595.0,106.88930153846741,1785021653000.0,117.0,1.4179999828338623,-6.437293170019984,3602.0,95.0,126.0,5586.490234375,109.0,58.0,3602.0,0.5,-0.0430000014603138,3602.0
94.19999694824219,3605.0,106.88937437720597,1785021663000.0,157.0,1.7170000076293945,-6.437153108417988,3612.0,94.19999694824219,125.0,5603.9501953125,110.80000305175781,78.0,3612.0,0.5,-0.07800000160932541,3612.0
93.0,3612.0,106.88941444270313,1785021670000.0,154.0,1.7359999418258667,-6.437059650197625,3619.0,93.0,128.0,5615.1201171875,110.80000305175781,77.0,3619.0,0.0,-0.17599999904632568,3619.0
92.5999984741211,3615.0,106.88943891786039,1785021673000.0,154.0,1.7259999513626099,-6.437026709318161,3622.0,92.5999984741211,126.0,5619.66015625,110.5999984741211,77.0,3622.0,0.0,-0.0989999994635582,3622.0
92.19999694824219,3622.0,106.88951368443668,1785021680000.0,151.0,1.6699999570846558,-6.4369570557028055,3629.0,92.19999694824219,125.0,5631.0400390625,109.5999984741211,75.0,3629.0,0.5,-0.06599999964237213,3629.0
92.19999694824219,3623.0,106.88952659256756,1785021681000.0,151.0,1.6610000133514404,-6.436950014904141,3630.0,92.19999694824219,125.0,5632.66015625,109.5999984741211,75.0,3630.0,0.5,-0.00800000037997961,3630.0
92.4000015258789,3628.0,106.88958384096622,1785021686000.0,155.0,1.6330000162124634,-6.436898885294795,3635.0,92.4000015258789,128.0,5641.08984375,109.4000015258789,77.0,3635.0,0.5,0.04100000113248825,3635.0
92.5999984741211,3630.0,106.88960479572415,1785021688000.0,155.0,1.6330000162124634,-6.436879439279437,3637.0,92.5999984741211,129.0,5644.22998046875,109.19999694824219,77.0,3637.0,0.5,0.11599999666213989,3637.0
93.0,3634.0,106.88964838162065,1785021692000.0,154.0,1.6139999628067017,-6.436843732371926,3641.0,93.0,132.0,5650.509765625,108.80000305175781,77.0,3641.0,0.0,0.125,3641.0
93.4000015258789,3637.0,106.8896752037108,1785021695000.0,155.0,1.6050000190734863,-6.4368050917983055,3644.0,93.4000015258789,135.0,5655.66015625,108.5999984741211,77.0,3644.0,0.5,0.0820000022649765,3644.0
93.4000015258789,3641.0,106.88971124589443,1785021699000.0,157.0,1.6050000190734863,-6.436744490638375,3648.0,93.4000015258789,136.0,5663.4599609375,108.80000305175781,78.0,3648.0,0.5,0.03200000151991844,3648.0
93.80000305175781,3651.0,106.88977042213082,1785021709000.0,156.0,1.6239999532699585,-6.43660057336092,3658.0,93.80000305175781,137.0,5680.7001953125,109.4000015258789,78.0,3658.0,0.0,0.041999999433755875,3658.0
95.4000015258789,3660.0,106.88981727696955,1785021718000.0,154.0,1.6419999599456787,-6.436474677175283,3667.0,95.4000015258789,138.0,5695.56982421875,108.5999984741211,77.0,3667.0,0.0,0.16300000250339508,3667.0
96.4000015258789,3671.0,106.88985876739025,1785021729000.0,155.0,1.6419999599456787,-6.4363165106624365,3678.0,96.4000015258789,139.0,5713.66015625,107.4000015258789,77.0,3678.0,0.5,0.10499999672174454,3678.0
97.4000015258789,3678.0,106.88989556394517,1785021736000.0,156.0,1.6419999599456787,-6.436218777671456,3685.0,97.4000015258789,136.0,5725.2099609375,106.80000305175781,78.0,3685.0,0.0,0.11900000274181366,3685.0
97.80000305175781,3682.0,106.88991509377956,1785021740000.0,157.0,1.6419999599456787,-6.436166642233729,3689.0,97.80000305175781,133.0,5731.35986328125,106.5999984741211,78.0,3689.0,0.5,0.11100000143051147,3689.0
97.80000305175781,3683.0,106.88991920091212,1785021741000.0,155.0,1.6330000162124634,-6.436155075207353,3690.0,97.80000305175781,133.0,5732.7099609375,106.5999984741211,77.0,3690.0,0.5,0.09799999743700027,3690.0
97.80000305175781,3693.0,106.8899614457041,1785021751000.0,154.0,1.5959999561309814,-6.436013840138912,3700.0,97.80000305175781,134.0,5748.990234375,106.19999694824219,77.0,3700.0,0.0,0.0020000000949949026,3700.0
96.80000305175781,3704.0,106.89001425169408,1785021762000.0,154.0,1.6050000190734863,-6.435867911204696,3711.0,96.80000305175781,134.0,5766.18017578125,106.19999694824219,77.0,3711.0,0.0,-0.09200000017881393,3711.0
96.19999694824219,3713.0,106.89006093889475,1785021771000.0,154.0,1.5959999561309814,-6.435742685571313,3720.0,96.19999694824219,132.0,5780.9599609375,106.80000305175781,77.0,3720.0,0.0,-0.08399999886751175,3720.0
96.19999694824219,3714.0,106.89006806351244,1785021772000.0,155.0,1.5959999561309814,-6.435734974220395,3721.0,96.19999694824219,132.0,5782.08984375,106.80000305175781,77.0,3721.0,0.5,-0.004000000189989805,3721.0
96.0,3719.0,106.89012288115919,1785021777000.0,154.0,1.5959999561309814,-6.435689125210047,3726.0,96.0,133.0,5789.97998046875,106.5999984741211,77.0,3726.0,0.0,-0.01899999938905239,3726.0
95.19999694824219,3726.0,106.89020242542028,1785021784000.0,157.0,1.5959999561309814,-6.435607988387346,3733.0,95.19999694824219,134.0,5802.6298828125,106.0,78.0,3733.0,0.5,-0.12399999797344208,3733.0
94.4000015258789,3734.0,106.89030393026769,1785021792000.0,157.0,1.6050000190734863,-6.435544453561306,3741.0,94.4000015258789,134.0,5815.97021484375,107.0,78.0,3741.0,0.5,-0.10300000011920929,3741.0
94.0,3743.0,106.89041314646602,1785021801000.0,154.0,1.6139999628067017,-6.435483265668154,3750.0,94.0,136.0,5829.830078125,107.5999984741211,77.0,3750.0,0.0,-0.04899999871850014,3750.0
93.80000305175781,3753.0,106.89055915921926,1785021811000.0,157.0,1.6050000190734863,-6.435429956763983,3760.0,93.80000305175781,137.0,5847.0498046875,109.0,78.0,3760.0,0.5,-0.006000000052154064,3760.0
93.80000305175781,3759.0,106.89063979312778,1785021817000.0,154.0,1.6239999532699585,-6.435396680608392,3766.0,93.80000305175781,137.0,5856.75,109.4000015258789,77.0,3766.0,0.0,0.00800000037997961,3766.0
94.0,3762.0,106.89067390747368,1785021820000.0,151.0,1.6139999628067017,-6.435382766649127,3769.0,94.0,137.0,5860.81982421875,109.4000015258789,75.0,3769.0,0.5,0.00800000037997961,3769.0
94.0,3769.0,106.89076895825565,1785021827000.0,154.0,1.5959999561309814,-6.435349322855473,3776.0,94.0,134.0,5872.0,109.0,77.0,3776.0,0.0,0.014000000432133675,3776.0
94.0,3773.0,106.89082411117852,1785021831000.0,152.0,1.5959999561309814,-6.435325602069497,3780.0,94.0,135.0,5878.68017578125,109.0,76.0,3780.0,0.0,0.007000000216066837,3780.0
94.5999984741211,3783.0,106.89097314141691,1785021841000.0,156.0,1.6419999599456787,-6.435281177982688,3790.0,94.5999984741211,135.0,5895.89990234375,109.19999694824219,78.0,3790.0,0.0,0.054999999701976776,3790.0
95.5999984741211,3793.0,106.89111781306565,1785021851000.0,157.0,1.6699999570846558,-6.435215882956982,3800.0,95.5999984741211,133.0,5913.58984375,108.19999694824219,78.0,3800.0,0.5,0.09799999743700027,3800.0
96.19999694824219,3800.0,106.89121227711439,1785021858000.0,157.0,1.6799999475479126,-6.4351852890104055,3807.0,96.19999694824219,136.0,5924.56005859375,108.0,78.0,3807.0,0.5,0.10000000149011612,3807.0
96.4000015258789,3801.0,106.89122585579753,1785021859000.0,154.0,1.6799999475479126,-6.435180678963661,3808.0,96.4000015258789,137.0,5926.14990234375,108.0,77.0,3808.0,0.0,0.14000000059604645,3808.0
98.0,3811.0,106.89136541448534,1785021869000.0,155.0,1.6799999475479126,-6.435120580717921,3818.0,98.0,137.0,5943.02001953125,107.19999694824219,77.0,3818.0,0.5,0.16699999570846558,3818.0
99.0,3821.0,106.89149918965995,1785021879000.0,155.0,1.6699999570846558,-6.435049334540963,3828.0,99.0,135.0,5959.97998046875,108.5999984741211,77.0,3828.0,0.5,0.08900000154972076,3828.0
98.5999984741211,3825.0,106.89153271727264,1785021883000.0,154.0,1.6699999570846558,-6.43500667065382,3832.0,98.5999984741211,134.0,5965.990234375,109.19999694824219,77.0,3832.0,0.0,-0.09300000220537186,3832.0
98.4000015258789,3828.0,106.8915569409728,1785021886000.0,153.0,1.6699999570846558,-6.434976244345307,3835.0,98.4000015258789,134.0,5970.27001953125,109.4000015258789,76.0,3835.0,0.5,-0.06700000166893005,3835.0
98.5999984741211,3833.0,106.89160983078182,1785021891000.0,152.0,1.6610000133514404,-6.434931568801403,3840.0,98.5999984741211,133.0,5977.9599609375,109.5999984741211,76.0,3840.0,0.0,0.04399999976158142,3840.0
98.5999984741211,3835.0,106.89162734895945,1785021893000.0,155.0,1.6519999504089355,-6.434909021481872,3842.0,98.5999984741211,134.0,5981.10009765625,109.80000305175781,77.0,3842.0,0.5,0.02199999988079071,3842.0
98.5999984741211,3837.0,106.89163824543357,1785021895000.0,155.0,1.6519999504089355,-6.434889826923609,3844.0,98.5999984741211,133.0,5983.5400390625,109.80000305175781,77.0,3844.0,0.5,0.004999999888241291,3844.0
98.80000305175781,3841.0,106.89166800118983,1785021899000.0,149.0,1.6330000162124634,-6.4348566345870495,3848.0,98.80000305175781,133.0,5988.5400390625,109.19999694824219,74.0,3848.0,0.5,0.024000000208616257,3848.0
98.80000305175781,3843.0,106.89167881384492,1785021901000.0,149.0,1.6239999532699585,-6.43484104424715,3850.0,98.80000305175781,133.0,5990.72021484375,108.5999984741211,74.0,3850.0,0.5,0.010999999940395355,3850.0
99.0,3847.0,106.89171209000051,1785021905000.0,110.0,1.5859999656677246,-6.43480877391994,3854.0,99.0,132.0,5995.85986328125,108.0,55.0,3854.0,0.0,0.03099999949336052,3854.0
99.0,3851.0,106.89174419268966,1785021909000.0,0.0,1.4279999732971191,-6.434781616553664,3858.0,99.0,132.0,6000.4599609375,107.80000305175781,0.0,3858.0,0.0,0.032999999821186066,3858.0
99.19999694824219,3856.0,106.89179448410869,1785021914000.0,117.0,1.371999979019165,-6.43474037759006,3863.0,99.19999694824219,131.0,6007.68994140625,107.80000305175781,58.0,3863.0,0.5,0.028999999165534973,3863.0
99.4000015258789,3867.0,106.89189095981419,1785021925000.0,113.0,1.3339999914169312,-6.43463677726686,3874.0,99.4000015258789,130.0,6023.419921875,110.5999984741211,56.0,3874.0,0.5,0.019999999552965164,3874.0
99.5999984741211,3873.0,106.89193261787295,1785021931000.0,118.0,1.3250000476837158,-6.434581037610769,3880.0,99.5999984741211,129.0,6030.43017578125,112.19999694824219,59.0,3880.0,0.0,0.02500000037252903,3880.0
99.80000305175781,3881.0,106.89200294204056,1785021939000.0,116.0,1.2970000505447388,-6.434496631845832,3888.0,99.80000305175781,129.0,6042.52001953125,111.5999984741211,58.0,3888.0,0.0,0.03200000151991844,3888.0
100.0,3884.0,106.89202565699816,1785021942000.0,114.0,1.2879999876022339,-6.434467630460858,3891.0,100.0,128.0,6046.68994140625,111.0,57.0,3891.0,0.0,0.027000000700354576,3891.0
100.0,3887.0,106.8920410797,1785021945000.0,114.0,1.277999997138977,-6.434437790885568,3894.0,100.0,127.0,6050.41015625,110.5999984741211,57.0,3894.0,0.0,0.017999999225139618,3894.0
99.5999984741211,3891.0,106.89206681214273,1785021949000.0,0.0,1.2690000534057617,-6.4344066102057695,3898.0,99.5999984741211,126.0,6054.85986328125,110.4000015258789,0.0,3898.0,0.0,-0.07100000232458115,3898.0
99.0,3894.0,106.8920923769474,1785021952000.0,118.0,1.2599999904632568,-6.434369394555688,3901.0,99.0,124.0,6059.830078125,110.0,59.0,3901.0,0.0,-0.20900000631809235,3901.0
98.80000305175781,3895.0,106.89209774136543,1785021953000.0,118.0,1.2599999904632568,-6.434354893863201,3902.0,98.80000305175781,124.0,6061.5400390625,109.80000305175781,59.0,3902.0,0.0,-0.2280000001192093,3902.0
97.80000305175781,3900.0,106.89214895479381,1785021958000.0,148.0,1.2879999876022339,-6.434291107580066,3907.0,97.80000305175781,123.0,6070.6201171875,107.19999694824219,74.0,3907.0,0.0,-0.22100000083446503,3907.0
95.19999694824219,3913.0,106.89226898364723,1785021971000.0,149.0,1.409000039100647,-6.434145011007786,3920.0,95.19999694824219,125.0,6091.60986328125,106.5999984741211,74.0,3920.0,0.5,-0.19599999487400055,3920.0
93.0,3921.0,106.89231994561851,1785021979000.0,153.0,1.4559999704360962,-6.434032525867224,3928.0,93.0,122.0,6105.35986328125,105.5999984741211,76.0,3928.0,0.5,-0.2759999930858612,3928.0
92.0,3924.0,106.89232514239848,1785021982000.0,158.0,1.4839999675750732,-6.433979971334338,3931.0,92.0,119.0,6111.18994140625,105.4000015258789,79.0,3931.0,0.0,-0.32100000977516174,3931.0
91.4000015258789,3926.0,106.89233461394906,1785021984000.0,159.0,1.5210000276565552,-6.4339513052254915,3933.0,91.4000015258789,117.0,6114.52978515625,105.4000015258789,79.0,3933.0,0.5,-0.2630000114440918,3933.0
90.19999694824219,3935.0,106.89237560145557,1785021993000.0,158.0,1.6330000162124634,-6.4338144287467,3942.0,90.19999694824219,120.0,6130.47021484375,103.5999984741211,79.0,3942.0,0.0,-0.15000000596046448,3942.0
90.0,3938.0,106.89238951541483,1785021996000.0,161.0,1.6610000133514404,-6.433763382956386,3945.0,90.0,123.0,6136.330078125,103.0,80.0,3945.0,0.5,-0.02800000086426735,3945.0
89.80000305175781,3945.0,106.89240443520248,1785022003000.0,160.0,1.753999948501587,-6.433642851188779,3952.0,89.80000305175781,125.0,6149.7900390625,101.4000015258789,80.0,3952.0,0.0,-0.04699999839067459,3952.0
89.4000015258789,3952.0,106.89239831641316,1785022010000.0,156.0,1.8289999961853027,-6.4335172064602375,3959.0,89.4000015258789,128.0,6163.72021484375,100.80000305175781,78.0,3959.0,0.0,-0.03200000151991844,3959.0
89.4000015258789,3955.0,106.89239362254739,1785022013000.0,158.0,1.847000002861023,-6.433466579765081,3962.0,89.4000015258789,129.0,6169.2998046875,101.19999694824219,79.0,3962.0,0.0,-0.010999999940395355,3962.0
89.4000015258789,3958.0,106.89239504747093,1785022016000.0,158.0,1.8660000562667847,-6.4334156177937984,3965.0,89.4000015258789,132.0,6174.97021484375,101.5999984741211,79.0,3965.0,0.0,0.003000000026077032,3965.0
89.4000015258789,3961.0,106.89239328727126,1785022019000.0,160.0,1.8849999904632568,-6.433369517326355,3968.0,89.4000015258789,135.0,6180.06005859375,101.5999984741211,80.0,3968.0,0.0,-0.004000000189989805,3968.0
89.4000015258789,3965.0,106.8923912756145,1785022023000.0,156.0,1.8940000534057617,-6.433301791548729,3972.0,89.4000015258789,137.0,6187.56982421875,101.4000015258789,78.0,3972.0,0.0,0.00800000037997961,3972.0
90.19999694824219,3975.0,106.89240242354572,1785022033000.0,154.0,1.8940000534057617,-6.433141781017184,3982.0,90.19999694824219,138.0,6205.330078125,99.19999694824219,77.0,3982.0,0.0,0.06599999964237213,3982.0
90.4000015258789,3984.0,106.89240518957376,1785022042000.0,160.0,1.902999997138977,-6.432987889274955,3991.0,90.4000015258789,136.0,6222.35986328125,99.4000015258789,80.0,3991.0,0.0,0.02500000037252903,3991.0
90.0,3989.0,106.8924222048372,1785022047000.0,158.0,1.902999997138977,-6.432909769937396,3996.0,90.0,136.0,6231.18994140625,100.19999694824219,79.0,3996.0,0.0,-0.057999998331069946,3996.0
89.4000015258789,3996.0,106.89245120622218,1785022054000.0,156.0,1.8940000534057617,-6.4327844604849815,4003.0,89.4000015258789,136.0,6245.22998046875,100.19999694824219,78.0,4003.0,0.0,-0.08399999886751175,4003.0
89.19999694824219,4003.0,106.89248632639647,1785022061000.0,155.0,1.8849999904632568,-6.432689074426889,4010.0,89.19999694824219,137.0,6256.43017578125,100.80000305175781,77.0,4010.0,0.5,-0.04399999976158142,4010.0
89.0,4010.0,106.89252773299813,1785022068000.0,155.0,1.847000002861023,-6.432598466053605,4017.0,89.0,138.0,6267.5,100.5999984741211,77.0,4017.0,0.5,-0.028999999165534973,4017.0
88.80000305175781,4017.0,106.89256670884788,1785022075000.0,154.0,1.809999942779541,-6.43250877968967,4024.0,88.80000305175781,138.0,6278.5,102.80000305175781,77.0,4024.0,0.0,-0.02500000037252903,4024.0
89.19999694824219,4025.0,106.89261867664754,1785022083000.0,155.0,1.7730000019073486,-6.432406939566135,4032.0,89.19999694824219,135.0,6291.14990234375,104.4000015258789,77.0,4032.0,0.5,0.05000000074505806,4032.0
89.19999694824219,4026.0,106.89262169413269,1785022084000.0,155.0,1.7730000019073486,-6.432393612340093,4033.0,89.19999694824219,135.0,6292.64990234375,104.4000015258789,77.0,4033.0,0.5,0.026000000536441803,4033.0
89.4000015258789,4035.0,106.8926521204412,1785022093000.0,154.0,1.7359999418258667,-6.432267297059298,4042.0,89.4000015258789,135.0,6307.009765625,103.80000305175781,77.0,4042.0,0.0,0.026000000536441803,4042.0
89.4000015258789,4042.0,106.89268321730196,1785022100000.0,152.0,1.7170000076293945,-6.432173755019903,4049.0,89.4000015258789,136.0,6317.9501953125,103.5999984741211,76.0,4049.0,0.0,-0.014000000432133675,4049.0
88.80000305175781,4051.0,106.8927298206836,1785022109000.0,152.0,1.6890000104904175,-6.43204509280622,4058.0,88.80000305175781,137.0,6333.02978515625,104.19999694824219,76.0,4058.0,0.0,-0.05900000035762787,4058.0
88.5999984741211,4062.0,106.89278698526323,1785022120000.0,155.0,1.6799999475479126,-6.431892374530435,4069.0,88.5999984741211,138.0,6351.06982421875,103.80000305175781,77.0,4069.0,0.5,-0.014000000432133675,4069.0
88.5999984741211,4066.0,106.892818082124,1785022124000.0,154.0,1.6799999475479126,-6.43184183165431,4073.0,88.5999984741211,135.0,6357.64013671875,103.19999694824219,77.0,4073.0,0.0,-0.020999999716877937,4073.0
88.80000305175781,4070.0,106.89283300191164,1785022128000.0,156.0,1.6799999475479126,-6.431782906875014,4077.0,88.80000305175781,135.0,6364.35986328125,101.80000305175781,78.0,4077.0,0.0,0.052000001072883606,4077.0
89.0,4080.0,106.89286686480045,1785022138000.0,156.0,1.6799999475479126,-6.43163756467402,4087.0,89.0,136.0,6380.89990234375,99.4000015258789,78.0,4087.0,0.0,0.023000000044703484,4087.0
88.4000015258789,4088.0,106.8929005600512,1785022146000.0,155.0,1.6699999570846558,-6.431516949087381,4095.0,88.4000015258789,134.0,6394.83984375,100.0,77.0,4095.0,0.5,-0.0689999982714653,4095.0
87.80000305175781,4096.0,106.8929452355951,1785022154000.0,159.0,1.6799999475479126,-6.431394824758172,4103.0,87.80000305175781,134.0,6409.330078125,102.80000305175781,79.0,4103.0,0.5,-0.07500000298023224,4103.0
87.0,4104.0,106.89300776459277,1785022162000.0,154.0,1.6890000104904175,-6.431287955492735,4111.0,87.0,134.0,6423.0400390625,104.4000015258789,77.0,4111.0,0.0,-0.11299999803304672,4111.0
86.19999694824219,4111.0,106.89305914565921,1785022169000.0,156.0,1.6890000104904175,-6.431211428716779,4118.0,86.19999694824219,134.0,6433.39013671875,103.19999694824219,78.0,4118.0,0.0,-0.10499999672174454,4118.0
85.19999694824219,4121.0,106.893116729334,1785022179000.0,158.0,1.6799999475479126,-6.431075055152178,4128.0,85.19999694824219,135.0,6449.759765625,100.5999984741211,79.0,4128.0,0.0,-0.09600000083446503,4128.0
84.5999984741211,4129.0,106.89315092749894,1785022187000.0,159.0,1.6519999504089355,-6.430953182280064,4136.0,84.5999984741211,138.0,6463.4501953125,97.80000305175781,79.0,4136.0,0.5,-0.0860000029206276,4136.0
84.5999984741211,4130.0,106.8931545317173,1785022188000.0,157.0,1.6519999504089355,-6.430940693244338,4137.0,84.5999984741211,138.0,6464.89013671875,97.80000305175781,78.0,4137.0,0.5,-0.07100000232458115,4137.0
84.19999694824219,4137.0,106.8931875564158,1785022195000.0,154.0,1.6330000162124634,-6.430849749594927,4144.0,84.19999694824219,141.0,6475.6201171875,97.80000305175781,77.0,4144.0,0.0,-0.05700000002980232,4144.0
84.0,4147.0,106.89323256723583,1785022205000.0,101.0,1.399999976158142,-6.43073215149343,4154.0,84.0,141.0,6489.52978515625,98.19999694824219,50.0,4154.0,0.5,-0.013000000268220901,4154.0
84.0,4152.0,106.89324975013733,1785022210000.0,104.0,1.2970000505447388,-6.430678926408291,4159.0,84.0,137.0,6495.7099609375,98.5999984741211,52.0,4159.0,0.0,0.0,4159.0
84.0,4157.0,106.89326408319175,1785022215000.0,110.0,1.2690000534057617,-6.430622600018978,4164.0,84.0,137.0,6502.02978515625,99.5999984741211,55.0,4164.0,0.0,0.0,4164.0
84.0,4158.0,106.89326911233366,1785022216000.0,110.0,1.2690000534057617,-6.430613128468394,4165.0,84.0,138.0,6503.2099609375,99.5999984741211,55.0,4165.0,0.0,0.0,4165.0
84.0,4165.0,106.89329283311963,1785022223000.0,108.0,1.2599999904632568,-6.430542636662722,4172.0,84.0,137.0,6511.52001953125,100.4000015258789,54.0,4172.0,0.0,0.0,4172.0
83.80000305175781,4173.0,106.89331831410527,1785022231000.0,112.0,1.2410000562667847,-6.430458566173911,4180.0,83.80000305175781,135.0,6521.2998046875,100.5999984741211,56.0,4180.0,0.0,-0.03500000014901161,4180.0
83.4000015258789,4180.0,106.89333734102547,1785022238000.0,115.0,1.2410000562667847,-6.4303818717598915,4187.0,83.4000015258789,135.0,6530.0400390625,100.4000015258789,57.0,4187.0,0.5,-0.039000000804662704,4187.0
83.4000015258789,4182.0,106.89335200935602,1785022240000.0,118.0,1.2410000562667847,-6.430369718000293,4189.0,83.4000015258789,134.0,6532.1298828125,100.19999694824219,59.0,4189.0,0.0,-0.02199999988079071,4189.0
83.4000015258789,4184.0,106.89336818642914,1785022242000.0,115.0,1.2410000562667847,-6.430354882031679,4191.0,83.4000015258789,132.0,6534.43017578125,100.19999694824219,57.0,4191.0,0.5,-0.027000000700354576,4191.0
83.19999694824219,4190.0,106.89338813535869,1785022248000.0,115.0,1.2319999933242798,-6.430276930332184,4197.0,83.19999694824219,132.0,6543.35009765625,98.5999984741211,57.0,4197.0,0.5,-0.02500000037252903,4197.0
81.80000305175781,4198.0,106.89341705292463,1785022256000.0,116.0,1.2599999904632568,-6.430169977247715,4205.0,81.80000305175781,132.0,6555.66015625,97.80000305175781,58.0,4205.0,0.0,-0.1720000058412552,4205.0
81.5999984741211,4199.0,106.8934235908091,1785022257000.0,160.0,1.2690000534057617,-6.430158074945211,4206.0,81.5999984741211,131.0,6557.1298828125,97.5999984741211,80.0,4206.0,0.0,-0.19499999284744263,4206.0
80.4000015258789,4205.0,106.89345468766987,1785022263000.0,157.0,1.5299999713897705,-6.430074088275433,4212.0,80.4000015258789,128.0,6567.02978515625,97.0,78.0,4212.0,0.5,-0.20600000023841858,4212.0
79.5999984741211,4209.0,106.89347078092396,1785022267000.0,154.0,1.5770000219345093,-6.430013487115502,4216.0,79.5999984741211,125.0,6573.93017578125,96.5999984741211,77.0,4216.0,0.0,-0.20399999618530273,4216.0
79.0,4212.0,106.89348176121712,1785022270000.0,154.0,1.5859999656677246,-6.429965291172266,4219.0,79.0,125.0,6579.39013671875,96.4000015258789,77.0,4219.0,0.0,-0.16300000250339508,4219.0
78.80000305175781,4221.0,106.8935168813914,1785022279000.0,154.0,1.6239999532699585,-6.429830761626363,4228.0,78.80000305175781,127.0,6594.740234375,96.80000305175781,77.0,4228.0,0.0,-0.03999999910593033,4228.0
78.4000015258789,4231.0,106.89357773400843,1785022289000.0,149.0,1.6239999532699585,-6.429700423032045,4238.0,78.4000015258789,127.0,6610.759765625,97.19999694824219,74.0,4238.0,0.5,-0.023000000044703484,4238.0
78.5999984741211,4238.0,106.89353356137872,1785022296000.0,155.0,1.5959999561309814,-6.429614592343569,4245.0,78.5999984741211,129.0,6622.0400390625,97.0,77.0,4245.0,0.5,0.020999999716877937,4245.0
77.5999984741211,4245.0,106.89342803321779,1785022303000.0,152.0,1.6139999628067017,-6.429572599008679,4252.0,77.5999984741211,132.0,6634.6201171875,97.80000305175781,76.0,4252.0,0.0,-0.1589999943971634,4252.0
77.4000015258789,4247.0,106.89340263605118,1785022305000.0,152.0,1.6139999628067017,-6.429562959820032,4254.0,77.4000015258789,132.0,6637.60009765625,97.80000305175781,76.0,4254.0,0.0,-0.017000000923871994,4254.0
77.4000015258789,4255.0,106.89331110566854,1785022313000.0,149.0,1.5959999561309814,-6.429515099152923,4262.0,77.4000015258789,129.0,6649.02001953125,97.4000015258789,74.0,4262.0,0.5,-0.02199999988079071,4262.0
77.19999694824219,4257.0,106.8932787515223,1785022315000.0,150.0,1.5859999656677246,-6.429505795240402,4264.0,77.19999694824219,127.0,6652.77978515625,98.0,75.0,4264.0,0.0,-0.017000000923871994,4264.0
77.19999694824219,4260.0,106.89323323778808,1785022318000.0,157.0,1.5859999656677246,-6.429506130516529,4267.0,77.19999694824219,124.0,6657.81982421875,100.0,78.0,4267.0,0.5,0.0,4267.0
77.4000015258789,4267.0,106.89313223585486,1785022325000.0,154.0,1.6239999532699585,-6.429483750835061,4274.0,77.4000015258789,123.0,6669.4599609375,104.4000015258789,77.0,4274.0,0.0,0.004999999888241291,4274.0
77.19999694824219,4274.0,106.89303182065487,1785022332000.0,157.0,1.6799999475479126,-6.42944703809917,4281.0,77.19999694824219,126.0,6681.3701171875,105.80000305175781,78.0,4281.0,0.5,-0.024000000208616257,4281.0
77.19999694824219,4275.0,106.89301405102015,1785022333000.0,157.0,1.6890000104904175,-6.429443685337901,4282.0,77.19999694824219,127.0,6683.3701171875,106.0,78.0,4282.0,0.5,-0.024000000208616257,4282.0
77.0,4277.0,106.89298815093935,1785022335000.0,159.0,1.7170000076293945,-6.429433459416032,4284.0,77.0,130.0,6686.43994140625,106.0,79.0,4284.0,0.5,-0.03700000047683716,4284.0
77.0,4285.0,106.89286627806723,1785022343000.0,159.0,1.7359999418258667,-6.42939917743206,4292.0,77.0,132.0,6700.490234375,104.5999984741211,79.0,4292.0,0.5,-0.009999999776482582,4292.0
77.0,4295.0,106.89273904077709,1785022353000.0,157.0,1.753999948501587,-6.429304545745254,4302.0,77.0,133.0,6718.3798828125,105.0,78.0,4302.0,0.5,0.012000000104308128,4302.0
76.4000015258789,4301.0,106.89273870550096,1785022359000.0,157.0,1.7730000019073486,-6.4292138535529375,4308.0,76.4000015258789,132.0,6729.18994140625,105.5999984741211,78.0,4308.0,0.5,-0.10300000011920929,4308.0
76.4000015258789,4302.0,106.89275396056473,1785022360000.0,157.0,1.7730000019073486,-6.429207567125559,4309.0,76.4000015258789,132.0,6730.9599609375,105.5999984741211,78.0,4309.0,0.5,-0.04500000178813934,4309.0
76.4000015258789,4309.0,106.89288438297808,1785022367000.0,157.0,1.8009999990463257,-6.429244866594672,4316.0,76.4000015258789,132.0,6746.06982421875,104.0,78.0,4316.0,0.5,-0.010999999940395355,4316.0
76.4000015258789,4311.0,106.8929113727063,1785022369000.0,157.0,1.8009999990463257,-6.42925257794559,4318.0,76.4000015258789,135.0,6749.16015625,103.4000015258789,78.0,4318.0,0.5,0.008999999612569809,4318.0
76.4000015258789,4315.0,106.89296744763851,1785022373000.0,160.0,1.7910000085830688,-6.429261630401015,4322.0,76.4000015258789,136.0,6755.47998046875,102.5999984741211,80.0,4322.0,0.0,0.00800000037997961,4322.0
76.4000015258789,4317.0,106.89299301244318,1785022375000.0,158.0,1.781999945640564,-6.429266491904855,4324.0,76.4000015258789,136.0,6758.35986328125,102.4000015258789,79.0,4324.0,0.0,0.008999999612569809,4324.0
76.4000015258789,4323.0,106.89306878484786,1785022381000.0,152.0,1.753999948501587,-6.429285602644086,4330.0,76.4000015258789,136.0,6767.0,101.80000305175781,76.0,4330.0,0.0,0.010999999940395355,4330.0
76.80000305175781,4330.0,106.8931838683784,1785022388000.0,155.0,1.7079999446868896,-6.429331703111529,4337.0,76.80000305175781,139.0,6780.7099609375,102.0,77.0,4337.0,0.5,0.03400000184774399,4337.0
76.80000305175781,4331.0,106.89319803379476,1785022389000.0,153.0,1.7079999446868896,-6.429337318986654,4338.0,76.80000305175781,140.0,6782.39990234375,102.0,76.0,4338.0,0.5,0.07100000232458115,4338.0
77.0,4337.0,106.89325863495469,1785022395000.0,155.0,1.6890000104904175,-6.429374031722546,4344.0,77.0,139.0,6790.259765625,102.0,77.0,4344.0,0.5,0.032999999821186066,4344.0
77.0,4345.0,106.89335435628891,1785022403000.0,157.0,1.6610000133514404,-6.429398590698838,4352.0,77.0,139.0,6801.5498046875,101.5999984741211,78.0,4352.0,0.5,0.0,4352.0
77.0,4347.0,106.89337908290327,1785022405000.0,155.0,1.6519999504089355,-6.429400099441409,4354.0,77.0,140.0,6804.2998046875,101.5999984741211,77.0,4354.0,0.5,0.0,4354.0
77.80000305175781,4358.0,106.89351193606853,1785022416000.0,152.0,1.5859999656677246,-6.429437482729554,4365.0,77.80000305175781,139.0,6819.52001953125,104.80000305175781,76.0,4365.0,0.0,0.07199999690055847,4365.0
78.4000015258789,4362.0,106.89356499351561,1785022420000.0,155.0,1.5679999589920044,-6.429458102211356,4369.0,78.4000015258789,136.0,6825.7998046875,106.0,77.0,4369.0,0.5,0.16200000047683716,4369.0
79.0,4366.0,106.89362308010459,1785022424000.0,157.0,1.5490000247955322,-6.429461119696498,4373.0,79.0,133.0,6832.16015625,106.0,78.0,4373.0,0.5,0.1599999964237213,4373.0
79.19999694824219,4367.0,106.89363590441644,1785022425000.0,157.0,1.5399999618530273,-6.429456258192658,4374.0,79.19999694824219,132.0,6833.669921875,106.0,78.0,4374.0,0.5,0.12099999934434891,4374.0
79.19999694824219,4368.0,106.89364755526185,1785022426000.0,157.0,1.5399999618530273,-6.4294482953846455,4375.0,79.19999694824219,131.0,6835.22998046875,106.0,78.0,4375.0,0.5,0.09700000286102295,4375.0
79.4000015258789,4370.0,106.893663816154,1785022428000.0,158.0,1.5399999618530273,-6.429428514093161,4377.0,79.4000015258789,128.0,6838.02001953125,105.80000305175781,79.0,4377.0,0.0,0.052000001072883606,4377.0
79.19999694824219,4375.0,106.89370974898338,1785022433000.0,154.0,1.5210000276565552,-6.429342934861779,4382.0,79.19999694824219,126.0,6848.72998046875,104.0,77.0,4382.0,0.0,-0.020999999716877937,4382.0
79.19999694824219,4377.0,106.89371678978205,1785022435000.0,155.0,1.5299999713897705,-6.42930923961103,4384.0,79.19999694824219,126.0,6852.43994140625,103.5999984741211,77.0,4384.0,0.5,-0.08299999684095383,4384.0
78.80000305175781,4382.0,106.89373430795968,1785022440000.0,153.0,1.5299999713897705,-6.429226761683822,4389.0,78.80000305175781,128.0,6861.5400390625,103.19999694824219,76.0,4389.0,0.5,-0.061000000685453415,4389.0
78.5999984741211,4385.0,106.89374210312963,1785022443000.0,153.0,1.5399999618530273,-6.42918418161571,4392.0,78.5999984741211,132.0,6866.33984375,103.0,76.0,4392.0,0.5,-0.054999999701976776,4392.0
78.5999984741211,4390.0,106.89376984722912,1785022448000.0,155.0,1.5859999656677246,-6.429110504686832,4397.0,78.5999984741211,134.0,6875.06982421875,101.19999694824219,77.0,4397.0,0.5,-0.006000000052154064,4397.0
78.80000305175781,4399.0,106.89381854608655,1785022457000.0,157.0,1.7170000076293945,-6.428978573530912,4406.0,78.80000305175781,135.0,6890.64013671875,100.0,78.0,4406.0,0.5,0.019999999552965164,4406.0
79.0,4408.0,106.89386607147753,1785022466000.0,157.0,1.781999945640564,-6.428844043985009,4415.0,79.0,136.0,6906.52978515625,98.5999984741211,78.0,4415.0,0.5,0.02199999988079071,4415.0
79.19999694824219,4414.0,106.89389633014798,1785022472000.0,161.0,1.7910000085830688,-6.428754022344947,4421.0,79.19999694824219,138.0,6917.0,99.80000305175781,80.0,4421.0,0.5,0.01899999938905239,4421.0
79.4000015258789,4423.0,106.89394410699606,1785022481000.0,157.0,1.809999942779541,-6.428586132824421,4430.0,79.4000015258789,140.0,6936.27001953125,102.19999694824219,78.0,4430.0,0.5,0.032999999821186066,4430.0
79.5999984741211,4429.0,106.89396346919239,1785022487000.0,155.0,1.819000005722046,-6.428490579128265,4436.0,79.5999984741211,140.0,6947.1298828125,103.0,77.0,4436.0,0.5,0.03500000014901161,4436.0
79.80000305175781,4431.0,106.89397973008454,1785022489000.0,153.0,1.819000005722046,-6.428466606885195,4438.0,79.80000305175781,140.0,6950.33984375,103.0,76.0,4438.0,0.5,0.08799999952316284,4438.0
80.0,4433.0,106.89399305731058,1785022491000.0,155.0,1.819000005722046,-6.428443221375346,4440.0,80.0,140.0,6953.2998046875,103.0,77.0,4440.0,0.5,0.07199999690055847,4440.0
80.19999694824219,4437.0,106.89401334151626,1785022495000.0,156.0,1.8009999990463257,-6.4283910021185875,4444.0,80.19999694824219,140.0,6959.47021484375,103.0,78.0,4444.0,0.0,0.04100000113248825,4444.0
80.19999694824219,4440.0,106.89402054995298,1785022498000.0,0.0,1.781999945640564,-6.428355798125267,4447.0,80.19999694824219,140.0,6963.41015625,102.80000305175781,0.0,4447.0,0.0,0.017000000923871994,4447.0
80.19999694824219,4443.0,106.89403773285449,1785022501000.0,0.0,1.753999948501587,-6.428320929408073,4450.0,80.19999694824219,139.0,6967.7099609375,102.5999984741211,0.0,4450.0,0.0,0.04100000113248825,4450.0
80.19999694824219,4449.0,106.89406547695398,1785022507000.0,0.0,1.7079999446868896,-6.428272565826774,4456.0,80.19999694824219,137.0,6973.91015625,103.80000305175781,0.0,4456.0,0.0,-0.01600000075995922,4456.0
80.19999694824219,4450.0,106.89406690187752,1785022508000.0,0.0,1.6799999475479126,-6.428261753171682,4457.0,80.19999694824219,137.0,6975.1298828125,103.80000305175781,0.0,4457.0,0.0,-0.06800000369548798,4457.0
79.80000305175781,4455.0,106.89407922327518,1785022513000.0,119.0,1.4279999732971191,-6.428203331306577,4462.0,79.80000305175781,134.0,6981.5498046875,103.19999694824219,59.0,4462.0,0.5,-0.04500000178813934,4462.0
79.80000305175781,4459.0,106.89408651553094,1785022517000.0,119.0,1.3530000448226929,-6.428149770945311,4466.0,79.80000305175781,132.0,6987.41015625,103.19999694824219,59.0,4466.0,0.5,-0.041999999433755875,4466.0
79.5999984741211,4466.0,106.89411065541208,1785022524000.0,117.0,1.3619999885559082,-6.4280658680945635,4473.0,79.5999984741211,130.0,6997.18017578125,102.0,58.0,4473.0,0.5,-0.03099999949336052,4473.0
79.4000015258789,4468.0,106.89410110004246,1785022526000.0,116.0,1.371999979019165,-6.428041225299239,4475.0,79.4000015258789,128.0,7000.08984375,100.5999984741211,58.0,4475.0,0.0,-0.06199999898672104,4475.0
79.4000015258789,4470.0,106.89409095793962,1785022528000.0,116.0,1.371999979019165,-6.428031250834465,4477.0,79.4000015258789,126.0,7001.740234375,99.5999984741211,58.0,4477.0,0.0,-0.035999998450279236,4477.0
79.19999694824219,4472.0,106.8940750323236,1785022530000.0,116.0,1.3530000448226929,-6.428023707121611,4479.0,79.19999694824219,125.0,7003.669921875,98.80000305175781,58.0,4479.0,0.0,-0.041999999433755875,4479.0
79.0,4475.0,106.89404795877635,1785022533000.0,116.0,1.2970000505447388,-6.42801096662879,4482.0,79.0,126.0,7006.91015625,98.19999694824219,58.0,4482.0,0.0,-0.04800000041723251,4482.0
79.0,4478.0,106.89400848001242,1785022536000.0,118.0,1.2970000505447388,-6.4279845636337996,4485.0,79.0,126.0,7012.18017578125,98.19999694824219,59.0,4485.0,0.0,-0.029999999329447746,4485.0
78.19999694824219,4485.0,106.89389574341476,1785022543000.0,118.0,1.437000036239624,-6.427949443459511,4492.0,78.19999694824219,125.0,7025.2900390625,99.5999984741211,59.0,4492.0,0.0,-0.10499999672174454,4492.0
77.80000305175781,4490.0,106.89382332377136,1785022548000.0,119.0,1.5019999742507935,-6.4279356971383095,4497.0,77.80000305175781,122.0,7033.4599609375,100.5999984741211,59.0,4497.0,0.5,-0.10400000214576721,4497.0
78.0,4496.0,106.89374126493931,1785022554000.0,120.0,1.5490000247955322,-6.427906360477209,4503.0,78.0,122.0,7043.06982421875,100.80000305175781,60.0,4503.0,0.0,0.03200000151991844,4503.0
78.0,4498.0,106.89373363740742,1785022556000.0,120.0,1.5579999685287476,-6.427891440689564,4505.0,78.0,120.0,7044.85986328125,100.80000305175781,60.0,4505.0,0.0,0.05400000140070915,4505.0
78.0,4500.0,106.8937713559717,1785022558000.0,156.0,1.5490000247955322,-6.4278909377753735,4507.0,78.0,119.0,7048.990234375,101.0,78.0,4507.0,0.0,0.0020000000949949026,4507.0
78.0,4505.0,106.89385106787086,1785022563000.0,157.0,1.6979999542236328,-6.427897643297911,4512.0,78.0,118.0,7057.8798828125,101.4000015258789,78.0,4512.0,0.5,-0.009999999776482582,4512.0
78.19999694824219,4508.0,106.8938760459423,1785022566000.0,154.0,1.6699999570846558,-6.427901415154338,4515.0,78.19999694824219,120.0,7060.6298828125,102.4000015258789,77.0,4515.0,0.0,0.041999999433755875,4515.0
78.5999984741211,4511.0,106.89395022578537,1785022569000.0,154.0,1.6239999532699585,-6.427914993837476,4518.0,78.5999984741211,124.0,7068.97021484375,103.4000015258789,77.0,4518.0,0.0,0.17800000309944153,4518.0
79.0,4514.0,106.8939923029393,1785022572000.0,152.0,1.4739999771118164,-6.427935445681214,4521.0,79.0,127.0,7074.14990234375,103.80000305175781,76.0,4521.0,0.0,0.10100000351667404,4521.0
79.0,4515.0,106.89400219358504,1785022573000.0,152.0,1.38100004196167,-6.427939049899578,4522.0,79.0,127.0,7075.31005859375,103.80000305175781,76.0,4522.0,0.0,0.0430000014603138,4522.0
79.0,4521.0,106.8940800614655,1785022579000.0,151.0,1.6050000190734863,-6.427960675209761,4528.0,79.0,128.0,7084.27001953125,104.0,75.0,4528.0,0.5,0.004000000189989805,4528.0
79.19999694824219,4524.0,106.89411719329655,1785022582000.0,151.0,1.5019999742507935,-6.427958495914936,4531.0,79.19999694824219,132.0,7088.3798828125,104.19999694824219,75.0,4531.0,0.5,0.041999999433755875,4531.0
79.19999694824219,4530.0,106.89419137313962,1785022588000.0,147.0,1.4559999704360962,-6.427921615540981,4537.0,79.19999694824219,131.0,7097.83984375,103.5999984741211,73.0,4537.0,0.5,0.02199999988079071,4537.0
79.0,4539.0,106.89423169009387,1785022597000.0,151.0,1.4930000305175781,-6.427797144278884,4546.0,79.0,131.0,7112.22998046875,102.19999694824219,75.0,4546.0,0.5,-0.03200000151991844,4546.0
78.5999984741211,4548.0,106.8942856695503,1785022606000.0,149.0,1.5019999742507935,-6.4276782888919115,4555.0,78.5999984741211,131.0,7126.740234375,102.0,74.0,4555.0,0.5,-0.035999998450279236,4555.0
78.0,4560.0,106.89432967454195,1785022618000.0,152.0,1.5119999647140503,-6.427520038560033,4567.0,78.0,131.0,7144.97021484375,102.4000015258789,76.0,4567.0,0.0,-0.061000000685453415,4567.0
77.4000015258789,4569.0,106.89437761902809,1785022627000.0,156.0,1.5399999618530273,-6.427401853725314,4576.0,77.4000015258789,129.0,7159.18017578125,101.0,78.0,4576.0,0.0,-0.06599999964237213,4576.0
76.80000305175781,4578.0,106.89439404755831,1785022636000.0,155.0,1.6050000190734863,-6.4272700902074575,4585.0,76.80000305175781,128.0,7173.8798828125,99.5999984741211,77.0,4585.0,0.5,-0.05900000035762787,4585.0
76.19999694824219,4587.0,106.8944291677326,1785022645000.0,155.0,1.6330000162124634,-6.427150061354041,4594.0,76.19999694824219,129.0,7187.740234375,99.4000015258789,77.0,4594.0,0.5,-0.06199999898672104,4594.0
75.80000305175781,4596.0,106.89443008974195,1785022654000.0,154.0,1.6519999504089355,-6.427011089399457,4603.0,75.80000305175781,129.0,7203.14013671875,98.5999984741211,77.0,4603.0,0.0,-0.0560000017285347,4603.0
75.5999984741211,4600.0,106.89443302340806,1785022658000.0,156.0,1.6699999570846558,-6.426949482411146,4607.0,75.5999984741211,132.0,7209.9501953125,98.0,78.0,4607.0,0.0,-0.057999998331069946,4607.0
75.4000015258789,4609.0,106.89443034119904,1785022667000.0,156.0,1.6979999542236328,-6.4267991948872805,4616.0,75.4000015258789,134.0,7226.580078125,97.5999984741211,78.0,4616.0,0.0,-0.008999999612569809,4616.0
75.19999694824219,4617.0,106.89440519548953,1785022675000.0,158.0,1.7259999513626099,-6.426682518795133,4624.0,75.19999694824219,137.0,7239.77001953125,97.19999694824219,79.0,4624.0,0.0,-0.039000000804662704,4624.0
75.0,4621.0,106.89439647831023,1785022679000.0,159.0,1.7259999513626099,-6.426622672006488,4628.0,75.0,139.0,7246.43994140625,96.80000305175781,79.0,4628.0,0.5,-0.010999999940395355,4628.0
75.4000015258789,4626.0,106.89439706504345,1785022684000.0,154.0,1.7170000076293945,-6.426544636487961,4633.0,75.4000015258789,136.0,7255.10009765625,96.4000015258789,77.0,4633.0,0.0,0.0560000017285347,4633.0
75.4000015258789,4628.0,106.89438776113093,1785022686000.0,156.0,1.7170000076293945,-6.426513958722353,4635.0,75.4000015258789,133.0,7258.6298828125,96.80000305175781,78.0,4635.0,0.0,0.054999999701976776,4635.0
75.5999984741211,4630.0,106.89437326043844,1785022688000.0,162.0,1.7170000076293945,-6.426490321755409,4637.0,75.5999984741211,132.0,7261.64990234375,97.4000015258789,81.0,4637.0,0.0,0.0430000014603138,4637.0
76.0,4638.0,106.89434534870088,1785022696000.0,158.0,1.7450000047683716,-6.426373980939388,4645.0,76.0,133.0,7274.89990234375,99.0,79.0,4645.0,0.0,0.052000001072883606,4645.0
75.80000305175781,4643.0,106.89432699233294,1785022701000.0,155.0,1.7079999446868896,-6.426307680085301,4650.0,75.80000305175781,133.0,7282.5498046875,99.80000305175781,77.0,4650.0,0.5,-0.017999999225139618,4650.0
76.4000015258789,4647.0,106.89430897124112,1785022705000.0,155.0,1.6699999570846558,-6.426261831074953,4654.0,76.4000015258789,134.0,7288.02978515625,100.0,77.0,4654.0,0.5,0.13099999725818634,4654.0
77.4000015258789,4655.0,106.89429338090122,1785022713000.0,157.0,1.5859999656677246,-6.426157811656594,4662.0,77.4000015258789,136.0,7299.64990234375,98.19999694824219,78.0,4662.0,0.5,0.11500000208616257,4662.0
78.5999984741211,4666.0,106.89424669370055,1785022724000.0,156.0,1.5859999656677246,-6.425995621830225,4673.0,78.5999984741211,134.0,7318.2900390625,97.19999694824219,78.0,4673.0,0.0,0.12099999934434891,4673.0
79.4000015258789,4673.0,106.89422003924847,1785022731000.0,158.0,1.6139999628067017,-6.4258829690515995,4680.0,79.4000015258789,137.0,7331.02978515625,96.5999984741211,79.0,4680.0,0.0,0.0989999994635582,4680.0
80.19999694824219,4677.0,106.89418860711157,1785022735000.0,156.0,1.6139999628067017,-6.42580920830369,4684.0,80.19999694824219,138.0,7339.89013671875,97.4000015258789,78.0,4684.0,0.0,0.22699999809265137,4684.0
81.0,4687.0,106.89412515610456,1785022745000.0,161.0,1.6890000104904175,-6.425646683201194,4694.0,81.0,140.0,7359.27001953125,98.0,80.0,4694.0,0.5,0.07699999958276749,4694.0
80.5999984741211,4693.0,106.89413546584547,1785022751000.0,161.0,1.809999942779541,-6.425545010715723,4700.0,80.5999984741211,139.0,7370.8798828125,97.4000015258789,80.0,4700.0,0.5,-0.07999999821186066,4700.0
80.80000305175781,4697.0,106.89412775449455,1785022755000.0,158.0,1.8289999961853027,-6.425481308251619,4704.0,80.80000305175781,135.0,7377.97998046875,97.19999694824219,79.0,4704.0,0.0,0.05999999865889549,4704.0
81.0,4700.0,106.89411501400173,1785022758000.0,156.0,1.809999942779541,-6.425438057631254,4707.0,81.0,135.0,7382.919921875,97.19999694824219,78.0,4707.0,0.0,0.09799999743700027,4707.0
81.0,4704.0,106.89410260878503,1785022762000.0,156.0,1.7730000019073486,-6.4253821503371,4711.0,81.0,139.0,7389.259765625,97.19999694824219,78.0,4711.0,0.0,-0.003000000026077032,4711.0
81.0,4707.0,106.89408592879772,1785022765000.0,158.0,1.7640000581741333,-6.425341162830591,4714.0,81.0,142.0,7394.1298828125,98.0,79.0,4714.0,0.0,-0.028999999165534973,4714.0
81.0,4716.0,106.89404192380607,1785022774000.0,147.0,1.7079999446868896,-6.4252418372780085,4723.0,81.0,144.0,7406.240234375,100.19999694824219,73.0,4723.0,0.5,-0.004000000189989805,4723.0
81.80000305175781,4723.0,106.89400194212794,1785022781000.0,151.0,1.6139999628067017,-6.4251559227705,4730.0,81.80000305175781,145.0,7416.740234375,101.80000305175781,75.0,4730.0,0.5,0.10899999737739563,4730.0
82.5999984741211,4729.0,106.89396338537335,1785022787000.0,152.0,1.5770000219345093,-6.425090963020921,4736.0,82.5999984741211,145.0,7424.97021484375,103.19999694824219,76.0,4736.0,0.0,0.164000004529953,4736.0
83.5999984741211,4735.0,106.89393480308354,1785022793000.0,149.0,1.5399999618530273,-6.425021393224597,4742.0,83.5999984741211,145.0,7433.39990234375,103.5999984741211,74.0,4742.0,0.5,0.13899999856948853,4742.0
83.4000015258789,4737.0,106.89395156688988,1785022795000.0,149.0,1.5210000276565552,-6.4250068087130785,4744.0,83.4000015258789,147.0,7435.89990234375,103.4000015258789,74.0,4744.0,0.5,-0.06400000303983688,4744.0
82.5999984741211,4742.0,106.89399666152894,1785022800000.0,113.0,1.5119999647140503,-6.425048131495714,4749.0,82.5999984741211,149.0,7442.64990234375,103.0,56.0,4749.0,0.5,-0.17599999904632568,4749.0
82.19999694824219,4747.0,106.89402105286717,1785022805000.0,109.0,1.465000033378601,-6.425076797604561,4754.0,82.19999694824219,146.0,7446.6201171875,102.19999694824219,54.0,4754.0,0.5,-0.06199999898672104,4754.0
82.0,4749.0,106.89403370954096,1785022807000.0,106.0,1.437000036239624,-6.4250951539725065,4756.0,82.0,145.0,7449.06005859375,102.0,53.0,4756.0,0.0,-0.08900000154972076,4756.0
81.80000305175781,4754.0,106.89405424520373,1785022812000.0,106.0,1.305999994277954,-6.425129435956478,4761.0,81.80000305175781,141.0,7453.4501953125,102.19999694824219,53.0,4761.0,0.0,-0.06400000303983688,4761.0
81.5999984741211,4755.0,106.89406421966851,1785022813000.0,106.0,1.2410000562667847,-6.425131866708398,4762.0,81.5999984741211,140.0,7454.580078125,102.4000015258789,53.0,4762.0,0.0,-0.05299999937415123,4762.0
81.19999694824219,4762.0,106.89412280917168,1785022820000.0,0.0,1.0640000104904175,-6.42515835352242,4769.0,81.19999694824219,138.0,7461.91015625,104.19999694824219,0.0,4769.0,0.0,-0.05700000002980232,4769.0
80.80000305175781,4768.0,106.89416061155498,1785022826000.0,112.0,1.0449999570846558,-6.425202693790197,4775.0,80.80000305175781,137.0,7468.419921875,105.19999694824219,56.0,4775.0,0.0,-0.07599999755620956,4775.0
80.5999984741211,4770.0,106.89416522160172,1785022828000.0,112.0,1.0820000171661377,-6.425225241109729,4777.0,80.5999984741211,137.0,7470.93017578125,105.4000015258789,56.0,4777.0,0.0,-0.08900000154972076,4777.0
80.4000015258789,4773.0,106.89417125657201,1785022831000.0,0.0,1.1200000047683716,-6.42525658942759,4780.0,80.4000015258789,133.0,7474.43017578125,105.19999694824219,0.0,4780.0,0.0,-0.0820000022649765,4780.0
80.4000015258789,4778.0,106.8942008446902,1785022836000.0,109.0,1.1380000114440918,-6.425311407074332,4785.0,80.4000015258789,133.0,7481.3701171875,104.80000305175781,54.0,4785.0,0.5,0.017000000923871994,4785.0
80.4000015258789,4781.0,106.89421718940139,1785022839000.0,108.0,1.1759999990463257,-6.425348706543446,4788.0,80.4000015258789,136.0,7485.8798828125,104.80000305175781,54.0,4788.0,0.0,-0.05299999937415123,4788.0
80.0,4786.0,106.89423688687384,1785022844000.0,110.0,1.2130000591278076,-6.425402518361807,4793.0,80.0,136.0,7492.27001953125,104.5999984741211,55.0,4793.0,0.0,-0.08100000023841858,4793.0
79.80000305175781,4789.0,106.89424484968185,1785022847000.0,112.0,1.222000002861023,-6.425427831709385,4796.0,79.80000305175781,133.0,7495.2001953125,103.80000305175781,56.0,4796.0,0.0,-0.05900000035762787,4796.0
79.4000015258789,4793.0,106.89425641670823,1785022851000.0,109.0,1.194000005722046,-6.425463119521737,4800.0,79.4000015258789,130.0,7499.35009765625,102.19999694824219,54.0,4800.0,0.5,-0.06300000101327896,4800.0
79.19999694824219,4795.0,106.8942703306675,1785022853000.0,109.0,1.194000005722046,-6.425483822822571,4802.0,79.19999694824219,128.0,7502.10986328125,101.4000015258789,54.0,4802.0,0.5,-0.1120000034570694,4802.0
79.0,4798.0,106.89428483135998,1785022856000.0,0.0,1.194000005722046,-6.425523217767477,4805.0,79.0,127.0,7506.740234375,100.19999694824219,0.0,4805.0,0.0,-0.0989999994635582,4805.0
78.5999984741211,4804.0,106.89430218189955,1785022862000.0,148.0,1.25,-6.425606198608875,4811.0,78.5999984741211,124.0,7516.1201171875,97.4000015258789,74.0,4811.0,0.0,-0.0689999982714653,4811.0
78.19999694824219,4807.0,106.89431609585881,1785022865000.0,145.0,1.2879999876022339,-6.425650706514716,4814.0,78.19999694824219,123.0,7521.27978515625,97.19999694824219,72.0,4814.0,0.5,-0.08299999684095383,4814.0
77.5999984741211,4816.0,106.89435632899404,1785022874000.0,148.0,1.371999979019165,-6.425778279080987,4823.0,77.5999984741211,123.0,7536.1201171875,97.5999984741211,74.0,4823.0,0.0,-0.07999999821186066,4823.0
76.4000015258789,4829.0,106.89439740031958,1785022887000.0,148.0,1.437000036239624,-6.425951030105352,4836.0,76.4000015258789,125.0,7555.83984375,97.5999984741211,74.0,4836.0,0.0,-0.0949999988079071,4836.0
76.19999694824219,4837.0,106.89443671144545,1785022895000.0,157.0,1.4839999675750732,-6.426079943776131,4844.0,76.19999694824219,128.0,7570.72998046875,97.5999984741211,78.0,4844.0,0.5,-0.012000000104308128,4844.0
76.19999694824219,4838.0,106.89444014802575,1785022896000.0,157.0,1.4930000305175781,-6.426091846078634,4845.0,76.19999694824219,129.0,7572.08984375,97.5999984741211,78.0,4845.0,0.5,-0.00800000037997961,4845.0
75.5999984741211,4849.0,106.89448155462742,1785022907000.0,157.0,1.5959999561309814,-6.426261579617858,4856.0,75.5999984741211,130.0,7591.43017578125,97.0,78.0,4856.0,0.5,-0.054999999701976776,4856.0
75.80000305175781,4853.0,106.89449136145413,1785022911000.0,157.0,1.6330000162124634,-6.426319750025868,4860.0,75.80000305175781,133.0,7597.9501953125,97.0,78.0,4860.0,0.5,0.052000001072883606,4860.0
76.0,4858.0,106.89450594596565,1785022916000.0,154.0,1.6610000133514404,-6.426395187154412,4865.0,76.0,134.0,7606.4599609375,97.19999694824219,77.0,4865.0,0.0,0.01600000075995922,4865.0
75.4000015258789,4868.0,106.89453653991222,1785022926000.0,151.0,1.6979999542236328,-6.426544385030866,4875.0,75.4000015258789,134.0,7623.31982421875,96.80000305175781,75.0,4875.0,0.5,-0.05400000140070915,4875.0
74.80000305175781,4877.0,106.89456411637366,1785022935000.0,154.0,1.7359999418258667,-6.426680088043213,4884.0,74.80000305175781,131.0,7638.77001953125,97.19999694824219,77.0,4884.0,0.0,-0.05299999937415123,4884.0
75.0,4889.0,106.89454793930054,1785022947000.0,151.0,1.7079999446868896,-6.42684118822217,4896.0,75.0,131.0,7656.68994140625,97.80000305175781,75.0,4896.0,0.5,0.010999999940395355,4896.0
75.4000015258789,4899.0,106.89452832564712,1785022957000.0,151.0,1.6699999570846558,-6.426982507109642,4906.0,75.4000015258789,131.0,7672.47021484375,97.4000015258789,75.0,4906.0,0.5,0.02800000086426735,4906.0
75.80000305175781,4907.0,106.8945098016411,1785022965000.0,155.0,1.6699999570846558,-6.427102200686932,4914.0,75.80000305175781,131.0,7685.9501953125,98.5999984741211,77.0,4914.0,0.5,0.06199999898672104,4914.0
76.19999694824219,4916.0,106.8945224583149,1785022974000.0,154.0,1.6799999475479126,-6.427246620878577,4923.0,76.19999694824219,133.0,7701.85986328125,99.0,77.0,4923.0,0.0,0.05299999937415123,4923.0
77.0,4926.0,106.89448465593159,1785022984000.0,153.0,1.6799999475479126,-6.427389867603779,4933.0,77.0,134.0,7718.25,96.5999984741211,76.0,4933.0,0.5,0.06499999761581421,4933.0
77.4000015258789,4935.0,106.8944550678134,1785022993000.0,151.0,1.6699999570846558,-6.427513416856527,4942.0,77.4000015258789,134.0,7732.3701171875,97.4000015258789,75.0,4942.0,0.5,0.061000000685453415,4942.0
78.0,4944.0,106.89440041780472,1785023002000.0,151.0,1.6419999599456787,-6.427620789036155,4951.0,78.0,134.0,7745.7998046875,96.80000305175781,75.0,4951.0,0.5,0.06499999761581421,4951.0
78.5999984741211,4953.0,106.89435423351824,1785023011000.0,156.0,1.6239999532699585,-6.427744338288903,4960.0,78.5999984741211,134.0,7760.43017578125,96.4000015258789,78.0,4960.0,0.0,0.06800000369548798,4960.0
79.19999694824219,4961.0,106.8943290039897,1785023019000.0,153.0,1.6139999628067017,-6.427859840914607,4968.0,79.19999694824219,131.0,7773.52001953125,96.19999694824219,76.0,4968.0,0.5,0.06300000101327896,4968.0
79.4000015258789,4963.0,106.89431726932526,1785023021000.0,149.0,1.6239999532699585,-6.427884316071868,4970.0,79.4000015258789,129.0,7776.52001953125,96.19999694824219,74.0,4970.0,0.5,0.06499999761581421,4970.0
79.80000305175781,4970.0,106.89428717829287,1785023028000.0,153.0,1.6139999628067017,-6.427976517006755,4977.0,79.80000305175781,128.0,7787.259765625,96.0,76.0,4977.0,0.5,0.06300000101327896,4977.0
80.4000015258789,4977.0,106.89430193044245,1785023035000.0,156.0,1.5770000219345093,-6.428061928600073,4984.0,80.4000015258789,128.0,7796.919921875,95.4000015258789,78.0,4984.0,0.0,0.09000000357627869,4984.0
80.5999984741211,4978.0,106.89430737867951,1785023036000.0,156.0,1.5679999589920044,-6.428080033510923,4985.0,80.5999984741211,128.0,7798.93017578125,95.19999694824219,78.0,4985.0,0.0,0.17000000178813934,4985.0
80.80000305175781,4982.0,106.89428055658937,1785023040000.0,156.0,1.5490000247955322,-6.428136695176363,4989.0,80.80000305175781,125.0,7806.16015625,95.19999694824219,78.0,4989.0,0.0,0.05400000140070915,4989.0
80.80000305175781,4983.0,106.8942737672478,1785023041000.0,156.0,1.5490000247955322,-6.428148178383708,4990.0,80.80000305175781,125.0,7807.64013671875,95.4000015258789,78.0,4990.0,0.0,0.03400000184774399,4990.0
81.5999984741211,4992.0,106.8942375574261,1785023050000.0,155.0,1.5490000247955322,-6.428288742899895,4999.0,81.5999984741211,128.0,7823.72021484375,96.80000305175781,77.0,4999.0,0.5,0.08299999684095383,4999.0
81.5999984741211,4993.0,106.89423764124513,1785023051000.0,155.0,1.5490000247955322,-6.428303997963667,5000.0,81.5999984741211,129.0,7825.3701171875,96.80000305175781,77.0,5000.0,0.5,0.10999999940395355,5000.0
81.5999984741211,4997.0,106.89422649331391,1785023055000.0,153.0,1.5490000247955322,-6.428355798125267,5004.0,81.5999984741211,132.0,7831.22998046875,96.0,76.0,5004.0,0.5,-0.003000000026077032,5004.0
81.5999984741211,5001.0,106.89420369453728,1785023059000.0,149.0,1.5579999685287476,-6.428408268839121,5008.0,81.5999984741211,132.0,7837.509765625,95.4000015258789,74.0,5008.0,0.5,-0.0010000000474974513,5008.0
81.80000305175781,5010.0,106.89416069537401,1785023068000.0,149.0,1.5579999685287476,-6.428521927446127,5017.0,81.80000305175781,132.0,7850.9599609375,94.80000305175781,74.0,5017.0,0.5,0.02199999988079071,5017.0
82.0,5018.0,106.8941270839423,1785023076000.0,148.0,1.5399999618530273,-6.42861052416265,5025.0,82.0,133.0,7861.4501953125,94.4000015258789,74.0,5025.0,0.0,0.010999999940395355,5025.0
81.5999984741211,5021.0,106.89409615471959,1785023079000.0,147.0,1.5299999713897705,-6.428637094795704,5028.0,81.5999984741211,133.0,7866.009765625,93.4000015258789,73.0,5028.0,0.5,-0.11699999868869781,5028.0
81.4000015258789,5024.0,106.8940713442862,1785023082000.0,147.0,1.5299999713897705,-6.428666012361646,5031.0,81.4000015258789,133.0,7870.1298828125,92.4000015258789,73.0,5031.0,0.5,-0.08399999886751175,5031.0
81.19999694824219,5031.0,106.8940472882241,1785023089000.0,154.0,1.5119999647140503,-6.4287562016397715,5038.0,81.19999694824219,133.0,7880.3701171875,92.19999694824219,77.0,5038.0,0.0,-0.003000000026077032,5038.0
81.19999694824219,5037.0,106.89401904121041,1785023095000.0,159.0,1.4930000305175781,-6.428843792527914,5044.0,81.19999694824219,132.0,7890.81982421875,93.0,79.0,5044.0,0.5,-0.014999999664723873,5044.0
81.19999694824219,5039.0,106.89400630071759,1785023097000.0,159.0,1.4930000305175781,-6.428866842761636,5046.0,81.19999694824219,132.0,7893.669921875,93.80000305175781,79.0,5046.0,0.5,-0.05000000074505806,5046.0
81.4000015258789,5042.0,106.89400663599372,1785023100000.0,121.0,1.5019999742507935,-6.42890908755362,5049.0,81.4000015258789,132.0,7898.2998046875,94.5999984741211,60.0,5049.0,0.5,0.10000000149011612,5049.0
81.80000305175781,5046.0,106.8940044566989,1785023104000.0,120.0,1.3899999856948853,-6.428961809724569,5053.0,81.80000305175781,131.0,7904.0498046875,94.80000305175781,60.0,5053.0,0.0,0.08699999749660492,5053.0
82.0,5054.0,106.8939801491797,1785023112000.0,115.0,1.3530000448226929,-6.429063566029072,5061.0,82.0,130.0,7915.6298828125,95.5999984741211,57.0,5061.0,0.5,0.03999999910593033,5061.0
82.19999694824219,5061.0,106.89395785331726,1785023119000.0,110.0,1.343999981880188,-6.429140008985996,5068.0,82.19999694824219,129.0,7924.47021484375,95.5999984741211,55.0,5068.0,0.0,0.020999999716877937,5068.0
82.4000015258789,5062.0,106.89396061934531,1785023120000.0,111.0,1.3339999914169312,-6.429148558527231,5069.0,82.4000015258789,129.0,7925.39013671875,95.5999984741211,55.0,5069.0,0.5,0.11100000143051147,5069.0
82.4000015258789,5067.0,106.89394662156701,1785023125000.0,115.0,1.305999994277954,-6.429199771955609,5074.0,82.4000015258789,129.0,7931.2998046875,95.4000015258789,57.0,5074.0,0.5,0.023000000044703484,5074.0
82.4000015258789,5068.0,106.89394318498671,1785023126000.0,116.0,1.305999994277954,-6.429213602095842,5075.0,82.4000015258789,128.0,7932.68994140625,95.19999694824219,58.0,5075.0,0.0,0.0,5075.0
82.4000015258789,5069.0,106.89394167624414,1785023127000.0,117.0,1.305999994277954,-6.429225672036409,5076.0,82.4000015258789,128.0,7934.0400390625,95.19999694824219,58.0,5076.0,0.5,0.02199999988079071,5076.0
82.4000015258789,5074.0,106.8939193803817,1785023132000.0,116.0,1.315999984741211,-6.429283088073134,5081.0,82.4000015258789,124.0,7940.7998046875,95.19999694824219,58.0,5081.0,0.0,-0.023000000044703484,5081.0
82.19999694824219,5076.0,106.89390689134598,1785023134000.0,114.0,1.315999984741211,-6.429303456097841,5083.0,82.19999694824219,123.0,7943.39990234375,95.5999984741211,57.0,5083.0,0.0,-0.05299999937415123,5083.0
82.0,5078.0,106.8938850145787,1785023136000.0,116.0,1.315999984741211,-6.429330110549927,5085.0,82.0,120.0,7947.2001953125,95.80000305175781,58.0,5085.0,0.0,-0.10999999940395355,5085.0
81.80000305175781,5081.0,106.8938641436398,1785023139000.0,117.0,1.3250000476837158,-6.429373947903514,5088.0,81.80000305175781,120.0,7952.3798828125,96.0,58.0,5088.0,0.5,-0.04800000041723251,5088.0
81.80000305175781,5086.0,106.89384285360575,1785023144000.0,117.0,1.3250000476837158,-6.429428514093161,5093.0,81.80000305175781,123.0,7958.8798828125,96.4000015258789,58.0,5093.0,0.5,-0.027000000700354576,5093.0
81.4000015258789,5090.0,106.8938213121146,1785023148000.0,117.0,1.315999984741211,-6.429465478286147,5097.0,81.4000015258789,122.0,7963.3798828125,97.5999984741211,58.0,5097.0,0.5,-0.11100000143051147,5097.0
81.19999694824219,5094.0,106.89382248558104,1785023152000.0,118.0,1.2970000505447388,-6.4295119140297174,5101.0,81.19999694824219,119.0,7968.47021484375,99.0,59.0,5101.0,0.0,-0.03799999877810478,5101.0
81.0,5095.0,106.89382047392428,1785023153000.0,118.0,1.2970000505447388,-6.429523648694158,5102.0,81.0,120.0,7969.7900390625,99.19999694824219,59.0,5102.0,0.0,-0.07100000232458115,5102.0
80.4000015258789,5099.0,106.89379231072962,1785023157000.0,0.0,1.305999994277954,-6.42958827316761,5106.0,80.4000015258789,120.0,7977.60986328125,99.5999984741211,0.0,5106.0,0.0,-0.1599999964237213,5106.0
79.19999694824219,5108.0,106.89372316002846,1785023166000.0,158.0,1.5579999685287476,-6.42974803224206,5115.0,79.19999694824219,119.0,7997.0498046875,99.5999984741211,79.0,5115.0,0.0,-0.13500000536441803,5115.0
79.19999694824219,5110.0,106.89370966516435,1785023168000.0,159.0,1.6139999628067017,-6.429775943979621,5117.0,79.19999694824219,119.0,8000.47998046875,100.0,79.0,5117.0,0.5,-0.003000000026077032,5117.0
79.19999694824219,5113.0,106.89368912950158,1785023171000.0,156.0,1.6419999599456787,-6.429813662543893,5120.0,79.19999694824219,122.0,8005.22998046875,100.80000305175781,78.0,5120.0,0.0,0.020999999716877937,5120.0
79.4000015258789,5115.0,106.89367446117103,1785023173000.0,154.0,1.6699999570846558,-6.429840819910169,5122.0,79.4000015258789,126.0,8008.6298828125,101.0,77.0,5122.0,0.0,0.02199999988079071,5122.0
79.4000015258789,5116.0,106.89367035403848,1785023174000.0,153.0,1.6699999570846558,-6.429855907335877,5123.0,79.4000015258789,129.0,8010.35986328125,101.19999694824219,76.0,5123.0,0.5,0.03999999910593033,5123.0
79.4000015258789,5118.0,106.89366364851594,1785023176000.0,154.0,1.6799999475479126,-6.429883148521185,5125.0,79.4000015258789,131.0,8013.4501953125,101.4000015258789,77.0,5125.0,0.0,0.03700000047683716,5125.0
80.0,5126.0,106.89363942481577,1785023184000.0,157.0,1.7259999513626099,-6.430004267022014,5133.0,80.0,132.0,8026.47021484375,101.80000305175781,78.0,5133.0,0.5,0.07599999755620956,5133.0
81.4000015258789,5134.0,106.89355971291661,1785023192000.0,160.0,1.7450000047683716,-6.430122200399637,5141.0,81.4000015258789,132.0,8042.10986328125,101.80000305175781,80.0,5141.0,0.0,0.17599999904632568,5141.0
82.80000305175781,5141.0,106.89352341927588,1785023199000.0,160.0,1.8289999961853027,-6.430233009159565,5148.0,82.80000305175781,132.0,8054.9599609375,101.5999984741211,80.0,5148.0,0.0,0.1809999942779541,5148.0
83.19999694824219,5146.0,106.89349483698606,1785023204000.0,160.0,1.875,-6.4303085301071405,5153.0,83.19999694824219,136.0,8063.89990234375,101.0,80.0,5153.0,0.0,0.09099999815225601,5153.0
83.4000015258789,5150.0,106.89347857609391,1785023208000.0,158.0,1.8849999904632568,-6.430372567847371,5157.0,83.4000015258789,139.0,8071.080078125,100.5999984741211,79.0,5157.0,0.0,0.057999998331069946,5157.0
83.80000305175781,5155.0,106.89345829188824,1785023213000.0,158.0,1.8940000534057617,-6.430457225069404,5162.0,83.80000305175781,142.0,8080.64990234375,100.19999694824219,79.0,5162.0,0.0,0.061000000685453415,5162.0
84.0,5159.0,106.89345024526119,1785023217000.0,158.0,1.9129999876022339,-6.430518580600619,5166.0,84.0,144.0,8087.5,100.0,79.0,5166.0,0.0,0.054999999701976776,5166.0
84.0,5167.0,106.8934016302228,1785023225000.0,156.0,1.9129999876022339,-6.430625868961215,5174.0,84.0,146.0,8100.3798828125,99.19999694824219,78.0,5174.0,0.0,0.00800000037997961,5174.0
84.0,5176.0,106.89333960413933,1785023234000.0,154.0,1.875,-6.430742545053363,5183.0,84.0,148.0,8115.3798828125,98.5999984741211,77.0,5183.0,0.0,0.0,5183.0
84.0,5177.0,106.89332644455135,1785023235000.0,159.0,1.8660000562667847,-6.430742796510458,5184.0,84.0,147.0,8116.81005859375,98.5999984741211,79.0,5184.0,0.5,0.0,5184.0
84.0,5178.0,106.89331755973399,1785023236000.0,159.0,1.8660000562667847,-6.430736845359206,5185.0,84.0,147.0,8117.97998046875,98.5999984741211,79.0,5185.0,0.5,0.0,5185.0
84.0,5181.0,106.89332091249526,1785023239000.0,157.0,1.8289999961853027,-6.430704239755869,5188.0,84.0,145.0,8121.580078125,98.80000305175781,78.0,5188.0,0.5,0.0,5188.0
84.0,5186.0,106.89331286586821,1785023244000.0,153.0,1.7450000047683716,-6.430640369653702,5193.0,84.0,142.0,8128.77978515625,99.5999984741211,76.0,5193.0,0.5,0.0,5193.0
84.0,5189.0,106.89331579953432,1785023247000.0,156.0,1.6419999599456787,-6.430593263357878,5196.0,84.0,141.0,8134.02001953125,100.0,78.0,5196.0,0.0,0.0,5196.0
83.5999984741211,5199.0,106.8933339882642,1785023257000.0,154.0,1.6699999570846558,-6.430440964177251,5206.0,83.5999984741211,141.0,8151.0400390625,100.5999984741211,77.0,5206.0,0.0,-0.03400000184774399,5206.0
83.19999694824219,5208.0,106.8933828547597,1785023266000.0,151.0,1.6799999475479126,-6.430309284478426,5215.0,83.19999694824219,140.0,8166.6201171875,101.19999694824219,75.0,5215.0,0.5,-0.04899999871850014,5215.0
81.80000305175781,5218.0,106.89341286197305,1785023276000.0,158.0,1.6799999475479126,-6.430164780467749,5225.0,81.80000305175781,139.0,8182.97998046875,101.19999694824219,79.0,5225.0,0.0,-0.1459999978542328,5225.0
81.19999694824219,5221.0,106.89342685975134,1785023279000.0,162.0,1.6799999475479126,-6.430125385522842,5228.0,81.19999694824219,135.0,8187.68017578125,100.5999984741211,81.0,5228.0,0.0,-0.20600000023841858,5228.0
80.80000305175781,5223.0,106.89344253391027,1785023281000.0,159.0,1.6799999475479126,-6.430103676393628,5230.0,80.80000305175781,132.0,8190.669921875,100.19999694824219,79.0,5230.0,0.5,-0.18400000035762787,5230.0
80.5999984741211,5224.0,106.89345116727054,1785023282000.0,157.0,1.6890000104904175,-6.43009009771049,5231.0,80.5999984741211,132.0,8192.4296875,100.0,78.0,5231.0,0.5,-0.16500000655651093,5231.0
80.4000015258789,5225.0,106.89345250837505,1785023283000.0,157.0,1.6890000104904175,-6.4300773572176695,5232.0,80.4000015258789,131.0,8193.849609375,99.80000305175781,78.0,5232.0,0.5,-0.17900000512599945,5232.0
79.4000015258789,5231.0,106.89348905347288,1785023289000.0,157.0,1.6699999570846558,-6.429992951452732,5238.0,79.4000015258789,132.0,8204.009765625,98.0,78.0,5238.0,0.5,-0.1809999942779541,5238.0
79.0,5238.0,106.89352107234299,1785023296000.0,154.0,1.6699999570846558,-6.429887507110834,5245.0,79.0,135.0,8216.0302734375,98.19999694824219,77.0,5245.0,0.0,-0.05700000002980232,5245.0
79.0,5239.0,106.8935274425894,1785023297000.0,154.0,1.6699999570846558,-6.4298726711422205,5246.0,79.0,135.0,8217.7900390625,98.19999694824219,77.0,5246.0,0.0,-0.029999999329447746,5246.0
78.5999984741211,5247.0,106.89357287250459,1785023305000.0,156.0,1.6890000104904175,-6.429741494357586,5254.0,78.5999984741211,136.0,8233.1201171875,98.19999694824219,78.0,5254.0,0.0,-0.039000000804662704,5254.0
78.5999984741211,5255.0,106.89353649504483,1785023313000.0,158.0,1.7170000076293945,-6.4296164363622665,5262.0,78.5999984741211,137.0,8248.5400390625,98.4000015258789,79.0,5262.0,0.0,0.004999999888241291,5262.0
78.0,5259.0,106.89348326995969,1785023317000.0,159.0,1.7259999513626099,-6.42959606833756,5266.0,78.0,140.0,8254.83984375,99.19999694824219,79.0,5266.0,0.5,-0.14800000190734863,5266.0
77.4000015258789,5266.0,106.89338486641645,1785023324000.0,156.0,1.7079999446868896,-6.429553907364607,5273.0,77.4000015258789,140.0,8266.6201171875,100.5999984741211,78.0,5273.0,0.0,-0.08399999886751175,5273.0
77.4000015258789,5275.0,106.89324287697673,1785023333000.0,156.0,1.6799999475479126,-6.429521553218365,5282.0,77.4000015258789,139.0,8282.740234375,104.19999694824219,78.0,5282.0,0.0,-0.013000000268220901,5282.0
77.4000015258789,5284.0,106.89313558861613,1785023342000.0,151.0,1.6699999570846558,-6.429482828825712,5291.0,77.4000015258789,139.0,8295.3896484375,107.5999984741211,75.0,5291.0,0.5,-0.004000000189989805,5291.0
77.19999694824219,5289.0,106.89307230524719,1785023347000.0,151.0,1.6610000133514404,-6.429456006735563,5296.0,77.19999694824219,139.0,8303.0498046875,108.0,75.0,5296.0,0.5,-0.017999999225139618,5296.0
77.19999694824219,5290.0,106.89306207932532,1785023348000.0,151.0,1.6519999504089355,-6.429452234879136,5297.0,77.19999694824219,139.0,8304.25,108.19999694824219,75.0,5297.0,0.5,-0.027000000700354576,5297.0
77.0,5297.0,106.89297289587557,1785023355000.0,155.0,1.6239999532699585,-6.429409487172961,5304.0,77.0,139.0,8315.3095703125,109.5999984741211,77.0,5304.0,0.5,-0.035999998450279236,5304.0
77.0,5298.0,106.89295822754502,1785023356000.0,154.0,1.6239999532699585,-6.429399512708187,5305.0,77.0,139.0,8317.26953125,109.5999984741211,77.0,5305.0,0.0,-0.035999998450279236,5305.0
76.80000305175781,5302.0,106.89290592446923,1785023360000.0,159.0,1.6050000190734863,-6.429360872134566,5309.0,76.80000305175781,136.0,8324.48046875,109.5999984741211,79.0,5309.0,0.5,-0.03500000014901161,5309.0
77.0,5309.0,106.89280953258276,1785023367000.0,153.0,1.6139999628067017,-6.429334972053766,5316.0,77.0,136.0,8335.3701171875,110.4000015258789,76.0,5316.0,0.5,0.026000000536441803,5316.0
77.0,5312.0,106.89276527613401,1785023370000.0,154.0,1.6239999532699585,-6.429324746131897,5319.0,77.0,137.0,8340.26953125,112.80000305175781,77.0,5319.0,0.0,0.04100000113248825,5319.0
77.0,5316.0,106.89272101968527,1785023374000.0,153.0,1.6239999532699585,-6.429281998425722,5323.0,77.0,136.0,8347.1396484375,115.19999694824219,76.0,5323.0,0.5,-0.026000000536441803,5323.0
76.80000305175781,5318.0,106.89271816983819,1785023376000.0,151.0,1.6239999532699585,-6.4292574394494295,5325.0,76.80000305175781,136.0,8349.83984375,116.19999694824219,75.0,5325.0,0.5,-0.08799999952316284,5325.0
76.5999984741211,5321.0,106.8927557207644,1785023379000.0,154.0,1.6239999532699585,-6.429223408922553,5328.0,76.5999984741211,135.0,8355.5,116.80000305175781,77.0,5328.0,0.0,-0.0820000022649765,5328.0
76.4000015258789,5329.0,106.89287742599845,1785023387000.0,156.0,1.6330000162124634,-6.42924620769918,5336.0,76.4000015258789,134.0,8369.509765625,114.0,78.0,5336.0,0.0,-0.019999999552965164,5336.0
76.4000015258789,5334.0,106.89294984564185,1785023392000.0,156.0,1.6239999532699585,-6.429256768897176,5341.0,76.4000015258789,131.0,8377.6201171875,111.0,78.0,5341.0,0.0,0.0010000000474974513,5341.0
76.4000015258789,5337.0,106.89299192279577,1785023395000.0,157.0,1.6139999628067017,-6.429256768897176,5344.0,76.4000015258789,130.0,8382.2900390625,110.0,78.0,5344.0,0.5,0.0,5344.0
76.4000015258789,5338.0,106.89300374127924,1785023396000.0,156.0,1.6139999628067017,-6.429263725876808,5345.0,76.4000015258789,130.0,8383.8095703125,109.5999984741211,78.0,5345.0,0.0,0.02500000037252903,5345.0
76.4000015258789,5340.0,106.89301924780011,1785023398000.0,156.0,1.6139999628067017,-6.429270431399345,5347.0,76.4000015258789,130.0,8385.51953125,109.19999694824219,78.0,5347.0,0.0,0.012000000104308128,5347.0
76.4000015258789,5341.0,106.89302637241781,1785023399000.0,156.0,1.6139999628067017,-6.42927311360836,5348.0,76.4000015258789,130.0,8386.349609375,109.19999694824219,78.0,5348.0,0.0,0.009999999776482582,5348.0
76.4000015258789,5347.0,106.89309359528124,1785023405000.0,112.0,1.3339999914169312,-6.429283674806356,5354.0,76.4000015258789,129.0,8393.900390625,107.5999984741211,56.0,5354.0,0.0,0.006000000052154064,5354.0
76.5999984741211,5348.0,106.893106168136,1785023406000.0,112.0,1.3619999885559082,-6.4292901288717985,5355.0,76.5999984741211,129.0,8395.400390625,107.4000015258789,56.0,5355.0,0.0,0.023000000044703484,5355.0
76.5999984741211,5351.0,106.89315042458475,1785023409000.0,118.0,1.409000039100647,-6.429309155791998,5358.0,76.5999984741211,129.0,8400.740234375,107.0,59.0,5358.0,0.0,0.023000000044703484,5358.0
76.80000305175781,5356.0,106.89320557750762,1785023414000.0,116.0,1.437000036239624,-6.42932734452188,5363.0,76.80000305175781,129.0,8407.0400390625,106.5999984741211,58.0,5363.0,0.0,0.041999999433755875,5363.0
76.80000305175781,5357.0,106.89321739599109,1785023415000.0,116.0,1.4179999828338623,-6.429332457482815,5364.0,76.80000305175781,129.0,8408.4501953125,106.5999984741211,58.0,5364.0,0.0,0.061000000685453415,5364.0
77.0,5365.0,106.8932803440839,1785023423000.0,115.0,1.1660000085830688,-6.429374869912863,5372.0,77.0,131.0,8416.9501953125,108.80000305175781,57.0,5372.0,0.5,0.017999999225139618,5372.0
77.0,5372.0,106.89336927607656,1785023430000.0,114.0,1.194000005722046,-6.429392891004682,5379.0,77.0,130.0,8426.990234375,111.5999984741211,57.0,5379.0,0.0,0.0,5379.0
77.4000015258789,5381.0,106.89349081367254,1785023439000.0,116.0,1.277999997138977,-6.42941870726645,5388.0,77.4000015258789,128.0,8440.73046875,113.19999694824219,58.0,5388.0,0.0,0.05299999937415123,5388.0
78.19999694824219,5387.0,106.89355786889791,1785023445000.0,115.0,1.305999994277954,-6.429429771378636,5394.0,78.19999694824219,130.0,8448.23046875,112.4000015258789,57.0,5394.0,0.5,0.13099999725818634,5394.0
78.80000305175781,5394.0,106.89363649114966,1785023452000.0,113.0,1.2970000505447388,-6.429384844377637,5401.0,78.80000305175781,128.0,8458.26953125,109.80000305175781,56.0,5401.0,0.5,0.07800000160932541,5401.0
79.0,5397.0,106.8936741258949,1785023455000.0,122.0,1.305999994277954,-6.4293605368584394,5404.0,79.0,125.0,8463.150390625,108.19999694824219,61.0,5404.0,0.0,0.07699999958276749,5404.0
79.19999694824219,5405.0,106.89374436624348,1785023463000.0,148.0,1.409000039100647,-6.429247800260782,5412.0,79.19999694824219,123.0,8477.76953125,105.19999694824219,74.0,5412.0,0.0,0.014999999664723873,5412.0
79.0,5409.0,106.89376280643046,1785023467000.0,151.0,1.465000033378601,-6.4291799906641245,5416.0,79.0,126.0,8485.5400390625,104.4000015258789,75.0,5416.0,0.5,-0.039000000804662704,5416.0
78.80000305175781,5416.0,106.89379440620542,1785023474000.0,151.0,1.5210000276565552,-6.429084688425064,5423.0,78.80000305175781,129.0,8496.6103515625,104.0,75.0,5423.0,0.5,-0.017000000923871994,5423.0
79.0,5425.0,106.8938316218555,1785023483000.0,151.0,1.5579999685287476,-6.428961306810379,5432.0,79.0,129.0,8510.83984375,103.5999984741211,75.0,5432.0,0.5,0.006000000052154064,5432.0
79.19999694824219,5433.0,106.8938728608191,1785023491000.0,156.0,1.5770000219345093,-6.428855359554291,5440.0,79.19999694824219,128.0,8523.509765625,103.5999984741211,78.0,5440.0,0.0,0.027000000700354576,5440.0
79.0,5441.0,106.89390052109957,1785023499000.0,154.0,1.6050000190734863,-6.428720243275166,5448.0,79.0,130.0,8538.8896484375,103.4000015258789,77.0,5448.0,0.0,-0.010999999940395355,5448.0
79.4000015258789,5448.0,106.89393823966384,1785023506000.0,156.0,1.6419999599456787,-6.428614798933268,5455.0,79.4000015258789,133.0,8551.3701171875,103.5999984741211,78.0,5455.0,0.0,0.041999999433755875,5455.0
79.4000015258789,5450.0,106.89395114779472,1785023508000.0,154.0,1.6519999504089355,-6.428588731214404,5457.0,79.4000015258789,133.0,8554.5595703125,103.80000305175781,77.0,5457.0,0.0,0.07000000029802322,5457.0
80.19999694824219,5460.0,106.89401434734464,1785023518000.0,158.0,1.6799999475479126,-6.428441628813744,5467.0,80.19999694824219,135.0,8572.2900390625,102.80000305175781,79.0,5467.0,0.0,0.06199999898672104,5467.0
80.4000015258789,5468.0,106.89405608922243,1785023526000.0,156.0,1.7079999446868896,-6.42831732518971,5475.0,80.4000015258789,136.0,8586.7998046875,102.5999984741211,78.0,5475.0,0.0,0.03799999877810478,5475.0
80.0,5475.0,106.89408232457936,1785023533000.0,158.0,1.7259999513626099,-6.428211126476526,5482.0,80.0,139.0,8598.919921875,103.19999694824219,79.0,5482.0,0.0,-0.0689999982714653,5482.0
79.5999984741211,5482.0,106.89411325380206,1785023540000.0,160.0,1.7450000047683716,-6.428097048774362,5489.0,79.5999984741211,138.0,8612.01953125,102.4000015258789,80.0,5489.0,0.0,-0.0430000014603138,5489.0
79.4000015258789,5487.0,106.89411140978336,1785023545000.0,160.0,1.753999948501587,-6.428022030740976,5494.0,79.4000015258789,135.0,8620.48046875,101.0,80.0,5494.0,0.0,-0.054999999701976776,5494.0
79.19999694824219,5488.0,106.89409757964313,1785023546000.0,160.0,1.753999948501587,-6.4280119724571705,5495.0,79.19999694824219,135.0,8622.3603515625,100.5999984741211,80.0,5495.0,0.0,-0.0860000029206276,5495.0
79.19999694824219,5489.0,106.89407704398036,1785023547000.0,160.0,1.753999948501587,-6.428007865324616,5496.0,79.19999694824219,135.0,8624.6396484375,100.19999694824219,80.0,5496.0,0.0,-0.08900000154972076,5496.0
78.5999984741211,5496.0,106.89395383000374,1785023554000.0,160.0,1.781999945640564,-6.427979534491897,5503.0,78.5999984741211,136.0,8638.740234375,97.80000305175781,80.0,5503.0,0.0,-0.07199999690055847,5503.0
78.5999984741211,5497.0,106.89393773674965,1785023555000.0,160.0,1.781999945640564,-6.4279786963015795,5504.0,78.5999984741211,136.0,8640.51953125,98.0,80.0,5504.0,0.0,-0.11599999666213989,5504.0
78.19999694824219,5501.0,106.89387621358037,1785023559000.0,156.0,1.8009999990463257,-6.427962854504585,5508.0,78.19999694824219,138.0,8647.5302734375,100.19999694824219,78.0,5508.0,0.0,-0.11100000143051147,5508.0
77.80000305175781,5503.0,106.89383975230157,1785023561000.0,158.0,1.8009999990463257,-6.427958831191063,5510.0,77.80000305175781,141.0,8651.4296875,101.0,79.0,5510.0,0.0,-0.13099999725818634,5510.0
77.80000305175781,5507.0,106.89378811977804,1785023565000.0,158.0,1.8009999990463257,-6.427929578348994,5514.0,77.80000305175781,144.0,8658.01953125,103.19999694824219,79.0,5514.0,0.0,-0.024000000208616257,5514.0
78.0,5509.0,106.89377378672361,1785023567000.0,156.0,1.8009999990463257,-6.42790493555367,5516.0,78.0,146.0,8661.1904296875,104.19999694824219,78.0,5516.0,0.0,0.08900000154972076,5516.0
78.0,5510.0,106.89377889968455,1785023568000.0,157.0,1.8009999990463257,-6.427893117070198,5517.0,78.0,145.0,8662.6103515625,104.4000015258789,78.0,5517.0,0.5,0.08500000089406967,5517.0
78.19999694824219,5513.0,106.89382147975266,1785023571000.0,154.0,1.7910000085830688,-6.427878867834806,5520.0,78.19999694824219,144.0,8667.509765625,104.80000305175781,77.0,5520.0,0.0,0.03400000184774399,5520.0
78.0,5517.0,106.89386724494398,1785023575000.0,149.0,1.7730000019073486,-6.427893536165357,5524.0,78.0,141.0,8672.8603515625,104.80000305175781,74.0,5524.0,0.5,-0.017999999225139618,5524.0
78.4000015258789,5521.0,106.89390680752695,1785023579000.0,149.0,1.7359999418258667,-6.427903091534972,5528.0,78.4000015258789,140.0,8677.240234375,105.4000015258789,74.0,5528.0,0.5,0.07100000232458115,5528.0
79.0,5529.0,106.89406220801175,1785023587000.0,147.0,1.6890000104904175,-6.427973583340645,5536.0,79.0,140.0,8696.080078125,107.4000015258789,73.0,5536.0,0.5,0.08299999684095383,5536.0
79.4000015258789,5537.0,106.89415038563311,1785023595000.0,149.0,1.6610000133514404,-6.427997890859842,5544.0,79.4000015258789,141.0,8706.400390625,108.80000305175781,74.0,5544.0,0.5,0.050999999046325684,5544.0
79.4000015258789,5539.0,106.89417460933328,1785023597000.0,151.0,1.6519999504089355,-6.4279907662421465,5546.0,79.4000015258789,140.0,8709.1904296875,108.80000305175781,75.0,5546.0,0.5,0.03099999949336052,5546.0
79.4000015258789,5544.0,106.89421744085848,1785023602000.0,148.0,1.5959999561309814,-6.427941480651498,5551.0,79.4000015258789,140.0,8716.3896484375,108.0,74.0,5551.0,0.0,-0.004999999888241291,5551.0
79.0,5555.0,106.89427661709487,1785023613000.0,153.0,1.5679999589920044,-6.427785577252507,5562.0,79.0,140.0,8734.83984375,106.0,76.0,5562.0,0.5,-0.03200000151991844,5562.0
79.0,5556.0,106.89428256824613,1785023614000.0,153.0,1.5770000219345093,-6.42777593806386,5563.0,79.0,140.0,8736.080078125,105.80000305175781,76.0,5563.0,0.5,-0.0560000017285347,5563.0
78.80000305175781,5560.0,106.89430117607117,1785023618000.0,153.0,1.6139999628067017,-6.427731178700924,5567.0,78.80000305175781,140.0,8741.4501953125,105.0,76.0,5567.0,0.5,-0.05700000002980232,5567.0
78.19999694824219,5569.0,106.89433327876031,1785023627000.0,154.0,1.5679999589920044,-6.427612071856856,5576.0,78.19999694824219,140.0,8755.099609375,101.5999984741211,77.0,5576.0,0.0,-0.05999999865889549,5576.0
77.5999984741211,5578.0,106.89435934647918,1785023636000.0,156.0,1.5679999589920044,-6.42747251316905,5585.0,77.5999984741211,141.0,8770.9296875,99.4000015258789,78.0,5585.0,0.0,-0.06599999964237213,5585.0
77.0,5588.0,106.89440821297467,1785023646000.0,153.0,1.6050000190734863,-6.427333876490593,5595.0,77.0,140.0,8787.150390625,98.0,76.0,5595.0,0.5,-0.06700000166893005,5595.0
76.5999984741211,5596.0,106.89442531205714,1785023654000.0,147.0,1.6139999628067017,-6.427232287824154,5603.0,76.5999984741211,138.0,8798.6103515625,97.80000305175781,73.0,5603.0,0.5,-0.05299999937415123,5603.0
75.80000305175781,5607.0,106.89444190822542,1785023665000.0,153.0,1.6239999532699585,-6.42706205137074,5614.0,75.80000305175781,137.0,8817.599609375,97.80000305175781,76.0,5614.0,0.5,-0.061000000685453415,5614.0
75.4000015258789,5617.0,106.8944392260164,1785023675000.0,153.0,1.6699999570846558,-6.426912350580096,5624.0,75.4000015258789,139.0,8834.240234375,97.5999984741211,76.0,5624.0,0.5,-0.04899999871850014,5624.0
75.4000015258789,5620.0,106.89444098621607,1785023678000.0,153.0,1.6799999475479126,-6.426863567903638,5627.0,75.4000015258789,139.0,8839.740234375,97.5999984741211,76.0,5627.0,0.5,-0.0020000000949949026,5627.0
75.19999694824219,5623.0,106.89448901452124,1785023681000.0,154.0,1.6890000104904175,-6.426833476871252,5630.0,75.19999694824219,137.0,8846.1201171875,97.80000305175781,77.0,5630.0,0.0,-0.057999998331069946,5630.0
75.0,5628.0,106.89456202089787,1785023686000.0,156.0,1.7450000047683716,-6.426804643124342,5635.0,75.0,135.0,8854.91015625,99.0,78.0,5635.0,0.0,-0.06400000303983688,5635.0
74.80000305175781,5630.0,106.89456612803042,1785023688000.0,158.0,1.7730000019073486,-6.426774552091956,5637.0,74.80000305175781,134.0,8858.25,99.19999694824219,79.0,5637.0,0.0,-0.02199999988079071,5637.0
75.0,5636.0,106.89455372281373,1785023694000.0,159.0,1.819000005722046,-6.4266755618155,5643.0,75.0,137.0,8869.3095703125,99.19999694824219,79.0,5643.0,0.5,0.02199999988079071,5643.0
75.0,5639.0,106.8945533875376,1785023697000.0,157.0,1.8289999961853027,-6.426641279831529,5646.0,75.0,139.0,8873.1201171875,99.0,78.0,5646.0,0.5,0.006000000052154064,5646.0
75.4000015258789,5649.0,106.89454793930054,1785023707000.0,0.0,1.7640000581741333,-6.426511276513338,5656.0,75.4000015258789,140.0,8887.599609375,98.19999694824219,0.0,5656.0,0.0,0.04699999839067459,5656.0
76.0,5660.0,106.89452480524778,1785023718000.0,38.0,1.6610000133514404,-6.4263880625367165,5667.0,76.0,138.0,8901.4599609375,96.80000305175781,19.0,5667.0,0.0,0.03999999910593033,5667.0
75.5999984741211,5670.0,106.89449965953827,1785023728000.0,114.0,1.343999981880188,-6.426259484142065,5677.0,75.5999984741211,136.0,8915.900390625,95.5999984741211,57.0,5677.0,0.0,-0.03200000151991844,5677.0
75.19999694824219,5679.0,106.89449345692992,1785023737000.0,113.0,1.38100004196167,-6.426160661503673,5686.0,75.19999694824219,134.0,8926.919921875,94.0,56.0,5686.0,0.5,-0.03999999910593033,5686.0
76.0,5685.0,106.89445816911757,1785023743000.0,111.0,1.3619999885559082,-6.426086062565446,5692.0,76.0,130.0,8936.0400390625,94.19999694824219,55.0,5692.0,0.5,0.12800000607967377,5692.0
76.0,5689.0,106.89444048330188,1785023747000.0,116.0,1.371999979019165,-6.42603250220418,5696.0,76.0,128.0,8942.2998046875,94.5999984741211,58.0,5696.0,0.0,0.0,5696.0
76.19999694824219,5701.0,106.89441776834428,1785023759000.0,154.0,1.5859999656677246,-6.425867211073637,5708.0,76.19999694824219,127.0,8960.849609375,94.5999984741211,77.0,5708.0,0.0,0.019999999552965164,5708.0
77.80000305175781,5709.0,106.89434291794896,1785023767000.0,149.0,1.6419999599456787,-6.425778279080987,5716.0,77.80000305175781,126.0,8973.7998046875,95.19999694824219,74.0,5716.0,0.5,0.19300000369548798,5716.0
78.19999694824219,5715.0,106.89431726932526,1785023773000.0,149.0,1.6419999599456787,-6.425697058439255,5722.0,78.19999694824219,126.0,8984.150390625,95.80000305175781,74.0,5722.0,0.5,0.07699999958276749,5722.0
77.80000305175781,5719.0,106.89433914609253,1785023777000.0,149.0,1.6419999599456787,-6.42564064823091,5726.0,77.80000305175781,123.0,8990.8603515625,96.5999984741211,74.0,5726.0,0.5,-0.09799999743700027,5726.0
77.0,5723.0,106.89438365399837,1785023781000.0,151.0,1.6519999504089355,-6.425590943545103,5730.0,77.0,124.0,8998.25,97.0,75.0,5730.0,0.5,-0.20000000298023224,5730.0
76.80000305175781,5724.0,106.89439848996699,1785023782000.0,152.0,1.6519999504089355,-6.425581136718392,5731.0,76.80000305175781,124.0,9000.2099609375,97.0,76.0,5731.0,0.0,-0.2669999897480011,5731.0
75.80000305175781,5728.0,106.89445716328919,1785023786000.0,154.0,1.6519999504089355,-6.425549620762467,5735.0,75.80000305175781,125.0,9007.5703125,97.0,77.0,5735.0,0.0,-0.2639999985694885,5735.0
