directRunCadence,directLongitude,directTimestamp,directLatitude,sumDistance,directDoubleCadence,sumElapsedDuration,sumMovingDuration,directElevation,directSpeed,directHeartRate,sumDuration,directCorrectedElevation,directUncorrectedElevation,directFractionalCadence,directVerticalSpeed,elapsed_s
0.0,106.89378929324448,1788909275000.0,-6.429330362007022,0.07999999821186066,0.0,0.0,0.0,80.5999984741211,0.0,81.0,0.0,80.5999984741211,106.4000015258789,0.0,,0.0
0.0,106.89378920942545,1788909276000.0,-6.429333379492164,0.4000000059604645,0.0,1.0,0.0,80.5999984741211,0.0,81.0,1.0,80.5999984741211,106.4000015258789,0.0,0.019999999552965164,1.0
0.0,106.89378862269223,1788909277000.0,-6.429337067529559,0.8100000023841858,0.0,2.0,0.0,80.5999984741211,0.0,84.0,2.0,80.5999984741211,106.4000015258789,0.0,0.01600000075995922,2.0
0.0,106.89378677867353,1788909278000.0,-6.429341929033399,1.3600000143051147,0.0,3.0,0.0,80.5999984741211,0.0,81.0,3.0,80.5999984741211,106.19999694824219,0.0,0.0020000000949949026,3.0
0.0,106.89376037567854,1788909280000.0,-6.429379899054766,6.420000076293945,0.0,5.0,0.0,80.4000015258789,0.0,81.0,5.0,80.4000015258789,106.19999694824219,0.0,-0.10100000351667404,5.0
80.0,106.89374729990959,1788909281000.0,-6.429395657032728,8.630000114440918,161.0,6.0,0.0,80.19999694824219,0.0,84.0,6.0,80.19999694824219,106.19999694824219,0.5,-0.12200000137090683,6.0
81.0,106.89373414032161,1788909283000.0,-6.429436979815364,13.40999984741211,162.0,8.0,2.0,80.19999694824219,1.2039999961853027,85.0,8.0,80.19999694824219,106.0,0.0,-0.05999999865889549,8.0
82.0,106.89372022636235,1788909286000.0,-6.4295125007629395,21.90999984741211,165.0,11.0,5.0,79.5999984741211,1.8009999990463257,88.0,11.0,79.5999984741211,106.19999694824219,0.5,-0.15700000524520874,11.0
83.0,106.89372215420008,1788909287000.0,-6.429540328681469,24.989999771118164,166.0,12.0,6.0,79.5999984741211,1.7450000047683716,91.0,12.0,79.5999984741211,106.19999694824219,0.0,-0.07500000298023224,12.0
83.0,106.89371829852462,1788909289000.0,-6.42958827316761,30.260000228881836,166.0,14.0,8.0,79.4000015258789,1.809999942779541,94.0,14.0,79.4000015258789,106.0,0.0,-0.10199999809265137,14.0
83.0,106.89371385611594,1788909290000.0,-6.429605120792985,32.18000030517578,166.0,15.0,9.0,79.4000015258789,1.940999984741211,98.0,15.0,79.4000015258789,106.0,0.0,-0.07699999958276749,15.0
83.0,106.89370513893664,1788909291000.0,-6.429628087207675,34.88999938964844,166.0,16.0,10.0,79.19999694824219,2.071000099182129,103.0,16.0,79.19999694824219,105.80000305175781,0.0,-0.11400000005960464,16.0
83.0,106.89369533210993,1788909292000.0,-6.429648622870445,37.400001525878906,166.0,17.0,11.0,79.19999694824219,2.13700008392334,107.0,17.0,79.19999694824219,105.4000015258789,0.0,-0.10899999737739563,17.0
83.0,106.89368334598839,1788909293000.0,-6.429666979238391,39.81999969482422,166.0,18.0,12.0,79.0,2.183000087738037,109.0,18.0,79.0,105.0,0.0,-0.10899999737739563,18.0
83.0,106.89368074759841,1788909294000.0,-6.429683575406671,41.650001525878906,166.0,19.0,13.0,79.0,2.2109999656677246,107.0,19.0,79.0,104.5999984741211,0.0,-0.0689999982714653,19.0
83.0,106.89367655664682,1788909295000.0,-6.429703691974282,43.91999816894531,166.0,20.0,14.0,78.80000305175781,2.2300000190734863,111.0,20.0,78.80000305175781,104.0,0.0,-0.07999999821186066,20.0
83.0,106.89366817474365,1788909296000.0,-6.4297212939709425,46.060001373291016,166.0,21.0,15.0,78.80000305175781,2.2300000190734863,112.0,21.0,78.80000305175781,103.5999984741211,0.0,0.032999999821186066,21.0
82.0,106.8936487287283,1788909298000.0,-6.429761527106166,51.0,165.0,23.0,17.0,79.0,2.2019999027252197,113.0,23.0,79.0,103.0,0.5,0.03700000047683716,23.0
82.0,106.89361637458205,1788909301000.0,-6.4298067055642605,57.209999084472656,165.0,26.0,20.0,79.0,2.2109999656677246,115.0,26.0,79.0,102.4000015258789,0.5,0.014999999664723873,26.0
82.0,106.89360111951828,1788909303000.0,-6.429835287854075,60.900001525878906,165.0,28.0,22.0,79.0,2.2209999561309814,114.0,28.0,79.0,102.0,0.5,0.024000000208616257,28.0
82.0,106.89356323331594,1788909309000.0,-6.429969649761915,76.30000305175781,165.0,34.0,28.0,79.4000015258789,2.2109999656677246,114.0,34.0,79.4000015258789,101.0,0.5,0.057999998331069946,34.0
82.0,106.89355577342212,1788909312000.0,-6.43002656288445,82.5999984741211,164.0,37.0,31.0,80.0,2.2019999027252197,117.0,37.0,80.0,101.80000305175781,0.0,0.22499999403953552,37.0
81.0,106.89354420639575,1788909313000.0,-6.430048523470759,85.33999633789062,163.0,38.0,32.0,80.4000015258789,2.183000087738037,118.0,38.0,80.4000015258789,102.4000015258789,0.5,0.2750000059604645,38.0
81.0,106.8935240060091,1788909314000.0,-6.430067466571927,88.37000274658203,163.0,39.0,33.0,80.5999984741211,2.1740000247955322,119.0,39.0,80.5999984741211,103.0,0.5,0.20000000298023224,39.0
82.0,106.89349777065217,1788909317000.0,-6.430138712748885,96.87000274658203,165.0,42.0,36.0,81.4000015258789,2.183000087738037,122.0,42.0,81.4000015258789,104.4000015258789,0.5,0.3100000023841858,42.0
82.0,106.89347832463682,1788909320000.0,-6.4302110485732555,105.2300033569336,165.0,45.0,39.0,82.4000015258789,2.239000082015991,125.0,45.0,82.4000015258789,105.19999694824219,0.5,0.3240000009536743,45.0
81.0,106.89346784725785,1788909323000.0,-6.430281791836023,113.22000122070312,163.0,48.0,42.0,83.0,2.2209999561309814,128.0,48.0,83.0,105.5999984741211,0.5,0.21199999749660492,48.0
82.0,106.8934499938041,1788909327000.0,-6.430364856496453,122.69000244140625,165.0,52.0,46.0,83.4000015258789,2.2669999599456787,131.0,52.0,83.4000015258789,105.80000305175781,0.5,0.07500000298023224,52.0
82.0,106.89344546757638,1788909332000.0,-6.430466193705797,133.86000061035156,165.0,57.0,51.0,83.80000305175781,2.2860000133514404,133.0,57.0,83.80000305175781,105.4000015258789,0.5,0.0729999989271164,57.0
81.0,106.8933997862041,1788909339000.0,-6.430647494271398,155.4199981689453,163.0,64.0,58.0,84.0,2.3329999446868896,135.0,64.0,84.0,106.19999694824219,0.5,0.035999998450279236,64.0
82.0,106.89335435628891,1788909346000.0,-6.4307992067188025,173.39999389648438,165.0,71.0,65.0,84.0,2.3510000705718994,137.0,71.0,84.0,109.19999694824219,0.5,0.0,71.0
81.0,106.89327824860811,1788909356000.0,-6.430985955521464,195.6300048828125,163.0,81.0,75.0,84.5999984741211,2.2950000762939453,139.0,81.0,84.5999984741211,107.4000015258789,0.5,0.06499999761581421,81.0
81.0,106.8932718783617,1788909357000.0,-6.43101361580193,198.75999450683594,163.0,82.0,76.0,84.80000305175781,2.257999897003174,139.0,82.0,84.80000305175781,107.0,0.5,0.17599999904632568,82.0
81.0,106.89321622252464,1788909367000.0,-6.431190390139818,219.42999267578125,163.0,92.0,86.0,85.80000305175781,2.0899999141693115,140.0,92.0,85.80000305175781,102.5999984741211,0.5,0.10700000077486038,92.0
81.0,106.89320088364184,1788909368000.0,-6.431212183088064,222.27999877929688,163.0,93.0,87.0,86.0,2.071000099182129,140.0,93.0,86.0,102.5999984741211,0.5,0.10199999809265137,93.0
81.0,106.89315176568925,1788909377000.0,-6.431334726512432,236.82000732421875,162.0,102.0,96.0,86.80000305175781,1.8569999933242798,140.0,102.0,86.80000305175781,102.19999694824219,0.0,0.08900000154972076,102.0
82.0,106.89308320172131,1788909388000.0,-6.431517032906413,258.4200134277344,164.0,113.0,107.0,87.5999984741211,1.7730000019073486,138.0,113.0,87.5999984741211,99.80000305175781,0.0,0.07199999690055847,113.0
81.0,106.89302645623684,1788909399000.0,-6.431704619899392,280.2099914550781,163.0,124.0,118.0,87.5999984741211,1.7910000085830688,140.0,124.0,87.5999984741211,100.0,0.5,0.0,124.0
81.0,106.89295194111764,1788909409000.0,-6.431897822767496,303.260009765625,163.0,134.0,128.0,86.80000305175781,1.809999942779541,140.0,134.0,86.80000305175781,99.5999984741211,0.5,-0.07199999690055847,134.0
81.0,106.89288161695004,1788909420000.0,-6.432084906846285,325.4100036621094,162.0,145.0,139.0,87.5999984741211,1.8380000591278076,138.0,145.0,87.5999984741211,101.80000305175781,0.0,0.06800000369548798,145.0
81.0,106.89281556755304,1788909429000.0,-6.432223543524742,342.4599914550781,162.0,154.0,148.0,88.4000015258789,1.8660000562667847,138.0,154.0,88.4000015258789,101.0,0.0,0.09200000017881393,154.0
82.0,106.89274096861482,1788909438000.0,-6.4323698077350855,360.6600036621094,164.0,163.0,157.0,88.5999984741211,1.9220000505447388,138.0,163.0,88.5999984741211,100.80000305175781,0.0,0.017999999225139618,163.0
82.0,106.89269193448126,1788909447000.0,-6.432561669498682,382.4599914550781,164.0,172.0,166.0,89.5999984741211,1.9129999876022339,135.0,172.0,89.5999984741211,105.4000015258789,0.0,0.10899999737739563,172.0
81.0,106.89261239022017,1788909457000.0,-6.432751519605517,405.1400146484375,163.0,182.0,176.0,91.0,1.8940000534057617,136.0,182.0,91.0,104.80000305175781,0.5,0.13699999451637268,182.0
81.0,106.8926087860018,1788909458000.0,-6.432767445221543,406.9100036621094,163.0,183.0,177.0,91.0,1.9129999876022339,135.0,183.0,91.0,104.80000305175781,0.5,0.08299999684095383,183.0
81.0,106.89260669052601,1788909459000.0,-6.4327918365597725,409.5299987792969,163.0,184.0,178.0,91.19999694824219,1.940999984741211,138.0,184.0,91.19999694824219,105.0,0.5,0.0729999989271164,184.0
84.0,106.89256092533469,1788909467000.0,-6.432976741343737,430.6600036621094,168.0,192.0,186.0,91.4000015258789,2.0339999198913574,139.0,192.0,91.4000015258789,107.0,0.0,0.041999999433755875,192.0
84.0,106.89255690202117,1788909468000.0,-6.432995181530714,432.7300109863281,168.0,193.0,187.0,91.4000015258789,2.0339999198913574,139.0,193.0,91.4000015258789,107.4000015258789,0.0,0.03700000047683716,193.0
81.0,106.89255363307893,1788909478000.0,-6.433147396892309,449.8800048828125,162.0,203.0,197.0,91.19999694824219,2.0429999828338623,138.0,203.0,91.19999694824219,106.4000015258789,0.0,-0.027000000700354576,203.0
79.0,106.89257869496942,1788909487000.0,-6.433259379118681,462.5899963378906,158.0,212.0,206.0,91.0,1.875,140.0,212.0,91.0,100.4000015258789,0.0,-0.02500000037252903,212.0
80.0,106.89260040409863,1788909496000.0,-6.433404386043549,478.75,160.0,221.0,215.0,91.0,1.819000005722046,139.0,221.0,91.0,100.0,0.0,-0.004999999888241291,221.0
78.0,106.89261557534337,1788909503000.0,-6.433512596413493,490.8599853515625,156.0,228.0,222.0,91.0,1.8289999961853027,136.0,228.0,91.0,99.5999984741211,0.0,0.012000000104308128,228.0
81.0,106.89262194558978,1788909507000.0,-6.433582166209817,498.5899963378906,162.0,232.0,226.0,91.0,1.819000005722046,137.0,232.0,91.0,98.4000015258789,0.0,0.004000000189989805,232.0
81.0,106.89259034581482,1788909517000.0,-6.433749133720994,517.6699829101562,162.0,242.0,236.0,91.0,1.847000002861023,139.0,242.0,91.0,97.5999984741211,0.0,-0.010999999940395355,242.0
78.0,106.89254525117576,1788909526000.0,-6.4338697493076324,531.8099975585938,157.0,251.0,245.0,90.80000305175781,1.819000005722046,139.0,251.0,90.80000305175781,99.19999694824219,0.5,-0.017999999225139618,251.0
80.0,106.89248858951032,1788909537000.0,-6.434044847264886,552.1699829101562,160.0,262.0,256.0,92.80000305175781,1.7910000085830688,139.0,262.0,92.80000305175781,101.0,0.0,0.17800000309944153,262.0
79.0,106.89247677102685,1788909539000.0,-6.434073932468891,555.6400146484375,159.0,264.0,258.0,93.0,1.8009999990463257,138.0,264.0,93.0,101.0,0.5,0.08500000089406967,264.0
80.0,106.89242991618812,1788909550000.0,-6.434250874444842,575.9299926757812,161.0,275.0,269.0,94.4000015258789,1.8289999961853027,138.0,275.0,94.4000015258789,101.80000305175781,0.5,0.12800000607967377,275.0
81.0,106.89242136664689,1788909552000.0,-6.434279875829816,579.3699951171875,163.0,277.0,271.0,94.5999984741211,1.8380000591278076,139.0,277.0,94.5999984741211,101.80000305175781,0.5,0.16599999368190765,277.0
81.0,106.89234525896609,1788909559000.0,-6.434363778680563,591.8699951171875,163.0,284.0,278.0,96.4000015258789,1.8660000562667847,137.0,284.0,96.4000015258789,101.4000015258789,0.5,0.24300000071525574,284.0
78.0,106.89226781018078,1788909567000.0,-6.434439467266202,603.739990234375,157.0,292.0,286.0,97.5999984741211,1.8289999961853027,139.0,292.0,97.5999984741211,101.0,0.5,0.16699999570846558,292.0
77.0,106.89217921346426,1788909574000.0,-6.434534350410104,618.0999755859375,155.0,299.0,293.0,98.5999984741211,1.781999945640564,138.0,299.0,98.5999984741211,102.80000305175781,0.5,0.13699999451637268,299.0
80.0,106.89206689596176,1788909582000.0,-6.43465144559741,636.1199951171875,161.0,307.0,301.0,99.80000305175781,1.809999942779541,135.0,307.0,99.80000305175781,109.4000015258789,0.5,0.15199999511241913,307.0
80.0,106.89205700531602,1788909583000.0,-6.434662090614438,637.719970703125,161.0,308.0,302.0,100.0,1.8289999961853027,135.0,308.0,100.0,110.19999694824219,0.5,0.10700000077486038,308.0
83.0,106.89197553321719,1788909589000.0,-6.43474574200809,650.6900024414062,167.0,314.0,308.0,99.80000305175781,2.193000078201294,138.0,314.0,99.80000305175781,112.80000305175781,0.5,-0.014999999664723873,314.0
83.0,106.891901018098,1788909594000.0,-6.434847163036466,664.469970703125,167.0,319.0,313.0,100.0,2.369999885559082,140.0,319.0,100.0,113.4000015258789,0.5,0.01899999938905239,319.0
83.0,106.89183396287262,1788909599000.0,-6.434927796944976,676.030029296875,167.0,324.0,318.0,100.0,2.4730000495910645,143.0,324.0,100.0,113.0,0.5,0.007000000216066837,324.0
83.0,106.8917871080339,1788909602000.0,-6.434982195496559,683.9600219726562,167.0,327.0,321.0,100.0,2.556999921798706,142.0,327.0,100.0,112.19999694824219,0.5,0.0010000000474974513,327.0
84.0,106.8916830047965,1788909609000.0,-6.435077581554651,699.5999755859375,168.0,334.0,328.0,100.80000305175781,2.5940001010894775,144.0,334.0,100.80000305175781,110.0,0.0,0.10100000351667404,334.0
81.0,106.8915397580713,1788909619000.0,-6.435204232111573,720.530029296875,163.0,344.0,338.0,101.5999984741211,2.3889999389648438,145.0,344.0,101.5999984741211,106.4000015258789,0.5,0.07900000363588333,344.0
82.0,106.89152299426496,1788909620000.0,-6.435212781652808,722.5499877929688,165.0,345.0,339.0,101.5999984741211,2.378999948501587,146.0,345.0,101.5999984741211,106.4000015258789,0.5,0.0020000000949949026,345.0
81.0,106.89136474393308,1788909629000.0,-6.435285620391369,741.969970703125,162.0,354.0,348.0,100.4000015258789,2.322999954223633,146.0,354.0,100.4000015258789,107.19999694824219,0.0,-0.12700000405311584,354.0
81.0,106.89122116193175,1788909636000.0,-6.4353458024561405,759.1900024414062,162.0,361.0,355.0,99.0,2.2950000762939453,146.0,361.0,99.0,107.80000305175781,0.0,-0.20200000703334808,361.0
82.0,106.89106274396181,1788909645000.0,-6.4354076609015465,778.1099853515625,165.0,370.0,364.0,96.80000305175781,2.313999891281128,148.0,370.0,96.80000305175781,107.4000015258789,0.5,-0.23800000548362732,370.0
82.0,106.89091958105564,1788909653000.0,-6.435457533225417,794.8699951171875,165.0,378.0,372.0,95.4000015258789,2.257999897003174,146.0,378.0,95.4000015258789,106.5999984741211,0.5,-0.18299999833106995,378.0
81.0,106.89075395464897,1788909662000.0,-6.435526264831424,814.719970703125,162.0,387.0,381.0,95.19999694824219,2.2300000190734863,147.0,387.0,95.19999694824219,106.5999984741211,0.0,-0.010999999940395355,387.0
82.0,106.89058296382427,1788909671000.0,-6.435598265379667,835.239990234375,165.0,396.0,390.0,95.19999694824219,2.2109999656677246,149.0,396.0,95.19999694824219,105.80000305175781,0.5,-0.010999999940395355,396.0
82.0,106.89056762494147,1788909672000.0,-6.435600612312555,836.9299926757812,165.0,397.0,391.0,95.19999694824219,2.2109999656677246,150.0,397.0,95.19999694824219,105.5999984741211,0.5,-0.03799999877810478,397.0
81.0,106.8904413934797,1788909680000.0,-6.43565165810287,852.02001953125,162.0,405.0,399.0,95.0,2.1740000247955322,150.0,405.0,95.0,106.19999694824219,0.0,-0.010999999940395355,405.0
80.0,106.8903174251318,1788909688000.0,-6.435711672529578,867.2999877929688,160.0,413.0,407.0,95.5999984741211,2.1089999675750732,149.0,413.0,95.5999984741211,108.80000305175781,0.0,0.05999999865889549,413.0
82.0,106.89021985977888,1788909696000.0,-6.435826672241092,884.0700073242188,164.0,421.0,415.0,96.5999984741211,2.071000099182129,146.0,421.0,96.5999984741211,108.19999694824219,0.0,0.1469999998807907,421.0
82.0,106.89015766605735,1788909704000.0,-6.435966063290834,900.9099731445312,164.0,429.0,423.0,98.0,2.052999973297119,145.0,429.0,98.0,107.5999984741211,0.0,0.15299999713897705,429.0
81.0,106.89010385423899,1788909712000.0,-6.436129258945584,919.8599853515625,163.0,437.0,431.0,99.0,2.0339999198913574,144.0,437.0,99.0,106.5999984741211,0.5,0.13099999725818634,437.0
80.0,106.89003637991846,1788909722000.0,-6.436304859817028,940.6599731445312,160.0,447.0,441.0,98.19999694824219,2.0429999828338623,145.0,447.0,98.19999694824219,109.19999694824219,0.0,-0.0729999989271164,447.0
83.0,106.88999799080193,1788909729000.0,-6.436430336907506,955.1400146484375,167.0,454.0,448.0,97.5999984741211,2.052999973297119,146.0,454.0,97.5999984741211,109.80000305175781,0.5,-0.09000000357627869,454.0
82.0,106.88995541073382,1788909738000.0,-6.436598394066095,974.3800048828125,165.0,463.0,457.0,96.80000305175781,2.071000099182129,148.0,463.0,96.80000305175781,108.80000305175781,0.5,-0.08900000154972076,463.0
81.0,106.88991752453148,1788909747000.0,-6.436741892248392,990.7999877929688,162.0,472.0,466.0,96.5999984741211,2.071000099182129,146.0,472.0,96.5999984741211,108.80000305175781,0.0,-0.023000000044703484,472.0
81.0,106.88985214568675,1788909756000.0,-6.436884719878435,1008.2999877929688,162.0,481.0,475.0,96.19999694824219,2.0339999198913574,148.0,481.0,96.19999694824219,107.0,0.0,-0.04699999839067459,481.0
80.0,106.88974670134485,1788909766000.0,-6.437004078179598,1026.1199951171875,160.0,491.0,485.0,96.19999694824219,1.968999981880188,151.0,491.0,96.19999694824219,105.80000305175781,0.0,0.0020000000949949026,491.0
79.0,106.88973639160395,1788909767000.0,-6.437014555558562,1027.739990234375,158.0,492.0,486.0,96.19999694824219,1.9589999914169312,152.0,492.0,96.19999694824219,105.80000305175781,0.0,0.03999999910593033,492.0
77.0,106.88971568830311,1788909769000.0,-6.4370345044881105,1030.9300537109375,155.0,494.0,488.0,96.19999694824219,1.9500000476837158,155.0,494.0,96.19999694824219,105.80000305175781,0.5,0.029999999329447746,494.0
78.0,106.88964284956455,1788909775000.0,-6.437094518914819,1041.3599853515625,156.0,500.0,494.0,96.4000015258789,1.875,156.0,500.0,96.4000015258789,106.80000305175781,0.0,0.004999999888241291,500.0
77.0,106.8895782250911,1788909781000.0,-6.437165345996618,1051.969970703125,155.0,506.0,500.0,96.5999984741211,1.847000002861023,153.0,506.0,96.5999984741211,108.5999984741211,0.5,0.05700000002980232,506.0
79.0,106.88955299556255,1788909783000.0,-6.437189066782594,1055.800048828125,158.0,508.0,502.0,96.80000305175781,1.8380000591278076,149.0,508.0,96.80000305175781,108.80000305175781,0.0,0.03200000151991844,508.0
78.0,106.88953388482332,1788909786000.0,-6.4372185710817575,1059.719970703125,157.0,511.0,505.0,96.80000305175781,1.8289999961853027,146.0,511.0,96.80000305175781,109.4000015258789,0.5,0.057999998331069946,511.0
78.0,106.88952265307307,1788909788000.0,-6.437239442020655,1062.3499755859375,156.0,513.0,507.0,97.0,1.819000005722046,143.0,513.0,97.0,109.5999984741211,0.0,0.014000000432133675,513.0
79.0,106.88946892507374,1788909796000.0,-6.437373301014304,1078.3399658203125,158.0,521.0,515.0,97.4000015258789,1.781999945640564,141.0,521.0,97.4000015258789,109.80000305175781,0.0,0.04800000041723251,521.0
83.0,106.88942684791982,1788909802000.0,-6.437492659315467,1092.3399658203125,166.0,527.0,521.0,97.5999984741211,1.8940000534057617,138.0,527.0,97.5999984741211,110.19999694824219,0.0,0.04899999871850014,527.0
83.0,106.8894125148654,1788909805000.0,-6.437545968219638,1098.449951171875,166.0,530.0,524.0,97.19999694824219,1.9500000476837158,139.0,530.0,97.19999694824219,110.4000015258789,0.0,-0.11599999666213989,530.0
82.0,106.88936800695956,1788909813000.0,-6.437696255743504,1115.8499755859375,164.0,538.0,532.0,96.4000015258789,2.052999973297119,136.0,538.0,96.4000015258789,111.19999694824219,0.0,-0.11500000208616257,538.0
82.0,106.88935820013285,1788909814000.0,-6.437717964872718,1118.469970703125,164.0,539.0,533.0,96.19999694824219,2.062000036239624,140.0,539.0,96.19999694824219,111.19999694824219,0.0,-0.14100000262260437,539.0
83.0,106.8893292825669,1788909819000.0,-6.437807064503431,1128.8499755859375,166.0,544.0,538.0,95.5999984741211,2.0899999141693115,143.0,544.0,95.5999984741211,111.4000015258789,0.0,-0.11699999868869781,544.0
81.0,106.88929743133485,1788909824000.0,-6.43789591267705,1139.280029296875,162.0,549.0,543.0,94.80000305175781,2.0899999141693115,143.0,549.0,94.80000305175781,111.19999694824219,0.0,-0.15600000321865082,549.0
81.0,106.88923800364137,1788909833000.0,-6.438071262091398,1159.800048828125,162.0,558.0,552.0,94.0,2.118000030517578,145.0,558.0,94.0,111.5999984741211,0.0,-0.09799999743700027,558.0
82.0,106.88922341912985,1788909835000.0,-6.438115434721112,1164.93994140625,164.0,560.0,554.0,94.0,2.127000093460083,146.0,560.0,94.0,111.5999984741211,0.0,0.06700000166893005,560.0
83.0,106.88916767947376,1788909844000.0,-6.43829271197319,1185.5,166.0,569.0,563.0,94.5999984741211,2.183000087738037,147.0,569.0,94.5999984741211,111.5999984741211,0.0,0.04899999871850014,569.0
83.0,106.88915862701833,1788909846000.0,-6.438326993957162,1189.4300537109375,166.0,571.0,565.0,94.5999984741211,2.183000087738037,147.0,571.0,94.5999984741211,112.19999694824219,0.0,0.04500000178813934,571.0
83.0,106.8891051504761,1788909856000.0,-6.438493961468339,1208.81005859375,166.0,581.0,575.0,95.0,2.183000087738037,146.0,581.0,95.0,114.0,0.0,0.04399999976158142,581.0
81.0,106.88906257040799,1788909864000.0,-6.438623461872339,1223.9100341796875,163.0,589.0,583.0,95.80000305175781,2.1649999618530273,145.0,589.0,95.80000305175781,114.19999694824219,0.5,0.09099999815225601,589.0
79.0,106.88900859095156,1788909875000.0,-6.438800571486354,1244.3900146484375,158.0,600.0,594.0,97.4000015258789,2.0989999771118164,145.0,600.0,97.4000015258789,114.0,0.0,0.13899999856948853,600.0
81.0,106.88895897008479,1788909884000.0,-6.438945746049285,1261.4100341796875,163.0,609.0,603.0,98.80000305175781,2.0339999198913574,147.0,609.0,98.80000305175781,114.80000305175781,0.5,0.16200000047683716,609.0
80.0,106.8889080081135,1788909894000.0,-6.439093351364136,1278.7099609375,161.0,619.0,613.0,100.80000305175781,2.00600004196167,148.0,619.0,100.80000305175781,114.4000015258789,0.5,0.20900000631809235,619.0
81.0,106.88886408694088,1788909903000.0,-6.4392138831317425,1292.9200439453125,162.0,628.0,622.0,102.19999694824219,1.8940000534057617,146.0,628.0,102.19999694824219,113.80000305175781,0.0,0.15800000727176666,628.0
80.0,106.88880776055157,1788909915000.0,-6.43939359113574,1313.72998046875,161.0,640.0,634.0,103.5999984741211,1.7640000581741333,147.0,640.0,103.5999984741211,114.80000305175781,0.5,0.10300000011920929,640.0
81.0,106.88875537365675,1788909926000.0,-6.439549997448921,1331.97998046875,163.0,651.0,645.0,104.19999694824219,1.6519999504089355,146.0,651.0,104.19999694824219,114.4000015258789,0.5,0.05700000002980232,651.0
81.0,106.888726959005,1788909932000.0,-6.439637336879969,1342.1400146484375,163.0,657.0,651.0,104.5999984741211,1.6139999628067017,143.0,657.0,104.5999984741211,114.19999694824219,0.5,0.07100000232458115,657.0
80.0,106.88870692625642,1788909936000.0,-6.439697686582804,1349.1500244140625,161.0,661.0,655.0,105.0,1.6239999532699585,143.0,661.0,105.0,113.5999984741211,0.5,0.09399999678134918,661.0
81.0,106.8886542879045,1788909944000.0,-6.439825007691979,1364.3599853515625,163.0,669.0,663.0,105.5999984741211,1.6419999599456787,145.0,669.0,105.5999984741211,113.19999694824219,0.5,0.09000000357627869,669.0
82.0,106.8886180780828,1788909951000.0,-6.43994964659214,1378.6600341796875,165.0,676.0,670.0,106.19999694824219,1.6799999475479126,148.0,676.0,106.19999694824219,113.5999984741211,0.5,0.08299999684095383,676.0
82.0,106.8886045832187,1788909953000.0,-6.439983677119017,1382.7099609375,164.0,678.0,672.0,106.4000015258789,1.6979999542236328,148.0,678.0,106.4000015258789,113.5999984741211,0.0,0.08399999886751175,678.0
82.0,106.8885694630444,1788909958000.0,-6.440057856962085,1391.8900146484375,165.0,683.0,677.0,106.0,1.7170000076293945,148.0,683.0,106.0,113.0,0.5,-0.0820000022649765,683.0
81.0,106.88855906948447,1788909960000.0,-6.440091636031866,1395.7900390625,163.0,685.0,679.0,105.80000305175781,1.7170000076293945,148.0,685.0,105.80000305175781,112.5999984741211,0.5,-0.10300000011920929,685.0
80.0,106.88853476196527,1788909967000.0,-6.440200349316001,1408.219970703125,161.0,692.0,686.0,105.19999694824219,1.7079999446868896,149.0,692.0,105.19999694824219,111.19999694824219,0.5,-0.0820000022649765,692.0
78.0,106.8884835485369,1788909978000.0,-6.440348541364074,1425.6099853515625,156.0,703.0,697.0,104.4000015258789,1.6610000133514404,148.0,703.0,104.4000015258789,111.0,0.0,-0.07699999958276749,703.0
78.0,106.88844876363873,1788909985000.0,-6.440449208021164,1437.449951171875,156.0,710.0,704.0,103.5999984741211,1.6330000162124634,145.0,710.0,103.5999984741211,112.4000015258789,0.0,-0.10400000214576721,710.0
78.0,106.88844767399132,1788909986000.0,-6.440462032333016,1438.8399658203125,156.0,711.0,705.0,103.5999984741211,1.6330000162124634,145.0,711.0,103.5999984741211,112.4000015258789,0.0,-0.09200000017881393,711.0
79.0,106.88839050941169,1788909997000.0,-6.440623300150037,1457.8499755859375,158.0,722.0,716.0,102.0,1.6330000162124634,146.0,722.0,102.0,112.5999984741211,0.0,-0.13300000131130219,722.0
78.0,106.88835471868515,1788910006000.0,-6.4407397247850895,1471.3299560546875,156.0,731.0,725.0,101.4000015258789,1.6139999628067017,146.0,731.0,101.4000015258789,112.4000015258789,0.0,-0.07199999690055847,731.0
77.0,106.8883072771132,1788910016000.0,-6.44086729735136,1486.5400390625,154.0,741.0,735.0,101.0,1.6050000190734863,144.0,741.0,101.0,112.5999984741211,0.0,-0.04899999871850014,741.0
78.0,106.88830233179033,1788910020000.0,-6.440932843834162,1493.81005859375,157.0,745.0,739.0,101.4000015258789,1.5959999561309814,141.0,745.0,101.4000015258789,113.5999984741211,0.5,0.09600000083446503,745.0
80.0,106.88832219690084,1788910028000.0,-6.441066283732653,1508.81005859375,161.0,753.0,747.0,101.19999694824219,1.6139999628067017,141.0,753.0,101.19999694824219,115.4000015258789,0.5,-0.010999999940395355,753.0
79.0,106.88838137313724,1788910036000.0,-6.441187905147672,1523.800048828125,159.0,761.0,755.0,101.19999694824219,1.6519999504089355,142.0,761.0,101.19999694824219,119.4000015258789,0.5,-0.01600000075995922,761.0
79.0,106.88848271034658,1788910045000.0,-6.441324446350336,1542.6500244140625,159.0,770.0,764.0,100.5999984741211,1.7079999446868896,143.0,770.0,100.5999984741211,121.5999984741211,0.5,-0.052000001072883606,770.0
80.0,106.88858413137496,1788910053000.0,-6.441440200433135,1559.6300048828125,161.0,778.0,772.0,99.80000305175781,1.781999945640564,145.0,778.0,99.80000305175781,121.5999984741211,0.5,-0.1080000028014183,778.0
81.0,106.88866904005408,1788910061000.0,-6.441559810191393,1575.8800048828125,163.0,786.0,780.0,98.80000305175781,1.847000002861023,148.0,786.0,98.80000305175781,124.0,0.5,-0.12300000339746475,786.0
81.0,106.88867817632854,1788910062000.0,-6.4415711257606745,1577.489990234375,163.0,787.0,781.0,98.80000305175781,1.8569999933242798,148.0,787.0,98.80000305175781,124.19999694824219,0.5,-0.08900000154972076,787.0
81.0,106.88877171836793,1788910072000.0,-6.441711271181703,1596.1700439453125,163.0,797.0,791.0,99.0,1.875,149.0,797.0,99.0,126.0,0.5,0.027000000700354576,797.0
80.0,106.88884212635458,1788910080000.0,-6.441813027486205,1609.9100341796875,161.0,805.0,799.0,100.4000015258789,1.875,148.0,805.0,100.4000015258789,127.19999694824219,0.5,0.1720000058412552,805.0
79.0,106.88887230120599,1788910084000.0,-6.44186801277101,1616.8699951171875,159.0,809.0,803.0,101.0,1.8569999933242798,148.0,809.0,101.0,127.19999694824219,0.5,0.15800000727176666,809.0
79.0,106.88890540972352,1788910088000.0,-6.441922411322594,1623.9300537109375,159.0,813.0,807.0,101.5999984741211,1.847000002861023,148.0,813.0,101.5999984741211,127.0,0.5,0.1679999977350235,813.0
79.0,106.88895184546709,1788910094000.0,-6.441994244232774,1633.469970703125,159.0,819.0,813.0,103.0,1.8380000591278076,149.0,819.0,103.0,126.19999694824219,0.5,0.23600000143051147,819.0
81.0,106.88905226066709,1788910107000.0,-6.442157356068492,1654.7099609375,163.0,832.0,826.0,104.4000015258789,1.7910000085830688,148.0,832.0,104.4000015258789,126.0,0.5,0.10199999809265137,832.0
79.0,106.8890634085983,1788910108000.0,-6.442173030227423,1656.8299560546875,159.0,833.0,827.0,104.4000015258789,1.7910000085830688,148.0,833.0,104.4000015258789,126.0,0.5,0.07999999821186066,833.0
79.0,106.88917304389179,1788910120000.0,-6.442326921969652,1677.739990234375,159.0,845.0,839.0,105.5999984741211,1.8009999990463257,149.0,845.0,105.5999984741211,128.39999389648438,0.5,0.09600000083446503,845.0
80.0,106.88926633447409,1788910130000.0,-6.442443430423737,1694.3199462890625,161.0,855.0,849.0,106.0,1.7730000019073486,149.0,855.0,106.0,128.8000030517578,0.5,0.03400000184774399,855.0
79.0,106.88932165503502,1788910135000.0,-6.442506294697523,1703.6099853515625,159.0,860.0,854.0,106.0,1.7730000019073486,149.0,860.0,106.0,129.0,0.5,0.006000000052154064,860.0
80.0,106.88933053985238,1788910138000.0,-6.44256136380136,1709.780029296875,161.0,863.0,857.0,106.0,1.7730000019073486,149.0,863.0,106.0,128.8000030517578,0.5,0.0,863.0
80.0,106.88938678242266,1788910146000.0,-6.442670496180654,1723.719970703125,161.0,871.0,865.0,106.0,1.8009999990463257,148.0,871.0,106.0,129.1999969482422,0.5,0.008999999612569809,871.0
78.0,106.8894418515265,1788910152000.0,-6.442727744579315,1732.449951171875,157.0,877.0,871.0,106.4000015258789,1.781999945640564,149.0,877.0,106.4000015258789,129.1999969482422,0.5,0.06700000166893005,877.0
78.0,106.88954629004002,1788910161000.0,-6.442806534469128,1746.8800048828125,157.0,886.0,880.0,107.0,1.7450000047683716,148.0,886.0,107.0,129.0,0.5,0.054999999701976776,886.0
80.0,106.88968140631914,1788910171000.0,-6.442889431491494,1764.4300537109375,161.0,896.0,890.0,107.4000015258789,1.7170000076293945,148.0,896.0,107.4000015258789,130.0,0.5,0.04899999871850014,896.0
80.0,106.88979724422097,1788910181000.0,-6.442987332120538,1781.530029296875,160.0,906.0,900.0,108.5999984741211,1.7079999446868896,145.0,906.0,108.5999984741211,131.60000610351562,0.0,0.11100000143051147,906.0
79.0,106.88979171216488,1788910182000.0,-6.443000994622707,1783.1300048828125,158.0,907.0,901.0,108.5999984741211,1.7079999446868896,145.0,907.0,108.5999984741211,131.60000610351562,0.0,0.008999999612569809,907.0
79.0,106.88977804966271,1788910183000.0,-6.443009544163942,1784.9000244140625,158.0,908.0,902.0,108.5999984741211,1.7079999446868896,145.0,908.0,108.5999984741211,131.60000610351562,0.0,-0.06800000369548798,908.0
78.0,106.88971878960729,1788910186000.0,-6.443028235808015,1791.5899658203125,157.0,911.0,905.0,108.19999694824219,1.6979999542236328,144.0,911.0,108.19999694824219,131.60000610351562,0.5,-0.11999999731779099,911.0
80.0,106.88961175270379,1788910192000.0,-6.443000826984644,1803.97998046875,161.0,917.0,911.0,107.19999694824219,1.6979999542236328,141.0,917.0,107.19999694824219,130.0,0.5,-0.14499999582767487,917.0
80.0,106.88957747071981,1788910194000.0,-6.44298012368381,1808.3900146484375,161.0,919.0,913.0,107.0,1.6979999542236328,141.0,919.0,107.0,129.1999969482422,0.5,-0.09799999743700027,919.0
81.0,106.8894759658724,1788910201000.0,-6.442886749282479,1823.6199951171875,163.0,926.0,920.0,106.80000305175781,1.7450000047683716,144.0,926.0,106.80000305175781,127.0,0.5,-0.052000001072883606,926.0
81.0,106.8893985170871,1788910206000.0,-6.44282128661871,1834.8399658203125,163.0,931.0,925.0,106.4000015258789,1.7910000085830688,144.0,931.0,106.4000015258789,125.80000305175781,0.5,-0.0560000017285347,931.0
81.0,106.88931846991181,1788910212000.0,-6.442754399031401,1846.4100341796875,163.0,937.0,931.0,106.19999694824219,1.8569999933242798,147.0,937.0,106.19999694824219,125.5999984741211,0.5,-0.05299999937415123,937.0
81.0,106.88930598087609,1788910213000.0,-6.442741909995675,1848.3599853515625,163.0,938.0,932.0,106.0,1.8569999933242798,147.0,938.0,106.0,125.5999984741211,0.5,-0.09000000357627869,938.0
82.0,106.88918930478394,1788910222000.0,-6.442627999931574,1866.4100341796875,165.0,947.0,941.0,105.5999984741211,1.875,144.0,947.0,105.5999984741211,126.19999694824219,0.5,-0.039000000804662704,947.0
82.0,106.88914898782969,1788910225000.0,-6.442587012425065,1872.77001953125,165.0,950.0,944.0,105.5999984741211,1.8849999904632568,142.0,950.0,105.5999984741211,126.4000015258789,0.5,-0.04800000041723251,950.0
80.0,106.88906491734087,1788910233000.0,-6.442482238635421,1887.699951171875,161.0,958.0,952.0,105.19999694824219,1.902999997138977,141.0,958.0,105.19999694824219,125.80000305175781,0.5,-0.03799999877810478,958.0
82.0,106.888985959813,1788910239000.0,-6.442378051578999,1902.1300048828125,164.0,964.0,958.0,104.5999984741211,1.930999994277954,144.0,964.0,104.5999984741211,124.0,0.0,-0.11699999868869781,964.0
82.0,106.88896282576025,1788910241000.0,-6.442340584471822,1906.969970703125,164.0,966.0,960.0,104.19999694824219,1.940999984741211,145.0,966.0,104.19999694824219,123.5999984741211,0.0,-0.1509999930858612,966.0
83.0,106.88887070864439,1788910248000.0,-6.442216448485851,1924.1099853515625,167.0,973.0,967.0,103.5999984741211,2.2109999656677246,148.0,973.0,103.5999984741211,123.19999694824219,0.5,-0.0989999994635582,973.0
83.0,106.88882360234857,1788910252000.0,-6.44214553758502,1933.52001953125,167.0,977.0,971.0,103.19999694824219,2.313999891281128,148.0,977.0,103.19999694824219,123.19999694824219,0.5,-0.09700000286102295,977.0
82.0,106.88874246552587,1788910260000.0,-6.442011510953307,1950.8299560546875,165.0,985.0,979.0,100.5999984741211,2.2769999504089355,146.0,985.0,100.5999984741211,122.4000015258789,0.5,-0.328000009059906,985.0
82.0,106.88866132870317,1788910270000.0,-6.441869102418423,1968.97998046875,165.0,995.0,989.0,98.4000015258789,2.062000036239624,147.0,995.0,98.4000015258789,122.19999694824219,0.5,-0.2160000056028366,995.0
83.0,106.88856141641736,1788910280000.0,-6.441714288666844,1989.3699951171875,167.0,1005.0,999.0,97.4000015258789,1.9780000448226929,147.0,1005.0,97.4000015258789,122.0,0.5,-0.09399999678134918,1005.0
83.0,106.88854155130684,1788910282000.0,-6.441677827388048,1993.969970703125,167.0,1007.0,1001.0,97.4000015258789,1.9869999885559082,147.0,1007.0,97.4000015258789,121.80000305175781,0.5,-0.035999998450279236,1007.0
81.0,106.88845178112388,1788910291000.0,-6.441547153517604,2011.52001953125,162.0,1016.0,1010.0,98.19999694824219,2.015000104904175,145.0,1016.0,98.19999694824219,122.4000015258789,0.0,0.08799999952316284,1016.0
81.0,106.88836863264441,1788910299000.0,-6.441435590386391,2027.199951171875,163.0,1024.0,1018.0,99.0,1.9780000448226929,142.0,1024.0,99.0,121.80000305175781,0.5,0.11299999803304672,1024.0
81.0,106.88825782388449,1788910308000.0,-6.441302485764027,2046.3800048828125,163.0,1033.0,1027.0,99.80000305175781,1.9780000448226929,142.0,1033.0,99.80000305175781,122.80000305175781,0.5,0.08699999749660492,1033.0
82.0,106.88817794434726,1788910317000.0,-6.441138032823801,2066.639892578125,165.0,1042.0,1036.0,100.0,2.015000104904175,144.0,1042.0,100.0,119.19999694824219,0.5,0.012000000104308128,1042.0
82.0,106.88813745975494,1788910324000.0,-6.441003168001771,2082.27001953125,165.0,1049.0,1043.0,99.0,2.0429999828338623,142.0,1049.0,99.0,116.80000305175781,0.5,-0.12700000405311584,1049.0
83.0,106.88813142478466,1788910331000.0,-6.440851455554366,2099.280029296875,167.0,1056.0,1050.0,98.0,2.0989999771118164,143.0,1056.0,98.0,115.5999984741211,0.5,-0.16500000655651093,1056.0
82.0,106.88818112947047,1788910340000.0,-6.440670657902956,2120.02001953125,165.0,1065.0,1059.0,98.80000305175781,2.183000087738037,145.0,1065.0,98.80000305175781,114.5999984741211,0.5,0.09799999743700027,1065.0
81.0,106.88824223354459,1788910350000.0,-6.440485501661897,2141.550048828125,163.0,1075.0,1069.0,100.5999984741211,2.2209999561309814,145.0,1075.0,100.5999984741211,113.5999984741211,0.5,0.17399999499320984,1075.0
81.0,106.88824776560068,1788910351000.0,-6.440466893836856,2143.68994140625,163.0,1076.0,1070.0,100.80000305175781,2.2209999561309814,145.0,1076.0,100.80000305175781,113.4000015258789,0.5,0.21400000154972076,1076.0
82.0,106.8883109651506,1788910361000.0,-6.440279977396131,2165.550048828125,165.0,1086.0,1080.0,103.80000305175781,2.2209999561309814,145.0,1086.0,103.80000305175781,113.0,0.5,0.3059999942779541,1086.0
81.0,106.88835773617029,1788910367000.0,-6.440171850845218,2178.800048828125,163.0,1092.0,1086.0,105.0,2.2300000190734863,145.0,1092.0,105.0,112.5999984741211,0.5,0.20800000429153442,1092.0
82.0,106.88839771784842,1788910376000.0,-6.439998093992472,2198.530029296875,165.0,1101.0,1095.0,106.5999984741211,2.2209999561309814,145.0,1101.0,106.5999984741211,112.5999984741211,0.5,0.18199999630451202,1101.0
81.0,106.88844398595393,1788910384000.0,-6.439872784540057,2213.330078125,163.0,1109.0,1103.0,106.19999694824219,2.2109999656677246,149.0,1109.0,106.19999694824219,113.5999984741211,0.5,-0.05999999865889549,1109.0
81.0,106.88844985328615,1788910385000.0,-6.439854931086302,2215.39990234375,163.0,1110.0,1104.0,106.0,2.2019999027252197,146.0,1110.0,106.0,113.80000305175781,0.5,-0.1289999932050705,1110.0
82.0,106.8884576484561,1788910386000.0,-6.439836658537388,2217.60009765625,165.0,1111.0,1105.0,106.0,2.2019999027252197,146.0,1111.0,106.0,114.0,0.5,-0.13199999928474426,1111.0
81.0,106.888512885198,1788910396000.0,-6.439649993553758,2239.179931640625,163.0,1121.0,1115.0,104.5999984741211,2.183000087738037,147.0,1121.0,104.5999984741211,114.5999984741211,0.5,-0.1340000033378601,1121.0
82.0,106.88856024295092,1788910404000.0,-6.439502723515034,2256.31005859375,165.0,1129.0,1123.0,102.4000015258789,2.2019999027252197,148.0,1129.0,102.4000015258789,113.0,0.5,-0.28299999237060547,1129.0
81.0,106.88861698843539,1788910414000.0,-6.439323015511036,2277.1298828125,163.0,1139.0,1133.0,99.5999984741211,2.193000078201294,147.0,1139.0,99.5999984741211,112.4000015258789,0.5,-0.26899999380111694,1139.0
82.0,106.88868538476527,1788910424000.0,-6.439139535650611,2298.840087890625,165.0,1149.0,1143.0,97.0,2.193000078201294,148.0,1149.0,97.0,113.0,0.5,-0.2680000066757202,1149.0
82.0,106.88869569450617,1788910425000.0,-6.43912143073976,2301.139892578125,165.0,1150.0,1144.0,97.0,2.193000078201294,148.0,1150.0,97.0,113.0,0.5,-0.06599999964237213,1150.0
80.0,106.88873869366944,1788910433000.0,-6.438970640301704,2318.5400390625,161.0,1158.0,1152.0,95.19999694824219,2.2019999027252197,147.0,1158.0,95.19999694824219,112.5999984741211,0.5,-0.22100000083446503,1158.0
81.0,106.8887938465923,1788910443000.0,-6.438785819336772,2339.8798828125,163.0,1168.0,1162.0,93.5999984741211,2.2019999027252197,148.0,1168.0,93.5999984741211,111.80000305175781,0.5,-0.1589999943971634,1168.0
81.0,106.88882787711918,1788910448000.0,-6.4386943727731705,2350.679931640625,163.0,1173.0,1167.0,93.80000305175781,2.2019999027252197,147.0,1173.0,93.80000305175781,112.0,0.5,0.04899999871850014,1173.0
82.0,106.88889602199197,1788910458000.0,-6.438520280644298,2371.409912109375,165.0,1183.0,1177.0,94.0,2.193000078201294,147.0,1183.0,94.0,112.5999984741211,0.5,0.02199999988079071,1183.0
81.0,106.88893399201334,1788910465000.0,-6.438384996727109,2386.919921875,163.0,1190.0,1184.0,93.80000305175781,2.193000078201294,148.0,1190.0,93.80000305175781,112.4000015258789,0.5,-0.03099999949336052,1190.0
82.0,106.88897741027176,1788910472000.0,-6.438267147168517,2400.800048828125,165.0,1197.0,1191.0,93.4000015258789,2.193000078201294,148.0,1197.0,93.4000015258789,111.4000015258789,0.5,-0.04600000008940697,1197.0
82.0,106.88902342692018,1788910481000.0,-6.438121134415269,2417.7099609375,165.0,1206.0,1200.0,92.19999694824219,2.1649999618530273,146.0,1206.0,92.19999694824219,111.0,0.5,-0.14300000667572021,1206.0
81.0,106.88907044939697,1788910490000.0,-6.437970260158181,2435.22998046875,163.0,1215.0,1209.0,92.0,2.127000093460083,146.0,1215.0,92.0,111.5999984741211,0.5,-0.01600000075995922,1215.0
79.0,106.88912828452885,1788910501000.0,-6.437815697863698,2453.510009765625,159.0,1226.0,1220.0,92.5999984741211,2.0429999828338623,146.0,1226.0,92.5999984741211,110.80000305175781,0.5,0.04800000041723251,1226.0
81.0,106.88917337916791,1788910511000.0,-6.437640180811286,2473.56005859375,163.0,1236.0,1230.0,93.5999984741211,2.015000104904175,145.0,1236.0,93.5999984741211,109.0,0.5,0.10499999672174454,1236.0
81.0,106.88917832449079,1788910512000.0,-6.437619896605611,2475.8701171875,163.0,1237.0,1231.0,93.80000305175781,2.015000104904175,145.0,1237.0,93.80000305175781,109.0,0.5,0.16200000047683716,1237.0
81.0,106.88923532143235,1788910521000.0,-6.437468184158206,2493.830078125,163.0,1246.0,1240.0,95.19999694824219,2.0250000953674316,146.0,1246.0,95.19999694824219,109.19999694824219,0.5,0.15700000524520874,1246.0
81.0,106.88927781768143,1788910530000.0,-6.437309347093105,2512.030029296875,163.0,1255.0,1249.0,94.80000305175781,2.015000104904175,148.0,1255.0,94.80000305175781,109.80000305175781,0.5,-0.04500000178813934,1255.0
81.0,106.889324253425,1788910537000.0,-6.437183283269405,2526.909912109375,163.0,1262.0,1256.0,94.19999694824219,2.015000104904175,148.0,1262.0,94.19999694824219,110.80000305175781,0.5,-0.09099999815225601,1262.0
82.0,106.88938410021365,1788910545000.0,-6.437046909704804,2543.739990234375,165.0,1270.0,1264.0,92.5999984741211,2.0339999198913574,149.0,1270.0,92.5999984741211,112.0,0.5,-0.20399999618530273,1270.0
81.0,106.88947420567274,1788910552000.0,-6.436969880014658,2556.830078125,163.0,1277.0,1271.0,92.0,2.0250000953674316,147.0,1277.0,92.0,112.5999984741211,0.5,-0.06599999964237213,1277.0
79.0,106.88958618789911,1788910560000.0,-6.436863513663411,2573.909912109375,159.0,1285.0,1279.0,92.0,1.9780000448226929,146.0,1285.0,92.0,112.4000015258789,0.5,-0.0020000000949949026,1285.0
79.0,106.88968542963266,1788910569000.0,-6.436775419861078,2588.5400390625,159.0,1294.0,1288.0,93.19999694824219,1.930999994277954,146.0,1294.0,93.19999694824219,112.80000305175781,0.5,0.13199999928474426,1294.0
81.0,106.88974326476455,1788910577000.0,-6.43665237352252,2603.830078125,163.0,1302.0,1296.0,93.19999694824219,1.902999997138977,146.0,1302.0,93.19999694824219,112.0,0.5,-0.009999999776482582,1302.0
81.0,106.8897817377001,1788910583000.0,-6.436548605561256,2616.070068359375,163.0,1308.0,1302.0,94.4000015258789,1.902999997138977,145.0,1308.0,94.4000015258789,111.5999984741211,0.5,0.19300000369548798,1308.0
81.0,106.8898094817996,1788910588000.0,-6.436470989137888,2625.179931640625,163.0,1313.0,1307.0,95.19999694824219,1.902999997138977,144.0,1313.0,95.19999694824219,111.19999694824219,0.5,0.17599999904632568,1313.0
80.0,106.88987419009209,1788910598000.0,-6.4363085478544235,2644.5,161.0,1323.0,1317.0,96.5999984741211,1.902999997138977,146.0,1323.0,96.5999984741211,110.5999984741211,0.5,0.1420000046491623,1323.0
80.0,106.88991903327405,1788910608000.0,-6.436134623363614,2664.31005859375,161.0,1333.0,1327.0,98.0,1.9220000505447388,147.0,1333.0,98.0,109.80000305175781,0.5,0.14100000262260437,1333.0
80.0,106.88997636549175,1788910618000.0,-6.435975702479482,2682.9599609375,161.0,1343.0,1337.0,97.5999984741211,1.9220000505447388,146.0,1343.0,97.5999984741211,108.80000305175781,0.5,-0.03400000184774399,1343.0
81.0,106.89004300162196,1788910629000.0,-6.435793312266469,2704.449951171875,163.0,1354.0,1348.0,96.4000015258789,1.902999997138977,147.0,1354.0,96.4000015258789,109.4000015258789,0.5,-0.11900000274181366,1354.0
80.0,106.8901051953435,1788910637000.0,-6.435664566233754,2720.300048828125,161.0,1362.0,1356.0,95.80000305175781,1.930999994277954,147.0,1362.0,95.80000305175781,111.0,0.5,-0.05999999865889549,1362.0
81.0,106.89017644152045,1788910644000.0,-6.435567671433091,2733.7099609375,162.0,1369.0,1363.0,95.0,1.930999994277954,146.0,1369.0,95.0,111.19999694824219,0.0,-0.13099999725818634,1369.0
82.0,106.89030057750642,1788910652000.0,-6.435508914291859,2749.010009765625,165.0,1377.0,1371.0,94.4000015258789,1.9220000505447388,147.0,1377.0,94.4000015258789,110.19999694824219,0.5,-0.08299999684095383,1377.0
79.0,106.89048556610942,1788910663000.0,-6.435464909300208,2770.070068359375,159.0,1388.0,1382.0,93.80000305175781,1.8849999904632568,146.0,1388.0,93.80000305175781,109.80000305175781,0.5,-0.0430000014603138,1388.0
80.0,106.89058111980557,1788910669000.0,-6.435414785519242,2782.02001953125,161.0,1394.0,1388.0,93.80000305175781,1.8849999904632568,143.0,1394.0,93.80000305175781,110.19999694824219,0.5,-0.003000000026077032,1394.0
81.0,106.89061204902828,1788910671000.0,-6.435402715578675,2785.699951171875,162.0,1396.0,1390.0,93.80000305175781,1.8849999904632568,143.0,1396.0,93.80000305175781,110.19999694824219,0.0,0.012000000104308128,1396.0
80.0,106.89077557995915,1788910680000.0,-6.435335744172335,2805.260009765625,161.0,1405.0,1399.0,94.0,1.9129999876022339,146.0,1405.0,94.0,110.0,0.5,0.012000000104308128,1405.0
80.0,106.89079368487,1788910681000.0,-6.435330379754305,2807.35009765625,161.0,1406.0,1400.0,94.0,1.9129999876022339,146.0,1406.0,94.0,110.0,0.5,0.027000000700354576,1406.0
79.0,106.8909802660346,1788910691000.0,-6.435269359499216,2829.080078125,159.0,1416.0,1410.0,94.5999984741211,1.9589999914169312,147.0,1416.0,94.5999984741211,108.80000305175781,0.5,0.06499999761581421,1416.0
81.0,106.8911150470376,1788910698000.0,-6.435217643156648,2845.050048828125,163.0,1423.0,1417.0,95.5999984741211,1.996999979019165,150.0,1423.0,95.5999984741211,108.4000015258789,0.5,0.13699999451637268,1423.0
81.0,106.89118377864361,1788910702000.0,-6.435191407799721,2853.219970703125,163.0,1427.0,1421.0,96.0,2.015000104904175,150.0,1427.0,96.0,108.5999984741211,0.5,0.10599999874830246,1427.0
80.0,106.89135141670704,1788910712000.0,-6.435134243220091,2872.830078125,161.0,1437.0,1431.0,98.0,2.015000104904175,151.0,1437.0,98.0,108.0,0.5,0.20800000429153442,1437.0
80.0,106.89142291434109,1788910717000.0,-6.435108846053481,2881.2099609375,161.0,1442.0,1436.0,98.80000305175781,1.996999979019165,148.0,1442.0,98.80000305175781,107.19999694824219,0.5,0.13300000131130219,1442.0
80.0,106.89147597178817,1788910721000.0,-6.435076743364334,2888.110107421875,160.0,1446.0,1440.0,99.0,1.968999981880188,146.0,1446.0,99.0,107.4000015258789,0.0,0.07500000298023224,1446.0
77.0,106.89155275002122,1788910730000.0,-6.4349438063800335,2904.280029296875,154.0,1455.0,1449.0,98.19999694824219,1.9220000505447388,145.0,1455.0,98.19999694824219,108.0,0.0,-0.08799999952316284,1455.0
80.0,106.89165358431637,1788910740000.0,-6.434808103367686,2923.0,161.0,1465.0,1459.0,98.4000015258789,1.8849999904632568,144.0,1465.0,98.4000015258789,110.19999694824219,0.5,0.010999999940395355,1465.0
81.0,106.89180093817413,1788910751000.0,-6.4347288105636835,2941.2099609375,163.0,1476.0,1470.0,99.19999694824219,1.847000002861023,142.0,1476.0,99.19999694824219,114.80000305175781,0.5,0.07400000095367432,1476.0
84.0,106.89189816825092,1788910758000.0,-6.434659156948328,2954.070068359375,169.0,1483.0,1477.0,99.4000015258789,1.8380000591278076,143.0,1483.0,99.4000015258789,121.0,0.5,0.03700000047683716,1483.0
80.0,106.89198978245258,1788910766000.0,-6.434549270197749,2969.97998046875,161.0,1491.0,1485.0,99.80000305175781,1.8289999961853027,145.0,1491.0,99.80000305175781,126.4000015258789,0.5,0.04100000113248825,1491.0
81.0,106.89204594120383,1788910770000.0,-6.434488920494914,2979.02001953125,163.0,1495.0,1489.0,100.0,1.8289999961853027,148.0,1495.0,100.0,126.5999984741211,0.5,0.050999999046325684,1495.0
82.0,106.89208500087261,1788910773000.0,-6.434431672096252,2986.6298828125,165.0,1498.0,1492.0,99.5999984741211,1.847000002861023,147.0,1498.0,99.5999984741211,126.4000015258789,0.5,-0.10499999672174454,1498.0
81.0,106.89219480380416,1788910782000.0,-6.4342935383319855,3006.14990234375,163.0,1507.0,1501.0,97.5999984741211,2.0250000953674316,149.0,1507.0,97.5999984741211,127.4000015258789,0.5,-0.23800000548362732,1507.0
82.0,106.89229630865157,1788910792000.0,-6.434125564992428,3027.669921875,165.0,1517.0,1511.0,94.80000305175781,2.052999973297119,149.0,1517.0,94.80000305175781,121.80000305175781,0.5,-0.2800000011920929,1517.0
81.0,106.8923016730696,1788910793000.0,-6.434109974652529,3029.469970703125,163.0,1518.0,1512.0,94.4000015258789,2.052999973297119,149.0,1518.0,94.4000015258789,121.19999694824219,0.5,-0.30000001192092896,1518.0
81.0,106.89234215766191,1788910802000.0,-6.433952562510967,3047.429931640625,163.0,1527.0,1521.0,91.5999984741211,2.015000104904175,149.0,1527.0,91.5999984741211,114.19999694824219,0.5,-0.32199999690055847,1527.0
79.0,106.8923743441701,1788910812000.0,-6.433780817314982,3066.64990234375,159.0,1537.0,1531.0,90.0,1.9869999885559082,150.0,1537.0,90.0,108.4000015258789,0.5,-0.15299999713897705,1537.0
78.0,106.8924018368125,1788910822000.0,-6.433618040755391,3084.889892578125,157.0,1547.0,1541.0,89.5999984741211,1.9869999885559082,147.0,1547.0,89.5999984741211,105.19999694824219,0.5,-0.039000000804662704,1547.0
78.0,106.89239194616675,1788910824000.0,-6.433585602790117,3088.6201171875,157.0,1549.0,1543.0,89.4000015258789,1.9780000448226929,146.0,1549.0,89.4000015258789,104.80000305175781,0.5,-0.08100000023841858,1549.0
80.0,106.89237233251333,1788910834000.0,-6.433416455984116,3107.52001953125,161.0,1559.0,1553.0,89.19999694824219,1.9500000476837158,144.0,1559.0,89.19999694824219,104.0,0.5,-0.014000000432133675,1559.0
79.0,106.892368812114,1788910842000.0,-6.433286285027862,3121.97998046875,159.0,1567.0,1561.0,89.4000015258789,1.940999984741211,142.0,1567.0,89.4000015258789,103.19999694824219,0.5,0.009999999776482582,1567.0
79.0,106.89236956648529,1788910850000.0,-6.433160388842225,3135.929931640625,159.0,1575.0,1569.0,89.80000305175781,1.9129999876022339,140.0,1575.0,89.80000305175781,102.19999694824219,0.5,0.05700000002980232,1575.0
80.0,106.89237082377076,1788910858000.0,-6.433008508756757,3152.72998046875,161.0,1583.0,1577.0,90.19999694824219,1.9129999876022339,140.0,1583.0,90.19999694824219,101.19999694824219,0.5,0.04399999976158142,1583.0
80.0,106.89236822538078,1788910862000.0,-6.432923264801502,3162.360107421875,161.0,1587.0,1581.0,89.5999984741211,1.930999994277954,140.0,1587.0,89.5999984741211,101.5999984741211,0.5,-0.15000000596046448,1587.0
80.0,106.89238750375807,1788910864000.0,-6.4328910782933235,3166.47998046875,161.0,1589.0,1583.0,89.5999984741211,1.930999994277954,141.0,1589.0,89.5999984741211,101.80000305175781,0.5,-0.012000000104308128,1589.0
81.0,106.89244533888996,1788910870000.0,-6.432794267311692,3178.8798828125,163.0,1595.0,1589.0,89.4000015258789,1.9589999914169312,142.0,1595.0,89.4000015258789,101.4000015258789,0.5,-0.012000000104308128,1595.0
81.0,106.8925067782402,1788910877000.0,-6.432681195437908,3193.10009765625,163.0,1602.0,1596.0,89.4000015258789,1.968999981880188,144.0,1602.0,89.4000015258789,102.19999694824219,0.5,-0.02199999988079071,1602.0
81.0,106.8925709836185,1788910884000.0,-6.432580025866628,3206.60009765625,163.0,1609.0,1603.0,89.4000015258789,1.968999981880188,145.0,1609.0,89.4000015258789,104.4000015258789,0.5,-0.004999999888241291,1609.0
81.0,106.89262345433235,1788910892000.0,-6.432461338117719,3221.06005859375,163.0,1617.0,1611.0,89.0,1.9500000476837158,145.0,1617.0,89.0,107.5999984741211,0.5,-0.041999999433755875,1617.0
81.0,106.89268606714904,1788910900000.0,-6.432351283729076,3234.93994140625,163.0,1625.0,1619.0,89.0,1.9220000505447388,143.0,1625.0,89.0,109.4000015258789,0.5,-0.007000000216066837,1625.0
81.0,106.8927208520472,1788910906000.0,-6.432247096672654,3247.02001953125,163.0,1631.0,1625.0,89.0,1.902999997138977,143.0,1631.0,89.0,111.19999694824219,0.5,0.020999999716877937,1631.0
81.0,106.89275027252734,1788910915000.0,-6.432053642347455,3268.1201171875,163.0,1640.0,1634.0,88.5999984741211,1.902999997138977,143.0,1640.0,88.5999984741211,110.0,0.5,-0.05900000035762787,1640.0
82.0,106.89279268495739,1788910923000.0,-6.431905031204224,3285.31005859375,165.0,1648.0,1642.0,88.5999984741211,1.9129999876022339,143.0,1648.0,88.5999984741211,110.5999984741211,0.5,0.0,1648.0
81.0,106.8928405456245,1788910932000.0,-6.431755078956485,3302.6298828125,163.0,1657.0,1651.0,88.80000305175781,1.930999994277954,145.0,1657.0,88.80000305175781,108.19999694824219,0.5,0.0430000014603138,1657.0
81.0,106.89287734217942,1788910937000.0,-6.431666566058993,3313.25,163.0,1662.0,1656.0,89.0,1.940999984741211,148.0,1662.0,89.0,107.80000305175781,0.5,0.020999999716877937,1662.0
83.0,106.8929092772305,1788910941000.0,-6.431598421186209,3321.64990234375,167.0,1666.0,1660.0,88.80000305175781,1.9589999914169312,148.0,1666.0,88.80000305175781,107.5999984741211,0.5,-0.06499999761581421,1666.0
83.0,106.89296702854335,1788910948000.0,-6.431471016258001,3337.409912109375,167.0,1673.0,1667.0,88.0,1.9780000448226929,149.0,1673.0,88.0,108.19999694824219,0.5,-0.0949999988079071,1673.0
81.0,106.89300851896405,1788910953000.0,-6.431372109800577,3349.260009765625,163.0,1678.0,1672.0,87.5999984741211,1.996999979019165,153.0,1678.0,87.5999984741211,109.5999984741211,0.5,-0.10100000351667404,1678.0
81.0,106.8930350895971,1788910958000.0,-6.431309916079044,3357.070068359375,163.0,1683.0,1677.0,87.0,2.00600004196167,153.0,1683.0,87.0,112.19999694824219,0.5,-0.10700000077486038,1683.0
81.0,106.89309124834836,1788910967000.0,-6.431178487837315,3373.070068359375,163.0,1692.0,1686.0,85.80000305175781,1.9780000448226929,153.0,1692.0,85.80000305175781,109.19999694824219,0.5,-0.12800000607967377,1692.0
57.0,106.89313340932131,1788910974000.0,-6.431105397641659,3382.5,115.0,1699.0,1693.0,85.19999694824219,1.6979999542236328,150.0,1699.0,85.19999694824219,106.19999694824219,0.5,-0.08799999952316284,1699.0
57.0,106.89313659444451,1788910975000.0,-6.431091735139489,3384.02001953125,115.0,1700.0,1694.0,85.19999694824219,1.5959999561309814,150.0,1700.0,85.19999694824219,105.80000305175781,0.5,-0.07199999690055847,1700.0
59.0,106.89314153976738,1788910979000.0,-6.431028954684734,3390.389892578125,119.0,1704.0,1698.0,85.0,1.4179999828338623,147.0,1704.0,85.0,104.4000015258789,0.5,-0.06499999761581421,1704.0
80.0,106.89315629191697,1788910983000.0,-6.430967263877392,3397.02001953125,160.0,1708.0,1702.0,84.5999984741211,1.4930000305175781,143.0,1708.0,84.5999984741211,103.19999694824219,0.0,-0.0820000022649765,1708.0
77.0,106.89321613870561,1788910993000.0,-6.430839607492089,3412.68994140625,155.0,1718.0,1712.0,84.0,1.6139999628067017,143.0,1718.0,84.0,103.80000305175781,0.5,-0.052000001072883606,1718.0
80.0,106.89327036961913,1788911002000.0,-6.430712454020977,3427.93994140625,161.0,1727.0,1721.0,84.0,1.6419999599456787,144.0,1727.0,84.0,104.4000015258789,0.5,-0.009999999776482582,1727.0
81.0,106.89332753419876,1788911010000.0,-6.4305859711021185,3443.199951171875,163.0,1735.0,1729.0,84.0,1.7079999446868896,144.0,1735.0,84.0,105.4000015258789,0.5,0.0,1735.0
82.0,106.89338218420744,1788911019000.0,-6.430423529818654,3462.050048828125,164.0,1744.0,1738.0,83.5999984741211,1.7640000581741333,144.0,1744.0,83.5999984741211,106.80000305175781,0.0,-0.04500000178813934,1744.0
80.0,106.89343993552029,1788911028000.0,-6.430269721895456,3480.070068359375,160.0,1753.0,1747.0,83.0,1.8009999990463257,144.0,1753.0,83.0,107.19999694824219,0.0,-0.06199999898672104,1753.0
81.0,106.89348628744483,1788911036000.0,-6.430131001397967,3496.14990234375,162.0,1761.0,1755.0,81.4000015258789,1.8380000591278076,142.0,1761.0,81.4000015258789,108.19999694824219,0.0,-0.2150000035762787,1761.0
81.0,106.89348846673965,1788911037000.0,-6.430111303925514,3498.340087890625,163.0,1762.0,1756.0,81.0,1.847000002861023,143.0,1762.0,81.0,108.4000015258789,0.5,-0.2759999930858612,1762.0
81.0,106.89350858330727,1788911042000.0,-6.430008290335536,3510.0,163.0,1767.0,1761.0,79.5999984741211,1.8940000534057617,144.0,1767.0,79.5999984741211,108.5999984741211,0.5,-0.28200000524520874,1767.0
82.0,106.89357454888523,1788911050000.0,-6.429865378886461,3527.93994140625,165.0,1775.0,1769.0,79.0,1.9589999914169312,146.0,1775.0,79.0,108.4000015258789,0.5,-0.07199999690055847,1775.0
82.0,106.89358854666352,1788911059000.0,-6.4296897780150175,3547.2900390625,165.0,1784.0,1778.0,78.5999984741211,2.0339999198913574,147.0,1784.0,78.5999984741211,106.5999984741211,0.5,-0.05400000140070915,1784.0
82.0,106.8935842718929,1788911060000.0,-6.429671924561262,3549.320068359375,165.0,1785.0,1779.0,78.5999984741211,2.0339999198913574,147.0,1785.0,78.5999984741211,106.19999694824219,0.5,0.04899999871850014,1785.0
82.0,106.89352886751294,1788911064000.0,-6.429614843800664,3558.2900390625,165.0,1789.0,1783.0,78.5999984741211,2.0429999828338623,149.0,1789.0,78.5999984741211,103.4000015258789,0.5,-0.0010000000474974513,1789.0
81.0,106.89340892247856,1788911072000.0,-6.429573018103838,3572.280029296875,163.0,1797.0,1791.0,77.5999984741211,2.052999973297119,149.0,1797.0,77.5999984741211,102.0,0.5,-0.13500000536441803,1797.0
81.0,106.89339785836637,1788911073000.0,-6.4295613672584295,3574.0,163.0,1798.0,1792.0,77.4000015258789,2.052999973297119,149.0,1798.0,77.4000015258789,102.0,0.5,-0.041999999433755875,1798.0
81.0,106.89333817921579,1788911078000.0,-6.42951937392354,3582.070068359375,162.0,1803.0,1797.0,77.4000015258789,2.0250000953674316,149.0,1803.0,77.4000015258789,102.19999694824219,0.0,-0.029999999329447746,1803.0
79.0,106.89322745427489,1788911085000.0,-6.429486097767949,3594.6201171875,159.0,1810.0,1804.0,77.19999694824219,1.9869999885559082,148.0,1810.0,77.19999694824219,104.19999694824219,0.5,-0.017000000923871994,1810.0
80.0,106.89310155808926,1788911094000.0,-6.429445696994662,3609.27001953125,161.0,1819.0,1813.0,77.19999694824219,1.940999984741211,146.0,1819.0,77.19999694824219,106.4000015258789,0.5,-0.00800000037997961,1819.0
80.0,106.89304296858609,1788911099000.0,-6.429445613175631,3615.820068359375,160.0,1824.0,1818.0,77.19999694824219,1.9129999876022339,146.0,1824.0,77.19999694824219,106.80000305175781,0.0,0.0,1824.0
80.0,106.8930184096098,1788911101000.0,-6.429437482729554,3618.5400390625,160.0,1826.0,1820.0,77.0,1.9129999876022339,145.0,1826.0,77.0,107.0,0.0,-0.028999999165534973,1826.0
80.0,106.89300164580345,1788911102000.0,-6.429431028664112,3620.510009765625,160.0,1827.0,1821.0,77.0,1.8849999904632568,145.0,1827.0,77.0,107.0,0.0,-0.04600000008940697,1827.0
80.0,106.89298069104552,1788911104000.0,-6.429420216009021,3623.06005859375,161.0,1829.0,1823.0,77.0,1.847000002861023,145.0,1829.0,77.0,107.19999694824219,0.5,-0.03099999949336052,1829.0
80.0,106.8929452355951,1788911106000.0,-6.429405380040407,3627.300048828125,161.0,1831.0,1825.0,77.0,1.8289999961853027,145.0,1831.0,77.0,107.80000305175781,0.5,-0.027000000700354576,1831.0
80.0,106.89278757199645,1788911115000.0,-6.429343186318874,3646.050048828125,160.0,1840.0,1834.0,77.0,1.819000005722046,145.0,1840.0,77.0,107.4000015258789,0.0,0.014999999664723873,1840.0
78.0,106.8927501887083,1788911121000.0,-6.42923891544342,3658.969970703125,157.0,1846.0,1840.0,76.5999984741211,1.8849999904632568,142.0,1846.0,76.5999984741211,104.19999694824219,0.5,-0.06700000166893005,1846.0
78.0,106.89275127835572,1788911122000.0,-6.429218547418714,3661.18994140625,157.0,1847.0,1841.0,76.5999984741211,1.8849999904632568,142.0,1847.0,76.5999984741211,103.5999984741211,0.5,-0.1469999998807907,1847.0
78.0,106.89275748096406,1788911123000.0,-6.429199771955609,3663.27001953125,157.0,1848.0,1842.0,76.4000015258789,1.8849999904632568,142.0,1848.0,76.4000015258789,103.0,0.5,-0.13500000536441803,1848.0
81.0,106.8927887454629,1788911126000.0,-6.42917294986546,3667.97998046875,163.0,1851.0,1845.0,76.19999694824219,1.9129999876022339,142.0,1851.0,76.19999694824219,102.0,0.5,-0.06400000303983688,1851.0
81.0,106.89279830083251,1788911127000.0,-6.429172782227397,3669.0,163.0,1852.0,1846.0,76.19999694824219,1.930999994277954,142.0,1852.0,76.19999694824219,101.80000305175781,0.5,-0.0010000000474974513,1852.0
80.0,106.89281305298209,1788911128000.0,-6.429179068654776,3670.72998046875,161.0,1853.0,1847.0,76.19999694824219,1.930999994277954,142.0,1853.0,76.19999694824219,101.80000305175781,0.5,0.04500000178813934,1853.0
80.0,106.89289226196706,1788911132000.0,-6.429216619580984,3680.39990234375,161.0,1857.0,1851.0,76.19999694824219,1.8660000562667847,142.0,1857.0,76.19999694824219,101.5999984741211,0.5,0.004999999888241291,1857.0
80.0,106.89299150370061,1788911137000.0,-6.429249560460448,3691.989990234375,161.0,1862.0,1856.0,76.4000015258789,1.9129999876022339,145.0,1862.0,76.4000015258789,102.19999694824219,0.5,0.024000000208616257,1862.0
79.0,106.89303115010262,1788911139000.0,-6.429262971505523,3696.6298828125,159.0,1864.0,1858.0,76.4000015258789,1.940999984741211,145.0,1864.0,76.4000015258789,102.80000305175781,0.5,0.024000000208616257,1864.0
80.0,106.89309024251997,1788911143000.0,-6.429306389763951,3704.77001953125,161.0,1868.0,1862.0,76.5999984741211,1.9780000448226929,145.0,1868.0,76.5999984741211,104.19999694824219,0.5,0.039000000804662704,1868.0
80.0,106.89310499466956,1788911144000.0,-6.429311502724886,3706.389892578125,161.0,1869.0,1863.0,76.5999984741211,1.968999981880188,146.0,1869.0,76.5999984741211,104.5999984741211,0.5,0.017999999225139618,1869.0
82.0,106.8932163901627,1788911150000.0,-6.429334385320544,3718.8701171875,165.0,1875.0,1869.0,76.80000305175781,1.968999981880188,146.0,1875.0,76.80000305175781,106.0,0.5,0.04500000178813934,1875.0
83.0,106.89338687807322,1788911158000.0,-6.42939867451787,3738.969970703125,167.0,1883.0,1877.0,77.0,2.00600004196167,147.0,1883.0,77.0,107.4000015258789,0.5,0.017000000923871994,1883.0
83.0,106.89340540207922,1788911159000.0,-6.429407810792327,3741.260009765625,167.0,1884.0,1878.0,77.0,2.00600004196167,148.0,1884.0,77.0,107.5999984741211,0.5,0.0,1884.0
82.0,106.89351093024015,1788911164000.0,-6.42943044193089,3753.14990234375,165.0,1889.0,1883.0,77.80000305175781,2.0899999141693115,151.0,1889.0,77.80000305175781,109.80000305175781,0.5,0.15199999511241913,1889.0
81.0,106.89355895854533,1788911167000.0,-6.429454246535897,3759.06005859375,163.0,1892.0,1886.0,78.4000015258789,2.118000030517578,152.0,1892.0,78.4000015258789,110.4000015258789,0.5,0.20100000500679016,1892.0
81.0,106.89365359023213,1788911174000.0,-6.429441589862108,3770.56005859375,163.0,1899.0,1893.0,79.4000015258789,1.9500000476837158,152.0,1899.0,79.4000015258789,110.4000015258789,0.5,0.13899999856948853,1899.0
80.0,106.89365895465016,1788911175000.0,-6.429425831884146,3772.389892578125,161.0,1900.0,1894.0,79.4000015258789,1.9220000505447388,152.0,1900.0,79.4000015258789,110.4000015258789,0.5,0.0010000000474974513,1900.0
78.0,106.8936654087156,1788911179000.0,-6.42934980802238,3780.389892578125,157.0,1904.0,1898.0,78.80000305175781,1.819000005722046,151.0,1904.0,78.80000305175781,110.19999694824219,0.5,-0.11800000071525574,1904.0
79.0,106.89367010258138,1788911180000.0,-6.429339246824384,3781.659912109375,159.0,1905.0,1899.0,78.80000305175781,1.7910000085830688,151.0,1905.0,78.80000305175781,110.19999694824219,0.5,-0.02500000037252903,1905.0
77.0,106.89375794492662,1788911189000.0,-6.429237825796008,3795.820068359375,154.0,1914.0,1908.0,79.4000015258789,1.6239999532699585,148.0,1914.0,79.4000015258789,112.0,0.0,0.05400000140070915,1914.0
77.0,106.8937660753727,1788911190000.0,-6.429223325103521,3797.64990234375,154.0,1915.0,1909.0,79.4000015258789,1.6239999532699585,147.0,1915.0,79.4000015258789,112.4000015258789,0.0,0.041999999433755875,1915.0
80.0,106.8937795702368,1788911195000.0,-6.429139673709869,3806.820068359375,161.0,1920.0,1914.0,79.0,1.6610000133514404,144.0,1920.0,79.0,113.5999984741211,0.5,-0.07199999690055847,1920.0
80.0,106.89381510950625,1788911201000.0,-6.429045042023063,3817.969970703125,161.0,1926.0,1920.0,79.0,1.7450000047683716,145.0,1926.0,79.0,113.0,0.5,-0.003000000026077032,1926.0
79.0,106.89385609701276,1788911210000.0,-6.428900370374322,3834.489990234375,159.0,1935.0,1929.0,79.0,1.809999942779541,146.0,1935.0,79.0,107.0,0.5,0.00800000037997961,1935.0
82.0,106.8939053826034,1788911219000.0,-6.428779922425747,3848.830078125,165.0,1944.0,1938.0,79.4000015258789,1.809999942779541,148.0,1944.0,79.4000015258789,101.0,0.5,0.03099999949336052,1944.0
80.0,106.89392860047519,1788911224000.0,-6.428706496953964,3857.25,160.0,1949.0,1943.0,79.4000015258789,1.8009999990463257,145.0,1949.0,79.4000015258789,98.19999694824219,0.0,0.014000000432133675,1949.0
81.0,106.89394293352962,1788911226000.0,-6.428675400093198,3860.9599609375,162.0,1951.0,1945.0,79.5999984741211,1.8009999990463257,145.0,1951.0,79.5999984741211,97.80000305175781,0.0,0.04699999839067459,1951.0
80.0,106.89398475922644,1788911233000.0,-6.428584959357977,3871.800048828125,161.0,1958.0,1952.0,79.80000305175781,1.781999945640564,145.0,1958.0,79.80000305175781,100.80000305175781,0.5,0.05000000074505806,1958.0
78.0,106.89401845447719,1788911238000.0,-6.428516898304224,3879.72998046875,157.0,1963.0,1957.0,80.19999694824219,1.753999948501587,143.0,1963.0,80.19999694824219,102.19999694824219,0.5,0.057999998331069946,1963.0
79.0,106.89403714612126,1788911240000.0,-6.428500050678849,3882.510009765625,158.0,1965.0,1959.0,80.19999694824219,1.7450000047683716,142.0,1965.0,80.19999694824219,102.4000015258789,0.0,0.06700000166893005,1965.0
78.0,106.89407369121909,1788911245000.0,-6.428445903584361,3890.030029296875,157.0,1970.0,1964.0,80.5999984741211,1.7170000076293945,140.0,1970.0,80.5999984741211,102.5999984741211,0.5,0.05299999937415123,1970.0
80.0,106.89407679252326,1788911248000.0,-6.428375579416752,3897.840087890625,161.0,1973.0,1967.0,80.5999984741211,1.7079999446868896,139.0,1973.0,80.5999984741211,102.80000305175781,0.5,0.007000000216066837,1973.0
82.0,106.8941144272685,1788911257000.0,-6.428196961060166,3918.669921875,165.0,1982.0,1976.0,80.0,1.781999945640564,138.0,1982.0,80.0,102.19999694824219,0.5,-0.06300000101327896,1982.0
82.0,106.89412289299071,1788911258000.0,-6.428176676854491,3921.090087890625,165.0,1983.0,1977.0,80.0,1.819000005722046,138.0,1983.0,80.0,101.5999984741211,0.5,-0.0430000014603138,1983.0
82.0,106.89413965679705,1788911261000.0,-6.4281226973980665,3927.35009765625,165.0,1986.0,1980.0,79.80000305175781,1.902999997138977,141.0,1986.0,79.80000305175781,100.19999694824219,0.5,-0.04500000178813934,1986.0
81.0,106.89411895349622,1788911265000.0,-6.4280131459236145,3939.9599609375,163.0,1990.0,1984.0,79.4000015258789,2.052999973297119,144.0,1990.0,79.4000015258789,99.0,0.5,-0.11699999868869781,1990.0
83.0,106.89403362572193,1788911270000.0,-6.427969057112932,3950.68994140625,167.0,1995.0,1989.0,79.0,2.1549999713897705,145.0,1995.0,79.0,98.19999694824219,0.5,-0.07100000232458115,1995.0
83.0,106.89387093298137,1788911278000.0,-6.427940055727959,3968.75,167.0,2003.0,1997.0,78.0,2.0989999771118164,147.0,2003.0,78.0,99.5999984741211,0.5,-0.11500000208616257,2003.0
81.0,106.8938490562141,1788911279000.0,-6.427942654117942,3970.7099609375,163.0,2004.0,1998.0,78.0,2.071000099182129,148.0,2004.0,78.0,100.4000015258789,0.5,-0.15700000524520874,2004.0
82.0,106.89373606815934,1788911287000.0,-6.427889596670866,3984.64990234375,165.0,2012.0,2006.0,78.0,2.0989999771118164,150.0,2012.0,78.0,104.19999694824219,0.5,0.01600000075995922,2012.0
82.0,106.89373531378806,1788911288000.0,-6.4278732519596815,3986.449951171875,165.0,2013.0,2007.0,78.19999694824219,2.1089999675750732,151.0,2013.0,78.19999694824219,104.4000015258789,0.5,0.11800000071525574,2013.0
81.0,106.89374512061477,1788911290000.0,-6.427837461233139,3990.85009765625,163.0,2015.0,2009.0,78.4000015258789,2.127000093460083,152.0,2015.0,78.4000015258789,104.5999984741211,0.5,0.1289999932050705,2015.0
79.0,106.89377462491393,1788911292000.0,-6.427829163148999,3994.22998046875,159.0,2017.0,2011.0,78.4000015258789,2.127000093460083,152.0,2017.0,78.4000015258789,104.5999984741211,0.5,0.029999999329447746,2017.0
81.0,106.89389046281576,1788911299000.0,-6.427853386849165,4007.0400390625,163.0,2024.0,2018.0,78.4000015258789,2.052999973297119,152.0,2024.0,78.4000015258789,103.19999694824219,0.5,-0.02500000037252903,2024.0
82.0,106.89393832348287,1788911302000.0,-6.427849028259516,4012.2900390625,165.0,2027.0,2021.0,78.5999984741211,2.0250000953674316,151.0,2027.0,78.5999984741211,104.0,0.5,0.0860000029206276,2027.0
80.0,106.89399356022477,1788911305000.0,-6.427867719903588,4017.469970703125,161.0,2030.0,2024.0,79.0,2.015000104904175,152.0,2030.0,79.0,105.19999694824219,0.5,0.13300000131130219,2030.0
79.0,106.89402943477035,1788911307000.0,-6.42788733355701,4021.7900390625,158.0,2032.0,2026.0,79.0,1.9589999914169312,151.0,2032.0,79.0,106.19999694824219,0.0,0.017000000923871994,2032.0
77.0,106.89409347251058,1788911312000.0,-6.427916418761015,4029.56005859375,155.0,2037.0,2031.0,79.0,1.8849999904632568,151.0,2037.0,79.0,110.80000305175781,0.5,0.0,2037.0
80.0,106.89417905174196,1788911318000.0,-6.427915329113603,4039.080078125,160.0,2043.0,2037.0,79.19999694824219,1.8289999961853027,148.0,2043.0,79.19999694824219,112.5999984741211,0.0,0.035999998450279236,2043.0
79.0,106.89419137313962,1788911319000.0,-6.427913820371032,4040.4599609375,159.0,2044.0,2038.0,79.19999694824219,1.8289999961853027,148.0,2044.0,79.19999694824219,112.4000015258789,0.5,0.039000000804662704,2044.0
79.0,106.89423923380673,1788911323000.0,-6.427895883098245,4046.3798828125,158.0,2048.0,2042.0,79.4000015258789,1.8009999990463257,147.0,2048.0,79.4000015258789,111.4000015258789,0.0,0.027000000700354576,2048.0
76.0,106.89424560405314,1788911326000.0,-6.427846681326628,4051.820068359375,153.0,2051.0,2045.0,79.19999694824219,1.781999945640564,147.0,2051.0,79.19999694824219,111.0,0.5,-0.050999999046325684,2051.0
81.0,106.89427418634295,1788911334000.0,-6.42769823782146,4068.699951171875,163.0,2059.0,2053.0,78.80000305175781,1.8380000591278076,147.0,2059.0,78.80000305175781,108.80000305175781,0.5,-0.05299999937415123,2059.0
81.0,106.8943287525326,1788911344000.0,-6.427532359957695,4088.169921875,163.0,2069.0,2063.0,78.0,1.9500000476837158,146.0,2069.0,78.0,106.19999694824219,0.5,-0.07900000363588333,2069.0
80.0,106.89434677362442,1788911347000.0,-6.427476033568382,4094.719970703125,161.0,2072.0,2066.0,77.80000305175781,1.9589999914169312,149.0,2072.0,77.80000305175781,105.0,0.5,-0.08900000154972076,2072.0
80.0,106.89437569119036,1788911353000.0,-6.427372433245182,4106.740234375,161.0,2078.0,2072.0,77.19999694824219,1.996999979019165,151.0,2078.0,77.19999694824219,102.5999984741211,0.5,-0.07900000363588333,2078.0
79.0,106.89438801258802,1788911360000.0,-6.427260702475905,4119.330078125,159.0,2085.0,2079.0,76.80000305175781,2.015000104904175,151.0,2085.0,76.80000305175781,101.0,0.5,-0.06400000303983688,2085.0
77.0,106.89441433176398,1788911372000.0,-6.427079485729337,4139.6298828125,155.0,2097.0,2091.0,76.0,1.9780000448226929,150.0,2097.0,76.0,98.80000305175781,0.5,-0.06199999898672104,2097.0
81.0,106.89441282302141,1788911375000.0,-6.427028859034181,4145.22021484375,163.0,2100.0,2094.0,75.80000305175781,1.968999981880188,149.0,2100.0,75.80000305175781,98.19999694824219,0.5,-0.05900000035762787,2100.0
79.0,106.89442506060004,1788911385000.0,-6.426862897351384,4163.6201171875,159.0,2110.0,2104.0,75.4000015258789,1.940999984741211,147.0,2110.0,75.4000015258789,96.80000305175781,0.5,-0.041999999433755875,2110.0
82.0,106.89444987103343,1788911389000.0,-6.426797602325678,4171.3701171875,165.0,2114.0,2108.0,75.4000015258789,1.940999984741211,147.0,2114.0,75.4000015258789,96.80000305175781,0.5,-0.02199999988079071,2114.0
82.0,106.89444760791957,1788911390000.0,-6.426782347261906,4173.080078125,165.0,2115.0,2109.0,75.4000015258789,1.9500000476837158,146.0,2115.0,75.4000015258789,96.80000305175781,0.5,0.00800000037997961,2115.0
81.0,106.8944133259356,1788911400000.0,-6.426612697541714,4192.2001953125,163.0,2125.0,2119.0,75.19999694824219,1.968999981880188,146.0,2125.0,75.19999694824219,97.5999984741211,0.5,-0.026000000536441803,2125.0
80.0,106.89438910223544,1788911407000.0,-6.42650649882853,4204.18994140625,161.0,2132.0,2126.0,75.5999984741211,1.9589999914169312,147.0,2132.0,75.5999984741211,98.19999694824219,0.5,0.054999999701976776,2132.0
80.0,106.89436764456332,1788911416000.0,-6.426373142749071,4219.10986328125,161.0,2141.0,2135.0,76.0,1.9220000505447388,147.0,2141.0,76.0,98.0,0.5,0.05299999937415123,2141.0
81.0,106.8943356256932,1788911424000.0,-6.426252527162433,4232.93994140625,163.0,2149.0,2143.0,76.19999694824219,1.8660000562667847,148.0,2149.0,76.19999694824219,96.5999984741211,0.5,0.026000000536441803,2149.0
0.0,106.89431274309754,1788911428000.0,-6.426186142489314,4240.7001953125,0.0,2153.0,2147.0,77.0,1.8380000591278076,145.0,2153.0,77.0,95.19999694824219,0.0,0.1809999942779541,2153.0
80.0,106.89428583718836,1788911434000.0,-6.426101988181472,4250.5,161.0,2159.0,2153.0,77.80000305175781,1.819000005722046,144.0,2159.0,77.80000305175781,95.4000015258789,0.5,0.14900000393390656,2159.0
78.0,106.89426572062075,1788911443000.0,-6.425985060632229,4263.64013671875,157.0,2168.0,2162.0,78.4000015258789,1.7910000085830688,145.0,2168.0,78.4000015258789,96.4000015258789,0.5,0.07500000298023224,2168.0
78.0,106.8942283373326,1788911453000.0,-6.4258520398288965,4278.9599609375,157.0,2178.0,2172.0,79.4000015258789,1.7170000076293945,143.0,2178.0,79.4000015258789,97.4000015258789,0.5,0.09099999815225601,2178.0
78.0,106.89419154077768,1788911460000.0,-6.425747433677316,4291.27978515625,157.0,2185.0,2179.0,80.19999694824219,1.6799999475479126,142.0,2185.0,80.19999694824219,97.0,0.5,0.11599999666213989,2185.0
82.0,106.8941302690655,1788911469000.0,-6.425580130890012,4310.97998046875,165.0,2194.0,2188.0,80.80000305175781,1.7079999446868896,142.0,2194.0,80.80000305175781,97.19999694824219,0.5,0.057999998331069946,2194.0
81.0,106.89410705119371,1788911474000.0,-6.4254948031157255,4320.89013671875,163.0,2199.0,2193.0,81.0,1.7450000047683716,146.0,2199.0,81.0,97.80000305175781,0.5,0.04600000008940697,2199.0
81.0,106.89410311169922,1788911476000.0,-6.4254598505795,4324.77978515625,163.0,2201.0,2195.0,81.19999694824219,1.7640000581741333,147.0,2201.0,81.19999694824219,98.0,0.5,0.08399999886751175,2201.0
78.0,106.89405583776534,1788911484000.0,-6.425339737907052,4339.25,157.0,2209.0,2203.0,81.0,1.781999945640564,147.0,2209.0,81.0,99.19999694824219,0.5,-0.006000000052154064,2209.0
79.0,106.89401702955365,1788911491000.0,-6.425266899168491,4348.39013671875,158.0,2216.0,2210.0,81.0,1.7640000581741333,147.0,2216.0,81.0,98.80000305175781,0.0,-0.017000000923871994,2216.0
78.0,106.89399397931993,1788911495000.0,-6.4252223912626505,4353.9501953125,157.0,2220.0,2214.0,81.4000015258789,1.7079999446868896,151.0,2220.0,81.4000015258789,98.80000305175781,0.5,0.0860000029206276,2220.0
77.0,106.89398811198771,1788911497000.0,-6.425200765952468,4356.35986328125,155.0,2222.0,2216.0,81.5999984741211,1.6890000104904175,154.0,2222.0,81.5999984741211,99.0,0.5,0.11999999731779099,2222.0
78.0,106.89398073591292,1788911499000.0,-6.425175704061985,4359.25,157.0,2224.0,2218.0,81.80000305175781,1.6239999532699585,153.0,2224.0,81.80000305175781,99.0,0.5,0.14300000667572021,2224.0
76.0,106.89394134096801,1788911509000.0,-6.4250527415424585,4373.740234375,152.0,2234.0,2228.0,83.19999694824219,1.315999984741211,150.0,2234.0,83.19999694824219,98.0,0.0,0.14499999582767487,2234.0
0.0,106.89399347640574,1788911514000.0,-6.425002114847302,4381.85009765625,0.0,2239.0,2233.0,83.0,1.5019999742507935,147.0,2239.0,83.0,98.19999694824219,0.0,-0.07699999958276749,2239.0
0.0,106.89401702955365,1788911519000.0,-6.424971520900726,4385.830078125,0.0,2244.0,2233.0,83.0,0.0,147.0,2244.0,83.0,99.4000015258789,0.0,0.02199999988079071,2244.0
72.0,106.8940837495029,1788911524000.0,-6.42498099245131,4394.56005859375,145.0,2249.0,2238.0,82.5999984741211,1.2970000505447388,146.0,2249.0,82.5999984741211,101.4000015258789,0.5,-0.06700000166893005,2249.0
75.0,106.89408735372126,1788911525000.0,-6.425000606104732,4396.7099609375,150.0,2250.0,2239.0,82.5999984741211,1.465000033378601,145.0,2250.0,82.5999984741211,101.80000305175781,0.0,-0.15399999916553497,2250.0
73.0,106.89412373118103,1788911532000.0,-6.4251075591892,4409.10009765625,147.0,2257.0,2246.0,81.5999984741211,1.5019999742507935,144.0,2257.0,81.5999984741211,104.80000305175781,0.5,-0.1289999932050705,2257.0
73.0,106.89411937259138,1788911534000.0,-6.425127172842622,4410.580078125,147.0,2259.0,2248.0,81.4000015258789,1.5019999742507935,144.0,2259.0,81.4000015258789,105.4000015258789,0.5,-0.06300000101327896,2259.0
77.0,106.89413798041642,1788911539000.0,-6.425195904448628,4418.35009765625,154.0,2264.0,2253.0,81.0,1.4930000305175781,149.0,2264.0,81.0,105.80000305175781,0.0,-0.1120000034570694,2264.0
77.0,106.89414317719638,1788911540000.0,-6.425210488960147,4420.06005859375,154.0,2265.0,2254.0,80.80000305175781,1.4930000305175781,146.0,2265.0,80.80000305175781,105.5999984741211,0.0,-0.12399999797344208,2265.0
76.0,106.8941834103316,1788911547000.0,-6.425307886675,4431.64013671875,152.0,2272.0,2261.0,80.5999984741211,1.5119999647140503,143.0,2272.0,80.5999984741211,105.80000305175781,0.0,-0.041999999433755875,2272.0
77.0,106.89419472590089,1788911548000.0,-6.425318531692028,4433.31982421875,154.0,2273.0,2262.0,80.5999984741211,1.5210000276565552,143.0,2273.0,80.5999984741211,105.80000305175781,0.0,-0.0020000000949949026,2273.0
77.0,106.89425926655531,1788911555000.0,-6.425394807010889,4444.4501953125,154.0,2280.0,2269.0,79.5999984741211,1.5859999656677246,141.0,2280.0,79.5999984741211,106.80000305175781,0.0,-0.11800000071525574,2280.0
77.0,106.89426697790623,1788911559000.0,-6.425453647971153,4451.0,154.0,2284.0,2273.0,79.4000015258789,1.5959999561309814,138.0,2284.0,79.4000015258789,106.5999984741211,0.0,-0.07400000095367432,2284.0
78.0,106.89428583718836,1788911562000.0,-6.425493797287345,4455.93017578125,156.0,2287.0,2276.0,79.0,1.5959999561309814,138.0,2287.0,79.0,105.4000015258789,0.0,-0.11599999666213989,2287.0
79.0,106.8943026009947,1788911570000.0,-6.425632433965802,4471.43017578125,159.0,2295.0,2284.0,78.5999984741211,1.6699999570846558,139.0,2295.0,78.5999984741211,106.19999694824219,0.5,-0.06499999761581421,2295.0
81.0,106.89436747692525,1788911576000.0,-6.425755899399519,4486.81005859375,163.0,2301.0,2290.0,77.4000015258789,1.809999942779541,139.0,2301.0,77.4000015258789,106.4000015258789,0.5,-0.19499999284744263,2301.0
83.0,106.89438189379871,1788911582000.0,-6.4258714858442545,4499.77978515625,166.0,2307.0,2296.0,76.80000305175781,2.052999973297119,140.0,2307.0,76.80000305175781,104.0,0.0,-0.07800000160932541,2307.0
82.0,106.89441558904946,1788911587000.0,-6.425972823053598,4511.580078125,165.0,2312.0,2301.0,76.0,2.1649999618530273,143.0,2312.0,76.0,102.4000015258789,0.5,-0.16300000250339508,2312.0
82.0,106.89443025738001,1788911591000.0,-6.426054546609521,4520.759765625,164.0,2316.0,2305.0,76.19999694824219,2.183000087738037,146.0,2316.0,76.19999694824219,100.80000305175781,0.0,0.03400000184774399,2316.0
82.0,106.89443645998836,1788911593000.0,-6.426096875220537,4525.47021484375,164.0,2318.0,2307.0,76.19999694824219,2.2019999027252197,147.0,2318.0,76.19999694824219,100.4000015258789,0.0,0.008999999612569809,2318.0
82.0,106.89445364288986,1788911596000.0,-6.426163511350751,4533.08984375,165.0,2321.0,2310.0,75.5999984741211,2.2860000133514404,150.0,2321.0,75.5999984741211,99.80000305175781,0.5,-0.22200000286102295,2321.0
82.0,106.89449538476765,1788911605000.0,-6.426325365900993,4551.580078125,165.0,2330.0,2319.0,75.80000305175781,2.2860000133514404,152.0,2330.0,75.80000305175781,99.19999694824219,0.5,0.03200000151991844,2330.0
79.0,106.89453234896064,1788911615000.0,-6.426482945680618,4569.47021484375,159.0,2340.0,2329.0,75.5999984741211,2.1549999713897705,151.0,2340.0,75.5999984741211,99.4000015258789,0.5,-0.026000000536441803,2340.0
79.0,106.89456143416464,1788911625000.0,-6.426634071394801,4586.5,159.0,2350.0,2339.0,75.0,2.0429999828338623,152.0,2350.0,75.0,100.0,0.5,-0.06199999898672104,2350.0
77.0,106.89456386491656,1788911631000.0,-6.426712442189455,4595.14990234375,155.0,2356.0,2345.0,74.80000305175781,1.9589999914169312,149.0,2356.0,74.80000305175781,100.4000015258789,0.5,-0.012000000104308128,2356.0
77.0,106.89455824904144,1788911634000.0,-6.426752088591456,4599.64013671875,154.0,2359.0,2348.0,75.0,1.8569999933242798,147.0,2359.0,75.0,100.4000015258789,0.0,0.019999999552965164,2359.0
81.0,106.89454265870154,1788911643000.0,-6.42688762396574,4615.22998046875,163.0,2368.0,2357.0,75.0,1.7079999446868896,144.0,2368.0,75.0,100.5999984741211,0.5,0.009999999776482582,2368.0
81.0,106.89454777166247,1788911644000.0,-6.426903465762734,4617.06982421875,163.0,2369.0,2358.0,75.0,1.7359999418258667,144.0,2369.0,75.0,100.80000305175781,0.5,-0.017999999225139618,2369.0
80.0,106.89455003477633,1788911645000.0,-6.426918553188443,4618.75,161.0,2370.0,2359.0,75.0,1.753999948501587,144.0,2370.0,75.0,101.0,0.5,-0.00800000037997961,2370.0
79.0,106.89454073086381,1788911654000.0,-6.4270636439323425,4634.89013671875,159.0,2379.0,2368.0,75.5999984741211,1.753999948501587,143.0,2379.0,75.5999984741211,102.0,0.5,0.05999999865889549,2379.0
81.0,106.89451625570655,1788911664000.0,-6.4272465370595455,4655.330078125,163.0,2389.0,2378.0,76.19999694824219,1.8289999961853027,144.0,2389.0,76.19999694824219,102.80000305175781,0.5,0.07500000298023224,2389.0
81.0,106.89451340585947,1788911665000.0,-6.427265731617808,4657.47021484375,163.0,2390.0,2379.0,76.4000015258789,1.8380000591278076,144.0,2390.0,76.4000015258789,102.5999984741211,0.5,0.07900000363588333,2390.0
80.0,106.89448012970388,1788911672000.0,-6.427401686087251,4672.9599609375,161.0,2397.0,2386.0,77.0,1.930999994277954,147.0,2397.0,77.0,101.5999984741211,0.5,0.08699999749660492,2397.0
80.0,106.8944722507149,1788911674000.0,-6.4274403266608715,4677.31982421875,161.0,2399.0,2388.0,77.19999694824219,1.940999984741211,149.0,2399.0,77.19999694824219,101.0,0.5,0.08399999886751175,2399.0
80.0,106.89443285576999,1788911681000.0,-6.427575694397092,4692.97021484375,161.0,2406.0,2395.0,77.80000305175781,1.9780000448226929,152.0,2406.0,77.80000305175781,99.80000305175781,0.5,0.09000000357627869,2406.0
81.0,106.89443159848452,1788911682000.0,-6.4275911170989275,4694.68017578125,162.0,2407.0,2396.0,77.80000305175781,1.9869999885559082,152.0,2407.0,77.80000305175781,99.80000305175781,0.0,0.05999999865889549,2407.0
79.0,106.89438306726515,1788911692000.0,-6.427748613059521,4712.9599609375,159.0,2417.0,2406.0,78.5999984741211,1.968999981880188,152.0,2417.0,78.5999984741211,100.5999984741211,0.5,0.07400000095367432,2417.0
79.0,106.89433554187417,1788911703000.0,-6.42790493555367,4731.10986328125,159.0,2428.0,2417.0,79.4000015258789,1.8660000562667847,151.0,2428.0,79.4000015258789,100.4000015258789,0.5,0.06700000166893005,2428.0
77.0,106.89432280138135,1788911706000.0,-6.427941313013434,4735.18017578125,154.0,2431.0,2420.0,79.4000015258789,1.847000002861023,151.0,2431.0,79.4000015258789,100.4000015258789,0.0,0.05900000035762787,2431.0
76.0,106.89431542530656,1788911708000.0,-6.4279615972191095,4737.5400390625,152.0,2433.0,2422.0,79.5999984741211,1.8289999961853027,148.0,2433.0,79.5999984741211,100.4000015258789,0.0,0.05000000074505806,2433.0
76.0,106.89431232400239,1788911709000.0,-6.427974170073867,4738.919921875,152.0,2434.0,2423.0,79.5999984741211,1.819000005722046,148.0,2434.0,79.5999984741211,100.4000015258789,0.0,0.0560000017285347,2434.0
77.0,106.89429815858603,1788911717000.0,-6.428087158128619,4751.5498046875,155.0,2442.0,2431.0,80.5999984741211,1.6330000162124634,148.0,2442.0,80.5999984741211,99.4000015258789,0.5,0.10999999940395355,2442.0
79.0,106.89425909891725,1788911725000.0,-6.428208528086543,4765.64013671875,159.0,2450.0,2439.0,81.19999694824219,1.5490000247955322,147.0,2450.0,81.19999694824219,99.5999984741211,0.5,0.07400000095367432,2450.0
81.0,106.89424091018736,1788911729000.0,-6.42826703377068,4772.41015625,163.0,2454.0,2443.0,81.4000015258789,1.5579999685287476,146.0,2454.0,81.4000015258789,98.19999694824219,0.5,0.0729999989271164,2454.0
80.0,106.89423495903611,1788911731000.0,-6.428298046812415,4775.8701171875,161.0,2456.0,2445.0,81.5999984741211,1.5859999656677246,146.0,2456.0,81.5999984741211,97.4000015258789,0.5,0.09000000357627869,2456.0
79.0,106.8942304328084,1788911732000.0,-6.428314223885536,4777.669921875,159.0,2457.0,2446.0,81.5999984741211,1.5959999561309814,146.0,2457.0,81.5999984741211,97.0,0.5,0.07800000160932541,2457.0
78.0,106.89421744085848,1788911734000.0,-6.428344063460827,4781.240234375,157.0,2459.0,2448.0,81.5999984741211,1.6050000190734863,146.0,2459.0,81.5999984741211,96.19999694824219,0.5,-0.04699999839067459,2459.0
81.0,106.89419992268085,1788911736000.0,-6.428369460627437,4784.56982421875,162.0,2461.0,2450.0,81.4000015258789,1.6050000190734863,145.0,2461.0,81.4000015258789,95.5999984741211,0.0,-0.06300000101327896,2461.0
81.0,106.89419019967318,1788911737000.0,-6.4283830393105745,4786.02978515625,162.0,2462.0,2451.0,81.4000015258789,1.6050000190734863,145.0,2462.0,81.4000015258789,95.4000015258789,0.0,-0.07000000029802322,2462.0
78.0,106.89417854882777,1788911744000.0,-6.428504157811403,4799.68994140625,157.0,2469.0,2458.0,82.0,1.6330000162124634,145.0,2469.0,82.0,94.4000015258789,0.5,0.08399999886751175,2469.0
82.0,106.89413764514029,1788911752000.0,-6.4286640007048845,4818.06982421875,165.0,2477.0,2466.0,82.19999694824219,1.6610000133514404,147.0,2477.0,82.19999694824219,94.19999694824219,0.5,0.03700000047683716,2477.0
82.0,106.89412213861942,1788911754000.0,-6.428700629621744,4822.1298828125,165.0,2479.0,2468.0,82.19999694824219,1.6699999570846558,147.0,2479.0,82.19999694824219,93.5999984741211,0.5,-0.04600000008940697,2479.0
80.0,106.89409657381475,1788911757000.0,-6.428750669583678,4827.77001953125,161.0,2482.0,2471.0,82.0,1.7079999446868896,147.0,2482.0,82.0,93.0,0.5,-0.06300000101327896,2482.0
80.0,106.89408576115966,1788911758000.0,-6.428761733695865,4829.43994140625,161.0,2483.0,2472.0,81.80000305175781,1.7259999513626099,147.0,2483.0,81.80000305175781,93.0,0.5,-0.11599999666213989,2483.0
79.0,106.89401862211525,1788911765000.0,-6.428890563547611,4845.43017578125,159.0,2490.0,2479.0,81.4000015258789,1.7259999513626099,147.0,2490.0,81.4000015258789,95.80000305175781,0.5,-0.061000000685453415,2490.0
81.0,106.89397009089589,1788911773000.0,-6.429017297923565,4860.52978515625,163.0,2498.0,2487.0,81.5999984741211,1.6799999475479126,148.0,2498.0,81.5999984741211,98.80000305175781,0.5,0.014000000432133675,2498.0
78.0,106.89393966458738,1788911781000.0,-6.42913824878633,4874.68994140625,157.0,2506.0,2495.0,81.80000305175781,1.6610000133514404,151.0,2506.0,81.80000305175781,98.80000305175781,0.5,0.03999999910593033,2506.0
79.0,106.89390462823212,1788911791000.0,-6.429271018132567,4889.89990234375,159.0,2516.0,2505.0,82.0,1.6519999504089355,149.0,2516.0,82.0,93.19999694824219,0.5,0.02199999988079071,2516.0
79.0,106.89388392493129,1788911799000.0,-6.429380318149924,4902.22998046875,159.0,2524.0,2513.0,82.19999694824219,1.6050000190734863,148.0,2524.0,82.19999694824219,88.5999984741211,0.5,0.012000000104308128,2524.0
79.0,106.89388836733997,1788911800000.0,-6.429393645375967,4903.75,159.0,2525.0,2514.0,82.4000015258789,1.6050000190734863,149.0,2525.0,82.4000015258789,88.4000015258789,0.5,0.1120000034570694,2525.0
78.0,106.89389423467219,1788911803000.0,-6.429445026442409,4909.39013671875,157.0,2528.0,2517.0,82.4000015258789,1.5959999561309814,149.0,2528.0,82.4000015258789,87.80000305175781,0.5,0.04100000113248825,2528.0
78.0,106.89388794824481,1788911804000.0,-6.42945634201169,4910.7900390625,157.0,2529.0,2518.0,82.19999694824219,1.6050000190734863,149.0,2529.0,82.19999694824219,87.80000305175781,0.5,-0.13099999725818634,2529.0
80.0,106.89384897239506,1788911814000.0,-6.429605288431048,4927.4501953125,161.0,2539.0,2528.0,81.5999984741211,1.6139999628067017,148.0,2539.0,81.5999984741211,86.4000015258789,0.5,-0.07599999755620956,2539.0
79.0,106.89382986165583,1788911817000.0,-6.429642252624035,4931.7001953125,159.0,2542.0,2531.0,81.4000015258789,1.6139999628067017,148.0,2542.0,81.4000015258789,86.0,0.5,-0.07199999690055847,2542.0
79.0,106.89379449002445,1788911821000.0,-6.429695310071111,4938.7998046875,159.0,2546.0,2535.0,80.80000305175781,1.6139999628067017,148.0,2546.0,80.80000305175781,86.80000305175781,0.5,-0.12700000405311584,2546.0
79.0,106.89373615197837,1788911825000.0,-6.429769238457084,4949.1298828125,159.0,2550.0,2539.0,79.5999984741211,1.6050000190734863,148.0,2550.0,79.5999984741211,89.0,0.5,-0.2939999997615814,2550.0
79.0,106.89369969069958,1788911828000.0,-6.429812740534544,4955.47998046875,159.0,2553.0,2542.0,79.4000015258789,1.6239999532699585,148.0,2553.0,79.4000015258789,91.4000015258789,0.5,-0.10499999672174454,2553.0
78.0,106.89362349919975,1788911835000.0,-6.42991416156292,4969.2001953125,156.0,2560.0,2549.0,79.4000015258789,1.7170000076293945,147.0,2560.0,79.4000015258789,97.19999694824219,0.0,0.013000000268220901,2560.0
78.0,106.89359961077571,1788911843000.0,-6.43002706579864,4981.89990234375,157.0,2568.0,2557.0,80.19999694824219,1.6610000133514404,148.0,2568.0,80.19999694824219,100.0,0.5,0.10300000011920929,2568.0
80.0,106.89358368515968,1788911847000.0,-6.430080961436033,4988.14013671875,161.0,2572.0,2561.0,81.0,1.6519999504089355,148.0,2572.0,81.0,100.4000015258789,0.5,0.18000000715255737,2572.0
80.0,106.89357731491327,1788911849000.0,-6.430116584524512,4992.02001953125,161.0,2574.0,2563.0,81.4000015258789,1.6610000133514404,148.0,2574.0,81.4000015258789,101.0,0.5,0.24500000476837158,2574.0
79.0,106.89355795271695,1788911854000.0,-6.430184813216329,4999.8701171875,159.0,2579.0,2568.0,82.19999694824219,1.6799999475479126,149.0,2579.0,82.19999694824219,101.19999694824219,0.5,0.15199999511241913,2579.0
79.0,106.89355744980276,1788911856000.0,-6.430209539830685,5002.56005859375,159.0,2581.0,2570.0,82.4000015258789,1.6979999542236328,149.0,2581.0,82.4000015258789,100.5999984741211,0.5,0.13300000131130219,2581.0
79.0,106.89355443231761,1788911857000.0,-6.4302207715809345,5003.83984375,159.0,2582.0,2571.0,82.5999984741211,1.6979999542236328,148.0,2582.0,82.5999984741211,100.19999694824219,0.5,0.12099999934434891,2582.0
79.0,106.8935380037874,1788911860000.0,-6.430260082706809,5008.60986328125,159.0,2585.0,2574.0,83.0,1.6890000104904175,149.0,2585.0,83.0,98.80000305175781,0.5,0.13699999451637268,2585.0
79.0,106.8935311306268,1788911862000.0,-6.430285144597292,5011.4599609375,159.0,2587.0,2576.0,83.0,1.6890000104904175,148.0,2587.0,83.0,98.19999694824219,0.5,0.04500000178813934,2587.0
78.0,106.89352300018072,1788911865000.0,-6.430328143760562,5016.10986328125,157.0,2590.0,2579.0,83.19999694824219,1.6799999475479126,148.0,2590.0,83.19999694824219,97.4000015258789,0.5,0.052000001072883606,2590.0
79.0,106.89352123998106,1788911866000.0,-6.430344404652715,5017.89990234375,159.0,2591.0,2580.0,83.4000015258789,1.6799999475479126,148.0,2591.0,83.4000015258789,97.19999694824219,0.5,0.05900000035762787,2591.0
80.0,106.89348729327321,1788911871000.0,-6.430408023297787,5025.97021484375,160.0,2596.0,2585.0,83.5999984741211,1.6799999475479126,147.0,2596.0,83.5999984741211,96.80000305175781,0.0,0.04600000008940697,2596.0
79.0,106.89347924664617,1788911872000.0,-6.430421266704798,5027.66015625,159.0,2597.0,2586.0,83.5999984741211,1.6799999475479126,147.0,2597.0,83.5999984741211,96.80000305175781,0.5,0.04800000041723251,2597.0
77.0,106.89343239180744,1788911883000.0,-6.430576164275408,5045.6201171875,155.0,2608.0,2597.0,84.0,1.6519999504089355,147.0,2608.0,84.0,97.5999984741211,0.5,0.03799999877810478,2608.0
77.0,106.89339559525251,1788911891000.0,-6.43068085424602,5057.8798828125,155.0,2616.0,2605.0,84.0,1.6239999532699585,147.0,2616.0,84.0,97.0,0.5,0.0,2616.0
78.0,106.8933585472405,1788911902000.0,-6.430875146761537,5079.77001953125,157.0,2627.0,2616.0,84.19999694824219,1.6610000133514404,147.0,2627.0,84.19999694824219,99.19999694824219,0.5,0.019999999552965164,2627.0
78.0,106.89335745759308,1788911903000.0,-6.430891240015626,5081.47021484375,156.0,2628.0,2617.0,84.19999694824219,1.6699999570846558,147.0,2628.0,84.19999694824219,99.19999694824219,0.0,0.057999998331069946,2628.0
79.0,106.8933080881834,1788911913000.0,-6.431018058210611,5096.5400390625,159.0,2638.0,2627.0,85.0,1.7079999446868896,145.0,2638.0,85.0,97.19999694824219,0.5,0.07100000232458115,2638.0
77.0,106.89326299354434,1788911922000.0,-6.431155102327466,5112.669921875,155.0,2647.0,2636.0,85.80000305175781,1.7079999446868896,145.0,2647.0,85.80000305175781,96.80000305175781,0.5,0.09200000017881393,2647.0
80.0,106.89321739599109,1788911930000.0,-6.431266497820616,5126.009765625,161.0,2655.0,2644.0,86.4000015258789,1.7170000076293945,146.0,2655.0,86.4000015258789,98.4000015258789,0.5,0.07999999821186066,2655.0
80.0,106.89316232688725,1788911938000.0,-6.431398596614599,5141.85986328125,161.0,2663.0,2652.0,87.0,1.7359999418258667,147.0,2663.0,87.0,99.19999694824219,0.5,0.07100000232458115,2663.0
80.0,106.89312259666622,1788911944000.0,-6.431486941874027,5152.68017578125,161.0,2669.0,2658.0,87.4000015258789,1.7730000019073486,148.0,2669.0,87.4000015258789,99.0,0.5,0.04800000041723251,2669.0
80.0,106.89310910180211,1788911946000.0,-6.431518457829952,5156.4599609375,161.0,2671.0,2660.0,87.4000015258789,1.7730000019073486,148.0,2671.0,87.4000015258789,99.0,0.5,0.04899999871850014,2671.0
80.0,106.89307054504752,1788911954000.0,-6.431654915213585,5172.2998046875,161.0,2679.0,2668.0,87.5999984741211,1.8009999990463257,149.0,2679.0,87.5999984741211,98.5999984741211,0.5,0.02800000086426735,2679.0
80.0,106.89303576014936,1788911961000.0,-6.431768070906401,5185.47021484375,161.0,2686.0,2675.0,87.0,1.809999942779541,151.0,2686.0,87.0,94.4000015258789,0.5,-0.08100000023841858,2686.0
81.0,106.89298613928258,1788911971000.0,-6.4319277461618185,5203.93994140625,163.0,2696.0,2685.0,86.5999984741211,1.7910000085830688,151.0,2696.0,86.5999984741211,92.80000305175781,0.5,-0.04100000113248825,2696.0
80.0,106.89296753145754,1788911974000.0,-6.431971667334437,5209.14990234375,161.0,2699.0,2688.0,86.80000305175781,1.7910000085830688,150.0,2699.0,86.80000305175781,93.19999694824219,0.5,0.07500000298023224,2699.0
79.0,106.89293341711164,1788911980000.0,-6.432052133604884,5218.75,159.0,2705.0,2694.0,87.19999694824219,1.781999945640564,150.0,2705.0,87.19999694824219,93.80000305175781,0.5,0.0689999982714653,2705.0
78.0,106.89290198497474,1788911986000.0,-6.432129414752126,5228.0,157.0,2711.0,2700.0,87.5999984741211,1.753999948501587,147.0,2711.0,87.5999984741211,95.0,0.5,0.06499999761581421,2711.0
79.0,106.89288631081581,1788911990000.0,-6.432189177721739,5234.7998046875,158.0,2715.0,2704.0,88.0,1.7359999418258667,147.0,2715.0,88.0,97.0,0.0,0.06800000369548798,2715.0
80.0,106.89281900413334,1788912002000.0,-6.4323733281344175,5256.490234375,160.0,2727.0,2716.0,88.5999984741211,1.7079999446868896,146.0,2727.0,88.5999984741211,98.4000015258789,0.0,0.054999999701976776,2727.0
78.0,106.89275588840246,1788912013000.0,-6.432521101087332,5274.27001953125,157.0,2738.0,2727.0,89.19999694824219,1.7359999418258667,146.0,2738.0,89.19999694824219,100.19999694824219,0.5,0.061000000685453415,2738.0
79.0,106.89272261224687,1788912022000.0,-6.432663258165121,5290.5,159.0,2747.0,2736.0,90.5999984741211,1.7259999513626099,146.0,2747.0,90.5999984741211,100.0,0.5,0.13500000536441803,2747.0
79.0,106.89271364361048,1788912023000.0,-6.432679099962115,5292.509765625,159.0,2748.0,2737.0,90.5999984741211,1.7359999418258667,146.0,2748.0,90.5999984741211,100.19999694824219,0.5,0.18799999356269836,2748.0
81.0,106.89267952926457,1788912027000.0,-6.432740120217204,5300.3701171875,163.0,2752.0,2741.0,91.4000015258789,1.7450000047683716,146.0,2752.0,91.4000015258789,100.19999694824219,0.5,0.18199999630451202,2752.0
81.0,106.89263636246324,1788912035000.0,-6.432886803522706,5317.2900390625,162.0,2760.0,2749.0,91.80000305175781,1.809999942779541,146.0,2760.0,91.80000305175781,99.80000305175781,0.0,0.041999999433755875,2760.0
81.0,106.89258858561516,1788912045000.0,-6.433079000562429,5339.43017578125,163.0,2770.0,2759.0,91.80000305175781,1.9129999876022339,148.0,2770.0,91.80000305175781,99.4000015258789,0.5,-0.004999999888241291,2770.0
81.0,106.89259411767125,1788912048000.0,-6.4331364165991545,5345.7998046875,163.0,2773.0,2762.0,91.5999984741211,1.930999994277954,151.0,2773.0,91.5999984741211,99.19999694824219,0.5,-0.0560000017285347,2773.0
80.0,106.89259395003319,1788912055000.0,-6.433258457109332,5359.31982421875,161.0,2780.0,2769.0,91.0,1.9869999885559082,151.0,2780.0,91.0,98.5999984741211,0.5,-0.06300000101327896,2780.0
78.0,106.8925947882235,1788912063000.0,-6.433372786268592,5372.0400390625,157.0,2788.0,2777.0,90.80000305175781,1.968999981880188,151.0,2788.0,90.80000305175781,98.5999984741211,0.5,-0.02500000037252903,2788.0
77.0,106.89259998500347,1788912073000.0,-6.433515027165413,5387.7900390625,154.0,2798.0,2787.0,91.0,1.902999997138977,152.0,2798.0,91.0,99.0,0.0,0.004000000189989805,2798.0
78.0,106.89259520731866,1788912085000.0,-6.433690711855888,5407.22998046875,157.0,2810.0,2799.0,91.0,1.8380000591278076,151.0,2810.0,91.0,99.5999984741211,0.5,0.0010000000474974513,2810.0
75.0,106.89256377518177,1788912093000.0,-6.433795485645533,5419.330078125,151.0,2818.0,2807.0,90.80000305175781,1.809999942779541,148.0,2818.0,90.80000305175781,100.5999984741211,0.5,-0.014000000432133675,2818.0
75.0,106.8925532978028,1788912099000.0,-6.433869246393442,5427.72998046875,151.0,2824.0,2813.0,90.80000305175781,1.781999945640564,144.0,2824.0,90.80000305175781,100.5999984741211,0.5,-0.006000000052154064,2824.0
75.0,106.89255111850798,1788912100000.0,-6.433882238343358,5429.18994140625,151.0,2825.0,2814.0,91.0,1.7730000019073486,144.0,2825.0,91.0,100.4000015258789,0.5,0.2029999941587448,2825.0
77.0,106.89251599833369,1788912110000.0,-6.434036632999778,5446.7001953125,154.0,2835.0,2824.0,92.4000015258789,1.7359999418258667,143.0,2835.0,92.4000015258789,99.0,0.0,0.1340000033378601,2835.0
79.0,106.89246159978211,1788912120000.0,-6.434192284941673,5464.93994140625,159.0,2845.0,2834.0,93.4000015258789,1.7450000047683716,144.0,2845.0,93.4000015258789,100.19999694824219,0.5,0.10999999940395355,2845.0
79.0,106.89240309409797,1788912127000.0,-6.4342941250652075,5478.009765625,159.0,2852.0,2841.0,95.0,1.7640000581741333,147.0,2852.0,95.0,101.0,0.5,0.22499999403953552,2852.0
79.0,106.89227753318846,1788912138000.0,-6.434447765350342,5499.9501953125,159.0,2863.0,2852.0,97.5999984741211,1.8009999990463257,149.0,2863.0,97.5999984741211,103.4000015258789,0.5,0.2329999953508377,2863.0
79.0,106.8922654632479,1788912139000.0,-6.43446234986186,5502.0400390625,159.0,2864.0,2853.0,97.80000305175781,1.8009999990463257,150.0,2864.0,97.80000305175781,103.5999984741211,0.5,0.12999999523162842,2864.0
81.0,106.89217519015074,1788912147000.0,-6.434570979326963,5517.669921875,162.0,2872.0,2861.0,98.5999984741211,1.8380000591278076,153.0,2872.0,98.5999984741211,104.4000015258789,0.0,0.12200000137090683,2872.0
80.0,106.89216454513371,1788912148000.0,-6.434582378715277,5519.39990234375,161.0,2873.0,2862.0,98.80000305175781,1.8380000591278076,154.0,2873.0,98.80000305175781,104.4000015258789,0.5,0.11500000208616257,2873.0
77.0,106.89208793453872,1788912157000.0,-6.434676507487893,5532.85009765625,155.0,2882.0,2871.0,99.5999984741211,1.809999942779541,154.0,2882.0,99.5999984741211,105.0,0.5,0.09200000017881393,2882.0
77.0,106.89207133837044,1788912159000.0,-6.4347003120929,5536.08984375,155.0,2884.0,2873.0,99.80000305175781,1.8009999990463257,154.0,2884.0,99.80000305175781,105.4000015258789,0.5,0.09000000357627869,2884.0
76.0,106.89202691428363,1788912164000.0,-6.434758231043816,5544.1298828125,152.0,2889.0,2878.0,100.0,1.7640000581741333,154.0,2889.0,100.0,106.19999694824219,0.0,0.039000000804662704,2889.0
76.0,106.89199003390968,1788912168000.0,-6.434801816940308,5550.4599609375,152.0,2893.0,2882.0,100.0,1.7359999418258667,150.0,2893.0,100.0,106.4000015258789,0.0,0.0,2893.0
75.0,106.89191895537078,1788912175000.0,-6.434870297089219,5561.39013671875,151.0,2900.0,2889.0,100.0,1.6979999542236328,151.0,2900.0,100.0,107.4000015258789,0.5,0.0,2900.0
76.0,106.89180554822087,1788912187000.0,-6.4349971152842045,5580.18994140625,152.0,2912.0,2901.0,100.19999694824219,1.6699999570846558,150.0,2912.0,100.19999694824219,106.5999984741211,0.0,0.017999999225139618,2912.0
76.0,106.89170161262155,1788912198000.0,-6.435103062540293,5596.58984375,152.0,2923.0,2912.0,101.19999694824219,1.6239999532699585,148.0,2923.0,101.19999694824219,105.19999694824219,0.0,0.09000000357627869,2923.0
76.0,106.89163221046329,1788912204000.0,-6.435161316767335,5606.669921875,152.0,2929.0,2918.0,101.5999984741211,1.6050000190734863,145.0,2929.0,101.5999984741211,105.5999984741211,0.0,0.05700000002980232,2929.0
76.0,106.89160681329668,1788912207000.0,-6.435186713933945,5610.64990234375,152.0,2932.0,2921.0,101.80000305175781,1.5959999561309814,144.0,2932.0,101.80000305175781,106.19999694824219,0.0,0.061000000685453415,2932.0
76.0,106.89159968867898,1788912208000.0,-6.435198867693543,5612.2099609375,152.0,2933.0,2922.0,101.80000305175781,1.5959999561309814,144.0,2933.0,101.80000305175781,106.19999694824219,0.0,0.12399999797344208,2933.0
77.0,106.89155836589634,1788912212000.0,-6.435224851593375,5617.7900390625,155.0,2937.0,2926.0,102.0,1.5859999656677246,147.0,2937.0,102.0,106.4000015258789,0.5,0.01899999938905239,2937.0
78.0,106.89152022823691,1788912215000.0,-6.435246225446463,5622.6298828125,156.0,2940.0,2929.0,102.0,1.5770000219345093,147.0,2940.0,102.0,105.80000305175781,0.0,0.010999999940395355,2940.0
79.0,106.89136952161789,1788912226000.0,-6.435313951224089,5640.93994140625,159.0,2951.0,2940.0,100.80000305175781,1.5770000219345093,147.0,2951.0,100.80000305175781,104.80000305175781,0.5,-0.1120000034570694,2951.0
78.0,106.8912310525775,1788912236000.0,-6.435366086661816,5657.3701171875,156.0,2961.0,2950.0,99.4000015258789,1.5859999656677246,145.0,2961.0,99.4000015258789,103.80000305175781,0.0,-0.14300000667572021,2961.0
78.0,106.89109484665096,1788912245000.0,-6.435408582910895,5673.009765625,157.0,2970.0,2959.0,97.4000015258789,1.5959999561309814,146.0,2970.0,97.4000015258789,103.4000015258789,0.5,-0.21699999272823334,2970.0
78.0,106.8909646756947,1788912255000.0,-6.43547379411757,5689.02001953125,157.0,2980.0,2969.0,95.80000305175781,1.5579999685287476,143.0,2980.0,95.80000305175781,104.5999984741211,0.5,-0.14900000393390656,2980.0
78.0,106.89094992354512,1788912256000.0,-6.435478404164314,5690.72998046875,157.0,2981.0,2970.0,95.5999984741211,1.5579999685287476,142.0,2981.0,95.5999984741211,104.80000305175781,0.5,-0.17900000512599945,2981.0
80.0,106.89077767543495,1788912267000.0,-6.435537412762642,5710.89013671875,161.0,2992.0,2981.0,95.4000015258789,1.5959999561309814,140.0,2992.0,95.4000015258789,105.19999694824219,0.5,-0.026000000536441803,2992.0
79.0,106.89066686667502,1788912273000.0,-6.435581333935261,5724.06982421875,159.0,2998.0,2987.0,95.19999694824219,1.6610000133514404,144.0,2998.0,95.19999694824219,104.80000305175781,0.5,-0.03999999910593033,2998.0
80.0,106.89062998630106,1788912275000.0,-6.435595331713557,5728.43017578125,161.0,3000.0,2989.0,95.19999694824219,1.6890000104904175,147.0,3000.0,95.19999694824219,104.19999694824219,0.5,0.019999999552965164,3000.0
80.0,106.89060844480991,1788912276000.0,-6.435605306178331,5731.06005859375,161.0,3001.0,2990.0,95.19999694824219,1.7079999446868896,148.0,3001.0,95.19999694824219,104.0,0.5,0.035999998450279236,3001.0
80.0,106.89043586142361,1788912285000.0,-6.4356662426143885,5751.27978515625,161.0,3010.0,2999.0,95.19999694824219,1.9869999885559082,151.0,3010.0,95.19999694824219,102.5999984741211,0.5,-0.014999999664723873,3010.0
81.0,106.89039730466902,1788912287000.0,-6.43568049184978,5755.830078125,163.0,3012.0,3001.0,95.0,1.996999979019165,154.0,3012.0,95.0,103.0,0.5,-0.017999999225139618,3012.0
82.0,106.89029085449874,1788912294000.0,-6.435769675299525,5771.39990234375,164.0,3019.0,3008.0,96.0,2.052999973297119,154.0,3019.0,96.0,104.19999694824219,0.0,0.13500000536441803,3019.0
80.0,106.89021877013147,1788912303000.0,-6.435904623940587,5788.330078125,161.0,3028.0,3017.0,97.19999694824219,2.00600004196167,155.0,3028.0,97.19999694824219,105.5999984741211,0.5,0.13699999451637268,3028.0
80.0,106.89020963385701,1788912305000.0,-6.435935385525227,5791.8701171875,160.0,3030.0,3019.0,97.4000015258789,1.9780000448226929,158.0,3030.0,97.4000015258789,106.0,0.0,0.12700000405311584,3030.0
78.0,106.89019060693681,1788912310000.0,-6.436007469892502,5800.14990234375,156.0,3035.0,3024.0,98.0,1.8940000534057617,157.0,3035.0,98.0,106.4000015258789,0.0,0.11699999868869781,3035.0
0.0,106.89018272794783,1788912311000.0,-6.436019288375974,5801.669921875,0.0,3036.0,3025.0,98.19999694824219,1.8849999904632568,155.0,3036.0,98.19999694824219,106.19999694824219,0.0,0.11500000208616257,3036.0
67.0,106.89017166383564,1788912314000.0,-6.436049547046423,5805.27978515625,135.0,3039.0,3028.0,98.5999984741211,1.7910000085830688,152.0,3039.0,98.5999984741211,106.0,0.5,0.10899999737739563,3039.0
60.0,106.89016437157989,1788912318000.0,-6.436104699969292,5811.43994140625,120.0,3043.0,3032.0,99.0,1.6979999542236328,151.0,3043.0,99.0,105.80000305175781,0.0,0.11800000071525574,3043.0
59.0,106.8900756072253,1788912325000.0,-6.436169156804681,5823.4501953125,118.0,3050.0,3039.0,98.5999984741211,1.5679999589920044,148.0,3050.0,98.5999984741211,106.0,0.0,-0.05000000074505806,3050.0
0.0,106.89005230553448,1788912327000.0,-6.436186507344246,5826.669921875,0.0,3052.0,3041.0,98.4000015258789,1.5399999618530273,146.0,3052.0,98.4000015258789,106.19999694824219,0.0,-0.12600000202655792,3052.0
58.0,106.89001802355051,1788912332000.0,-6.436175024136901,5830.72021484375,117.0,3057.0,3046.0,98.0,1.5019999742507935,146.0,3057.0,98.0,107.80000305175781,0.5,-0.06199999898672104,3057.0
78.0,106.88996479846537,1788912337000.0,-6.436108471825719,5840.60986328125,157.0,3062.0,3051.0,98.4000015258789,1.5579999685287476,146.0,3062.0,98.4000015258789,108.80000305175781,0.5,0.05700000002980232,3062.0
80.0,106.889992877841,1788912343000.0,-6.436009984463453,5851.9599609375,161.0,3068.0,3057.0,98.0,1.781999945640564,144.0,3068.0,98.0,109.0,0.5,-0.06499999761581421,3068.0
80.0,106.8900253996253,1788912350000.0,-6.435879729688168,5866.85009765625,161.0,3075.0,3064.0,97.0,1.8380000591278076,146.0,3075.0,97.0,108.80000305175781,0.5,-0.12700000405311584,3075.0
79.0,106.89007150009274,1788912357000.0,-6.435778811573982,5879.1298828125,159.0,3082.0,3071.0,96.4000015258789,1.8569999933242798,148.0,3082.0,96.4000015258789,108.5999984741211,0.5,-0.08900000154972076,3082.0
79.0,106.89013729803264,1788912365000.0,-6.435658782720566,5894.33984375,159.0,3090.0,3079.0,95.80000305175781,1.8380000591278076,148.0,3090.0,95.80000305175781,108.19999694824219,0.5,-0.08799999952316284,3090.0
80.0,106.89023796468973,1788912373000.0,-6.435570437461138,5909.240234375,161.0,3098.0,3087.0,94.80000305175781,1.819000005722046,149.0,3098.0,94.80000305175781,109.19999694824219,0.5,-0.125,3098.0
79.0,106.89037651754916,1788912382000.0,-6.435522073879838,5925.509765625,158.0,3107.0,3096.0,94.0,1.819000005722046,149.0,3107.0,94.0,109.0,0.0,-0.0820000022649765,3107.0
79.0,106.89038557000458,1788912383000.0,-6.435514027252793,5926.81982421875,159.0,3108.0,3097.0,94.0,1.819000005722046,150.0,3108.0,94.0,108.80000305175781,0.5,-0.032999999821186066,3108.0
81.0,106.89042714424431,1788912386000.0,-6.43550262786448,5931.740234375,162.0,3111.0,3100.0,93.80000305175781,1.819000005722046,150.0,3111.0,93.80000305175781,108.0,0.0,-0.035999998450279236,3111.0
81.0,106.89044432714581,1788912387000.0,-6.435502460226417,5933.64013671875,163.0,3112.0,3101.0,94.0,1.809999942779541,150.0,3112.0,94.0,107.80000305175781,0.5,0.061000000685453415,3112.0
81.0,106.89045824110508,1788912388000.0,-6.435496844351292,5935.2900390625,163.0,3113.0,3102.0,94.0,1.809999942779541,151.0,3113.0,94.0,107.5999984741211,0.5,0.009999999776482582,3113.0
79.0,106.89053233712912,1788912393000.0,-6.43546205945313,5944.259765625,159.0,3118.0,3107.0,94.0,1.809999942779541,148.0,3118.0,94.0,106.5999984741211,0.5,0.003000000026077032,3118.0
79.0,106.89054876565933,1788912394000.0,-6.4354565273970366,5946.14990234375,159.0,3119.0,3108.0,94.0,1.8009999990463257,147.0,3119.0,94.0,106.5999984741211,0.5,0.01899999938905239,3119.0
80.0,106.89060693606734,1788912398000.0,-6.435431884601712,5953.1298828125,161.0,3123.0,3112.0,94.0,1.7910000085830688,144.0,3123.0,94.0,106.19999694824219,0.5,0.00800000037997961,3123.0
79.0,106.89067960716784,1788912403000.0,-6.435398105531931,5961.919921875,159.0,3128.0,3117.0,94.0,1.7730000019073486,144.0,3128.0,94.0,106.0,0.5,0.004000000189989805,3128.0
78.0,106.89081883057952,1788912413000.0,-6.435329876840115,5979.009765625,157.0,3138.0,3127.0,94.0,1.7359999418258667,147.0,3138.0,94.0,108.0,0.5,0.0010000000474974513,3138.0
80.0,106.8909715488553,1788912422000.0,-6.435284446924925,5996.60986328125,161.0,3147.0,3136.0,94.5999984741211,1.7450000047683716,148.0,3147.0,94.5999984741211,109.4000015258789,0.5,0.05999999865889549,3147.0
78.0,106.891108173877,1788912431000.0,-6.4352333173155785,6012.83984375,157.0,3156.0,3145.0,95.80000305175781,1.7640000581741333,148.0,3156.0,95.80000305175781,109.5999984741211,0.5,0.13500000536441803,3156.0
80.0,106.89125284552574,1788912440000.0,-6.435162238776684,6030.6201171875,161.0,3165.0,3154.0,96.5999984741211,1.7910000085830688,149.0,3165.0,96.5999984741211,109.0,0.5,0.08699999749660492,3165.0
79.0,106.89139550551772,1788912450000.0,-6.4351072534918785,6047.5,158.0,3175.0,3164.0,98.4000015258789,1.8009999990463257,149.0,3175.0,98.4000015258789,109.5999984741211,0.0,0.17299999296665192,3175.0
78.0,106.89144562929869,1788912454000.0,-6.4350854605436325,6053.580078125,157.0,3179.0,3168.0,98.80000305175781,1.7910000085830688,146.0,3179.0,98.80000305175781,109.5999984741211,0.5,0.10199999809265137,3179.0
77.0,106.8914810847491,1788912457000.0,-6.435061823576689,6058.27001953125,154.0,3182.0,3171.0,99.0,1.781999945640564,143.0,3182.0,99.0,110.4000015258789,0.0,0.05700000002980232,3182.0
77.0,106.89149181358516,1788912458000.0,-6.435049502179027,6060.080078125,154.0,3183.0,3172.0,98.80000305175781,1.781999945640564,143.0,3183.0,98.80000305175781,110.5999984741211,0.0,-0.023000000044703484,3183.0
80.0,106.89157873392105,1788912465000.0,-6.434971550479531,6072.8701171875,161.0,3190.0,3179.0,98.5999984741211,1.753999948501587,141.0,3190.0,98.5999984741211,111.5999984741211,0.5,-0.04899999871850014,3190.0
80.0,106.89158787019551,1788912466000.0,-6.434956546872854,6074.7998046875,161.0,3191.0,3180.0,98.5999984741211,1.753999948501587,141.0,3191.0,98.5999984741211,111.4000015258789,0.5,0.012000000104308128,3191.0
81.0,106.89165475778282,1788912471000.0,-6.434894520789385,6084.93994140625,163.0,3196.0,3185.0,98.80000305175781,1.7640000581741333,141.0,3196.0,98.80000305175781,109.5999984741211,0.5,0.052000001072883606,3196.0
80.0,106.8917440250516,1788912478000.0,-6.4347889088094234,6100.2900390625,161.0,3203.0,3192.0,99.0,1.7910000085830688,143.0,3203.0,99.0,107.0,0.5,0.03700000047683716,3203.0
81.0,106.89185173250735,1788912485000.0,-6.434700395911932,6115.7099609375,163.0,3210.0,3199.0,99.19999694824219,1.8569999933242798,143.0,3210.0,99.19999694824219,105.80000305175781,0.5,0.02800000086426735,3210.0
81.0,106.89195424318314,1788912492000.0,-6.434613224118948,6130.580078125,163.0,3217.0,3206.0,99.5999984741211,1.902999997138977,146.0,3217.0,99.5999984741211,105.5999984741211,0.5,0.05299999937415123,3217.0
81.0,106.89196807332337,1788912493000.0,-6.43459721468389,6132.89990234375,162.0,3218.0,3207.0,99.5999984741211,1.902999997138977,146.0,3218.0,99.5999984741211,105.5999984741211,0.0,0.05000000074505806,3218.0
81.0,106.89203110523522,1788912498000.0,-6.434516413137317,6144.2998046875,162.0,3223.0,3212.0,100.0,1.9220000505447388,147.0,3223.0,100.0,105.5999984741211,0.0,0.04500000178813934,3223.0
81.0,106.89205382019281,1788912500000.0,-6.434482717886567,6148.81005859375,162.0,3225.0,3214.0,100.0,1.930999994277954,147.0,3225.0,100.0,105.80000305175781,0.0,0.03700000047683716,3225.0
81.0,106.89209849573672,1788912503000.0,-6.434428067877889,6156.60986328125,163.0,3228.0,3217.0,99.5999984741211,1.9500000476837158,151.0,3228.0,99.5999984741211,106.0,0.5,-0.16099999845027924,3228.0
79.0,106.8921721726656,1788912510000.0,-6.434335112571716,6169.7900390625,159.0,3235.0,3224.0,98.0,1.9780000448226929,154.0,3235.0,98.0,107.4000015258789,0.5,-0.2070000022649765,3235.0
79.0,106.8922168482095,1788912514000.0,-6.43427568487823,6177.97998046875,158.0,3239.0,3228.0,97.19999694824219,1.902999997138977,157.0,3239.0,97.19999694824219,107.5999984741211,0.0,-0.2280000001192093,3239.0
79.0,106.8922290019691,1788912516000.0,-6.434255316853523,6180.56005859375,158.0,3241.0,3230.0,96.80000305175781,1.8940000534057617,157.0,3241.0,96.80000305175781,107.5999984741211,0.0,-0.13899999856948853,3241.0
79.0,106.89225423149765,1788912518000.0,-6.43420435488224,6186.759765625,159.0,3243.0,3232.0,96.0,1.875,156.0,3243.0,96.0,107.5999984741211,0.5,-0.39500001072883606,3243.0
80.0,106.89230946823955,1788912523000.0,-6.434129839763045,6196.990234375,161.0,3248.0,3237.0,94.80000305175781,1.9129999876022339,153.0,3248.0,94.80000305175781,108.5999984741211,0.5,-0.2680000066757202,3248.0
79.0,106.89232262782753,1788912526000.0,-6.434085164219141,6202.169921875,158.0,3251.0,3240.0,93.80000305175781,1.9220000505447388,155.0,3251.0,93.80000305175781,108.80000305175781,0.0,-0.2840000092983246,3251.0
78.0,106.89232950098813,1788912529000.0,-6.434036046266556,6207.56982421875,156.0,3254.0,3243.0,93.0,1.930999994277954,152.0,3254.0,93.0,109.0,0.0,-0.30300000309944153,3254.0
78.0,106.8923362903297,1788912530000.0,-6.434020875021815,6209.39013671875,156.0,3255.0,3244.0,92.80000305175781,1.930999994277954,152.0,3255.0,92.80000305175781,109.0,0.0,-0.26100000739097595,3255.0
77.0,106.8923429120332,1788912534000.0,-6.433952562510967,6217.0,154.0,3259.0,3248.0,91.5999984741211,1.930999994277954,151.0,3259.0,91.5999984741211,108.5999984741211,0.0,-0.3009999990463257,3259.0
79.0,106.89237652346492,1788912542000.0,-6.43382566049695,6231.5400390625,158.0,3267.0,3256.0,90.19999694824219,1.9500000476837158,148.0,3267.0,90.19999694824219,107.0,0.0,-0.16899999976158142,3267.0
78.0,106.89242463558912,1788912554000.0,-6.433644946664572,6252.259765625,156.0,3279.0,3268.0,89.80000305175781,1.9589999914169312,148.0,3279.0,89.80000305175781,105.0,0.0,-0.02500000037252903,3279.0
78.0,106.89242756925523,1788912555000.0,-6.43362826667726,6254.1201171875,156.0,3280.0,3269.0,89.80000305175781,1.9589999914169312,148.0,3280.0,89.80000305175781,104.80000305175781,0.0,-0.039000000804662704,3280.0
78.0,106.89242119900882,1788912563000.0,-6.433501951396465,6268.14013671875,156.0,3288.0,3277.0,89.5999984741211,1.930999994277954,146.0,3288.0,89.5999984741211,103.80000305175781,0.0,-0.02199999988079071,3288.0
81.0,106.89240007661283,1788912571000.0,-6.433376977220178,6282.22021484375,162.0,3296.0,3285.0,89.4000015258789,1.9129999876022339,145.0,3296.0,89.4000015258789,103.5999984741211,0.0,-0.01899999938905239,3296.0
79.0,106.89239605329931,1788912574000.0,-6.433328781276941,6287.56982421875,158.0,3299.0,3288.0,89.4000015258789,1.9220000505447388,145.0,3299.0,89.4000015258789,103.5999984741211,0.0,-0.009999999776482582,3299.0
79.0,106.89239513128996,1788912580000.0,-6.433243788778782,6296.97021484375,159.0,3305.0,3294.0,89.80000305175781,1.9129999876022339,145.0,3305.0,89.80000305175781,104.19999694824219,0.5,0.04100000113248825,3305.0
74.0,106.89238607883453,1788912587000.0,-6.433149743825197,6307.419921875,148.0,3312.0,3301.0,90.0,1.8569999933242798,144.0,3312.0,90.0,103.80000305175781,0.0,0.039000000804662704,3312.0
72.0,106.89238741993904,1788912590000.0,-6.433112025260925,6311.58984375,145.0,3315.0,3304.0,90.19999694824219,1.809999942779541,141.0,3315.0,90.19999694824219,103.80000305175781,0.5,0.04800000041723251,3315.0
72.0,106.8923910241574,1788912597000.0,-6.433027535676956,6320.97021484375,145.0,3322.0,3311.0,90.4000015258789,1.7170000076293945,139.0,3322.0,90.4000015258789,103.5999984741211,0.5,0.03700000047683716,3322.0
58.0,106.89243209548295,1788912608000.0,-6.43289040774107,6336.83984375,117.0,3333.0,3322.0,90.0,1.4279999732971191,139.0,3333.0,90.0,102.80000305175781,0.5,-0.032999999821186066,3333.0
71.0,106.89250501804054,1788912621000.0,-6.432716064155102,6357.68017578125,143.0,3346.0,3335.0,89.5999984741211,1.5490000247955322,137.0,3346.0,89.5999984741211,105.0,0.5,-0.035999998450279236,3346.0
73.0,106.89256503246725,1788912631000.0,-6.432587653398514,6373.47021484375,147.0,3356.0,3345.0,89.19999694824219,1.4930000305175781,135.0,3356.0,89.19999694824219,106.5999984741211,0.5,-0.02800000086426735,3356.0
74.0,106.89258540049195,1788912642000.0,-6.432451279833913,6388.580078125,148.0,3367.0,3356.0,89.0,1.465000033378601,134.0,3367.0,89.0,107.19999694824219,0.0,-0.03200000151991844,3367.0
76.0,106.89267181791365,1788912654000.0,-6.432283893227577,6409.39990234375,152.0,3379.0,3368.0,89.19999694824219,1.4839999675750732,132.0,3379.0,89.19999694824219,106.5999984741211,0.0,0.027000000700354576,3379.0
76.0,106.89267600886524,1788912655000.0,-6.432271488010883,6410.83984375,153.0,3380.0,3369.0,89.19999694824219,1.4839999675750732,132.0,3380.0,89.19999694824219,107.19999694824219,0.5,0.014000000432133675,3380.0
80.0,106.8926883302629,1788912660000.0,-6.432223962619901,6416.25,160.0,3385.0,3374.0,89.4000015258789,1.4930000305175781,133.0,3385.0,89.4000015258789,109.0,0.0,0.01600000075995922,3385.0
76.0,106.892712386325,1788912664000.0,-6.432172916829586,6422.5,153.0,3389.0,3378.0,89.19999694824219,1.4930000305175781,134.0,3389.0,89.19999694824219,110.0,0.5,-0.052000001072883606,3389.0
76.0,106.89278111793101,1788912676000.0,-6.431999830529094,6443.18017578125,152.0,3401.0,3390.0,88.19999694824219,1.4930000305175781,136.0,3401.0,88.19999694824219,111.19999694824219,0.0,-0.07400000095367432,3401.0
78.0,106.89281523227692,1788912684000.0,-6.431884914636612,6456.47998046875,157.0,3409.0,3398.0,88.4000015258789,1.5579999685287476,137.0,3409.0,88.4000015258789,110.80000305175781,0.5,0.008999999612569809,3409.0
78.0,106.89281875267625,1788912686000.0,-6.431862702593207,6458.97021484375,156.0,3411.0,3400.0,88.4000015258789,1.5770000219345093,137.0,3411.0,88.4000015258789,110.4000015258789,0.0,0.054999999701976776,3411.0
75.0,106.89286074601114,1788912696000.0,-6.431734878569841,6473.85986328125,150.0,3421.0,3410.0,88.80000305175781,1.5579999685287476,137.0,3421.0,88.80000305175781,107.0,0.0,0.03200000151991844,3421.0
74.0,106.89292402938008,1788912708000.0,-6.431581070646644,6492.31982421875,148.0,3433.0,3422.0,88.5999984741211,1.5210000276565552,139.0,3433.0,88.5999984741211,105.5999984741211,0.0,-0.009999999776482582,3433.0
74.0,106.89297457225621,1788912717000.0,-6.43146850168705,6505.97021484375,148.0,3442.0,3431.0,88.0,1.5019999742507935,138.0,3442.0,88.0,106.19999694824219,0.0,-0.06499999761581421,3442.0
75.0,106.89303358085454,1788912728000.0,-6.431320812553167,6523.64013671875,150.0,3453.0,3442.0,87.19999694824219,1.5119999647140503,137.0,3453.0,87.19999694824219,107.5999984741211,0.0,-0.08399999886751175,3453.0
76.0,106.89305663108826,1788912733000.0,-6.431251661852002,6531.6201171875,152.0,3458.0,3447.0,86.5999984741211,1.5119999647140503,136.0,3458.0,86.5999984741211,108.0,0.0,-0.11599999666213989,3458.0
74.0,106.8930578045547,1788912736000.0,-6.431208914145827,6536.22021484375,149.0,3461.0,3450.0,86.19999694824219,1.5119999647140503,135.0,3461.0,86.19999694824219,108.19999694824219,0.5,-0.10400000214576721,3461.0
77.0,106.8930995464325,1788912744000.0,-6.431090226396918,6550.169921875,155.0,3469.0,3458.0,85.4000015258789,1.5210000276565552,135.0,3469.0,85.4000015258789,108.5999984741211,0.5,-0.0949999988079071,3469.0
78.0,106.89314137212932,1788912753000.0,-6.430976567789912,6563.52978515625,157.0,3478.0,3467.0,84.80000305175781,1.5210000276565552,136.0,3478.0,84.80000305175781,108.0,0.5,-0.07900000363588333,3478.0
76.0,106.89318420365453,1788912763000.0,-6.4308498334139585,6578.3798828125,153.0,3488.0,3477.0,84.19999694824219,1.5119999647140503,135.0,3488.0,84.19999694824219,106.0,0.5,-0.06199999898672104,3488.0
77.0,106.89325612038374,1788912774000.0,-6.430712789297104,6595.3798828125,154.0,3499.0,3488.0,84.0,1.5859999656677246,135.0,3499.0,84.0,105.5999984741211,0.0,-0.012000000104308128,3499.0
77.0,106.8932959344238,1788912781000.0,-6.4306095242500305,6607.56982421875,155.0,3506.0,3495.0,84.0,1.5859999656677246,135.0,3506.0,84.0,104.4000015258789,0.5,0.0,3506.0
74.0,106.89332351088524,1788912790000.0,-6.430481197312474,6622.06005859375,149.0,3515.0,3504.0,83.80000305175781,1.5959999561309814,132.0,3515.0,83.80000305175781,105.80000305175781,0.5,-0.02199999988079071,3515.0
75.0,106.89332803711295,1788912791000.0,-6.430466612800956,6623.75,150.0,3516.0,3505.0,83.80000305175781,1.6050000190734863,131.0,3516.0,83.80000305175781,106.19999694824219,0.0,-0.052000001072883606,3516.0
74.0,106.89335879869759,1788912798000.0,-6.430380279198289,6633.89990234375,148.0,3523.0,3512.0,83.4000015258789,1.5959999561309814,133.0,3523.0,83.4000015258789,106.4000015258789,0.0,-0.04399999976158142,3523.0
76.0,106.89336575567722,1788912799000.0,-6.430368293076754,6635.3798828125,152.0,3524.0,3513.0,83.4000015258789,1.5959999561309814,132.0,3524.0,83.4000015258789,106.0,0.0,-0.0430000014603138,3524.0
78.0,106.89339534379542,1788912804000.0,-6.430305512621999,6643.02978515625,157.0,3529.0,3518.0,83.19999694824219,1.5679999589920044,132.0,3529.0,83.19999694824219,104.19999694824219,0.5,-0.04500000178813934,3529.0
77.0,106.89344328828156,1788912813000.0,-6.4301742520183325,6658.4599609375,155.0,3538.0,3527.0,81.80000305175781,1.5579999685287476,132.0,3538.0,81.80000305175781,103.0,0.5,-0.15299999713897705,3538.0
76.0,106.893465584144,1788912823000.0,-6.430036202073097,6673.89013671875,152.0,3548.0,3537.0,79.80000305175781,1.5679999589920044,133.0,3548.0,79.80000305175781,105.4000015258789,0.0,-0.19099999964237213,3548.0
76.0,106.89352115616202,1788912828000.0,-6.429988592863083,6682.02978515625,152.0,3553.0,3542.0,79.4000015258789,1.5579999685287476,133.0,3553.0,79.4000015258789,105.0,0.0,-0.09700000286102295,3553.0
77.0,106.89353791996837,1788912830000.0,-6.429974343627691,6684.5,155.0,3555.0,3544.0,79.4000015258789,1.5490000247955322,130.0,3555.0,79.4000015258789,104.80000305175781,0.5,-0.039000000804662704,3555.0
77.0,106.89356247894466,1788912833000.0,-6.429933607578278,6689.75,154.0,3558.0,3547.0,79.19999694824219,1.5490000247955322,127.0,3558.0,79.19999694824219,104.4000015258789,0.0,-0.01899999938905239,3558.0
76.0,106.89359759911895,1788912839000.0,-6.42984526231885,6700.14013671875,152.0,3564.0,3553.0,79.0,1.5579999685287476,126.0,3564.0,79.0,104.0,0.0,-0.03200000151991844,3564.0
66.0,106.89366356469691,1788912846000.0,-6.429765801876783,6711.9599609375,132.0,3571.0,3560.0,79.0,1.5679999589920044,128.0,3571.0,79.0,104.80000305175781,0.0,-0.007000000216066837,3571.0
66.0,106.89367504790425,1788912847000.0,-6.429761778563261,6713.31005859375,132.0,3572.0,3561.0,79.0,1.5579999685287476,128.0,3572.0,79.0,105.0,0.0,0.027000000700354576,3572.0
63.0,106.893753670156,1788912855000.0,-6.429691789671779,6724.8701171875,127.0,3580.0,3569.0,79.80000305175781,1.5210000276565552,128.0,3580.0,79.80000305175781,103.5999984741211,0.5,0.08900000154972076,3580.0
63.0,106.89379449002445,1788912862000.0,-6.429617526009679,6734.259765625,127.0,3587.0,3576.0,80.4000015258789,1.4839999675750732,131.0,3587.0,80.4000015258789,101.5999984741211,0.5,0.08799999952316284,3587.0
62.0,106.89380111172795,1788912864000.0,-6.4295911230146885,6737.27001953125,125.0,3589.0,3578.0,80.5999984741211,1.4839999675750732,131.0,3589.0,80.5999984741211,101.4000015258789,0.5,0.0949999988079071,3589.0
61.0,106.89380371011794,1788912869000.0,-6.429523732513189,6744.6201171875,123.0,3594.0,3583.0,80.80000305175781,1.465000033378601,128.0,3594.0,80.80000305175781,100.0,0.5,0.0560000017285347,3594.0
62.0,106.89380077645183,1788912872000.0,-6.429479140788317,6749.5498046875,124.0,3597.0,3586.0,81.0,1.465000033378601,125.0,3597.0,81.0,99.4000015258789,0.0,0.039000000804662704,3597.0
61.0,106.89381091855466,1788912874000.0,-6.429447289556265,6751.5400390625,123.0,3599.0,3588.0,81.19999694824219,1.465000033378601,124.0,3599.0,81.19999694824219,99.4000015258789,0.5,0.12999999523162842,3599.0
