directCorrectedElevation,directFractionalCadence,sumElapsedDuration,directHeartRate,directSpeed,directLongitude,directTimestamp,directElevation,directUncorrectedElevation,directRunCadence,directLatitude,sumDistance,sumDuration,directDoubleCadence,sumMovingDuration,directVerticalSpeed,elapsed_s
83.80000305175781,0.0,0.0,132.0,0.0,106.89398618414998,1789166971000.0,83.80000305175781,93.0,0.0,-6.429391130805016,0.009999999776482582,0.0,0.0,0.0,,0.0
83.5999984741211,0.0,1.0,132.0,0.0,106.89398425631225,1789166972000.0,83.5999984741211,93.0,49.0,-6.429390795528889,0.009999999776482582,1.0,98.0,0.0,-0.028999999165534973,1.0
83.5999984741211,0.0,2.0,136.0,0.0,106.89398190937936,1789166973000.0,83.5999984741211,93.19999694824219,49.0,-6.429390544071794,0.009999999776482582,2.0,98.0,0.0,-0.03500000014901161,2.0
83.0,0.0,5.0,133.0,0.0,106.89393438398838,1789166976000.0,83.0,93.80000305175781,0.0,-6.42937621101737,5.519999980926514,5.0,0.0,0.0,-0.24500000476837158,5.0
82.5999984741211,0.0,6.0,133.0,0.0,106.89390840008855,1789166977000.0,82.5999984741211,94.0,80.0,-6.429377803578973,8.390000343322754,6.0,160.0,0.0,-0.36800000071525574,6.0
81.80000305175781,0.5,8.0,134.0,1.3250000476837158,106.8938556779176,1789166979000.0,81.80000305175781,94.80000305175781,81.0,-6.429389538243413,14.079999923706055,8.0,163.0,2.0,-0.3580000102519989,8.0
81.4000015258789,0.0,11.0,133.0,1.6699999570846558,106.89381754025817,1789166982000.0,81.4000015258789,96.19999694824219,82.0,-6.429423065856099,19.6200008392334,11.0,164.0,5.0,-0.14300000667572021,11.0
81.0,0.5,16.0,131.0,1.7640000581741333,106.89380605705082,1789166987000.0,81.0,99.4000015258789,79.0,-6.429513758048415,29.6299991607666,16.0,159.0,10.0,-0.09600000083446503,16.0
80.4000015258789,0.5,19.0,128.0,1.6979999542236328,106.8937864433974,1789166990000.0,80.4000015258789,100.4000015258789,78.0,-6.4295808132737875,37.349998474121094,19.0,157.0,13.0,-0.17499999701976776,19.0
79.80000305175781,0.5,23.0,125.0,1.7079999446868896,106.89376180060208,1789166994000.0,79.80000305175781,100.5999984741211,81.0,-6.429658178240061,46.29999923706055,23.0,163.0,17.0,-0.15800000727176666,23.0
79.5999984741211,0.0,24.0,125.0,1.7259999513626099,106.89375082030892,1789166995000.0,79.5999984741211,100.4000015258789,82.0,-6.429682988673449,49.279998779296875,24.0,164.0,18.0,-0.13199999928474426,24.0
79.19999694824219,0.0,31.0,124.0,1.8009999990463257,106.89367110840976,1789167002000.0,79.19999694824219,99.19999694824219,83.0,-6.4298108126968145,65.4000015258789,31.0,166.0,25.0,-0.05900000035762787,31.0
79.19999694824219,0.5,35.0,126.0,1.847000002861023,106.8936273548752,1789167006000.0,79.19999694824219,100.19999694824219,80.0,-6.429860182106495,72.44999694824219,35.0,161.0,29.0,0.004999999888241291,35.0
79.19999694824219,0.5,36.0,126.0,1.8289999961853027,106.89363095909357,1789167007000.0,79.19999694824219,100.80000305175781,80.0,-6.429870994761586,73.69999694824219,36.0,161.0,30.0,0.052000001072883606,36.0
79.4000015258789,0.5,39.0,126.0,1.753999948501587,106.89362844452262,1789167010000.0,79.4000015258789,101.80000305175781,79.0,-6.429919106885791,79.12000274658203,39.0,159.0,33.0,0.054999999701976776,39.0
79.5999984741211,0.5,41.0,129.0,1.7910000085830688,106.89361637458205,1789167012000.0,79.5999984741211,102.4000015258789,80.0,-6.4299512933939695,82.91000366210938,41.0,161.0,35.0,0.035999998450279236,41.0
79.5999984741211,0.5,42.0,129.0,1.7910000085830688,106.89361578784883,1789167013000.0,79.5999984741211,102.4000015258789,80.0,-6.429967721924186,84.69999694824219,42.0,161.0,36.0,0.05700000002980232,42.0
80.19999694824219,0.0,47.0,133.0,1.7640000581741333,106.89358687028289,1789167018000.0,80.19999694824219,103.4000015258789,79.0,-6.430034441873431,92.81999969482422,47.0,158.0,41.0,0.14399999380111694,47.0
80.5999984741211,0.5,48.0,133.0,1.753999948501587,106.89358016476035,1789167019000.0,80.5999984741211,103.4000015258789,79.0,-6.430050870403647,94.69000244140625,48.0,159.0,42.0,0.21199999749660492,48.0
81.4000015258789,0.5,52.0,136.0,1.7450000047683716,106.89355158247054,1789167023000.0,81.4000015258789,104.4000015258789,80.0,-6.430116416886449,102.25,52.0,161.0,46.0,0.20999999344348907,52.0
82.0,0.5,55.0,137.0,1.7359999418258667,106.89352811314166,1789167026000.0,82.0,106.0,79.0,-6.430160757154226,107.77999877929688,55.0,159.0,49.0,0.1850000023841858,55.0
82.80000305175781,0.5,62.0,137.0,1.7170000076293945,106.89347547478974,1789167033000.0,82.80000305175781,108.5999984741211,77.0,-6.430243402719498,117.79000091552734,62.0,155.0,56.0,0.1340000033378601,62.0
83.0,0.5,65.0,137.0,1.6799999475479126,106.89347270876169,1789167036000.0,83.0,108.80000305175781,78.0,-6.430279863998294,121.76000213623047,65.0,157.0,59.0,0.07999999821186066,65.0
83.19999694824219,0.5,68.0,136.0,1.6519999504089355,106.89344798214734,1789167039000.0,83.19999694824219,109.19999694824219,78.0,-6.4303153194487095,126.05999755859375,68.0,157.0,62.0,0.0430000014603138,68.0
83.19999694824219,0.0,70.0,136.0,1.6330000162124634,106.89344613812864,1789167041000.0,83.19999694824219,109.4000015258789,78.0,-6.430339124053717,128.47999572753906,70.0,156.0,64.0,0.0430000014603138,70.0
83.4000015258789,0.0,74.0,136.0,1.6139999628067017,106.89342057332397,1789167045000.0,83.4000015258789,109.5999984741211,79.0,-6.430390169844031,134.33999633789062,74.0,158.0,68.0,0.04600000008940697,74.0
83.80000305175781,0.0,82.0,134.0,1.5859999656677246,106.89333801157773,1789167053000.0,83.80000305175781,111.4000015258789,77.0,-6.430496200919151,148.66000366210938,82.0,154.0,76.0,0.04800000041723251,82.0
84.0,0.0,89.0,132.0,1.5579999685287476,106.89329660497606,1789167060000.0,84.0,115.80000305175781,77.0,-6.430578343570232,158.8000030517578,89.0,154.0,83.0,0.020999999716877937,89.0
84.0,0.0,90.0,132.0,1.5579999685287476,106.89328663051128,1789167061000.0,84.0,116.19999694824219,77.0,-6.430589742958546,160.44000244140625,90.0,154.0,84.0,0.0,90.0
84.0,0.0,93.0,130.0,1.5490000247955322,106.89329769462347,1789167064000.0,84.0,116.5999984741211,76.0,-6.430649841204286,167.30999755859375,93.0,152.0,87.0,0.0,93.0
84.0,0.0,96.0,129.0,1.5119999647140503,106.89330951310694,1789167067000.0,84.0,116.19999694824219,78.0,-6.430709017440677,173.61000061035156,96.0,156.0,90.0,0.0,96.0
84.0,0.5,97.0,129.0,1.4739999771118164,106.89330691471696,1789167068000.0,84.0,115.4000015258789,78.0,-6.430721087381244,174.91000366210938,97.0,157.0,91.0,0.0,97.0
84.19999694824219,0.0,107.0,128.0,1.5770000219345093,106.89328763633966,1789167078000.0,84.19999694824219,111.4000015258789,78.0,-6.4308675192296505,190.97000122070312,107.0,156.0,101.0,0.01899999938905239,107.0
85.0,0.5,118.0,127.0,1.5959999561309814,106.89324975013733,1789167089000.0,85.0,106.5999984741211,78.0,-6.4310395158827305,210.11000061035156,118.0,157.0,112.0,0.06700000166893005,118.0
85.0,0.5,120.0,127.0,1.5959999561309814,106.89323876984417,1789167091000.0,85.0,105.5999984741211,78.0,-6.431068181991577,213.55999755859375,120.0,157.0,114.0,0.08299999684095383,120.0
85.4000015258789,0.0,124.0,128.0,1.5959999561309814,106.89322544261813,1789167095000.0,85.4000015258789,104.4000015258789,80.0,-6.431120652705431,219.4499969482422,124.0,160.0,118.0,0.0820000022649765,124.0
86.19999694824219,0.5,133.0,126.0,1.5490000247955322,106.89317649230361,1789167104000.0,86.19999694824219,101.80000305175781,77.0,-6.431261636316776,235.89999389648438,133.0,155.0,127.0,0.09300000220537186,133.0
87.19999694824219,0.0,142.0,126.0,1.5490000247955322,106.89313131384552,1789167113000.0,87.19999694824219,102.4000015258789,79.0,-6.431391052901745,251.0500030517578,142.0,158.0,136.0,0.10400000214576721,142.0
87.5999984741211,0.5,152.0,129.0,1.6419999599456787,106.8930892366916,1789167123000.0,87.5999984741211,101.4000015258789,79.0,-6.431530360132456,267.0,152.0,159.0,146.0,0.03500000014901161,152.0
87.5999984741211,0.5,153.0,129.0,1.6519999504089355,106.89308454282582,1789167124000.0,87.5999984741211,101.19999694824219,79.0,-6.431544022634625,268.5899963378906,153.0,159.0,147.0,0.03400000184774399,153.0
87.80000305175781,0.0,156.0,129.0,1.6519999504089355,106.89306216314435,1789167127000.0,87.80000305175781,100.80000305175781,80.0,-6.431580316275358,273.3399963378906,156.0,160.0,150.0,0.05400000140070915,156.0
87.80000305175781,0.0,160.0,129.0,1.6330000162124634,106.89305042847991,1789167131000.0,87.80000305175781,100.4000015258789,79.0,-6.431632116436958,278.9800109863281,160.0,158.0,154.0,0.020999999716877937,160.0
87.19999694824219,0.5,169.0,127.0,1.5679999589920044,106.8930080998689,1789167140000.0,87.19999694824219,100.0,78.0,-6.4317855052649975,296.3800048828125,169.0,157.0,163.0,-0.07599999755620956,169.0
86.80000305175781,0.5,177.0,129.0,1.6050000190734863,106.8929626699537,1789167148000.0,86.80000305175781,101.5999984741211,77.0,-6.431908048689365,310.8399963378906,177.0,155.0,171.0,-0.0430000014603138,177.0
87.19999694824219,0.5,187.0,129.0,1.5959999561309814,106.89292587339878,1789167158000.0,87.19999694824219,102.4000015258789,78.0,-6.432026904076338,324.7799987792969,187.0,157.0,181.0,0.0430000014603138,187.0
87.5999984741211,0.5,194.0,128.0,1.5490000247955322,106.89289913512766,1789167165000.0,87.5999984741211,99.5999984741211,78.0,-6.432100832462311,333.4599914550781,194.0,157.0,188.0,0.052000001072883606,194.0
88.19999694824219,0.0,202.0,127.0,1.5299999713897705,106.89285856671631,1789167173000.0,88.19999694824219,98.0,79.0,-6.432209964841604,346.30999755859375,202.0,158.0,196.0,0.07400000095367432,202.0
88.4000015258789,0.0,211.0,126.0,1.5299999713897705,106.8928283918649,1789167182000.0,88.4000015258789,97.5999984741211,79.0,-6.432338962331414,360.92999267578125,211.0,158.0,205.0,0.03400000184774399,211.0
88.80000305175781,0.0,218.0,128.0,1.5299999713897705,106.89279478043318,1789167189000.0,88.80000305175781,98.19999694824219,78.0,-6.432432755827904,371.9100036621094,218.0,156.0,212.0,0.04800000041723251,218.0
89.4000015258789,0.0,225.0,128.0,1.5399999618530273,106.89272864721715,1789167196000.0,89.4000015258789,99.19999694824219,78.0,-6.432550605386496,387.07000732421875,225.0,156.0,219.0,0.09600000083446503,225.0
90.5999984741211,0.0,233.0,129.0,1.5210000276565552,106.89269537106156,1789167204000.0,90.5999984741211,99.80000305175781,78.0,-6.432681530714035,401.94000244140625,233.0,156.0,227.0,0.12999999523162842,233.0
91.5999984741211,0.0,242.0,130.0,1.6419999599456787,106.8926484324038,1789167213000.0,91.5999984741211,104.19999694824219,79.0,-6.432808768004179,417.0299987792969,242.0,158.0,236.0,0.11900000274181366,242.0
91.5999984741211,0.5,252.0,129.0,1.6239999532699585,106.8926000688225,1789167223000.0,91.5999984741211,104.80000305175781,79.0,-6.432948913425207,433.510009765625,252.0,159.0,246.0,0.0010000000474974513,252.0
91.5999984741211,0.0,259.0,129.0,1.8660000562667847,106.89257358200848,1789167230000.0,91.5999984741211,104.0,81.0,-6.433078497648239,448.1700134277344,259.0,162.0,253.0,-0.003000000026077032,259.0
91.0,0.5,268.0,132.0,1.9869999885559082,106.89257500693202,1789167239000.0,91.0,103.4000015258789,79.0,-6.43323490396142,465.4700012207031,268.0,159.0,262.0,-0.061000000685453415,268.0
91.0,0.5,269.0,132.0,1.9869999885559082,106.8925762642175,1789167240000.0,91.0,103.4000015258789,79.0,-6.433249404653907,467.0799865722656,269.0,159.0,263.0,-0.0430000014603138,269.0
90.80000305175781,0.5,274.0,135.0,1.9869999885559082,106.89258422702551,1789167245000.0,90.80000305175781,102.5999984741211,79.0,-6.4333405159413815,477.1700134277344,274.0,159.0,268.0,-0.035999998450279236,274.0
90.80000305175781,0.5,278.0,138.0,1.968999981880188,106.89259143546224,1789167249000.0,90.80000305175781,102.19999694824219,80.0,-6.433408325538039,484.70001220703125,278.0,161.0,272.0,0.013000000268220901,278.0
90.80000305175781,0.5,279.0,138.0,1.968999981880188,106.89259110018611,1789167250000.0,90.80000305175781,102.19999694824219,80.0,-6.4334306214004755,487.1600036621094,279.0,161.0,273.0,-0.0020000000949949026,279.0
90.80000305175781,0.0,287.0,141.0,1.9869999885559082,106.89258925616741,1789167258000.0,90.80000305175781,103.80000305175781,79.0,-6.433595577254891,505.3999938964844,287.0,158.0,281.0,0.0,287.0
91.0,0.5,293.0,142.0,2.0339999198913574,106.89258389174938,1789167264000.0,91.0,106.0,79.0,-6.43372549675405,519.780029296875,293.0,159.0,287.0,0.007000000216066837,293.0
90.80000305175781,0.0,300.0,143.0,2.0429999828338623,106.89255665056407,1789167271000.0,90.80000305175781,107.4000015258789,79.0,-6.433856086805463,534.5399780273438,300.0,158.0,294.0,-0.014000000432133675,300.0
91.0,0.0,302.0,144.0,2.052999973297119,106.89254365861416,1789167273000.0,91.0,107.80000305175781,79.0,-6.4338886924088,538.4000244140625,302.0,158.0,296.0,0.14000000059604645,302.0
92.80000305175781,0.5,311.0,147.0,2.071000099182129,106.89248842187226,1789167282000.0,92.80000305175781,107.5999984741211,79.0,-6.434065382927656,558.8300170898438,311.0,159.0,305.0,0.18299999833106995,311.0
93.0,0.5,313.0,147.0,2.0810000896453857,106.8924687243998,1789167284000.0,93.0,107.19999694824219,79.0,-6.434106705710292,563.9000244140625,313.0,159.0,307.0,0.1420000046491623,313.0
93.80000305175781,0.5,317.0,151.0,2.183000087738037,106.8924343585968,1789167288000.0,93.80000305175781,107.0,80.0,-6.434196140617132,574.47998046875,317.0,161.0,311.0,0.20999999344348907,317.0
95.19999694824219,0.5,322.0,152.0,2.3329999446868896,106.89239420928061,1789167293000.0,95.19999694824219,106.80000305175781,80.0,-6.434301836416125,587.010009765625,322.0,161.0,316.0,0.2680000066757202,322.0
97.5999984741211,0.5,332.0,152.0,2.3610000610351562,106.89227996394038,1789167303000.0,97.5999984741211,108.19999694824219,79.0,-6.43446234986186,608.8499755859375,332.0,159.0,326.0,0.23600000143051147,332.0
98.19999694824219,0.0,339.0,153.0,2.2209999561309814,106.89221634529531,1789167310000.0,98.19999694824219,108.5999984741211,78.0,-6.434546420350671,620.5599975585938,339.0,156.0,333.0,0.09799999743700027,339.0
99.19999694824219,0.5,347.0,153.0,1.996999979019165,106.89212473109365,1789167318000.0,99.19999694824219,108.80000305175781,78.0,-6.434645242989063,635.510009765625,347.0,157.0,341.0,0.12399999797344208,347.0
100.0,0.5,358.0,153.0,1.819000005722046,106.8920096475631,1789167329000.0,100.0,110.0,78.0,-6.434764852747321,653.7899780273438,358.0,157.0,352.0,0.07000000029802322,358.0
100.0,0.0,365.0,149.0,1.8380000591278076,106.89194334670901,1789167336000.0,100.0,109.80000305175781,78.0,-6.434845235198736,665.3200073242188,365.0,156.0,359.0,0.0,365.0
100.0,0.0,369.0,148.0,1.847000002861023,106.89190646633506,1789167340000.0,100.0,109.19999694824219,79.0,-6.434885719791055,671.3699951171875,369.0,158.0,363.0,0.0,369.0
100.5999984741211,0.5,380.0,148.0,1.847000002861023,106.89179146662354,1789167351000.0,100.5999984741211,108.19999694824219,78.0,-6.435019327327609,690.8599853515625,380.0,157.0,374.0,0.04899999871850014,380.0
101.0,0.5,386.0,147.0,1.8660000562667847,106.89173128455877,1789167357000.0,101.0,108.80000305175781,78.0,-6.435070540755987,699.6099853515625,386.0,157.0,380.0,0.07000000029802322,386.0
101.0,0.5,387.0,147.0,1.8660000562667847,106.89172214828432,1789167358000.0,101.0,108.80000305175781,79.0,-6.43508043140173,701.0999755859375,387.0,159.0,381.0,0.07699999958276749,387.0
101.4000015258789,0.5,394.0,146.0,1.8660000562667847,106.89163179136813,1789167365000.0,101.4000015258789,108.5999984741211,78.0,-6.435151258483529,713.760009765625,394.0,157.0,388.0,0.05299999937415123,394.0
101.80000305175781,0.5,402.0,146.0,1.8660000562667847,106.89154235646129,1789167373000.0,101.80000305175781,108.4000015258789,78.0,-6.435229713097215,726.9099731445312,402.0,157.0,396.0,0.061000000685453415,402.0
101.5999984741211,0.5,408.0,146.0,1.8569999933242798,106.89145895652473,1789167379000.0,101.5999984741211,108.19999694824219,79.0,-6.435266761109233,737.0399780273438,408.0,159.0,402.0,-0.06199999898672104,408.0
100.0,0.0,418.0,147.0,1.8289999961853027,106.89131051301956,1789167389000.0,100.0,108.0,79.0,-6.435319567099214,754.5399780273438,418.0,158.0,412.0,-0.15700000524520874,418.0
98.5999984741211,0.0,427.0,147.0,1.8289999961853027,106.89117422327399,1789167398000.0,98.5999984741211,109.0,80.0,-6.435382263734937,771.030029296875,427.0,160.0,421.0,-0.16099999845027924,427.0
97.4000015258789,0.5,433.0,145.0,1.819000005722046,106.89109886996448,1789167404000.0,97.4000015258789,108.5999984741211,78.0,-6.435410175472498,779.969970703125,433.0,157.0,427.0,-0.17599999904632568,433.0
96.0,0.5,442.0,142.0,1.781999945640564,106.89098009839654,1789167413000.0,96.0,109.19999694824219,78.0,-6.43545376136899,794.0399780273438,442.0,157.0,436.0,-0.16699999570846558,442.0
95.4000015258789,0.5,451.0,143.0,1.7640000581741333,106.89085554331541,1789167422000.0,95.4000015258789,109.0,78.0,-6.435504052788019,809.0,451.0,157.0,445.0,-0.054999999701976776,451.0
95.19999694824219,0.5,461.0,143.0,1.7730000019073486,106.89069679006934,1789167432000.0,95.19999694824219,108.19999694824219,78.0,-6.435569766908884,828.0700073242188,461.0,157.0,455.0,-0.020999999716877937,461.0
95.19999694824219,0.5,468.0,143.0,1.781999945640564,106.89059302210808,1789167439000.0,95.19999694824219,107.80000305175781,80.0,-6.435617543756962,840.7100219726562,468.0,161.0,462.0,0.00800000037997961,468.0
95.19999694824219,0.0,478.0,144.0,1.7910000085830688,106.89043904654682,1789167449000.0,95.19999694824219,108.0,80.0,-6.435671355575323,858.739990234375,478.0,160.0,472.0,-0.013000000268220901,478.0
95.5999984741211,0.5,486.0,141.0,1.7910000085830688,106.89032371155918,1789167457000.0,95.5999984741211,106.80000305175781,78.0,-6.435728436335921,872.97998046875,486.0,157.0,480.0,0.0560000017285347,486.0
96.5999984741211,0.0,494.0,139.0,1.7910000085830688,106.89023855142295,1789167465000.0,96.5999984741211,107.19999694824219,80.0,-6.43583731725812,888.4299926757812,494.0,160.0,488.0,0.13600000739097595,494.0
98.0,0.5,502.0,139.0,1.819000005722046,106.8901844881475,1789167473000.0,98.0,108.5999984741211,80.0,-6.435981737449765,905.4500122070312,502.0,161.0,496.0,0.15399999916553497,502.0
99.0,0.5,511.0,140.0,1.9129999876022339,106.89012824557722,1789167482000.0,99.0,109.5999984741211,78.0,-6.436136215925217,923.6199951171875,511.0,157.0,505.0,0.11999999731779099,511.0
99.0,0.5,515.0,143.0,1.930999994277954,106.89010142348707,1789167486000.0,99.0,109.80000305175781,79.0,-6.43620285205543,931.530029296875,515.0,159.0,509.0,-0.01899999938905239,515.0
98.80000305175781,0.5,518.0,145.0,1.940999984741211,106.89008918590844,1789167489000.0,98.80000305175781,109.5999984741211,79.0,-6.43625658005476,937.6099853515625,518.0,159.0,512.0,-0.04399999976158142,518.0
98.19999694824219,0.5,525.0,146.0,1.968999981880188,106.89003277570009,1789167496000.0,98.19999694824219,109.80000305175781,79.0,-6.436394043266773,954.0399780273438,525.0,159.0,519.0,-0.0989999994635582,525.0
97.19999694824219,0.5,533.0,147.0,2.0339999198913574,106.8899820651859,1789167504000.0,97.19999694824219,111.5999984741211,76.0,-6.436555227264762,972.780029296875,533.0,153.0,527.0,-0.11500000208616257,533.0
96.80000305175781,0.5,541.0,150.0,2.0989999771118164,106.88994049094617,1789167512000.0,96.80000305175781,111.5999984741211,79.0,-6.436704508960247,989.9299926757812,541.0,159.0,535.0,-0.05000000074505806,541.0
96.80000305175781,0.5,543.0,151.0,2.1089999675750732,106.88992758281529,1789167514000.0,96.80000305175781,111.5999984741211,79.0,-6.436741137877107,994.239990234375,543.0,159.0,537.0,-0.027000000700354576,543.0
96.5999984741211,0.5,552.0,153.0,2.0899999141693115,106.88988173380494,1789167523000.0,96.5999984741211,110.80000305175781,78.0,-6.43686493858695,1008.8800048828125,552.0,157.0,546.0,-0.024000000208616257,552.0
96.19999694824219,0.5,561.0,153.0,1.8380000591278076,106.88979707658291,1789167532000.0,96.19999694824219,109.4000015258789,72.0,-6.436965856701136,1023.52001953125,561.0,145.0,555.0,-0.03500000014901161,561.0
96.19999694824219,0.0,564.0,155.0,1.753999948501587,106.88976866193116,1789167535000.0,96.19999694824219,109.19999694824219,73.0,-6.436983207240701,1027.1600341796875,564.0,146.0,558.0,-0.026000000536441803,564.0
96.0,0.0,566.0,156.0,1.7259999513626099,106.88974619843066,1789167537000.0,96.0,109.19999694824219,73.0,-6.436999049037695,1030.2099609375,566.0,146.0,560.0,-0.01899999938905239,566.0
96.0,0.0,568.0,156.0,1.6799999475479126,106.88972373493016,1789167539000.0,96.0,109.0,73.0,-6.437009023502469,1032.9100341796875,568.0,146.0,562.0,-0.07199999690055847,568.0
96.0,0.0,571.0,151.0,1.5859999656677246,106.88969490118325,1789167542000.0,96.0,108.5999984741211,73.0,-6.437033666297793,1037.1099853515625,571.0,146.0,565.0,0.008999999612569809,571.0
96.0,0.0,575.0,147.0,1.4839999675750732,106.88966288231313,1789167546000.0,96.0,108.5999984741211,73.0,-6.437063589692116,1042.010009765625,575.0,146.0,569.0,0.01899999938905239,575.0
96.0,0.5,578.0,144.0,1.4559999704360962,106.88962373882532,1789167549000.0,96.0,108.80000305175781,73.0,-6.437092088162899,1047.3699951171875,578.0,147.0,572.0,-0.017000000923871994,578.0
97.0,0.0,587.0,143.0,1.6419999599456787,106.88953966833651,1789167558000.0,97.0,109.0,76.0,-6.437219576910138,1064.27001953125,587.0,152.0,581.0,0.1080000028014183,587.0
97.4000015258789,0.5,596.0,146.0,1.7450000047683716,106.88948602415621,1789167567000.0,97.4000015258789,108.19999694824219,77.0,-6.4373640809208155,1081.31005859375,596.0,155.0,590.0,0.050999999046325684,596.0
97.5999984741211,0.5,605.0,146.0,1.7910000085830688,106.8894381634891,1789167576000.0,97.5999984741211,108.4000015258789,77.0,-6.437522247433662,1099.6099853515625,605.0,155.0,599.0,0.02199999988079071,605.0
96.5999984741211,0.0,615.0,148.0,1.8289999961853027,106.8893879558891,1789167586000.0,96.5999984741211,110.4000015258789,76.0,-6.4376662485301495,1116.5,615.0,152.0,609.0,-0.0989999994635582,615.0
95.4000015258789,0.0,627.0,148.0,1.819000005722046,106.8893260974437,1789167598000.0,95.4000015258789,110.80000305175781,77.0,-6.437850734218955,1138.030029296875,627.0,154.0,621.0,-0.10100000351667404,627.0
95.4000015258789,0.0,628.0,148.0,1.819000005722046,106.8893226608634,1789167599000.0,95.4000015258789,111.0,77.0,-6.437865570187569,1139.699951171875,628.0,154.0,622.0,-0.10300000011920929,628.0
94.4000015258789,0.0,636.0,150.0,1.8289999961853027,106.88928167335689,1789167607000.0,94.4000015258789,111.19999694824219,77.0,-6.437976630404592,1152.8299560546875,636.0,154.0,630.0,-0.12399999797344208,636.0
94.0,0.5,641.0,147.0,1.809999942779541,106.88925803638995,1789167612000.0,94.0,111.0,74.0,-6.438049301505089,1161.2900390625,641.0,149.0,635.0,-0.07699999958276749,641.0
94.0,0.0,644.0,147.0,1.8009999990463257,106.88924571499228,1789167615000.0,94.0,111.19999694824219,73.0,-6.438091462478042,1166.1400146484375,644.0,146.0,638.0,0.05000000074505806,644.0
94.4000015258789,0.5,654.0,146.0,1.7910000085830688,106.8891931604594,1789167625000.0,94.4000015258789,111.80000305175781,73.0,-6.43824920989573,1184.5799560546875,654.0,147.0,648.0,0.03799999877810478,654.0
94.4000015258789,0.5,657.0,143.0,1.7910000085830688,106.88917974941432,1789167628000.0,94.4000015258789,112.4000015258789,74.0,-6.438268404453993,1187.1199951171875,657.0,149.0,651.0,0.007000000216066837,657.0
94.80000305175781,0.0,664.0,147.0,1.7640000581741333,106.88915435224771,1789167635000.0,94.80000305175781,112.0,72.0,-6.4383571688085794,1197.3399658203125,664.0,144.0,658.0,0.032999999821186066,664.0
94.80000305175781,0.0,665.0,147.0,1.7450000047683716,106.88915200531483,1789167636000.0,94.80000305175781,111.80000305175781,72.0,-6.4383704122155905,1198.8299560546875,665.0,144.0,659.0,0.039000000804662704,665.0
95.0,0.5,672.0,144.0,1.6139999628067017,106.8891225848347,1789167643000.0,95.0,112.0,73.0,-6.4384558238089085,1208.8199462890625,672.0,147.0,666.0,0.028999999165534973,672.0
95.0,0.5,675.0,144.0,1.6050000190734863,106.88910464756191,1789167646000.0,95.0,112.19999694824219,74.0,-6.438496559858322,1213.75,675.0,149.0,669.0,0.03999999910593033,675.0
95.5999984741211,0.5,683.0,141.0,1.5859999656677246,106.8890689406544,1789167654000.0,95.5999984741211,113.5999984741211,73.0,-6.438600495457649,1225.8800048828125,683.0,147.0,677.0,0.06400000303983688,683.0
95.80000305175781,0.5,686.0,138.0,1.5859999656677246,106.88905955292284,1789167657000.0,95.80000305175781,113.80000305175781,73.0,-6.438631005585194,1229.4100341796875,686.0,147.0,680.0,0.08699999749660492,686.0
96.4000015258789,0.5,689.0,138.0,1.5679999589920044,106.88904513604939,1789167660000.0,96.4000015258789,114.4000015258789,73.0,-6.43868263810873,1235.3399658203125,689.0,147.0,683.0,0.1509999930858612,689.0
97.5999984741211,0.0,699.0,140.0,1.6890000104904175,106.8889944255352,1789167670000.0,97.5999984741211,115.0,77.0,-6.438832422718406,1252.8299560546875,699.0,154.0,693.0,0.12300000339746475,699.0
98.5999984741211,0.5,706.0,142.0,1.7910000085830688,106.88895461149514,1789167677000.0,98.5999984741211,114.80000305175781,77.0,-6.438940213993192,1265.550048828125,706.0,155.0,700.0,0.14800000190734863,706.0
99.5999984741211,0.5,710.0,145.0,1.819000005722046,106.88892611302435,1789167681000.0,99.5999984741211,114.80000305175781,77.0,-6.43901682458818,1274.5799560546875,710.0,155.0,704.0,0.25999999046325684,710.0
100.80000305175781,0.0,716.0,146.0,1.847000002861023,106.88889459706843,1789167687000.0,100.80000305175781,114.4000015258789,77.0,-6.439108019694686,1285.260009765625,716.0,154.0,710.0,0.2150000035762787,716.0
102.19999694824219,0.0,726.0,146.0,1.7910000085830688,106.88885176554322,1789167697000.0,102.19999694824219,113.4000015258789,76.0,-6.439225785434246,1299.1500244140625,726.0,152.0,720.0,0.1340000033378601,726.0
103.4000015258789,0.5,735.0,148.0,1.5579999685287476,106.8888133764267,1789167706000.0,103.4000015258789,113.5999984741211,75.0,-6.439340868964791,1312.5999755859375,735.0,151.0,729.0,0.12600000202655792,735.0
103.4000015258789,0.0,741.0,151.0,1.5299999713897705,106.88879007473588,1789167712000.0,103.4000015258789,113.80000305175781,73.0,-6.4394088461995125,1320.530029296875,741.0,146.0,735.0,0.013000000268220901,741.0
103.5999984741211,0.0,746.0,150.0,1.4279999732971191,106.88877565786242,1789167717000.0,103.5999984741211,113.80000305175781,71.0,-6.439461903646588,1326.6099853515625,746.0,142.0,740.0,0.041999999433755875,746.0
104.0,0.0,754.0,145.0,1.3339999914169312,106.8887512665242,1789167725000.0,104.0,113.80000305175781,69.0,-6.439541699364781,1335.8699951171875,754.0,138.0,748.0,0.05000000074505806,754.0
104.4000015258789,0.0,758.0,142.0,1.305999994277954,106.8887391127646,1789167729000.0,104.4000015258789,113.80000305175781,71.0,-6.439595930278301,1341.969970703125,758.0,142.0,752.0,0.07599999755620956,758.0
105.0,0.0,765.0,140.0,1.3899999856948853,106.88870223239064,1789167736000.0,105.0,113.5999984741211,78.0,-6.439706990495324,1354.8900146484375,765.0,156.0,759.0,0.09399999678134918,765.0
105.19999694824219,0.5,767.0,140.0,1.437000036239624,106.8886904977262,1789167738000.0,105.19999694824219,113.5999984741211,78.0,-6.43972928635776,1357.6800537109375,767.0,157.0,761.0,0.07999999821186066,767.0
105.4000015258789,0.5,770.0,141.0,1.4739999771118164,106.88867155462503,1789167741000.0,105.4000015258789,114.19999694824219,78.0,-6.439780164510012,1363.719970703125,770.0,157.0,764.0,0.08900000154972076,770.0
105.80000305175781,0.0,775.0,143.0,1.5399999618530273,106.88865185715258,1789167746000.0,105.80000305175781,114.80000305175781,78.0,-6.439856858924031,1372.530029296875,775.0,156.0,769.0,0.0689999982714653,775.0
106.19999694824219,0.5,780.0,146.0,1.6139999628067017,106.88861589878798,1789167751000.0,106.19999694824219,114.80000305175781,79.0,-6.439945204183459,1383.050048828125,780.0,159.0,774.0,0.08900000154972076,780.0
106.4000015258789,0.0,783.0,148.0,1.6699999570846558,106.88859787769616,1789167754000.0,106.4000015258789,114.5999984741211,79.0,-6.439994657412171,1388.8900146484375,783.0,158.0,777.0,0.03999999910593033,783.0
105.80000305175781,0.5,790.0,148.0,1.753999948501587,106.88854825682938,1789167761000.0,105.80000305175781,114.0,79.0,-6.440099347382784,1401.6800537109375,790.0,159.0,784.0,-0.0820000022649765,790.0
105.4000015258789,0.0,793.0,149.0,1.753999948501587,106.88854775391519,1789167764000.0,105.4000015258789,113.80000305175781,78.0,-6.440138826146722,1406.0400390625,793.0,156.0,787.0,-0.09399999678134918,793.0
105.19999694824219,0.0,797.0,151.0,1.7259999513626099,106.88854188658297,1789167768000.0,105.19999694824219,113.5999984741211,76.0,-6.4401866029948,1411.3199462890625,797.0,152.0,791.0,-0.05700000002980232,797.0
105.19999694824219,0.5,800.0,154.0,1.6979999542236328,106.88853040337563,1789167771000.0,105.19999694824219,113.19999694824219,73.0,-6.440221639350057,1415.4000244140625,800.0,147.0,794.0,-0.041999999433755875,800.0
104.80000305175781,0.5,805.0,151.0,1.6139999628067017,106.8884986359626,1789167776000.0,104.80000305175781,112.80000305175781,73.0,-6.440299842506647,1424.68994140625,805.0,147.0,799.0,-0.08399999886751175,805.0
104.5999984741211,0.5,806.0,150.0,1.6139999628067017,106.88849628902972,1789167777000.0,104.5999984741211,112.80000305175781,73.0,-6.44031560048461,1426.4599609375,806.0,147.0,800.0,-0.11299999803304672,806.0
104.4000015258789,0.5,809.0,147.0,1.5859999656677246,106.88849209807813,1789167780000.0,104.4000015258789,112.80000305175781,75.0,-6.4403371419757605,1428.8699951171875,809.0,151.0,803.0,-0.052000001072883606,809.0
103.80000305175781,0.5,816.0,146.0,1.5299999713897705,106.88845597207546,1789167787000.0,103.80000305175781,113.19999694824219,73.0,-6.44043143838644,1440.0400390625,816.0,147.0,810.0,-0.09700000286102295,816.0
102.4000015258789,0.5,826.0,144.0,1.5019999742507935,106.88840693794191,1789167797000.0,102.4000015258789,115.19999694824219,74.0,-6.440568985417485,1456.239990234375,826.0,149.0,820.0,-0.1379999965429306,826.0
101.5999984741211,0.0,835.0,144.0,1.5399999618530273,106.88836469314992,1789167806000.0,101.5999984741211,116.80000305175781,76.0,-6.440692115575075,1470.6600341796875,835.0,152.0,829.0,-0.0860000029206276,835.0
101.19999694824219,0.0,839.0,147.0,1.5490000247955322,106.888343738392,1789167810000.0,101.19999694824219,117.0,76.0,-6.440743496641517,1476.81005859375,839.0,152.0,833.0,-0.09399999678134918,839.0
100.80000305175781,0.5,844.0,144.0,1.5399999618530273,106.8883231189102,1789167815000.0,100.80000305175781,117.19999694824219,75.0,-6.440806360915303,1484.1099853515625,844.0,151.0,838.0,-0.07400000095367432,844.0
100.80000305175781,0.5,846.0,144.0,1.5399999618530273,106.88831708393991,1789167817000.0,100.80000305175781,117.0,74.0,-6.440833853557706,1487.2099609375,846.0,149.0,840.0,0.007000000216066837,846.0
101.4000015258789,0.0,855.0,144.0,1.5399999618530273,106.88829964958131,1789167826000.0,101.4000015258789,116.5999984741211,0.0,-6.440944913774729,1499.760009765625,855.0,0.0,849.0,0.05400000140070915,855.0
101.19999694824219,0.5,866.0,142.0,1.5019999742507935,106.88831834122539,1789167837000.0,101.19999694824219,116.80000305175781,73.0,-6.441079694777727,1514.969970703125,866.0,147.0,860.0,-0.01899999938905239,866.0
100.80000305175781,0.0,875.0,142.0,1.5119999647140503,106.88837081193924,1789167846000.0,100.80000305175781,117.0,79.0,-6.441212380304933,1530.9599609375,875.0,158.0,869.0,-0.029999999329447746,875.0
100.80000305175781,0.5,876.0,142.0,1.5210000276565552,106.88838019967079,1789167847000.0,100.80000305175781,117.0,79.0,-6.441225791350007,1532.75,876.0,159.0,870.0,-0.06300000101327896,876.0
100.4000015258789,0.5,881.0,145.0,1.6890000104904175,106.88844591379166,1789167852000.0,100.4000015258789,117.80000305175781,80.0,-6.441312460228801,1544.780029296875,881.0,161.0,875.0,-0.07400000095367432,881.0
100.19999694824219,0.5,884.0,148.0,1.8660000562667847,106.88848036341369,1789167855000.0,100.19999694824219,118.4000015258789,79.0,-6.441360069438815,1551.280029296875,884.0,159.0,878.0,-0.06400000303983688,884.0
99.5999984741211,0.5,890.0,151.0,2.015000104904175,106.88853652216494,1789167861000.0,99.5999984741211,119.80000305175781,79.0,-6.4414347521960735,1561.5799560546875,890.0,159.0,884.0,-0.10100000351667404,890.0
99.5999984741211,0.5,892.0,152.0,1.809999942779541,106.88855873420835,1789167863000.0,99.5999984741211,120.19999694824219,79.0,-6.441454365849495,1564.800048828125,892.0,159.0,886.0,-0.06599999964237213,892.0
99.0,0.5,900.0,153.0,1.399999976158142,106.88861958682537,1789167871000.0,99.0,123.0,58.0,-6.441531395539641,1575.6400146484375,900.0,117.0,894.0,-0.07699999958276749,900.0
98.80000305175781,0.0,901.0,153.0,1.3619999885559082,106.88862302340567,1789167872000.0,98.80000305175781,123.19999694824219,59.0,-6.441537933424115,1576.43994140625,901.0,118.0,895.0,-0.057999998331069946,901.0
98.19999694824219,0.5,909.0,152.0,1.3619999885559082,106.888687312603,1789167880000.0,98.19999694824219,122.5999984741211,81.0,-6.44163005053997,1588.8800048828125,909.0,163.0,903.0,-0.0949999988079071,909.0
98.19999694824219,0.0,913.0,148.0,1.5679999589920044,106.88871991820633,1789167884000.0,98.19999694824219,122.19999694824219,77.0,-6.441676737740636,1595.1500244140625,913.0,154.0,907.0,0.0,913.0
98.80000305175781,0.0,918.0,146.0,1.5770000219345093,106.88876015134156,1789167889000.0,98.80000305175781,122.0,76.0,-6.441728537902236,1602.4000244140625,918.0,152.0,912.0,0.15299999713897705,918.0
100.5999984741211,0.5,929.0,146.0,1.5299999713897705,106.88884665258229,1789167900000.0,100.5999984741211,122.5999984741211,75.0,-6.4418567810207605,1619.5999755859375,929.0,151.0,923.0,0.1550000011920929,929.0
102.19999694824219,0.5,938.0,143.0,1.5019999742507935,106.88890867866576,1789167909000.0,102.19999694824219,123.19999694824219,74.0,-6.441963063552976,1633.18994140625,938.0,149.0,932.0,0.18299999833106995,938.0
103.5999984741211,0.5,949.0,143.0,1.5019999742507935,106.88899300061166,1789167920000.0,103.5999984741211,123.80000305175781,74.0,-6.442104550078511,1651.43994140625,949.0,149.0,943.0,0.12600000202655792,949.0
104.5999984741211,0.5,958.0,144.0,1.5579999685287476,106.88906986266375,1789167929000.0,104.5999984741211,125.4000015258789,78.0,-6.442223489284515,1667.1800537109375,958.0,157.0,952.0,0.10700000077486038,958.0
105.0,0.5,962.0,147.0,1.5859999656677246,106.88910364173353,1789167933000.0,105.0,125.4000015258789,78.0,-6.442275373265147,1674.010009765625,962.0,157.0,956.0,0.10700000077486038,962.0
105.5999984741211,0.5,968.0,150.0,1.6239999532699585,106.88917036168277,1789167939000.0,105.5999984741211,125.5999984741211,78.0,-6.442349050194025,1685.010009765625,968.0,157.0,962.0,0.10100000351667404,968.0
106.0,0.5,979.0,151.0,1.6419999599456787,106.88927739858627,1789167950000.0,106.0,127.0,75.0,-6.442460026592016,1702.0799560546875,979.0,151.0,973.0,0.03400000184774399,979.0
106.0,0.0,983.0,147.0,1.6330000162124634,106.88931293785572,1789167954000.0,106.0,127.4000015258789,74.0,-6.4424943923950195,1707.5400390625,983.0,148.0,977.0,0.0,983.0
106.0,0.5,990.0,145.0,1.5959999561309814,106.88937060534954,1789167961000.0,106.0,127.5999984741211,73.0,-6.442557759582996,1717.030029296875,990.0,147.0,984.0,0.0,990.0
106.19999694824219,0.5,1000.0,147.0,1.5679999589920044,106.88945819623768,1789167971000.0,106.19999694824219,127.5999984741211,74.0,-6.44264928996563,1731.0899658203125,1000.0,149.0,994.0,0.02500000037252903,1000.0
106.5999984741211,0.5,1006.0,144.0,1.5490000247955322,106.88952491618693,1789167977000.0,106.5999984741211,127.5999984741211,75.0,-6.442700922489166,1740.3800048828125,1006.0,151.0,1000.0,0.07100000232458115,1006.0
107.19999694824219,0.0,1012.0,143.0,1.5490000247955322,106.88959448598325,1789167983000.0,107.19999694824219,127.5999984741211,77.0,-6.442752806469798,1750.010009765625,1012.0,154.0,1006.0,0.0729999989271164,1012.0
107.5999984741211,0.5,1021.0,143.0,1.5679999589920044,106.88969330862164,1789167992000.0,107.5999984741211,127.4000015258789,77.0,-6.44283645786345,1764.3900146484375,1021.0,155.0,1015.0,0.0430000014603138,1021.0
108.19999694824219,0.5,1030.0,145.0,1.5770000219345093,106.88978676684201,1789168001000.0,108.19999694824219,126.80000305175781,77.0,-6.4429232105612755,1778.5400390625,1030.0,155.0,1024.0,0.08399999886751175,1030.0
108.5999984741211,0.5,1035.0,145.0,1.5859999656677246,106.88980436883867,1789168006000.0,108.5999984741211,126.0,77.0,-6.442996803671122,1787.3199462890625,1035.0,155.0,1029.0,0.07800000160932541,1035.0
108.5999984741211,0.0,1037.0,146.0,1.5859999656677246,106.8897798936814,1789168008000.0,108.5999984741211,125.5999984741211,77.0,-6.443013064563274,1790.5699462890625,1037.0,154.0,1031.0,-0.05900000035762787,1037.0
107.5999984741211,0.5,1046.0,144.0,1.6050000190734863,106.88964025117457,1789168017000.0,107.5999984741211,125.4000015258789,79.0,-6.443022955209017,1806.6600341796875,1046.0,159.0,1040.0,-0.1080000028014183,1046.0
107.0,0.5,1054.0,143.0,1.6419999599456787,106.88953598029912,1789168025000.0,107.0,126.19999694824219,78.0,-6.442944584414363,1821.1099853515625,1054.0,157.0,1048.0,-0.07900000363588333,1054.0
106.5999984741211,0.0,1063.0,145.0,1.6799999475479126,106.88942056149244,1789168034000.0,106.5999984741211,125.80000305175781,77.0,-6.4428584184497595,1837.010009765625,1063.0,154.0,1057.0,-0.04600000008940697,1063.0
106.19999694824219,0.0,1072.0,146.0,1.6799999475479126,106.88932542689145,1789168043000.0,106.19999694824219,124.4000015258789,78.0,-6.442751297727227,1852.9000244140625,1072.0,156.0,1066.0,-0.041999999433755875,1072.0
105.5999984741211,0.5,1083.0,145.0,1.7170000076293945,106.8891881313175,1789168054000.0,105.5999984741211,123.80000305175781,77.0,-6.44263319671154,1872.969970703125,1083.0,155.0,1077.0,-0.04100000113248825,1083.0
105.5999984741211,0.5,1085.0,145.0,1.7259999513626099,106.88917061313987,1789168056000.0,105.5999984741211,123.80000305175781,77.0,-6.44261023029685,1876.1700439453125,1085.0,155.0,1079.0,-0.03200000151991844,1085.0
105.19999694824219,0.0,1096.0,143.0,1.7450000047683716,106.88905217684805,1789168067000.0,105.19999694824219,122.0,78.0,-6.442480813711882,1895.5799560546875,1096.0,156.0,1090.0,-0.039000000804662704,1096.0
104.0,0.5,1108.0,142.0,1.7640000581741333,106.88893558457494,1789168079000.0,104.0,121.5999984741211,77.0,-6.442330190911889,1916.6600341796875,1108.0,155.0,1102.0,-0.0989999994635582,1108.0
103.19999694824219,0.0,1120.0,141.0,1.781999945640564,106.88883483409882,1789168091000.0,103.19999694824219,120.5999984741211,76.0,-6.442172694951296,1937.3699951171875,1120.0,152.0,1114.0,-0.05900000035762787,1120.0
103.19999694824219,0.0,1121.0,139.0,1.781999945640564,106.88882485963404,1789168092000.0,103.19999694824219,120.5999984741211,76.0,-6.4421601220965385,1939.1500244140625,1121.0,152.0,1115.0,-0.08100000023841858,1121.0
100.0,0.5,1133.0,137.0,1.7640000581741333,106.88872369006276,1789168104000.0,100.0,119.5999984741211,78.0,-6.441991059109569,1960.9100341796875,1133.0,157.0,1127.0,-0.27000001072883606,1133.0
98.19999694824219,0.5,1141.0,136.0,1.8009999990463257,106.88864347524941,1789168112000.0,98.19999694824219,119.0,79.0,-6.441858122125268,1978.1199951171875,1141.0,159.0,1135.0,-0.22100000083446503,1141.0
97.4000015258789,0.5,1151.0,137.0,1.8849999904632568,106.88854238949716,1789168122000.0,97.4000015258789,118.0,78.0,-6.441699955612421,1998.8800048828125,1151.0,157.0,1145.0,-0.08399999886751175,1151.0
97.80000305175781,0.0,1157.0,140.0,1.9220000505447388,106.88847709447145,1789168128000.0,97.80000305175781,117.19999694824219,78.0,-6.441595768555999,2012.5,1157.0,156.0,1151.0,0.05900000035762787,1157.0
98.0,0.0,1159.0,142.0,1.940999984741211,106.88845002092421,1789168130000.0,98.0,117.4000015258789,78.0,-6.441563498228788,2017.1300048828125,1159.0,156.0,1153.0,0.125,1159.0
98.5999984741211,0.5,1165.0,145.0,1.968999981880188,106.88837458379567,1789168136000.0,98.5999984741211,117.80000305175781,78.0,-6.441471967846155,2030.280029296875,1165.0,157.0,1159.0,0.11900000274181366,1165.0
99.0,0.5,1167.0,145.0,1.9780000448226929,106.88834834843874,1789168138000.0,99.0,117.5999984741211,80.0,-6.441439613699913,2034.8800048828125,1167.0,161.0,1161.0,0.12700000405311584,1167.0
99.80000305175781,0.5,1176.0,147.0,1.996999979019165,106.888259164989,1789168147000.0,99.80000305175781,116.0,79.0,-6.4413028210401535,2052.949951171875,1176.0,159.0,1170.0,0.10100000351667404,1176.0
100.0,0.5,1186.0,146.0,1.9869999885559082,106.8881740886718,1789168157000.0,100.0,113.4000015258789,79.0,-6.441138535737991,2073.389892578125,1186.0,159.0,1180.0,0.007000000216066837,1186.0
100.0,0.5,1187.0,146.0,1.9869999885559082,106.88816755078733,1789168158000.0,100.0,113.4000015258789,79.0,-6.441121185198426,2075.43994140625,1187.0,159.0,1181.0,0.014999999664723873,1187.0
98.80000305175781,0.0,1197.0,146.0,1.996999979019165,106.88813368789852,1789168168000.0,98.80000305175781,113.0,78.0,-6.440960085019469,2093.780029296875,1197.0,156.0,1191.0,-0.12200000137090683,1197.0
98.0,0.5,1208.0,146.0,1.9780000448226929,106.88814810477197,1789168179000.0,98.0,112.4000015258789,78.0,-6.440775264054537,2114.330078125,1208.0,157.0,1202.0,-0.0560000017285347,1208.0
98.19999694824219,0.0,1210.0,146.0,1.968999981880188,106.88815447501838,1789168181000.0,98.19999694824219,112.4000015258789,78.0,-6.440741736441851,2118.1201171875,1210.0,156.0,1204.0,0.07199999690055847,1210.0
99.4000015258789,0.0,1219.0,145.0,1.968999981880188,106.88820292241871,1789168190000.0,99.4000015258789,112.5999984741211,76.0,-6.440600585192442,2134.590087890625,1219.0,152.0,1213.0,0.12300000339746475,1219.0
100.0,0.5,1223.0,142.0,1.968999981880188,106.88822555355728,1789168194000.0,100.0,112.5999984741211,78.0,-6.440537301823497,2142.02001953125,1223.0,157.0,1217.0,0.14000000059604645,1223.0
100.80000305175781,0.5,1228.0,140.0,1.9589999914169312,106.8882536329329,1789168199000.0,100.80000305175781,112.80000305175781,78.0,-6.440460439771414,2151.06005859375,1228.0,157.0,1222.0,0.19099999964237213,1228.0
103.0,0.5,1237.0,140.0,1.9589999914169312,106.88829529099166,1789168208000.0,103.0,114.4000015258789,78.0,-6.440322222188115,2167.010009765625,1237.0,157.0,1231.0,0.24500000476837158,1237.0
104.4000015258789,0.0,1243.0,141.0,1.9500000476837158,106.88833191990852,1789168214000.0,104.4000015258789,114.80000305175781,77.0,-6.440232954919338,2177.679931640625,1243.0,154.0,1237.0,0.2240000069141388,1243.0
106.0,0.5,1253.0,140.0,1.930999994277954,106.8883817922324,1789168224000.0,106.0,114.4000015258789,78.0,-6.440075961872935,2195.9599609375,1253.0,157.0,1247.0,0.14900000393390656,1253.0
106.4000015258789,0.5,1261.0,142.0,1.9500000476837158,106.88841842114925,1789168232000.0,106.4000015258789,113.4000015258789,80.0,-6.439914694055915,2214.35009765625,1261.0,161.0,1255.0,0.06499999761581421,1261.0
105.19999694824219,0.5,1270.0,143.0,2.015000104904175,106.88848589546978,1789168241000.0,105.19999694824219,112.5999984741211,80.0,-6.439739009365439,2235.14990234375,1270.0,161.0,1264.0,-0.13099999725818634,1270.0
105.0,0.5,1271.0,143.0,2.0250000953674316,106.88849335536361,1789168242000.0,105.0,112.4000015258789,80.0,-6.439718389883637,2237.56005859375,1271.0,161.0,1265.0,-0.14800000190734863,1271.0
103.19999694824219,0.5,1279.0,143.0,2.0989999771118164,106.88855135813355,1789168250000.0,103.19999694824219,112.19999694824219,81.0,-6.439545806497335,2257.7099609375,1279.0,163.0,1273.0,-0.24400000274181366,1279.0
102.80000305175781,0.5,1280.0,143.0,2.1089999675750732,106.8885612487793,1789168251000.0,102.80000305175781,112.4000015258789,81.0,-6.43952501937747,2260.260009765625,1280.0,163.0,1274.0,-0.3059999942779541,1280.0
100.5999984741211,0.5,1287.0,143.0,2.1740000247955322,106.8886143900454,1789168258000.0,100.5999984741211,112.5999984741211,82.0,-6.439374564215541,2277.889892578125,1287.0,165.0,1281.0,-0.328000009059906,1287.0
99.4000015258789,0.5,1292.0,146.0,2.2209999561309814,106.88866518437862,1789168263000.0,99.4000015258789,112.19999694824219,81.0,-6.439274568110704,2290.31005859375,1292.0,163.0,1286.0,-0.21400000154972076,1292.0
98.80000305175781,0.5,1294.0,146.0,2.239000082015991,106.88867943361402,1789168265000.0,98.80000305175781,112.0,82.0,-6.439225198701024,2295.97998046875,1294.0,165.0,1288.0,-0.34200000762939453,1294.0
97.19999694824219,0.5,1300.0,149.0,2.2860000133514404,106.88873089849949,1789168271000.0,97.19999694824219,111.5999984741211,82.0,-6.43909452483058,2311.52001953125,1300.0,165.0,1294.0,-0.26100000739097595,1300.0
96.19999694824219,0.5,1303.0,149.0,2.313999891281128,106.88874850049615,1789168274000.0,96.19999694824219,111.4000015258789,84.0,-6.439025457948446,2319.389892578125,1303.0,169.0,1297.0,-0.3089999854564667,1303.0
96.0,0.5,1304.0,152.0,2.3329999446868896,106.8887531105429,1789168275000.0,96.0,111.4000015258789,83.0,-6.439001150429249,2322.1201171875,1304.0,167.0,1298.0,-0.3540000021457672,1304.0
94.0,0.5,1312.0,152.0,2.4070000648498535,106.8887906614691,1789168283000.0,94.0,111.5999984741211,80.0,-6.438838792964816,2340.52001953125,1312.0,161.0,1306.0,-0.25099998712539673,1312.0
93.80000305175781,0.5,1318.0,155.0,2.4070000648498535,106.88882444053888,1789168289000.0,93.80000305175781,111.5999984741211,81.0,-6.438729744404554,2353.139892578125,1318.0,163.0,1312.0,-0.028999999165534973,1318.0
93.80000305175781,0.5,1321.0,153.0,2.3980000019073486,106.88884078525007,1789168292000.0,93.80000305175781,111.4000015258789,80.0,-6.438675010576844,2359.43994140625,1321.0,161.0,1315.0,0.039000000804662704,1321.0
94.19999694824219,0.5,1327.0,156.0,2.369999885559082,106.88888730481267,1789168298000.0,94.19999694824219,110.4000015258789,81.0,-6.438564117997885,2372.719970703125,1327.0,163.0,1321.0,0.03799999877810478,1327.0
94.19999694824219,0.5,1330.0,159.0,2.369999885559082,106.88891312107444,1789168301000.0,94.19999694824219,109.80000305175781,80.0,-6.438511982560158,2379.159912109375,1330.0,161.0,1324.0,-0.0010000000474974513,1330.0
94.0,0.5,1336.0,156.0,2.3510000705718994,106.8889423739165,1789168307000.0,94.0,109.0,79.0,-6.43840410746634,2391.510009765625,1336.0,159.0,1330.0,-0.029999999329447746,1336.0
93.80000305175781,0.0,1338.0,151.0,2.3420000076293945,106.88895494677126,1789168309000.0,93.80000305175781,108.80000305175781,80.0,-6.438366137444973,2395.929931640625,1338.0,160.0,1332.0,-0.023000000044703484,1338.0
93.80000305175781,0.5,1339.0,151.0,2.3420000076293945,106.88895888626575,1789168310000.0,93.80000305175781,108.5999984741211,78.0,-6.438348116353154,2397.9599609375,1339.0,157.0,1333.0,0.00800000037997961,1339.0
93.5999984741211,0.5,1343.0,152.0,2.322999954223633,106.88897833228111,1789168314000.0,93.5999984741211,108.19999694824219,79.0,-6.438282486051321,2405.530029296875,1343.0,159.0,1337.0,-0.06199999898672104,1343.0
92.19999694824219,0.5,1353.0,151.0,2.239000082015991,106.88902552239597,1789168324000.0,92.19999694824219,108.4000015258789,79.0,-6.438127253204584,2423.469970703125,1353.0,159.0,1347.0,-0.13699999451637268,1353.0
92.19999694824219,0.5,1364.0,150.0,2.1740000247955322,106.88908553682268,1789168335000.0,92.19999694824219,108.5999984741211,78.0,-6.437954921275377,2443.659912109375,1364.0,157.0,1358.0,-0.0010000000474974513,1364.0
92.4000015258789,0.5,1366.0,149.0,2.1649999618530273,106.88909559510648,1789168337000.0,92.4000015258789,108.80000305175781,78.0,-6.437924494966865,2447.219970703125,1366.0,157.0,1360.0,0.05400000140070915,1366.0
92.5999984741211,0.5,1376.0,148.0,2.0989999771118164,106.8891427014023,1789168347000.0,92.5999984741211,108.80000305175781,78.0,-6.437766328454018,2465.4599609375,1376.0,157.0,1370.0,0.02800000086426735,1376.0
93.4000015258789,0.5,1382.0,145.0,2.071000099182129,106.88917237333953,1789168353000.0,93.4000015258789,108.5999984741211,79.0,-6.437671612948179,2476.429931640625,1382.0,159.0,1376.0,0.13899999856948853,1382.0
94.4000015258789,0.0,1389.0,147.0,2.0339999198913574,106.8892032187432,1789168360000.0,94.4000015258789,108.80000305175781,80.0,-6.437565581873059,2488.64990234375,1389.0,160.0,1383.0,0.1340000033378601,1389.0
95.19999694824219,0.5,1401.0,148.0,1.968999981880188,106.88926683738828,1789168372000.0,95.19999694824219,108.0,78.0,-6.4373967703431845,2508.610107421875,1401.0,157.0,1395.0,0.0689999982714653,1401.0
95.0,0.5,1409.0,146.0,1.8849999904632568,106.88930698670447,1789168380000.0,95.0,106.80000305175781,77.0,-6.437286799773574,2521.6201171875,1409.0,155.0,1403.0,-0.03799999877810478,1409.0
94.4000015258789,0.5,1415.0,145.0,1.8380000591278076,106.88934084959328,1789168386000.0,94.4000015258789,106.80000305175781,77.0,-6.437191916629672,2532.780029296875,1415.0,155.0,1409.0,-0.07599999755620956,1415.0
93.4000015258789,0.0,1419.0,146.0,1.819000005722046,106.88935434445739,1789168390000.0,93.4000015258789,107.5999984741211,77.0,-6.43712779507041,2539.929931640625,1419.0,154.0,1413.0,-0.25200000405311584,1419.0
92.4000015258789,0.0,1428.0,146.0,1.781999945640564,106.8894212320447,1789168399000.0,92.4000015258789,108.80000305175781,77.0,-6.437025116756558,2553.429931640625,1428.0,154.0,1422.0,-0.1120000034570694,1428.0
92.0,0.5,1437.0,148.0,1.6799999475479126,106.8895227368921,1789168408000.0,92.0,109.0,75.0,-6.436944818124175,2567.4599609375,1437.0,151.0,1431.0,-0.04699999839067459,1437.0
93.19999694824219,0.0,1449.0,147.0,1.6239999532699585,106.88965684734285,1789168420000.0,93.19999694824219,109.80000305175781,76.0,-6.436829483136535,2587.18994140625,1449.0,152.0,1443.0,0.09200000017881393,1449.0
93.4000015258789,0.0,1451.0,143.0,1.6239999532699585,106.88967620953918,1789168422000.0,93.4000015258789,109.80000305175781,77.0,-6.436807941645384,2590.39990234375,1451.0,154.0,1445.0,0.10100000351667404,1451.0
93.5999984741211,0.0,1458.0,143.0,1.6139999628067017,106.88972826115787,1789168429000.0,93.5999984741211,109.5999984741211,76.0,-6.436722027137876,2601.5400390625,1458.0,152.0,1452.0,0.032999999821186066,1458.0
94.19999694824219,0.5,1466.0,146.0,1.6419999599456787,106.88978307880461,1789168437000.0,94.19999694824219,109.4000015258789,79.0,-6.436588000506163,2617.570068359375,1466.0,159.0,1460.0,0.07699999958276749,1466.0
94.80000305175781,0.5,1469.0,147.0,1.6799999475479126,106.88979908823967,1789168440000.0,94.80000305175781,109.4000015258789,80.0,-6.436528405174613,2624.3798828125,1469.0,161.0,1463.0,0.18700000643730164,1469.0
95.80000305175781,0.5,1474.0,144.0,1.7259999513626099,106.8898287601769,1789168445000.0,95.80000305175781,109.4000015258789,80.0,-6.436434192582965,2635.300048828125,1474.0,161.0,1468.0,0.19599999487400055,1474.0
96.5999984741211,0.5,1481.0,143.0,1.8009999990463257,106.88986228778958,1789168452000.0,96.5999984741211,109.4000015258789,79.0,-6.436312990263104,2649.199951171875,1481.0,159.0,1475.0,0.11400000005960464,1481.0
97.80000305175781,0.5,1490.0,145.0,1.8289999961853027,106.88991484232247,1789168461000.0,97.80000305175781,109.0,79.0,-6.436175359413028,2665.47998046875,1490.0,159.0,1484.0,0.13099999725818634,1490.0
97.80000305175781,0.0,1500.0,144.0,1.8380000591278076,106.88996840268373,1789168471000.0,97.80000305175781,108.80000305175781,80.0,-6.435999255627394,2685.830078125,1500.0,160.0,1494.0,0.010999999940395355,1500.0
97.5999984741211,0.0,1502.0,143.0,1.847000002861023,106.88997879624367,1789168473000.0,97.5999984741211,109.0,79.0,-6.435964973643422,2689.7900390625,1502.0,158.0,1496.0,-0.10499999672174454,1502.0
96.4000015258789,0.5,1513.0,144.0,1.8660000562667847,106.89004132524133,1789168484000.0,96.4000015258789,108.4000015258789,80.0,-6.435788031667471,2710.6298828125,1513.0,161.0,1507.0,-0.11699999868869781,1513.0
96.19999694824219,0.5,1514.0,144.0,1.8660000562667847,106.89004392363131,1789168485000.0,96.19999694824219,108.4000015258789,80.0,-6.435766909271479,2712.929931640625,1514.0,161.0,1508.0,-0.13300000131130219,1514.0
95.80000305175781,0.5,1519.0,147.0,1.875,106.89008004963398,1789168490000.0,95.80000305175781,107.5999984741211,80.0,-6.435688203200698,2722.52001953125,1519.0,161.0,1513.0,-0.061000000685453415,1519.0
95.4000015258789,0.5,1525.0,146.0,1.875,106.89013377763331,1789168496000.0,95.4000015258789,106.19999694824219,78.0,-6.435616286471486,2732.409912109375,1525.0,157.0,1519.0,-0.06800000369548798,1525.0
94.4000015258789,0.0,1535.0,144.0,1.8289999961853027,106.89025799743831,1789168506000.0,94.4000015258789,106.0,77.0,-6.435525678098202,2749.699951171875,1535.0,154.0,1529.0,-0.10100000351667404,1535.0
94.19999694824219,0.5,1540.0,143.0,1.8009999990463257,106.89031281508505,1789168511000.0,94.19999694824219,106.0,74.0,-6.435498772189021,2756.4599609375,1540.0,149.0,1534.0,-0.039000000804662704,1540.0
94.19999694824219,0.5,1542.0,143.0,1.781999945640564,106.89033879898489,1789168513000.0,94.19999694824219,105.80000305175781,74.0,-6.4354862831532955,2759.669921875,1542.0,149.0,1536.0,-0.04699999839067459,1542.0
93.5999984741211,0.0,1551.0,141.0,1.7450000047683716,106.8904794473201,1789168522000.0,93.5999984741211,107.19999694824219,76.0,-6.435443367809057,2775.93994140625,1551.0,152.0,1545.0,-0.0560000017285347,1551.0
93.80000305175781,0.5,1561.0,143.0,1.753999948501587,106.89064742065966,1789168532000.0,93.80000305175781,108.19999694824219,79.0,-6.435385113582015,2795.590087890625,1561.0,159.0,1555.0,0.017999999225139618,1561.0
94.0,0.5,1570.0,143.0,1.819000005722046,106.89079636707902,1789168541000.0,94.0,109.0,79.0,-6.435326607897878,2813.27001953125,1570.0,159.0,1564.0,0.013000000268220901,1570.0
94.4000015258789,0.5,1579.0,148.0,1.8940000534057617,106.89096006564796,1789168550000.0,94.4000015258789,108.4000015258789,79.0,-6.43526516854763,2832.6298828125,1579.0,159.0,1573.0,0.03799999877810478,1579.0
94.5999984741211,0.0,1580.0,145.0,1.902999997138977,106.89097766764462,1789168551000.0,94.5999984741211,108.5999984741211,0.0,-6.4352592173963785,2834.679931640625,1580.0,0.0,1574.0,0.20200000703334808,1580.0
95.5999984741211,0.5,1590.0,147.0,1.9589999914169312,106.89114999957383,1789168561000.0,95.5999984741211,107.4000015258789,79.0,-6.435194090008736,2855.090087890625,1590.0,159.0,1584.0,0.10700000077486038,1590.0
95.80000305175781,0.5,1591.0,147.0,1.9589999914169312,106.89116877503693,1789168562000.0,95.80000305175781,107.19999694824219,79.0,-6.435187887400389,2857.280029296875,1591.0,159.0,1585.0,0.13600000739097595,1591.0
97.19999694824219,0.5,1599.0,150.0,1.9589999914169312,106.89129425212741,1789168570000.0,97.19999694824219,107.0,79.0,-6.435146648436785,2871.8798828125,1599.0,159.0,1593.0,0.18199999630451202,1599.0
97.5999984741211,0.5,1601.0,152.0,1.9500000476837158,106.89132057130337,1789168572000.0,97.5999984741211,107.0,79.0,-6.435139691457152,2874.860107421875,1601.0,159.0,1595.0,0.20900000631809235,1601.0
98.5999984741211,0.0,1610.0,151.0,1.875,106.89143163152039,1789168581000.0,98.5999984741211,106.5999984741211,75.0,-6.435088729485869,2888.360107421875,1610.0,150.0,1604.0,0.1120000034570694,1610.0
98.80000305175781,0.5,1615.0,149.0,1.7730000019073486,106.89148594625294,1789168586000.0,98.80000305175781,105.5999984741211,79.0,-6.435043131932616,2896.179931640625,1615.0,159.0,1609.0,0.02500000037252903,1615.0
98.5999984741211,0.0,1619.0,146.0,1.7359999418258667,106.89152928069234,1789168590000.0,98.5999984741211,105.19999694824219,78.0,-6.43500323407352,2902.510009765625,1619.0,156.0,1613.0,-0.04500000178813934,1619.0
98.4000015258789,0.0,1626.0,147.0,1.6979999542236328,106.89158870838583,1789168597000.0,98.4000015258789,104.4000015258789,76.0,-6.4349184930324554,2913.93994140625,1626.0,152.0,1620.0,-0.014999999664723873,1626.0
98.80000305175781,0.0,1633.0,149.0,1.6979999542236328,106.8916777241975,1789168604000.0,98.80000305175781,103.4000015258789,77.0,-6.434828471392393,2927.919921875,1633.0,154.0,1627.0,0.04500000178813934,1633.0
99.0,0.0,1642.0,147.0,1.7079999446868896,106.89176866784692,1789168613000.0,99.0,102.80000305175781,76.0,-6.434719171375036,2943.9599609375,1642.0,152.0,1636.0,0.028999999165534973,1642.0
99.19999694824219,0.0,1648.0,147.0,1.6979999542236328,106.89182935282588,1789168619000.0,99.19999694824219,102.5999984741211,76.0,-6.43465974368155,2953.39990234375,1648.0,152.0,1642.0,0.03099999949336052,1648.0
99.4000015258789,0.5,1652.0,146.0,1.6799999475479126,106.89186187461019,1789168623000.0,99.4000015258789,103.4000015258789,74.0,-6.434616995975375,2959.320068359375,1652.0,149.0,1646.0,0.028999999165534973,1652.0
99.5999984741211,0.0,1660.0,143.0,1.6330000162124634,106.89193798229098,1789168631000.0,99.5999984741211,104.5999984741211,74.0,-6.434543067589402,2970.969970703125,1660.0,148.0,1654.0,0.03500000014901161,1660.0
99.80000305175781,0.5,1664.0,139.0,1.6139999628067017,106.89197553321719,1789168635000.0,99.80000305175781,105.5999984741211,75.0,-6.434500403702259,2977.340087890625,1664.0,151.0,1658.0,0.03099999949336052,1664.0
99.80000305175781,0.5,1665.0,139.0,1.6139999628067017,106.89198575913906,1789168636000.0,99.80000305175781,105.80000305175781,75.0,-6.43449361436069,2978.659912109375,1665.0,151.0,1659.0,0.04899999871850014,1665.0
99.80000305175781,0.5,1667.0,139.0,1.6050000190734863,106.89200386404991,1789168638000.0,99.80000305175781,106.0,75.0,-6.434476347640157,2981.389892578125,1667.0,151.0,1661.0,0.032999999821186066,1667.0
99.0,0.5,1677.0,137.0,1.5959999561309814,106.89210411161184,1789168648000.0,99.0,106.19999694824219,78.0,-6.434362689033151,2998.1298828125,1677.0,157.0,1671.0,-0.09200000017881393,1677.0
96.5999984741211,0.5,1686.0,137.0,1.6890000104904175,106.89223109744489,1789168657000.0,96.5999984741211,106.80000305175781,81.0,-6.434234781190753,3018.1201171875,1686.0,163.0,1680.0,-0.2549999952316284,1686.0
93.80000305175781,0.5,1693.0,140.0,1.930999994277954,106.892294799909,1789168664000.0,93.80000305175781,106.19999694824219,79.0,-6.434075105935335,3037.1298828125,1693.0,159.0,1687.0,-0.39899998903274536,1693.0
93.4000015258789,0.0,1694.0,141.0,1.9500000476837158,106.89230066724122,1789168665000.0,93.4000015258789,106.19999694824219,79.0,-6.434053480625153,3039.60009765625,1694.0,158.0,1688.0,-0.4099999964237213,1694.0
90.4000015258789,0.5,1702.0,144.0,2.193000078201294,106.89235431142151,1789168673000.0,90.4000015258789,106.0,81.0,-6.433891458436847,3058.489990234375,1702.0,163.0,1696.0,-0.36800000071525574,1702.0
90.19999694824219,0.5,1704.0,147.0,2.249000072479248,106.8923656269908,1789168675000.0,90.19999694824219,105.80000305175781,80.0,-6.433852231130004,3062.989990234375,1704.0,161.0,1698.0,-0.1679999977350235,1704.0
90.0,0.5,1710.0,150.0,2.2769999504089355,106.89239739440382,1789168681000.0,90.0,103.80000305175781,80.0,-6.433731867000461,3076.760009765625,1710.0,161.0,1704.0,-0.024000000208616257,1710.0
89.80000305175781,0.0,1713.0,151.0,2.239000082015991,106.89240736886859,1789168684000.0,89.80000305175781,103.19999694824219,81.0,-6.433674618601799,3083.18994140625,1713.0,162.0,1707.0,-0.04500000178813934,1713.0
89.5999984741211,0.5,1718.0,154.0,2.1459999084472656,106.89240669831634,1789168689000.0,89.5999984741211,102.19999694824219,79.0,-6.433589207008481,3092.72998046875,1718.0,159.0,1712.0,-0.05999999865889549,1718.0
89.4000015258789,0.5,1722.0,153.0,2.052999973297119,106.89239898696542,1789168693000.0,89.4000015258789,102.0,78.0,-6.433523911982775,3100.0,1722.0,157.0,1716.0,-0.014000000432133675,1722.0
89.4000015258789,0.5,1733.0,151.0,1.930999994277954,106.89238859340549,1789168704000.0,89.4000015258789,101.80000305175781,75.0,-6.4333687629550695,3117.27001953125,1733.0,151.0,1727.0,-0.007000000216066837,1733.0
89.4000015258789,0.5,1738.0,148.0,1.875,106.89239043742418,1789168709000.0,89.4000015258789,101.4000015258789,75.0,-6.433300785720348,3124.800048828125,1738.0,151.0,1732.0,0.013000000268220901,1738.0
89.5999984741211,0.5,1741.0,146.0,1.847000002861023,106.89239303581417,1789168712000.0,89.5999984741211,101.19999694824219,75.0,-6.433261139318347,3129.179931640625,1741.0,151.0,1735.0,0.05400000140070915,1741.0
90.0,0.5,1747.0,142.0,1.7910000085830688,106.89239538274705,1789168718000.0,90.0,100.4000015258789,74.0,-6.433173045516014,3138.8798828125,1747.0,149.0,1741.0,0.0560000017285347,1747.0
90.4000015258789,0.0,1753.0,141.0,1.7730000019073486,106.89239923842251,1789168724000.0,90.4000015258789,99.80000305175781,77.0,-6.433076150715351,3149.610107421875,1753.0,154.0,1747.0,0.06300000101327896,1753.0
90.0,0.0,1763.0,140.0,1.7910000085830688,106.89241273328662,1789168734000.0,90.0,99.5999984741211,78.0,-6.4329031482338905,3168.820068359375,1763.0,156.0,1757.0,-0.0430000014603138,1763.0
89.80000305175781,0.0,1768.0,140.0,1.8009999990463257,106.8924412317574,1789168739000.0,89.80000305175781,99.4000015258789,79.0,-6.432836763560772,3176.739990234375,1768.0,158.0,1762.0,-0.03400000184774399,1768.0
89.80000305175781,0.0,1769.0,140.0,1.8009999990463257,106.89245162531734,1789168740000.0,89.80000305175781,99.4000015258789,79.0,-6.432824190706015,3178.530029296875,1769.0,158.0,1763.0,0.02199999988079071,1769.0
89.4000015258789,0.0,1776.0,142.0,1.7910000085830688,106.8924932833761,1789168747000.0,89.4000015258789,100.19999694824219,80.0,-6.432712459936738,3191.6298828125,1776.0,160.0,1770.0,-0.050999999046325684,1776.0
89.19999694824219,0.5,1784.0,142.0,1.819000005722046,106.89256369136274,1789168755000.0,89.19999694824219,101.4000015258789,80.0,-6.432575499638915,3208.659912109375,1784.0,161.0,1778.0,-0.02800000086426735,1784.0
89.0,0.0,1787.0,145.0,1.8380000591278076,106.89259537495673,1789168758000.0,89.0,102.0,78.0,-6.43251514993608,3216.14990234375,1787.0,156.0,1781.0,-0.03099999949336052,1787.0
89.0,0.0,1790.0,145.0,1.875,106.89261507242918,1789168761000.0,89.0,103.0,79.0,-6.432456728070974,3222.969970703125,1790.0,158.0,1784.0,-0.017000000923871994,1790.0
89.19999694824219,0.5,1796.0,147.0,1.930999994277954,106.89265103079379,1789168767000.0,89.19999694824219,104.4000015258789,80.0,-6.4323468413203955,3235.68994140625,1796.0,161.0,1790.0,0.023000000044703484,1796.0
89.19999694824219,0.5,1802.0,148.0,1.940999984741211,106.89268900081515,1789168773000.0,89.19999694824219,103.19999694824219,66.0,-6.432266877964139,3245.580078125,1802.0,133.0,1796.0,0.0020000000949949026,1802.0
89.0,0.5,1810.0,147.0,1.6139999628067017,106.89273132942617,1789168781000.0,89.0,103.0,58.0,-6.432164115831256,3258.139892578125,1810.0,117.0,1804.0,-0.027000000700354576,1810.0
88.80000305175781,0.5,1816.0,150.0,1.5399999618530273,106.89272973686457,1789168787000.0,88.80000305175781,103.19999694824219,58.0,-6.432088008150458,3266.010009765625,1816.0,117.0,1810.0,-0.04399999976158142,1816.0
88.5999984741211,0.0,1818.0,150.0,1.5210000276565552,106.89273736439645,1789168789000.0,88.5999984741211,102.80000305175781,60.0,-6.4320717472583055,3267.9599609375,1818.0,120.0,1812.0,-0.04500000178813934,1818.0
88.5999984741211,0.0,1830.0,150.0,1.5490000247955322,106.8927850574255,1789168801000.0,88.5999984741211,101.5999984741211,76.0,-6.431898744776845,3287.889892578125,1830.0,152.0,1824.0,0.003000000026077032,1830.0
88.80000305175781,0.5,1834.0,147.0,1.5679999589920044,106.8928008992225,1789168805000.0,88.80000305175781,101.4000015258789,74.0,-6.4318435080349445,3294.239990234375,1834.0,149.0,1828.0,0.041999999433755875,1834.0
88.80000305175781,0.5,1839.0,146.0,1.5579999685287476,106.89282990060747,1789168810000.0,88.80000305175781,101.80000305175781,74.0,-6.4317866787314415,3301.2900390625,1839.0,149.0,1833.0,-0.0020000000949949026,1839.0
89.0,0.0,1846.0,143.0,1.5399999618530273,106.89286912791431,1789168817000.0,89.0,101.80000305175781,76.0,-6.431694310158491,3312.320068359375,1846.0,152.0,1840.0,0.014000000432133675,1846.0
88.80000305175781,0.0,1848.0,141.0,1.5299999713897705,106.89288371242583,1789168819000.0,88.80000305175781,102.0,76.0,-6.431668242439628,3315.6201171875,1848.0,152.0,1842.0,-0.010999999940395355,1848.0
88.80000305175781,0.0,1854.0,139.0,1.5119999647140503,106.89291514456272,1789168825000.0,88.80000305175781,101.80000305175781,76.0,-6.43160093575716,3323.820068359375,1854.0,152.0,1848.0,-0.02800000086426735,1854.0
88.19999694824219,0.5,1863.0,138.0,1.4930000305175781,106.89295646734536,1789168834000.0,88.19999694824219,100.0,80.0,-6.431480152532458,3338.080078125,1863.0,161.0,1857.0,-0.06499999761581421,1863.0
87.19999694824219,0.5,1872.0,140.0,1.5119999647140503,106.89302997663617,1789168843000.0,87.19999694824219,101.0,80.0,-6.431326512247324,3356.9599609375,1872.0,161.0,1866.0,-0.1080000028014183,1872.0
86.0,0.0,1879.0,143.0,1.809999942779541,106.89307507127523,1789168850000.0,86.0,101.80000305175781,81.0,-6.4311955869197845,3372.25,1879.0,162.0,1873.0,-0.15800000727176666,1879.0
86.0,0.0,1880.0,146.0,1.809999942779541,106.89308311790228,1789168851000.0,86.0,101.80000305175781,81.0,-6.431176727637649,3374.52001953125,1880.0,162.0,1874.0,-0.16500000655651093,1880.0
85.80000305175781,0.0,1881.0,146.0,1.8569999933242798,106.89308864995837,1789168852000.0,85.80000305175781,101.5999984741211,81.0,-6.431158958002925,3376.550048828125,1881.0,162.0,1875.0,-0.11500000208616257,1881.0
85.5999984741211,0.0,1883.0,150.0,1.8660000562667847,106.8930990435183,1789168854000.0,85.5999984741211,101.19999694824219,80.0,-6.431121490895748,3380.85009765625,1883.0,160.0,1877.0,-0.10499999672174454,1883.0
85.19999694824219,0.0,1887.0,151.0,1.875,106.8931267876178,1789168858000.0,85.19999694824219,100.5999984741211,81.0,-6.431048735976219,3389.409912109375,1887.0,162.0,1881.0,-0.11500000208616257,1887.0
84.19999694824219,0.0,1897.0,151.0,1.819000005722046,106.89318973571062,1789168868000.0,84.19999694824219,99.80000305175781,79.0,-6.4308825228363276,3409.0400390625,1897.0,158.0,1891.0,-0.08699999749660492,1897.0
84.0,0.5,1901.0,151.0,1.7910000085830688,106.89321722835302,1789168872000.0,84.0,99.80000305175781,79.0,-6.430829549208283,3415.68994140625,1901.0,159.0,1895.0,-0.04800000041723251,1901.0
84.0,0.5,1903.0,151.0,1.7730000019073486,106.89322569407523,1789168874000.0,84.0,100.0,79.0,-6.430800715461373,3418.949951171875,1903.0,159.0,1897.0,-0.02800000086426735,1903.0
84.0,0.5,1904.0,151.0,1.7640000581741333,106.8932338245213,1789168875000.0,84.0,100.0,78.0,-6.43078587949276,3420.820068359375,1904.0,157.0,1898.0,0.0,1904.0
84.0,0.0,1909.0,148.0,1.7359999418258667,106.89325637184083,1789168880000.0,84.0,101.0,78.0,-6.430705329403281,3430.070068359375,1909.0,156.0,1903.0,0.0,1909.0
84.0,0.0,1914.0,146.0,1.7170000076293945,106.89328235574067,1789168885000.0,84.0,101.80000305175781,77.0,-6.43062804825604,3438.97998046875,1914.0,154.0,1908.0,0.0,1914.0
84.0,0.5,1919.0,143.0,1.7170000076293945,106.89330683089793,1789168890000.0,84.0,101.5999984741211,78.0,-6.430555460974574,3447.5,1919.0,157.0,1913.0,0.0,1919.0
84.0,0.0,1922.0,142.0,1.7170000076293945,106.89331957139075,1789168893000.0,84.0,101.19999694824219,77.0,-6.430512126535177,3452.4599609375,1922.0,154.0,1916.0,-0.028999999165534973,1922.0
83.80000305175781,0.5,1923.0,142.0,1.7170000076293945,106.89332258887589,1789168894000.0,83.80000305175781,101.19999694824219,75.0,-6.430492931976914,3454.6201171875,1923.0,151.0,1917.0,-0.0689999982714653,1923.0
83.5999984741211,0.5,1928.0,140.0,1.7259999513626099,106.89334580674767,1789168899000.0,83.5999984741211,101.0,76.0,-6.430408526211977,3464.419921875,1928.0,153.0,1922.0,-0.061000000685453415,1928.0
83.19999694824219,0.0,1936.0,142.0,1.781999945640564,106.8933894764632,1789168907000.0,83.19999694824219,101.80000305175781,80.0,-6.430267039686441,3480.919921875,1936.0,160.0,1930.0,-0.04399999976158142,1936.0
81.4000015258789,0.0,1944.0,144.0,1.819000005722046,106.89343029633164,1789168915000.0,81.4000015258789,99.80000305175781,83.0,-6.430139634758234,3495.800048828125,1944.0,166.0,1938.0,-0.23199999332427979,1944.0
79.80000305175781,0.0,1950.0,144.0,1.8380000591278076,106.89346323721111,1789168921000.0,79.80000305175781,98.0,83.0,-6.430036369711161,3507.800048828125,1950.0,166.0,1944.0,-0.24300000071525574,1950.0
79.0,0.0,1959.0,145.0,1.9129999876022339,106.89352702349424,1789168930000.0,79.0,96.80000305175781,83.0,-6.429882058873773,3526.4599609375,1959.0,166.0,1953.0,-0.10300000011920929,1959.0
78.80000305175781,0.5,1962.0,146.0,1.9220000505447388,106.89355166628957,1789168933000.0,78.80000305175781,97.0,82.0,-6.429830426350236,3532.7900390625,1962.0,165.0,1956.0,-0.03200000151991844,1962.0
78.5999984741211,0.5,1966.0,147.0,1.930999994277954,106.89355946145952,1789168937000.0,78.5999984741211,97.4000015258789,80.0,-6.429760102182627,3540.580078125,1966.0,161.0,1960.0,-0.0560000017285347,1966.0
78.5999984741211,0.5,1972.0,146.0,1.9500000476837158,106.8935639038682,1789168943000.0,78.5999984741211,95.5999984741211,81.0,-6.429651891812682,3552.85009765625,1972.0,163.0,1966.0,-0.0010000000474974513,1972.0
78.5999984741211,0.0,1974.0,146.0,1.9500000476837158,106.89355258829892,1789168945000.0,78.5999984741211,95.4000015258789,81.0,-6.429629763588309,3555.580078125,1974.0,162.0,1968.0,0.01899999938905239,1974.0
78.5999984741211,0.5,1978.0,145.0,1.9220000505447388,106.89352123998106,1789168949000.0,78.5999984741211,95.80000305175781,80.0,-6.429606210440397,3559.889892578125,1978.0,161.0,1972.0,-0.039000000804662704,1978.0
78.4000015258789,0.0,1979.0,146.0,1.9129999876022339,106.89351042732596,1789168950000.0,78.4000015258789,96.19999694824219,81.0,-6.429601851850748,3561.179931640625,1979.0,162.0,1973.0,-0.13199999928474426,1979.0
77.4000015258789,0.0,1990.0,146.0,1.6979999542236328,106.89334672875702,1789168961000.0,77.4000015258789,99.5999984741211,80.0,-6.4295522309839725,3580.169921875,1990.0,160.0,1984.0,-0.08299999684095383,1990.0
77.19999694824219,0.5,1999.0,144.0,1.8009999990463257,106.89321035519242,1789168970000.0,77.19999694824219,105.80000305175781,80.0,-6.429507303982973,3596.219970703125,1999.0,161.0,1993.0,-0.017999999225139618,1999.0
77.4000015258789,0.0,2007.0,144.0,1.753999948501587,106.89310239627957,1789168978000.0,77.4000015258789,110.0,78.0,-6.42947587184608,3608.81005859375,2007.0,156.0,2001.0,0.008999999612569809,2007.0
77.0,0.5,2014.0,143.0,1.6139999628067017,106.89301002770662,1789168985000.0,77.0,111.19999694824219,80.0,-6.429437818005681,3619.989990234375,2014.0,161.0,2008.0,-0.039000000804662704,2014.0
77.0,0.0,2023.0,143.0,1.753999948501587,106.89283727668226,1789168994000.0,77.0,107.19999694824219,80.0,-6.429373528808355,3640.360107421875,2023.0,160.0,2017.0,-0.010999999940395355,2023.0
77.0,0.5,2029.0,144.0,1.9129999876022339,106.89275588840246,1789169000000.0,77.0,106.0,80.0,-6.429282333701849,3654.300048828125,2029.0,161.0,2023.0,-0.006000000052154064,2029.0
76.4000015258789,0.5,2032.0,146.0,1.9780000448226929,106.8927488476038,1789169003000.0,76.4000015258789,105.4000015258789,78.0,-6.429212260991335,3662.110107421875,2032.0,157.0,2026.0,-0.16300000250339508,2032.0
76.4000015258789,0.5,2033.0,146.0,2.0250000953674316,106.89275873824954,1789169004000.0,76.4000015258789,105.0,78.0,-6.429202705621719,3663.580078125,2033.0,157.0,2027.0,-0.0689999982714653,2033.0
76.4000015258789,0.5,2035.0,147.0,2.0429999828338623,106.89278354868293,1789169006000.0,76.4000015258789,103.5999984741211,78.0,-6.429201867431402,3666.3701171875,2035.0,157.0,2029.0,-0.003000000026077032,2035.0
76.4000015258789,0.5,2037.0,148.0,1.930999994277954,106.89282537437975,1789169008000.0,76.4000015258789,102.4000015258789,79.0,-6.429219469428062,3671.31005859375,2037.0,159.0,2031.0,0.04399999976158142,2037.0
76.4000015258789,0.5,2044.0,151.0,1.7910000085830688,106.892952863127,1789169015000.0,76.4000015258789,102.0,80.0,-6.429264564067125,3686.22998046875,2044.0,161.0,2038.0,-0.00800000037997961,2044.0
76.5999984741211,0.5,2049.0,151.0,1.7640000581741333,106.89301866106689,1789169020000.0,76.5999984741211,104.0,81.0,-6.429288117215037,3693.93994140625,2049.0,163.0,2043.0,0.017000000923871994,2049.0
76.5999984741211,0.5,2051.0,151.0,1.7640000581741333,106.89304766245186,1789169022000.0,76.5999984741211,104.4000015258789,80.0,-6.429291386157274,3697.14990234375,2051.0,161.0,2045.0,0.006000000052154064,2051.0
76.5999984741211,0.0,2056.0,151.0,1.6699999570846558,106.89310851506889,1789169027000.0,76.5999984741211,105.0,80.0,-6.429307982325554,3704.06005859375,2056.0,160.0,2050.0,0.012000000104308128,2056.0
76.5999984741211,0.0,2058.0,150.0,1.6330000162124634,106.8931320682168,1789169029000.0,76.5999984741211,105.0,79.0,-6.429305551573634,3706.510009765625,2058.0,158.0,2052.0,-0.004000000189989805,2058.0
76.80000305175781,0.0,2065.0,148.0,1.5490000247955322,106.8932306393981,1789169036000.0,76.80000305175781,104.5999984741211,76.0,-6.4293222315609455,3717.52001953125,2065.0,152.0,2059.0,0.041999999433755875,2065.0
77.0,0.0,2067.0,145.0,1.5399999618530273,106.89325796440244,1789169038000.0,77.0,104.4000015258789,76.0,-6.429336229339242,3720.889892578125,2067.0,152.0,2061.0,0.06599999964237213,2067.0
77.0,0.5,2073.0,145.0,1.5210000276565552,106.89332904294133,1789169044000.0,77.0,104.19999694824219,81.0,-6.429368918761611,3729.469970703125,2073.0,163.0,2067.0,0.0,2073.0
77.0,0.5,2074.0,146.0,1.5210000276565552,106.89334538765252,1789169045000.0,77.0,104.19999694824219,81.0,-6.429379479959607,3731.610107421875,2074.0,163.0,2068.0,0.0,2074.0
77.0,0.5,2079.0,147.0,1.5299999713897705,106.89341789111495,1789169050000.0,77.0,105.19999694824219,81.0,-6.429406218230724,3740.18994140625,2079.0,163.0,2073.0,0.0,2079.0
78.4000015258789,0.5,2089.0,148.0,1.5299999713897705,106.89356407150626,1789169060000.0,78.4000015258789,104.5999984741211,81.0,-6.429434800520539,3756.52001953125,2089.0,163.0,2083.0,0.13500000536441803,2089.0
78.80000305175781,0.5,2093.0,148.0,1.5019999742507935,106.89361629076302,1789169064000.0,78.80000305175781,104.0,84.0,-6.429421221837401,3762.4599609375,2093.0,169.0,2087.0,0.125,2093.0
79.0,0.5,2096.0,148.0,1.5119999647140503,106.8936484772712,1789169067000.0,79.0,103.19999694824219,84.0,-6.429396579042077,3767.010009765625,2096.0,169.0,2090.0,0.05700000002980232,2096.0
79.19999694824219,0.5,2100.0,149.0,1.5210000276565552,106.89370505511761,1789169071000.0,79.19999694824219,101.4000015258789,83.0,-6.429341761395335,3775.320068359375,2100.0,167.0,2094.0,0.05400000140070915,2100.0
79.19999694824219,0.5,2102.0,149.0,1.5299999713897705,106.8937211483717,1789169073000.0,79.19999694824219,101.0,83.0,-6.4293113350868225,3779.25,2102.0,167.0,2096.0,-0.019999999552965164,2102.0
79.0,0.5,2103.0,149.0,1.5399999618530273,106.8937208969146,1789169074000.0,79.0,100.80000305175781,84.0,-6.429290631785989,3781.530029296875,2103.0,169.0,2097.0,-0.15399999916553497,2103.0
78.80000305175781,0.5,2112.0,151.0,1.6610000133514404,106.89376230351627,1789169083000.0,78.80000305175781,102.5999984741211,81.0,-6.429155766963959,3797.159912109375,2112.0,163.0,2106.0,-0.02500000037252903,2112.0
78.80000305175781,0.5,2122.0,151.0,1.7170000076293945,106.89381594769657,1789169093000.0,78.80000305175781,102.80000305175781,81.0,-6.428989302366972,3816.5400390625,2122.0,163.0,2116.0,-0.0010000000474974513,2122.0
78.80000305175781,0.5,2127.0,151.0,1.8289999961853027,106.89384050667286,1789169098000.0,78.80000305175781,102.19999694824219,81.0,-6.428910931572318,3825.699951171875,2127.0,163.0,2121.0,0.014000000432133675,2127.0
78.80000305175781,0.5,2129.0,150.0,1.847000002861023,106.89384385943413,1789169100000.0,78.80000305175781,101.80000305175781,80.0,-6.428876481950283,3829.550048828125,2129.0,161.0,2123.0,-0.03799999877810478,2129.0
79.19999694824219,0.5,2138.0,148.0,1.9129999876022339,106.89390228129923,1789169109000.0,79.19999694824219,99.80000305175781,81.0,-6.428736420348287,3846.35009765625,2138.0,163.0,2132.0,0.03700000047683716,2138.0
79.19999694824219,0.0,2142.0,148.0,1.9220000505447388,106.89392206259072,1789169113000.0,79.19999694824219,99.19999694824219,82.0,-6.428672466427088,3853.77001953125,2142.0,164.0,2136.0,0.014000000432133675,2142.0
79.4000015258789,0.0,2144.0,148.0,1.9220000505447388,106.89393538981676,1789169115000.0,79.4000015258789,98.80000305175781,83.0,-6.428649080917239,3856.719970703125,2144.0,166.0,2138.0,0.06300000101327896,2144.0
79.5999984741211,0.0,2148.0,148.0,1.9220000505447388,106.89396439120173,1789169119000.0,79.5999984741211,98.4000015258789,84.0,-6.428596442565322,3863.22998046875,2148.0,168.0,2142.0,0.07800000160932541,2148.0
79.80000305175781,0.0,2149.0,148.0,1.9220000505447388,106.89397101290524,1789169120000.0,79.80000305175781,98.19999694824219,84.0,-6.428582863882184,3864.8701171875,2149.0,168.0,2143.0,0.07100000232458115,2149.0
80.19999694824219,0.0,2156.0,148.0,1.902999997138977,106.89401728101075,1789169127000.0,80.19999694824219,97.0,83.0,-6.428480353206396,3877.27001953125,2156.0,166.0,2150.0,0.06199999898672104,2156.0
80.4000015258789,0.5,2166.0,151.0,1.9500000476837158,106.89407519996166,1789169137000.0,80.4000015258789,97.80000305175781,86.0,-6.428290503099561,3899.2099609375,2166.0,173.0,2160.0,0.02500000037252903,2166.0
80.0,0.0,2173.0,151.0,1.9869999885559082,106.8941112421453,1789169144000.0,80.0,98.19999694824219,85.0,-6.428178185597062,3912.080078125,2173.0,170.0,2167.0,-0.06700000166893005,2173.0
79.5999984741211,0.0,2180.0,151.0,1.9780000448226929,106.89412993378937,1789169151000.0,79.5999984741211,96.5999984741211,83.0,-6.428066622465849,3925.5400390625,2180.0,166.0,2174.0,-0.04800000041723251,2180.0
79.0,0.5,2186.0,149.0,1.9500000476837158,106.89404628239572,1789169157000.0,79.0,95.80000305175781,83.0,-6.427997471764684,3937.60009765625,2186.0,167.0,2180.0,-0.09200000017881393,2186.0
79.0,0.5,2187.0,149.0,1.9500000476837158,106.89404158852994,1789169158000.0,79.0,95.80000305175781,84.0,-6.427996633574367,3938.1201171875,2187.0,169.0,2181.0,-0.019999999552965164,2187.0
79.0,0.5,2188.0,149.0,1.940999984741211,106.89403161406517,1789169159000.0,79.0,95.80000305175781,84.0,-6.4279907662421465,3939.330078125,2188.0,169.0,2182.0,-0.01600000075995922,2188.0
78.80000305175781,0.5,2193.0,149.0,1.9220000505447388,106.89396120607853,1789169164000.0,78.80000305175781,96.80000305175781,84.0,-6.427965285256505,3947.590087890625,2193.0,169.0,2187.0,-0.05299999937415123,2193.0
78.0,0.0,2201.0,151.0,1.902999997138977,106.89384704455733,1789169172000.0,78.0,98.19999694824219,82.0,-6.4279230404645205,3961.179931640625,2201.0,164.0,2195.0,-0.10300000011920929,2201.0
78.0,0.5,2207.0,154.0,1.8849999904632568,106.89375626854599,1789169178000.0,78.0,98.4000015258789,83.0,-6.427894625812769,3971.5,2207.0,167.0,2201.0,0.017000000923871994,2207.0
78.19999694824219,0.5,2210.0,151.0,1.875,106.8937142752111,1789169181000.0,78.19999694824219,98.4000015258789,80.0,-6.427865540608764,3977.18994140625,2210.0,161.0,2204.0,0.06199999898672104,2210.0
78.4000015258789,0.5,2211.0,151.0,1.8660000562667847,106.89370413310826,1789169182000.0,78.4000015258789,98.5999984741211,80.0,-6.427845424041152,3979.510009765625,2211.0,161.0,2205.0,0.1080000028014183,2211.0
78.5999984741211,0.5,2215.0,149.0,1.809999942779541,106.89373749308288,1789169186000.0,78.5999984741211,98.80000305175781,79.0,-6.427818601951003,3984.7099609375,2215.0,159.0,2209.0,0.06300000101327896,2215.0
78.5999984741211,0.5,2216.0,149.0,1.7910000085830688,106.89374579116702,1789169187000.0,78.5999984741211,98.80000305175781,79.0,-6.427822122350335,3985.7099609375,2216.0,159.0,2210.0,-0.02500000037252903,2216.0
78.4000015258789,0.5,2222.0,149.0,1.7359999418258667,106.89382885582745,1789169193000.0,78.4000015258789,100.5999984741211,80.0,-6.427853051573038,3995.419921875,2222.0,161.0,2216.0,-0.03700000047683716,2222.0
78.19999694824219,0.5,2224.0,148.0,1.7170000076293945,106.89385475590825,1789169195000.0,78.19999694824219,101.0,80.0,-6.427863277494907,3998.10009765625,2224.0,161.0,2218.0,-0.03700000047683716,2224.0
78.19999694824219,0.5,2226.0,148.0,1.7079999446868896,106.8938694242388,1789169197000.0,78.19999694824219,101.5999984741211,83.0,-6.427869563922286,3999.7900390625,2226.0,167.0,2220.0,-0.023000000044703484,2226.0
78.19999694824219,0.5,2229.0,149.0,1.6799999475479126,106.89389951527119,1789169200000.0,78.19999694824219,103.0,83.0,-6.427881885319948,4003.3798828125,2229.0,167.0,2223.0,0.03099999949336052,2229.0
78.80000305175781,0.5,2234.0,151.0,1.5210000276565552,106.89397864043713,1789169205000.0,78.80000305175781,105.0,81.0,-6.427909545600414,4011.929931640625,2234.0,163.0,2228.0,0.11400000005960464,2234.0
79.0,0.5,2241.0,151.0,1.5579999685287476,106.89409573562443,1789169212000.0,79.0,107.4000015258789,82.0,-6.42792496830225,4025.050048828125,2241.0,165.0,2235.0,0.019999999552965164,2241.0
79.4000015258789,0.5,2246.0,150.0,1.5859999656677246,106.89420511946082,1789169217000.0,79.4000015258789,107.19999694824219,83.0,-6.427918346598744,4036.969970703125,2246.0,167.0,2240.0,0.06400000303983688,2246.0
79.4000015258789,0.5,2248.0,149.0,1.5959999561309814,106.89422272145748,1789169219000.0,79.4000015258789,107.19999694824219,82.0,-6.427897559478879,4040.06005859375,2248.0,165.0,2242.0,-0.006000000052154064,2248.0
79.0,0.5,2257.0,147.0,1.6979999542236328,106.89426278695464,1789169228000.0,79.0,106.80000305175781,83.0,-6.427730927243829,4059.090087890625,2257.0,167.0,2251.0,-0.04500000178813934,2257.0
78.19999694824219,0.0,2266.0,149.0,1.902999997138977,106.89431928098202,1789169237000.0,78.19999694824219,104.80000305175781,87.0,-6.427585752680898,4076.429931640625,2266.0,174.0,2260.0,-0.07500000298023224,2266.0
77.80000305175781,0.5,2270.0,152.0,2.0339999198913574,106.89434769563377,1789169241000.0,77.80000305175781,104.0,87.0,-6.427518613636494,4084.47998046875,2270.0,175.0,2264.0,-0.0860000029206276,2270.0
77.5999984741211,0.5,2274.0,153.0,2.062000036239624,106.89437032677233,1789169245000.0,77.5999984741211,102.5999984741211,84.0,-6.42745248042047,4092.2099609375,2274.0,169.0,2268.0,-0.07999999821186066,2274.0
76.80000305175781,0.5,2284.0,153.0,2.015000104904175,106.89442003145814,1789169255000.0,76.80000305175781,99.80000305175781,83.0,-6.427291464060545,4111.08984375,2284.0,167.0,2278.0,-0.07599999755620956,2284.0
76.19999694824219,0.5,2293.0,152.0,1.996999979019165,106.89444651827216,1789169264000.0,76.19999694824219,99.19999694824219,81.0,-6.4271490555256605,4127.10986328125,2293.0,163.0,2287.0,-0.06800000369548798,2293.0
76.0,0.5,2297.0,147.0,1.9869999885559082,106.8944569118321,1789169268000.0,76.0,99.0,80.0,-6.427095662802458,4133.1201171875,2297.0,161.0,2291.0,-0.05700000002980232,2297.0
75.5999984741211,0.5,2304.0,147.0,1.9589999914169312,106.89445892348886,1789169275000.0,75.5999984741211,97.5999984741211,84.0,-6.426982339471579,4145.68994140625,2304.0,169.0,2298.0,-0.05900000035762787,2304.0
75.4000015258789,0.5,2311.0,148.0,1.9500000476837158,106.89446981996298,1789169282000.0,75.4000015258789,97.0,83.0,-6.4268657471984625,4158.64990234375,2311.0,167.0,2305.0,-0.035999998450279236,2311.0
75.19999694824219,0.5,2320.0,149.0,1.9869999885559082,106.89443453215063,1789169291000.0,75.19999694824219,97.0,85.0,-6.426709424704313,4176.6201171875,2320.0,171.0,2314.0,-0.00800000037997961,2320.0
75.19999694824219,0.5,2329.0,150.0,2.00600004196167,106.89440025016665,1789169300000.0,75.19999694824219,98.19999694824219,81.0,-6.426569363102317,4192.56005859375,2329.0,163.0,2323.0,0.006000000052154064,2329.0
75.80000305175781,0.5,2338.0,150.0,1.968999981880188,106.89437912777066,1789169309000.0,75.80000305175781,98.4000015258789,80.0,-6.426434498280287,4207.669921875,2338.0,161.0,2332.0,0.05400000140070915,2338.0
75.80000305175781,0.5,2346.0,151.0,1.9129999876022339,106.89435850828886,1789169317000.0,75.80000305175781,98.19999694824219,82.0,-6.426325282081962,4220.10986328125,2346.0,165.0,2340.0,0.009999999776482582,2346.0
76.80000305175781,0.5,2355.0,151.0,1.8380000591278076,106.89431743696332,1789169326000.0,76.80000305175781,96.19999694824219,81.0,-6.426197877153754,4234.91015625,2355.0,163.0,2349.0,0.10400000214576721,2355.0
78.0,0.5,2365.0,151.0,1.8009999990463257,106.89428315497935,1789169336000.0,78.0,95.80000305175781,83.0,-6.4260475896298885,4251.919921875,2365.0,167.0,2359.0,0.125,2365.0
78.5999984741211,0.5,2372.0,152.0,1.781999945640564,106.89425507560372,1789169343000.0,78.5999984741211,94.5999984741211,80.0,-6.42596360296011,4261.9501953125,2372.0,161.0,2366.0,0.09399999678134918,2372.0
79.19999694824219,0.5,2378.0,152.0,1.7170000076293945,106.89422816969454,1789169349000.0,79.19999694824219,94.19999694824219,80.0,-6.4258897583931684,4270.81982421875,2378.0,161.0,2372.0,0.09300000220537186,2378.0
79.4000015258789,0.5,2380.0,153.0,1.6979999542236328,106.89421920105815,1789169351000.0,79.4000015258789,94.19999694824219,80.0,-6.4258673787117,4273.47021484375,2380.0,161.0,2374.0,0.09300000220537186,2380.0
80.19999694824219,0.0,2386.0,150.0,1.6519999504089355,106.89419036731124,1789169357000.0,80.19999694824219,94.19999694824219,77.0,-6.425768807530403,4285.14990234375,2386.0,154.0,2380.0,0.13500000536441803,2386.0
80.19999694824219,0.0,2387.0,147.0,1.6519999504089355,106.89419162459671,1789169358000.0,80.19999694824219,94.4000015258789,77.0,-6.425746595486999,4287.60986328125,2387.0,154.0,2381.0,-0.017999999225139618,2387.0
79.5999984741211,0.5,2395.0,148.0,1.6699999570846558,106.89423764124513,1789169366000.0,79.5999984741211,97.80000305175781,78.0,-6.425629835575819,4301.56982421875,2395.0,157.0,2389.0,-0.08299999684095383,2395.0
79.19999694824219,0.0,2397.0,149.0,1.6699999570846558,106.8942600209266,1789169368000.0,79.19999694824219,98.4000015258789,77.0,-6.425603684037924,4305.47998046875,2397.0,154.0,2391.0,-0.16099999845027924,2397.0
78.0,0.0,2400.0,149.0,1.6699999570846558,106.8943287525326,1789169371000.0,78.0,99.0,77.0,-6.425593206658959,4313.2099609375,2400.0,154.0,2394.0,-0.3930000066757202,2400.0
75.4000015258789,0.5,2408.0,149.0,1.8940000534057617,106.89447652548552,1789169379000.0,75.4000015258789,102.4000015258789,85.0,-6.425533359870315,4330.89013671875,2408.0,171.0,2402.0,-0.33000001311302185,2408.0
74.19999694824219,0.5,2414.0,152.0,1.968999981880188,106.89457660540938,1789169385000.0,74.19999694824219,102.80000305175781,87.0,-6.425489187240601,4342.97998046875,2414.0,175.0,2408.0,-0.2070000022649765,2414.0
73.4000015258789,0.5,2418.0,153.0,1.9869999885559082,106.89464651048183,1789169389000.0,73.4000015258789,103.19999694824219,87.0,-6.4254627004265785,4351.22998046875,2418.0,175.0,2412.0,-0.18000000715255737,2418.0
72.19999694824219,0.5,2426.0,154.0,1.9500000476837158,106.89476360566914,1789169397000.0,72.19999694824219,104.19999694824219,84.0,-6.425418108701706,4365.2001953125,2426.0,169.0,2420.0,-0.1509999930858612,2426.0
70.80000305175781,0.0,2432.0,152.0,1.7640000581741333,106.89482403919101,1789169403000.0,70.80000305175781,104.4000015258789,80.0,-6.425464795902371,4374.330078125,2432.0,160.0,2426.0,-0.2290000021457672,2432.0
70.80000305175781,0.0,2433.0,153.0,1.7359999418258667,106.89482378773391,1789169404000.0,70.80000305175781,104.4000015258789,79.0,-6.425478961318731,4375.89013671875,2433.0,158.0,2427.0,-0.14900000393390656,2433.0
70.5999984741211,0.5,2435.0,151.0,1.6890000104904175,106.89480593428016,1789169406000.0,70.5999984741211,104.5999984741211,77.0,-6.425506453961134,4379.5,2435.0,155.0,2429.0,-0.019999999552965164,2435.0
70.80000305175781,0.5,2437.0,149.0,1.6419999599456787,106.8947745859623,1789169408000.0,70.80000305175781,104.80000305175781,77.0,-6.425531599670649,4383.72021484375,2437.0,155.0,2431.0,0.09000000357627869,2437.0
71.19999694824219,0.5,2439.0,148.0,1.6330000162124634,106.89474751241505,1789169410000.0,71.19999694824219,105.0,78.0,-6.42554584890604,4387.16015625,2439.0,157.0,2433.0,0.1770000010728836,2439.0
71.80000305175781,0.0,2442.0,148.0,1.6050000190734863,106.8947056028992,1789169413000.0,71.80000305175781,105.19999694824219,79.0,-6.425559427589178,4392.009765625,2442.0,158.0,2436.0,0.20100000500679016,2442.0
73.4000015258789,0.0,2449.0,147.0,1.6139999628067017,106.89460250549018,1789169420000.0,73.4000015258789,105.19999694824219,82.0,-6.4256146643310785,4404.97998046875,2449.0,164.0,2443.0,0.21199999749660492,2449.0
75.19999694824219,0.5,2456.0,150.0,1.7170000076293945,106.89448792487383,1789169427000.0,75.19999694824219,105.0,85.0,-6.425663195550442,4418.81005859375,2456.0,171.0,2450.0,0.27000001072883606,2456.0
75.80000305175781,0.5,2458.0,151.0,1.7450000047683716,106.89445313997567,1789169429000.0,75.80000305175781,104.5999984741211,85.0,-6.4256735891103745,4422.830078125,2458.0,171.0,2452.0,0.31299999356269836,2458.0
77.0,0.5,2462.0,154.0,1.7910000085830688,106.89438331872225,1789169433000.0,77.0,102.5999984741211,84.0,-6.425696471706033,4430.97998046875,2462.0,169.0,2456.0,0.3140000104904175,2462.0
77.80000305175781,0.5,2465.0,155.0,1.809999942779541,106.89434560015798,1789169436000.0,77.80000305175781,101.80000305175781,83.0,-6.425727652385831,4436.580078125,2465.0,167.0,2459.0,0.22599999606609344,2465.0
77.80000305175781,0.5,2466.0,155.0,1.809999942779541,106.89434417523444,1789169437000.0,77.80000305175781,101.80000305175781,82.0,-6.425742655992508,4438.22998046875,2466.0,165.0,2460.0,0.026000000536441803,2466.0
77.19999694824219,0.0,2474.0,153.0,1.809999942779541,106.89436957240105,1789169445000.0,77.19999694824219,101.0,81.0,-6.425851956009865,4450.83984375,2474.0,162.0,2468.0,-0.07500000298023224,2474.0
76.80000305175781,0.5,2476.0,150.0,1.8009999990463257,106.89437988214195,1789169447000.0,76.80000305175781,101.0,78.0,-6.425877688452601,4453.91015625,2476.0,157.0,2470.0,-0.13899999856948853,2476.0
76.80000305175781,0.5,2477.0,155.0,1.7910000085830688,106.8943837378174,1789169448000.0,76.80000305175781,100.80000305175781,77.0,-6.4258898422122,4455.31982421875,2477.0,155.0,2471.0,-0.11299999803304672,2477.0
76.19999694824219,0.0,2483.0,155.0,1.7259999513626099,106.89440787769854,1789169454000.0,76.19999694824219,100.5999984741211,81.0,-6.425977936014533,4465.419921875,2483.0,162.0,2477.0,-0.10199999809265137,2483.0
76.19999694824219,0.0,2492.0,152.0,1.7079999446868896,106.89444383606315,1789169463000.0,76.19999694824219,99.80000305175781,80.0,-6.426098635420203,4479.330078125,2492.0,160.0,2486.0,-0.004999999888241291,2492.0
75.80000305175781,0.5,2494.0,152.0,1.6890000104904175,106.89445054158568,1789169465000.0,75.80000305175781,99.80000305175781,78.0,-6.426123613491654,4482.2001953125,2494.0,157.0,2488.0,-0.12600000202655792,2494.0
75.5999984741211,0.0,2504.0,147.0,1.5579999685287476,106.89448012970388,1789169475000.0,75.5999984741211,99.19999694824219,75.0,-6.426248420029879,4496.4501953125,2504.0,150.0,2498.0,-0.03099999949336052,2504.0
75.5999984741211,0.5,2507.0,145.0,1.5299999713897705,106.89448641613126,1789169478000.0,75.5999984741211,99.19999694824219,74.0,-6.426280941814184,4500.10986328125,2507.0,149.0,2501.0,0.039000000804662704,2507.0
75.80000305175781,0.5,2518.0,143.0,1.5490000247955322,106.89452740363777,1789169489000.0,75.80000305175781,98.4000015258789,85.0,-6.426446735858917,4518.97998046875,2518.0,171.0,2512.0,0.003000000026077032,2518.0
75.4000015258789,0.5,2524.0,146.0,1.6699999570846558,106.89454902894795,1789169495000.0,75.4000015258789,97.5999984741211,83.0,-6.4265526831150055,4530.9501953125,2524.0,167.0,2518.0,-0.06400000303983688,2524.0
75.0,0.5,2528.0,149.0,1.7170000076293945,106.89455674029887,1789169499000.0,75.0,96.80000305175781,85.0,-6.426630048081279,4539.5498046875,2528.0,171.0,2522.0,-0.07699999958276749,2528.0
74.80000305175781,0.5,2532.0,150.0,1.7910000085830688,106.89456436783075,1789169503000.0,74.80000305175781,96.80000305175781,86.0,-6.426701880991459,4547.52978515625,2532.0,173.0,2526.0,-0.03500000014901161,2532.0
74.80000305175781,0.5,2541.0,151.0,1.8009999990463257,106.89456386491656,1789169512000.0,74.80000305175781,97.5999984741211,78.0,-6.426831716671586,4561.8798828125,2541.0,157.0,2535.0,0.0010000000474974513,2541.0
75.19999694824219,0.5,2553.0,150.0,1.6419999599456787,106.8945515435189,1789169524000.0,75.19999694824219,99.19999694824219,74.0,-6.42698778770864,4579.22998046875,2553.0,149.0,2547.0,0.028999999165534973,2553.0
75.5999984741211,0.5,2561.0,147.0,1.5579999685287476,106.89454014413059,1789169532000.0,75.5999984741211,99.4000015258789,74.0,-6.427088286727667,4590.43017578125,2561.0,149.0,2555.0,0.05000000074505806,2561.0
75.80000305175781,0.5,2563.0,144.0,1.5399999618530273,106.89453536644578,1789169534000.0,75.80000305175781,99.4000015258789,74.0,-6.427115360274911,4593.47021484375,2563.0,149.0,2557.0,0.05700000002980232,2563.0
75.80000305175781,0.0,2564.0,144.0,1.5399999618530273,106.8945277389139,1789169535000.0,75.80000305175781,99.19999694824219,74.0,-6.42712022177875,4594.3798828125,2564.0,148.0,2558.0,0.04500000178813934,2564.0
76.4000015258789,0.5,2573.0,144.0,1.5299999713897705,106.89450276084244,1789169544000.0,76.4000015258789,97.80000305175781,81.0,-6.42724628560245,4608.669921875,2573.0,163.0,2567.0,0.05999999865889549,2573.0
76.5999984741211,0.0,2578.0,147.0,1.5490000247955322,106.89449295401573,1789169549000.0,76.5999984741211,97.4000015258789,81.0,-6.42732348293066,4617.259765625,2578.0,162.0,2572.0,0.06300000101327896,2578.0
77.19999694824219,0.5,2586.0,149.0,1.5859999656677246,106.89446789212525,1789169557000.0,77.19999694824219,97.4000015258789,82.0,-6.427453318610787,4631.89990234375,2586.0,165.0,2580.0,0.07000000029802322,2586.0
77.80000305175781,0.5,2596.0,147.0,1.5859999656677246,106.89442816190422,1789169567000.0,77.80000305175781,96.4000015258789,79.0,-6.427593044936657,4648.02001953125,2596.0,159.0,2590.0,0.06499999761581421,2596.0
78.5999984741211,0.5,2606.0,144.0,1.5579999685287476,106.89438147470355,1789169577000.0,78.5999984741211,96.0,78.0,-6.427734699100256,4664.56982421875,2606.0,157.0,2600.0,0.06800000369548798,2606.0
79.0,0.5,2612.0,143.0,1.5770000219345093,106.89435381442308,1789169583000.0,79.0,96.5999984741211,80.0,-6.427824553102255,4674.97021484375,2612.0,161.0,2606.0,0.07000000029802322,2612.0
79.19999694824219,0.5,2614.0,143.0,1.5770000219345093,106.89433277584612,1789169585000.0,79.19999694824219,96.80000305175781,82.0,-6.427845675498247,4678.27978515625,2614.0,165.0,2608.0,0.07599999755620956,2614.0
79.5999984741211,0.5,2621.0,142.0,1.5959999561309814,106.89427410252392,1789169592000.0,79.5999984741211,94.5999984741211,79.0,-6.427937038242817,4690.33984375,2621.0,159.0,2615.0,0.07500000298023224,2621.0
80.0,0.0,2628.0,143.0,1.6330000162124634,106.89424552023411,1789169599000.0,80.0,91.0,89.0,-6.42805396579206,4703.669921875,2628.0,178.0,2622.0,0.04500000178813934,2628.0
80.4000015258789,0.0,2632.0,146.0,1.6799999475479126,106.89423764124513,1789169603000.0,80.4000015258789,90.0,89.0,-6.42812286503613,4711.31982421875,2632.0,178.0,2626.0,0.0989999994635582,2632.0
80.80000305175781,0.5,2636.0,149.0,1.6979999542236328,106.89422657713294,1789169607000.0,80.80000305175781,89.0,87.0,-6.428201906383038,4720.0498046875,2636.0,175.0,2630.0,0.12200000137090683,2636.0
81.0,0.5,2639.0,149.0,1.7170000076293945,106.8942129984498,1789169610000.0,81.0,89.19999694824219,86.0,-6.428250605240464,4725.6298828125,2639.0,173.0,2633.0,0.08399999886751175,2639.0
81.19999694824219,0.5,2646.0,150.0,1.7259999513626099,106.89415650442243,1789169617000.0,81.19999694824219,89.4000015258789,79.0,-6.428341045975685,4737.39990234375,2646.0,159.0,2640.0,0.007000000216066837,2646.0
81.0,0.5,2651.0,150.0,1.6890000104904175,106.89413454383612,1789169622000.0,81.0,89.19999694824219,79.0,-6.428409609943628,4745.2998046875,2651.0,159.0,2645.0,-0.03200000151991844,2651.0
80.80000305175781,0.5,2653.0,150.0,1.6699999570846558,106.8941213004291,1789169624000.0,80.80000305175781,89.5999984741211,79.0,-6.428435510024428,4748.64013671875,2653.0,159.0,2647.0,-0.04800000041723251,2653.0
80.80000305175781,0.0,2654.0,150.0,1.6699999570846558,106.89411761239171,1789169625000.0,80.80000305175781,89.5999984741211,79.0,-6.428451435640454,4750.39990234375,2654.0,158.0,2648.0,-0.027000000700354576,2654.0
81.4000015258789,0.5,2662.0,152.0,1.6610000133514404,106.89409280195832,1789169633000.0,81.4000015258789,91.0,78.0,-6.4285836182534695,4765.240234375,2662.0,157.0,2656.0,0.0560000017285347,2662.0
81.4000015258789,0.0,2668.0,152.0,1.6610000133514404,106.89406983554363,1789169639000.0,81.4000015258789,91.19999694824219,80.0,-6.428669448941946,4775.06982421875,2668.0,160.0,2662.0,0.0010000000474974513,2668.0
81.4000015258789,0.0,2669.0,151.0,1.6610000133514404,106.8940665666014,1789169640000.0,81.4000015258789,91.19999694824219,80.0,-6.4286805130541325,4776.31982421875,2669.0,160.0,2663.0,-0.007000000216066837,2669.0
81.5999984741211,0.5,2674.0,149.0,1.6330000162124634,106.89406036399305,1789169645000.0,81.5999984741211,91.4000015258789,77.0,-6.4287700317800045,4786.22998046875,2674.0,155.0,2668.0,0.04699999839067459,2674.0
81.4000015258789,0.5,2677.0,147.0,1.6050000190734863,106.89404284581542,1789169648000.0,81.4000015258789,92.4000015258789,78.0,-6.428815461695194,4791.7099609375,2677.0,157.0,2671.0,-0.029999999329447746,2677.0
81.4000015258789,0.0,2689.0,146.0,1.5490000247955322,106.89397134818137,1789169660000.0,81.4000015258789,93.5999984741211,76.0,-6.428980501368642,4811.56005859375,2689.0,152.0,2683.0,-0.010999999940395355,2689.0
81.19999694824219,0.5,2696.0,143.0,1.5490000247955322,106.89392876811326,1789169667000.0,81.19999694824219,93.4000015258789,80.0,-6.429078737273812,4823.39990234375,2696.0,161.0,2690.0,-0.00800000037997961,2696.0
81.4000015258789,0.5,2699.0,142.0,1.5579999685287476,106.89391954801977,1789169670000.0,81.4000015258789,93.19999694824219,81.0,-6.4291249215602875,4828.60009765625,2699.0,163.0,2693.0,0.0560000017285347,2699.0
81.5999984741211,0.5,2700.0,142.0,1.5679999589920044,106.89391669817269,1789169671000.0,81.5999984741211,93.19999694824219,81.0,-6.429145708680153,4830.91015625,2700.0,163.0,2694.0,0.09799999743700027,2700.0
82.0,0.5,2707.0,141.0,1.5859999656677246,106.89390420913696,1789169678000.0,82.0,91.80000305175781,80.0,-6.429236317053437,4841.02978515625,2707.0,161.0,2701.0,0.061000000685453415,2707.0
82.0,0.5,2714.0,141.0,1.5299999713897705,106.89389046281576,1789169685000.0,82.0,90.0,78.0,-6.429322902113199,4850.83984375,2714.0,157.0,2708.0,0.01899999938905239,2714.0
81.80000305175781,0.0,2722.0,139.0,1.5210000276565552,106.8938524927944,1789169693000.0,81.80000305175781,87.5999984741211,77.0,-6.429437063634396,4864.330078125,2722.0,154.0,2716.0,-0.02800000086426735,2722.0
80.4000015258789,0.5,2728.0,138.0,1.5399999618530273,106.89376154914498,1789169699000.0,80.4000015258789,88.4000015258789,78.0,-6.429469920694828,4875.31982421875,2728.0,157.0,2722.0,-0.23800000548362732,2728.0
80.0,0.5,2730.0,139.0,1.5490000247955322,106.89373321831226,1789169701000.0,80.0,89.19999694824219,77.0,-6.4294603653252125,4878.64990234375,2730.0,155.0,2724.0,-0.18700000643730164,2730.0
79.5999984741211,0.0,2734.0,139.0,1.5679999589920044,106.8937000259757,1789169705000.0,79.5999984741211,90.4000015258789,77.0,-6.4294082298874855,4885.6201171875,2734.0,154.0,2728.0,-0.0989999994635582,2734.0
79.0,0.5,2742.0,139.0,1.5959999561309814,106.89371209591627,1789169713000.0,79.0,91.4000015258789,77.0,-6.429302617907524,4897.43994140625,2742.0,155.0,2736.0,-0.07900000363588333,2742.0
78.80000305175781,0.5,2749.0,138.0,1.5859999656677246,106.89374076202512,1789169720000.0,78.80000305175781,94.0,78.0,-6.42920077778399,4909.35009765625,2749.0,157.0,2743.0,-0.03999999910593033,2749.0
78.80000305175781,0.5,2755.0,141.0,1.6139999628067017,106.8937758821994,1789169726000.0,78.80000305175781,97.4000015258789,79.0,-6.429113689810038,4919.740234375,2755.0,159.0,2749.0,0.0010000000474974513,2755.0
78.5999984741211,0.5,2758.0,142.0,1.6330000162124634,106.8937848508358,1789169729000.0,78.5999984741211,99.0,78.0,-6.429073791950941,4924.27978515625,2758.0,157.0,2752.0,-0.03099999949336052,2758.0
78.80000305175781,0.0,2764.0,142.0,1.6519999504089355,106.8938192166388,1789169735000.0,78.80000305175781,100.5999984741211,76.0,-6.429001875221729,4933.169921875,2764.0,152.0,2758.0,0.039000000804662704,2764.0
78.80000305175781,0.0,2765.0,142.0,1.6519999504089355,106.89381938427687,1789169736000.0,78.80000305175781,100.5999984741211,76.0,-6.428987625986338,4934.740234375,2765.0,152.0,2759.0,-0.04899999871850014,2765.0
79.0,0.0,2774.0,140.0,1.6330000162124634,106.89385735429823,1789169745000.0,79.0,100.80000305175781,76.0,-6.428875308483839,4947.97021484375,2774.0,152.0,2768.0,0.01600000075995922,2774.0
79.4000015258789,0.0,2786.0,138.0,1.5579999685287476,106.89392038621008,1789169757000.0,79.4000015258789,98.0,77.0,-6.428714878857136,4966.85009765625,2786.0,154.0,2780.0,0.02800000086426735,2786.0
79.4000015258789,0.5,2793.0,135.0,1.5679999589920044,106.89394980669022,1789169764000.0,79.4000015258789,99.80000305175781,78.0,-6.428606668487191,4979.0400390625,2793.0,157.0,2787.0,0.02199999988079071,2793.0
79.5999984741211,0.5,2796.0,135.0,1.5679999589920044,106.89395307563245,1789169767000.0,79.5999984741211,100.19999694824219,78.0,-6.428566854447126,4983.43994140625,2796.0,157.0,2790.0,0.012000000104308128,2796.0
79.5999984741211,0.5,2799.0,135.0,1.5770000219345093,106.89396263100207,1789169770000.0,79.5999984741211,100.0,78.0,-6.428528800606728,4987.740234375,2799.0,157.0,2793.0,0.03400000184774399,2799.0
80.0,0.5,2804.0,137.0,1.5770000219345093,106.89400378614664,1789169775000.0,80.0,98.5999984741211,77.0,-6.428481442853808,4994.669921875,2804.0,155.0,2798.0,0.08500000089406967,2804.0
80.19999694824219,0.0,2812.0,138.0,1.5490000247955322,106.89402742311358,1789169783000.0,80.19999694824219,97.80000305175781,77.0,-6.428387146443129,5005.41015625,2812.0,154.0,2806.0,0.020999999716877937,2812.0
80.4000015258789,0.0,2816.0,135.0,1.5399999618530273,106.89404846169055,1789169787000.0,80.4000015258789,97.5999984741211,77.0,-6.428326545283198,5012.490234375,2816.0,154.0,2810.0,0.03799999877810478,2816.0
80.19999694824219,0.0,2821.0,134.0,1.5399999618530273,106.89408282749355,1789169792000.0,80.19999694824219,97.5999984741211,77.0,-6.428253371268511,5021.43017578125,2821.0,154.0,2815.0,-0.03700000047683716,2821.0
80.0,0.5,2828.0,135.0,1.5579999685287476,106.894123647362,1789169799000.0,80.0,98.0,77.0,-6.428175251930952,5031.10009765625,2828.0,155.0,2822.0,-0.03200000151991844,2828.0
80.0,0.5,2830.0,135.0,1.5490000247955322,106.89413286745548,1789169801000.0,80.0,98.0,77.0,-6.428153458982706,5033.669921875,2830.0,155.0,2824.0,-0.023000000044703484,2830.0
79.80000305175781,0.0,2832.0,137.0,1.5490000247955322,106.89413446001709,1789169803000.0,79.80000305175781,97.80000305175781,77.0,-6.428126720711589,5036.64990234375,2832.0,154.0,2826.0,-0.04500000178813934,2832.0
79.80000305175781,0.0,2834.0,137.0,1.5399999618530273,106.89413915388286,1789169805000.0,79.80000305175781,97.80000305175781,77.0,-6.428101742640138,5039.490234375,2834.0,154.0,2828.0,-0.035999998450279236,2834.0
79.4000015258789,0.0,2844.0,135.0,1.5299999713897705,106.89420880749822,1789169815000.0,79.4000015258789,99.19999694824219,77.0,-6.427958831191063,5057.06005859375,2844.0,154.0,2838.0,-0.026000000536441803,2844.0
79.19999694824219,0.0,2853.0,134.0,1.5490000247955322,106.89425356686115,1789169824000.0,79.19999694824219,101.5999984741211,76.0,-6.4278320129960775,5071.990234375,2853.0,152.0,2847.0,-0.032999999821186066,2853.0
78.4000015258789,0.5,2865.0,133.0,1.5770000219345093,106.89431877806783,1789169836000.0,78.4000015258789,102.5999984741211,77.0,-6.427656076848507,5092.81982421875,2865.0,155.0,2859.0,-0.05900000035762787,2865.0
78.0,0.5,2873.0,134.0,1.6050000190734863,106.89434928819537,1789169844000.0,78.0,101.80000305175781,74.0,-6.427564462646842,5103.5498046875,2873.0,149.0,2867.0,-0.054999999701976776,2873.0
77.80000305175781,0.5,2876.0,137.0,1.6050000190734863,106.89436228014529,1789169847000.0,77.80000305175781,101.19999694824219,74.0,-6.427525570616126,5108.08984375,2876.0,149.0,2870.0,-0.06199999898672104,2876.0
77.0,0.5,2889.0,135.0,1.5959999561309814,106.89441114664078,1789169860000.0,77.0,100.5999984741211,78.0,-6.4273640513420105,5126.81005859375,2889.0,157.0,2883.0,-0.057999998331069946,2889.0
76.4000015258789,0.0,2900.0,135.0,1.5959999561309814,106.89443344250321,1789169871000.0,76.4000015258789,99.4000015258789,76.0,-6.427211835980415,5143.83984375,2900.0,152.0,2894.0,-0.05700000002980232,2900.0
75.80000305175781,0.5,2912.0,134.0,1.5959999561309814,106.89444676972926,1789169883000.0,75.80000305175781,99.4000015258789,75.0,-6.42705668695271,5161.06982421875,2912.0,151.0,2906.0,-0.050999999046325684,2912.0
75.4000015258789,0.0,2925.0,133.0,1.5579999685287476,106.89444961957633,1789169896000.0,75.4000015258789,98.5999984741211,76.0,-6.426891228184104,5179.41015625,2925.0,152.0,2919.0,-0.03700000047683716,2925.0
75.19999694824219,0.0,2930.0,131.0,1.5579999685287476,106.89448960125446,1789169901000.0,75.19999694824219,98.5999984741211,76.0,-6.4268301241099834,5187.7900390625,2930.0,152.0,2924.0,-0.028999999165534973,2930.0
75.19999694824219,0.0,2931.0,131.0,1.5579999685287476,106.89450544305146,1789169902000.0,75.19999694824219,98.4000015258789,77.0,-6.42682702280581,5189.580078125,2931.0,154.0,2925.0,-0.05700000002980232,2931.0
75.19999694824219,0.5,2932.0,131.0,1.5679999589920044,106.89451985992491,1789169903000.0,75.19999694824219,98.4000015258789,77.0,-6.426830207929015,5191.22021484375,2932.0,155.0,2926.0,-0.052000001072883606,2932.0
75.0,0.0,2934.0,131.0,1.5770000219345093,106.89453578554094,1789169905000.0,75.0,98.4000015258789,77.0,-6.426850073039532,5194.14013671875,2934.0,154.0,2928.0,-0.028999999165534973,2934.0
75.0,0.0,2935.0,130.0,1.5770000219345093,106.89453603699803,1789169906000.0,75.0,98.5999984741211,77.0,-6.426862478256226,5195.509765625,2935.0,154.0,2929.0,-0.0010000000474974513,2935.0
75.4000015258789,0.5,2944.0,132.0,1.6239999532699585,106.89454089850187,1789169915000.0,75.4000015258789,99.19999694824219,78.0,-6.4270321279764175,5214.2998046875,2944.0,157.0,2938.0,0.04100000113248825,2944.0
76.0,0.0,2955.0,135.0,1.6799999475479126,106.89452472142875,1789169926000.0,76.0,99.80000305175781,78.0,-6.427199766039848,5232.93017578125,2955.0,156.0,2949.0,0.05999999865889549,2955.0
76.19999694824219,0.5,2958.0,136.0,1.6890000104904175,106.89452279359102,1789169929000.0,76.19999694824219,99.80000305175781,78.0,-6.427247626706958,5238.22021484375,2958.0,157.0,2952.0,0.05999999865889549,2958.0
76.5999984741211,0.0,2965.0,137.0,1.6890000104904175,106.89450586214662,1789169936000.0,76.5999984741211,100.0,76.0,-6.427338570356369,5248.490234375,2965.0,152.0,2959.0,0.054999999701976776,2965.0
77.4000015258789,0.5,2978.0,136.0,1.6139999628067017,106.89446185715497,1789169949000.0,77.4000015258789,100.80000305175781,73.0,-6.427504029124975,5267.43017578125,2978.0,147.0,2972.0,0.057999998331069946,2978.0
77.5999984741211,0.0,2983.0,133.0,1.5859999656677246,106.89444492571056,1789169954000.0,77.5999984741211,99.19999694824219,71.0,-6.4275580085814,5273.68017578125,2983.0,142.0,2977.0,0.050999999046325684,2983.0
78.0,0.0,2988.0,131.0,1.5210000276565552,106.89442900009453,1789169959000.0,78.0,98.19999694824219,70.0,-6.427609473466873,5279.6201171875,2988.0,140.0,2982.0,0.04899999871850014,2988.0
78.5999984741211,0.0,3000.0,131.0,1.437000036239624,106.89437569119036,1789169971000.0,78.5999984741211,94.80000305175781,77.0,-6.4277528040111065,5294.580078125,3000.0,154.0,2994.0,0.05900000035762787,3000.0
