directUncorrectedElevation,sumMovingDuration,directLatitude,directRunCadence,directFractionalCadence,directHeartRate,directCorrectedElevation,directTimestamp,directDoubleCadence,directLongitude,sumDuration,sumElapsedDuration,directSpeed,sumDistance,directElevation,directVerticalSpeed,elapsed_s
105.19999694824219,0.0,-6.429284093901515,0.0,0.0,140.0,81.80000305175781,1789378991000.0,0.0,106.89387981779873,0.0,0.0,0.0,0.009999999776482582,81.80000305175781,,0.0
105.19999694824219,0.0,-6.429284093901515,0.0,0.0,140.0,81.80000305175781,1789378992000.0,0.0,106.89387981779873,1.0,1.0,0.0,0.009999999776482582,81.80000305175781,0.0,1.0
104.80000305175781,0.0,-6.429349388927221,78.0,0.0,139.0,81.4000015258789,1789378999000.0,156.0,106.89383899793029,8.0,8.0,0.0,8.130000114440918,81.4000015258789,-0.05000000074505806,8.0
105.4000015258789,5.0,-6.42947050742805,79.0,0.5,136.0,81.0,1789379004000.0,159.0,106.89380270428956,13.0,13.0,1.6519999504089355,22.190000534057617,81.0,-0.08299999684095383,13.0
105.4000015258789,6.0,-6.42949691042304,79.0,0.5,136.0,81.0,1789379005000.0,159.0,106.89380479976535,14.0,14.0,1.6519999504089355,25.079999923706055,81.0,-0.06499999761581421,14.0
105.80000305175781,9.0,-6.4295596070587635,79.0,0.0,132.0,80.5999984741211,1789379008000.0,158.0,106.89379532821476,17.0,17.0,1.781999945640564,32.08000183105469,80.5999984741211,-0.12099999934434891,17.0
105.80000305175781,11.0,-6.429598666727543,79.0,0.0,133.0,80.19999694824219,1789379010000.0,158.0,106.89378242008388,19.0,19.0,1.7730000019073486,36.619998931884766,80.19999694824219,-0.16300000250339508,19.0
105.5999984741211,18.0,-6.4297310169786215,79.0,0.0,133.0,79.5999984741211,1789379017000.0,158.0,106.89373766072094,26.0,26.0,1.8289999961853027,52.08000183105469,79.5999984741211,-0.10400000214576721,26.0
105.19999694824219,26.0,-6.429856829345226,79.0,0.0,133.0,79.4000015258789,1789379025000.0,158.0,106.89368669874966,34.0,34.0,1.8660000562667847,67.48999786376953,79.4000015258789,-0.013000000268220901,34.0
104.0,32.0,-6.429977864027023,80.0,0.0,134.0,80.0,1789379031000.0,160.0,106.89370354637504,40.0,40.0,1.875,80.0199966430664,80.0,0.08299999684095383,40.0
103.80000305175781,35.0,-6.430045170709491,80.0,0.0,135.0,80.5999984741211,1789379034000.0,160.0,106.89368988387287,43.0,43.0,1.8940000534057617,87.4800033569336,80.5999984741211,0.25600001215934753,43.0
103.80000305175781,38.0,-6.430089762434363,79.0,0.0,139.0,81.19999694824219,1789379037000.0,158.0,106.8936688452959,46.0,46.0,1.8849999904632568,92.95999908447266,81.19999694824219,0.1599999964237213,46.0
104.0,39.0,-6.430105855688453,78.0,0.5,140.0,81.4000015258789,1789379038000.0,157.0,106.89365887083113,47.0,47.0,1.875,95.0,81.4000015258789,0.17399999499320984,47.0
104.4000015258789,43.0,-6.4301777724176645,79.0,0.5,140.0,82.19999694824219,1789379042000.0,159.0,106.8936556018889,51.0,51.0,1.875,102.43000030517578,82.19999694824219,0.1940000057220459,51.0
104.4000015258789,45.0,-6.430210126563907,79.0,0.5,140.0,82.4000015258789,1789379044000.0,159.0,106.8936624750495,53.0,53.0,1.8849999904632568,106.0199966430664,82.4000015258789,0.17499999701976776,53.0
102.4000015258789,52.0,-6.430323366075754,80.0,0.0,142.0,83.19999694824219,1789379051000.0,160.0,106.8936608824879,60.0,60.0,1.8940000534057617,118.7300033569336,83.19999694824219,0.11299999803304672,60.0
101.5999984741211,58.0,-6.430403999984264,80.0,0.5,143.0,84.0,1789379057000.0,161.0,106.89363707788289,66.0,66.0,1.875,127.79000091552734,84.0,0.11699999868869781,66.0
101.4000015258789,59.0,-6.430415567010641,78.0,0.5,144.0,84.0,1789379058000.0,157.0,106.89363154582679,67.0,67.0,1.875,129.14999389648438,84.0,0.08500000089406967,67.0
100.80000305175781,62.0,-6.430458230897784,77.0,0.0,147.0,84.4000015258789,1789379061000.0,154.0,106.89360321499407,70.0,70.0,1.8660000562667847,134.55999755859375,84.4000015258789,0.0860000029206276,70.0
100.4000015258789,64.0,-6.430490417405963,75.0,0.5,144.0,84.5999984741211,1789379063000.0,151.0,106.89359148032963,72.0,72.0,1.8660000562667847,138.55999755859375,84.5999984741211,0.13199999928474426,72.0
100.19999694824219,67.0,-6.430546911433339,74.0,0.0,143.0,85.0,1789379066000.0,148.0,106.89357630908489,75.0,75.0,1.8569999933242798,144.97999572753906,85.0,0.1289999932050705,75.0
101.19999694824219,75.0,-6.430667778477073,78.0,0.5,145.0,84.4000015258789,1789379074000.0,157.0,106.89350900240242,83.0,83.0,1.875,160.1300048828125,84.4000015258789,-0.061000000685453415,83.0
103.19999694824219,83.0,-6.4308106899261475,77.0,0.0,144.0,84.5999984741211,1789379082000.0,154.0,106.89349701628089,91.0,91.0,1.8849999904632568,176.02999877929688,84.5999984741211,0.012000000104308128,91.0
105.0,92.0,-6.430928455665708,77.0,0.0,145.0,84.5999984741211,1789379091000.0,154.0,106.89340380951762,100.0,100.0,1.8569999933242798,191.89999389648438,84.5999984741211,0.012000000104308128,100.0
106.0,97.0,-6.430964581668377,76.0,0.5,145.0,84.80000305175781,1789379096000.0,153.0,106.89335234463215,105.0,105.0,1.8380000591278076,198.27999877929688,84.80000305175781,0.014999999664723873,105.0
106.5999984741211,100.0,-6.431013196706772,76.0,0.5,145.0,85.0,1789379099000.0,153.0,106.89332962967455,108.0,108.0,1.819000005722046,204.1699981689453,85.0,0.08900000154972076,108.0
107.0,102.0,-6.431044042110443,74.0,0.5,142.0,85.19999694824219,1789379101000.0,149.0,106.89332175068557,110.0,110.0,1.809999942779541,207.66000366210938,85.19999694824219,0.09700000286102295,110.0
109.19999694824219,110.0,-6.431147223338485,75.0,0.5,142.0,85.80000305175781,1789379109000.0,151.0,106.89325042068958,118.0,118.0,1.781999945640564,221.61000061035156,85.80000305175781,0.061000000685453415,118.0
110.19999694824219,120.0,-6.431276556104422,73.0,0.0,139.0,86.4000015258789,1789379119000.0,146.0,106.89320985227823,128.0,128.0,1.7359999418258667,236.82000732421875,86.4000015258789,0.07800000160932541,128.0
109.5999984741211,124.0,-6.43131947144866,73.0,0.0,137.0,86.80000305175781,1789379123000.0,146.0,106.89318671822548,132.0,132.0,1.7170000076293945,242.17999267578125,86.80000305175781,0.0560000017285347,132.0
109.5999984741211,126.0,-6.4313457906246185,73.0,0.0,138.0,86.80000305175781,1789379125000.0,146.0,106.89317875541747,134.0,134.0,1.7170000076293945,245.2899932861328,86.80000305175781,0.07999999821186066,134.0
109.5999984741211,128.0,-6.4313737861812115,74.0,0.0,137.0,87.0,1789379127000.0,148.0,106.89317473210394,136.0,136.0,1.7079999446868896,248.39999389648438,87.0,0.07900000363588333,136.0
111.0,136.0,-6.431489372625947,74.0,0.5,137.0,87.19999694824219,1789379135000.0,149.0,106.89313156530261,144.0,144.0,1.6890000104904175,262.1199951171875,87.19999694824219,0.02500000037252903,144.0
112.0,143.0,-6.431571263819933,77.0,0.0,136.0,87.4000015258789,1789379142000.0,154.0,106.8931027315557,151.0,151.0,1.6699999570846558,271.69000244140625,87.4000015258789,0.029999999329447746,151.0
111.80000305175781,151.0,-6.431699087843299,76.0,0.5,135.0,87.4000015258789,1789379150000.0,153.0,106.89305679872632,159.0,159.0,1.6239999532699585,286.80999755859375,87.4000015258789,-0.004999999888241291,159.0
112.4000015258789,159.0,-6.431833868846297,77.0,0.0,137.0,86.80000305175781,1789379158000.0,154.0,106.8930160626769,167.0,167.0,1.6519999504089355,302.3900146484375,86.80000305175781,-0.06800000369548798,167.0
111.80000305175781,167.0,-6.431949203833938,76.0,0.5,136.0,86.80000305175781,1789379166000.0,153.0,106.89297541044652,175.0,175.0,1.6799999475479126,316.8900146484375,86.80000305175781,-0.012000000104308128,175.0
111.5999984741211,176.0,-6.432093288749456,78.0,0.5,136.0,87.4000015258789,1789379175000.0,157.0,106.89293073490262,184.0,184.0,1.7079999446868896,333.6700134277344,87.4000015258789,0.07500000298023224,184.0
110.80000305175781,183.0,-6.432195380330086,78.0,0.5,137.0,88.0,1789379182000.0,157.0,106.89289988949895,191.0,191.0,1.7450000047683716,345.6199951171875,88.0,0.06800000369548798,191.0
110.19999694824219,187.0,-6.4322546403855085,79.0,0.5,140.0,88.19999694824219,1789379186000.0,159.0,106.89288119785488,195.0,195.0,1.753999948501587,352.5400085449219,88.19999694824219,0.06499999761581421,195.0
109.80000305175781,189.0,-6.4322843961417675,78.0,0.5,141.0,88.19999694824219,1789379188000.0,157.0,106.8928646016866,197.0,197.0,1.753999948501587,356.29998779296875,88.19999694824219,0.05400000140070915,197.0
110.0,196.0,-6.432392941787839,79.0,0.0,143.0,88.5999984741211,1789379195000.0,158.0,106.89279587008059,204.0,204.0,1.7640000581741333,370.5899963378906,88.5999984741211,0.0560000017285347,204.0
110.0,204.0,-6.432528141885996,79.0,0.0,142.0,89.4000015258789,1789379203000.0,158.0,106.89268573187292,212.0,212.0,1.809999942779541,389.7699890136719,89.4000015258789,0.0820000022649765,212.0
112.0,211.0,-6.432667868211865,80.0,0.0,143.0,90.4000015258789,1789379210000.0,160.0,106.8926642742008,219.0,219.0,1.875,404.9200134277344,90.4000015258789,0.14399999380111694,219.0
113.19999694824219,221.0,-6.432816814631224,78.0,0.5,144.0,91.0,1789379220000.0,157.0,106.89259017817676,229.0,229.0,2.00600004196167,423.32000732421875,91.0,0.0729999989271164,229.0
113.80000305175781,230.0,-6.432941285893321,74.0,0.5,144.0,91.0,1789379229000.0,149.0,106.8925310857594,238.0,238.0,1.9220000505447388,439.04998779296875,91.0,0.003000000026077032,238.0
114.0,235.0,-6.432885713875294,76.0,0.5,141.0,90.4000015258789,1789379234000.0,153.0,106.89246361143887,243.0,243.0,1.875,449.1700134277344,90.4000015258789,-0.1509999930858612,243.0
114.0,237.0,-6.432839445769787,77.0,0.5,138.0,90.0,1789379236000.0,155.0,106.89246637746692,245.0,245.0,1.8849999904632568,454.2799987792969,90.0,-0.15199999511241913,245.0
113.4000015258789,241.0,-6.432772222906351,78.0,0.0,136.0,90.0,1789379240000.0,156.0,106.89250183291733,249.0,249.0,1.8940000534057617,462.6099853515625,90.0,-0.02500000037252903,249.0
114.4000015258789,251.0,-6.432591173797846,74.0,0.0,137.0,89.4000015258789,1789379250000.0,148.0,106.89256486482918,259.0,259.0,1.847000002861023,483.8500061035156,89.4000015258789,-0.06199999898672104,259.0
114.19999694824219,254.0,-6.4325459115207195,74.0,0.0,137.0,89.19999694824219,1789379253000.0,148.0,106.89257869496942,262.0,262.0,1.809999942779541,489.1199951171875,89.19999694824219,-0.05900000035762787,262.0
113.5999984741211,263.0,-6.43243451602757,76.0,0.5,136.0,89.19999694824219,1789379262000.0,153.0,106.89260870218277,271.0,271.0,1.753999948501587,501.8699951171875,89.19999694824219,0.003000000026077032,271.0
113.4000015258789,275.0,-6.4322395529598,78.0,0.0,136.0,89.5999984741211,1789379274000.0,156.0,106.89263359643519,283.0,283.0,1.7450000047683716,523.2999877929688,89.5999984741211,0.04399999976158142,283.0
112.19999694824219,287.0,-6.4320596773177385,78.0,0.5,136.0,89.0,1789379286000.0,157.0,106.89270794391632,295.0,295.0,1.7730000019073486,544.7999877929688,89.0,-0.05000000074505806,295.0
111.5999984741211,292.0,-6.43198206089437,78.0,0.5,138.0,88.80000305175781,1789379291000.0,157.0,106.89274775795639,300.0,300.0,1.7730000019073486,554.4199829101562,88.80000305175781,-0.05900000035762787,300.0
111.4000015258789,294.0,-6.431944342330098,78.0,0.5,139.0,88.5999984741211,1789379293000.0,157.0,106.89276569522917,302.0,302.0,1.781999945640564,559.0399780273438,88.5999984741211,-0.061000000685453415,302.0
111.4000015258789,295.0,-6.431927494704723,78.0,0.0,139.0,88.5999984741211,1789379294000.0,156.0,106.89277558587492,303.0,303.0,1.7910000085830688,561.1799926757812,88.5999984741211,-0.0820000022649765,303.0
108.5999984741211,303.0,-6.4317866787314415,80.0,0.5,142.0,89.0,1789379302000.0,161.0,106.89282361418009,311.0,311.0,1.819000005722046,577.6699829101562,89.0,0.039000000804662704,311.0
107.4000015258789,311.0,-6.431630188599229,80.0,0.5,143.0,89.0,1789379310000.0,161.0,106.892892094329,319.0,319.0,1.9129999876022339,596.5700073242188,89.0,0.0010000000474974513,319.0
107.19999694824219,316.0,-6.431531282141805,82.0,0.0,146.0,88.4000015258789,1789379315000.0,164.0,106.89294506795704,324.0,324.0,2.0810000896453857,609.0,88.4000015258789,-0.10899999737739563,324.0
107.5999984741211,319.0,-6.431477721780539,80.0,0.5,147.0,88.19999694824219,1789379318000.0,161.0,106.8929597362876,327.0,327.0,2.118000030517578,615.1599731445312,88.19999694824219,-0.0820000022649765,327.0
108.19999694824219,323.0,-6.431396082043648,79.0,0.5,150.0,87.80000305175781,1789379322000.0,159.0,106.8929821997881,331.0,331.0,2.1549999713897705,624.5,87.80000305175781,-0.09399999678134918,331.0
108.4000015258789,327.0,-6.431315280497074,77.0,0.5,153.0,87.19999694824219,1789379326000.0,155.0,106.89301212318242,335.0,335.0,2.1740000247955322,634.0800170898438,87.19999694824219,-0.14900000393390656,335.0
108.5999984741211,328.0,-6.431301534175873,78.0,0.0,153.0,87.0,1789379327000.0,156.0,106.89301455393434,336.0,336.0,2.2019999027252197,635.5900268554688,87.0,-0.1080000028014183,336.0
109.5999984741211,336.0,-6.43116750754416,79.0,0.0,155.0,86.0,1789379335000.0,158.0,106.89306744374335,344.0,344.0,2.13700008392334,651.3699951171875,86.0,-0.13500000536441803,344.0
107.5999984741211,342.0,-6.431071199476719,77.0,0.5,155.0,85.4000015258789,1789379341000.0,155.0,106.89308990724385,350.0,350.0,2.0250000953674316,662.4400024414062,85.4000015258789,-0.08500000089406967,350.0
107.19999694824219,346.0,-6.431018728762865,77.0,0.5,152.0,85.19999694824219,1789379345000.0,155.0,106.89310164190829,354.0,354.0,1.968999981880188,668.3800048828125,85.19999694824219,-0.06800000369548798,354.0
107.0,349.0,-6.430979166179895,77.0,0.0,149.0,84.80000305175781,1789379348000.0,154.0,106.89312385395169,357.0,357.0,1.940999984741211,673.4000244140625,84.80000305175781,-0.10100000351667404,357.0
106.80000305175781,354.0,-6.43091001547873,77.0,0.0,149.0,84.4000015258789,1789379353000.0,154.0,106.89315243624151,362.0,362.0,1.9129999876022339,681.7000122070312,84.4000015258789,-0.09099999815225601,362.0
104.80000305175781,364.0,-6.430784035474062,78.0,0.5,149.0,84.0,1789379363000.0,157.0,106.89322602935135,372.0,372.0,1.8660000562667847,697.7899780273438,84.0,-0.0430000014603138,372.0
102.19999694824219,373.0,-6.4306593127548695,76.0,0.0,149.0,84.0,1789379372000.0,152.0,106.89326651394367,381.0,381.0,1.847000002861023,712.3400268554688,84.0,0.0,381.0
100.19999694824219,381.0,-6.430541630834341,77.0,0.0,148.0,84.0,1789379380000.0,154.0,106.89329400658607,389.0,389.0,1.809999942779541,725.6799926757812,84.0,0.0,389.0
99.4000015258789,389.0,-6.43040525726974,75.0,0.0,146.0,83.5999984741211,1789379388000.0,150.0,106.89332728274167,397.0,397.0,1.781999945640564,741.5700073242188,83.5999984741211,-0.05900000035762787,397.0
99.4000015258789,390.0,-6.43039109185338,75.0,0.0,146.0,83.4000015258789,1789379389000.0,150.0,106.8933342397213,398.0,398.0,1.781999945640564,743.3200073242188,83.4000015258789,-0.050999999046325684,398.0
99.4000015258789,396.0,-6.43030802719295,77.0,0.0,144.0,83.19999694824219,1789379395000.0,154.0,106.89336500130594,404.0,404.0,1.781999945640564,753.0599975585938,83.19999694824219,-0.032999999821186066,404.0
97.80000305175781,406.0,-6.430156733840704,78.0,0.5,142.0,81.5999984741211,1789379405000.0,157.0,106.89341336488724,414.0,414.0,1.7640000581741333,770.5900268554688,81.5999984741211,-0.164000004529953,414.0
97.80000305175781,413.0,-6.430036202073097,78.0,0.5,141.0,79.80000305175781,1789379412000.0,157.0,106.89344932325184,421.0,421.0,1.7730000019073486,784.5,79.80000305175781,-0.2590000033378601,421.0
98.4000015258789,422.0,-6.429893206804991,79.0,0.0,140.0,79.0,1789379421000.0,158.0,106.89350229687989,430.0,430.0,1.8009999990463257,801.3900146484375,79.0,-0.10300000011920929,430.0
98.19999694824219,424.0,-6.42986286431551,79.0,0.0,140.0,78.80000305175781,1789379423000.0,158.0,106.893510511145,432.0,432.0,1.809999942779541,804.989990234375,78.80000305175781,-0.03999999910593033,432.0
97.80000305175781,428.0,-6.4297993294894695,80.0,0.0,139.0,78.80000305175781,1789379427000.0,160.0,106.89354563131928,436.0,436.0,1.819000005722046,813.02001953125,78.80000305175781,-0.026000000536441803,436.0
97.80000305175781,435.0,-6.429662620648742,77.0,0.0,139.0,78.5999984741211,1789379434000.0,154.0,106.89357731491327,443.0,443.0,1.8380000591278076,828.5399780273438,78.5999984741211,-0.013000000268220901,443.0
99.0,437.0,-6.4296358823776245,77.0,0.0,138.0,78.80000305175781,1789379436000.0,154.0,106.89357798546553,445.0,445.0,1.8380000591278076,831.510009765625,78.80000305175781,0.04899999871850014,445.0
101.19999694824219,442.0,-6.429575448855758,76.0,0.0,136.0,78.4000015258789,1789379441000.0,152.0,106.8935139477253,450.0,450.0,1.819000005722046,841.7100219726562,78.4000015258789,-0.08299999684095383,450.0
103.80000305175781,452.0,-6.429510740563273,77.0,0.5,137.0,77.4000015258789,1789379451000.0,155.0,106.89333700574934,460.0,460.0,1.8569999933242798,862.77001953125,77.4000015258789,-0.10000000149011612,460.0
104.19999694824219,453.0,-6.429505543783307,77.0,0.5,138.0,77.19999694824219,1789379452000.0,155.0,106.89331663772464,461.0,461.0,1.8660000562667847,865.0900268554688,77.19999694824219,-0.01899999938905239,461.0
105.0,455.0,-6.429495569318533,77.0,0.0,141.0,77.19999694824219,1789379454000.0,154.0,106.89328671433032,463.0,463.0,1.875,868.5800170898438,77.19999694824219,-0.017999999225139618,463.0
110.19999694824219,463.0,-6.42945634201169,78.0,0.0,140.0,77.19999694824219,1789379462000.0,156.0,106.89317917451262,471.0,471.0,1.9129999876022339,881.2100219726562,77.19999694824219,-0.017999999225139618,471.0
111.5999984741211,471.0,-6.429428430274129,79.0,0.5,141.0,77.0,1789379470000.0,159.0,106.89306182786822,479.0,479.0,1.9129999876022339,894.5999755859375,77.0,-0.010999999940395355,479.0
112.4000015258789,480.0,-6.429380318149924,78.0,0.0,142.0,76.80000305175781,1789379479000.0,156.0,106.89291489310563,488.0,488.0,1.902999997138977,911.7000122070312,76.80000305175781,-0.020999999716877937,488.0
113.0,487.0,-6.429315274581313,79.0,0.5,140.0,76.80000305175781,1789379486000.0,159.0,106.8928077723831,495.0,495.0,1.9220000505447388,925.5599975585938,76.80000305175781,0.007000000216066837,495.0
113.19999694824219,493.0,-6.429242938756943,79.0,0.5,138.0,76.5999984741211,1789379492000.0,159.0,106.89273526892066,501.0,501.0,1.940999984741211,937.0499877929688,76.5999984741211,-0.032999999821186066,501.0
113.0,494.0,-6.429226929321885,79.0,0.0,138.0,76.5999984741211,1789379493000.0,158.0,106.89273661002517,502.0,502.0,1.940999984741211,938.739990234375,76.5999984741211,-0.11500000208616257,502.0
113.0,495.0,-6.429217038676143,78.0,0.0,139.0,76.5999984741211,1789379494000.0,156.0,106.8927454110235,503.0,503.0,1.9500000476837158,940.1699829101562,76.5999984741211,-0.07100000232458115,503.0
112.5999984741211,497.0,-6.4292047172784805,77.0,0.5,140.0,76.4000015258789,1789379496000.0,155.0,106.89277231693268,505.0,505.0,1.9500000476837158,943.5499877929688,76.4000015258789,-0.04399999976158142,505.0
112.5999984741211,498.0,-6.429204046726227,77.0,0.5,140.0,76.4000015258789,1789379497000.0,155.0,106.89278463833034,506.0,506.0,1.9500000476837158,944.9199829101562,76.4000015258789,-0.004999999888241291,506.0
112.5999984741211,500.0,-6.42920421436429,77.0,0.5,143.0,76.4000015258789,1789379499000.0,155.0,106.89281347207725,508.0,508.0,1.940999984741211,948.0800170898438,76.4000015258789,0.0010000000474974513,508.0
112.5999984741211,502.0,-6.429205220192671,77.0,0.5,143.0,76.4000015258789,1789379501000.0,155.0,106.89284792169929,510.0,510.0,1.940999984741211,951.8699951171875,76.4000015258789,-0.03099999949336052,510.0
113.0,503.0,-6.429211925715208,78.0,0.0,144.0,76.19999694824219,1789379502000.0,156.0,106.89287382178009,511.0,511.0,1.930999994277954,954.72998046875,76.19999694824219,-0.0689999982714653,511.0
114.19999694824219,510.0,-6.429270515218377,78.0,0.0,144.0,76.4000015258789,1789379509000.0,156.0,106.89300240017474,518.0,518.0,1.930999994277954,970.3099975585938,76.4000015258789,0.023000000044703484,518.0
116.80000305175781,516.0,-6.4292866084724665,79.0,0.0,142.0,76.5999984741211,1789379515000.0,158.0,106.89308278262615,524.0,524.0,1.9220000505447388,979.3300170898438,76.5999984741211,0.009999999776482582,524.0
117.19999694824219,517.0,-6.4292848482728004,79.0,0.0,141.0,76.4000015258789,1789379516000.0,158.0,106.89310004934669,525.0,525.0,1.9220000505447388,981.2100219726562,76.4000015258789,-0.006000000052154064,525.0
117.5999984741211,526.0,-6.429345700889826,78.0,0.5,139.0,77.0,1789379525000.0,157.0,106.89327422529459,534.0,534.0,1.9220000505447388,1001.2899780273438,77.0,0.0560000017285347,534.0
118.19999694824219,529.0,-6.4293720200657845,77.0,0.0,138.0,77.0,1789379528000.0,154.0,106.89331772737205,537.0,537.0,1.930999994277954,1006.9099731445312,77.0,0.0,537.0
119.4000015258789,531.0,-6.429393980652094,79.0,0.5,139.0,77.0,1789379530000.0,159.0,106.89334882423282,539.0,539.0,1.930999994277954,1011.030029296875,77.0,0.0,539.0
121.5999984741211,534.0,-6.4294185396283865,79.0,0.5,140.0,77.0,1789379533000.0,159.0,106.89339945092797,542.0,542.0,1.930999994277954,1017.1599731445312,77.0,0.0,542.0
123.0,536.0,-6.429421054199338,79.0,0.5,142.0,77.0,1789379535000.0,159.0,106.8934254348278,544.0,544.0,1.930999994277954,1019.9600219726562,77.0,0.0,544.0
125.4000015258789,541.0,-6.429433962330222,79.0,0.5,144.0,77.80000305175781,1789379540000.0,159.0,106.89351445063949,549.0,549.0,1.940999984741211,1029.199951171875,77.80000305175781,0.16200000047683716,549.0
126.0,543.0,-6.429445026442409,79.0,0.5,144.0,78.19999694824219,1789379542000.0,159.0,106.89355451613665,551.0,551.0,1.940999984741211,1033.68994140625,78.19999694824219,0.23600000143051147,551.0
125.80000305175781,550.0,-6.429404625669122,80.0,0.5,145.0,79.4000015258789,1789379549000.0,161.0,106.89366968348622,558.0,558.0,1.930999994277954,1047.449951171875,79.4000015258789,0.1459999978542328,558.0
122.19999694824219,555.0,-6.429326003417373,79.0,0.5,148.0,79.0,1789379554000.0,159.0,106.8937005288899,563.0,563.0,1.930999994277954,1056.780029296875,79.0,-0.04699999839067459,563.0
120.80000305175781,557.0,-6.429296247661114,79.0,0.0,148.0,79.0,1789379556000.0,158.0,106.89371469430625,565.0,565.0,1.9220000505447388,1060.4300537109375,79.0,-0.03099999949336052,565.0
118.5999984741211,560.0,-6.429249811917543,79.0,0.5,151.0,78.80000305175781,1789379559000.0,159.0,106.89372450113297,568.0,568.0,1.9220000505447388,1065.6700439453125,78.80000305175781,-0.06599999964237213,568.0
115.80000305175781,564.0,-6.42917244695127,79.0,0.5,151.0,78.80000305175781,1789379563000.0,159.0,106.89375995658338,572.0,572.0,1.9129999876022339,1075.1099853515625,78.80000305175781,0.019999999552965164,572.0
112.80000305175781,572.0,-6.42903171479702,80.0,0.5,151.0,79.0,1789379571000.0,161.0,106.8938244972378,580.0,580.0,1.9220000505447388,1092.260009765625,79.0,0.024000000208616257,580.0
108.80000305175781,580.0,-6.428908249363303,78.0,0.5,149.0,79.19999694824219,1789379579000.0,157.0,106.89386506564915,588.0,588.0,1.9220000505447388,1106.6400146484375,79.19999694824219,0.017000000923871994,588.0
108.19999694824219,581.0,-6.428899699822068,78.0,0.5,149.0,79.19999694824219,1789379580000.0,157.0,106.89387084916234,589.0,589.0,1.9220000505447388,1107.780029296875,79.19999694824219,0.052000001072883606,589.0
105.19999694824219,586.0,-6.428832057863474,77.0,0.5,149.0,79.4000015258789,1789379585000.0,155.0,106.8938939832151,594.0,594.0,1.8940000534057617,1115.7099609375,79.4000015258789,0.017999999225139618,594.0
102.5999984741211,598.0,-6.428643632680178,78.0,0.5,149.0,79.4000015258789,1789379597000.0,157.0,106.8939436879009,606.0,606.0,1.847000002861023,1137.0,79.4000015258789,0.004000000189989805,606.0
100.80000305175781,606.0,-6.428509606048465,78.0,0.5,149.0,80.0,1789379605000.0,157.0,106.89399196766317,614.0,614.0,1.819000005722046,1152.719970703125,80.0,0.06499999761581421,614.0
99.19999694824219,615.0,-6.428372813388705,78.0,0.5,152.0,80.19999694824219,1789379614000.0,157.0,106.89403949305415,623.0,623.0,1.809999942779541,1168.780029296875,80.19999694824219,0.04100000113248825,623.0
99.0,616.0,-6.428357642143965,78.0,0.5,152.0,80.4000015258789,1789379615000.0,157.0,106.89404259435833,624.0,624.0,1.809999942779541,1170.47998046875,80.4000015258789,0.02199999988079071,624.0
98.5999984741211,619.0,-6.428316822275519,77.0,0.5,153.0,80.4000015258789,1789379618000.0,155.0,106.89406204037368,627.0,627.0,1.809999942779541,1175.5799560546875,80.4000015258789,0.04699999839067459,627.0
98.19999694824219,621.0,-6.4282952807843685,77.0,0.5,153.0,80.5999984741211,1789379620000.0,155.0,106.89408710226417,629.0,629.0,1.809999942779541,1179.22998046875,80.5999984741211,0.02500000037252903,629.0
97.5999984741211,630.0,-6.428169636055827,80.0,0.0,150.0,80.19999694824219,1789379629000.0,160.0,106.894176537171,638.0,638.0,1.8009999990463257,1196.1199951171875,80.19999694824219,-0.028999999165534973,638.0
98.19999694824219,635.0,-6.428100066259503,77.0,0.5,149.0,80.19999694824219,1789379634000.0,155.0,106.89423847943544,643.0,643.0,1.8009999990463257,1206.4300537109375,80.19999694824219,-0.010999999940395355,643.0
98.4000015258789,636.0,-6.4281076937913895,77.0,0.5,149.0,80.4000015258789,1789379635000.0,155.0,106.89425272867084,644.0,644.0,1.8009999990463257,1208.1700439453125,80.4000015258789,0.15700000524520874,644.0
98.80000305175781,638.0,-6.42813703045249,78.0,0.0,149.0,80.5999984741211,1789379637000.0,156.0,106.89424929209054,646.0,646.0,1.809999942779541,1211.260009765625,80.5999984741211,0.09300000220537186,646.0
99.5999984741211,641.0,-6.428195284679532,78.0,0.5,149.0,80.80000305175781,1789379640000.0,157.0,106.89423873089254,649.0,649.0,1.809999942779541,1217.81005859375,80.80000305175781,0.11400000005960464,649.0
100.0,647.0,-6.428324030712247,79.0,0.5,149.0,81.5999984741211,1789379646000.0,159.0,106.89422255381942,655.0,655.0,1.8289999961853027,1232.0899658203125,81.5999984741211,0.12200000137090683,655.0
99.5999984741211,654.0,-6.4284375216811895,78.0,0.0,151.0,81.80000305175781,1789379653000.0,156.0,106.89420185051858,662.0,662.0,1.8940000534057617,1244.9200439453125,81.80000305175781,0.029999999329447746,662.0
99.5999984741211,660.0,-6.4285412058234215,79.0,0.0,154.0,82.19999694824219,1789379659000.0,158.0,106.89417167566717,668.0,668.0,1.968999981880188,1256.8399658203125,82.19999694824219,0.052000001072883606,668.0
99.80000305175781,662.0,-6.428577499464154,77.0,0.0,154.0,82.19999694824219,1789379661000.0,154.0,106.89416002482176,670.0,670.0,1.9500000476837158,1261.0400390625,82.19999694824219,0.04699999839067459,670.0
103.0,670.0,-6.428708843886852,79.0,0.0,152.0,81.5999984741211,1789379669000.0,158.0,106.89408207312226,678.0,678.0,1.9500000476837158,1277.8399658203125,81.5999984741211,-0.07500000298023224,678.0
107.0,678.0,-6.428835159167647,77.0,0.5,152.0,80.80000305175781,1789379677000.0,155.0,106.89399984665215,686.0,686.0,1.968999981880188,1294.6800537109375,80.80000305175781,-0.09099999815225601,686.0
107.4000015258789,679.0,-6.428853934630752,77.0,0.5,152.0,81.0,1789379678000.0,155.0,106.89400294795632,687.0,687.0,1.968999981880188,1296.739990234375,81.0,0.1120000034570694,687.0
109.80000305175781,683.0,-6.428906070068479,78.0,0.0,150.0,81.0,1789379682000.0,156.0,106.89397981390357,691.0,691.0,1.9780000448226929,1303.4100341796875,81.0,-0.019999999552965164,691.0
111.0,690.0,-6.428999863564968,75.0,0.0,147.0,81.5999984741211,1789379689000.0,150.0,106.89397545531392,698.0,698.0,1.9220000505447388,1313.77001953125,81.5999984741211,0.08500000089406967,698.0
109.0,695.0,-6.429081754758954,76.0,0.0,146.0,81.80000305175781,1789379694000.0,152.0,106.89396003261209,703.0,703.0,1.8940000534057617,1322.8299560546875,81.80000305175781,0.06199999898672104,703.0
108.0,698.0,-6.429112097248435,77.0,0.0,146.0,81.80000305175781,1789379697000.0,154.0,106.8939471244812,706.0,706.0,1.8660000562667847,1326.3900146484375,81.80000305175781,-0.004999999888241291,706.0
106.5999984741211,705.0,-6.429228689521551,77.0,0.0,146.0,81.80000305175781,1789379704000.0,154.0,106.89389465376735,713.0,713.0,1.8569999933242798,1340.5699462890625,81.80000305175781,-0.014999999664723873,713.0
106.19999694824219,715.0,-6.429375456646085,76.0,0.0,146.0,81.80000305175781,1789379714000.0,152.0,106.89386003650725,723.0,723.0,1.8569999933242798,1357.0899658203125,81.80000305175781,0.010999999940395355,723.0
106.19999694824219,716.0,-6.429393477737904,76.0,0.0,146.0,81.80000305175781,1789379715000.0,152.0,106.89385718666017,724.0,724.0,1.8569999933242798,1359.06005859375,81.80000305175781,0.024000000208616257,724.0
106.4000015258789,720.0,-6.429456006735563,77.0,0.0,146.0,81.5999984741211,1789379719000.0,154.0,106.8938387464732,728.0,728.0,1.8569999933242798,1366.4000244140625,81.5999984741211,-0.06599999964237213,728.0
106.80000305175781,722.0,-6.42948416993022,77.0,0.0,146.0,81.19999694824219,1789379721000.0,154.0,106.89382349140942,730.0,730.0,1.8569999933242798,1370.010009765625,81.19999694824219,-0.1599999964237213,730.0
107.4000015258789,725.0,-6.4295245707035065,77.0,0.5,148.0,80.80000305175781,1789379724000.0,155.0,106.8938006926328,733.0,733.0,1.8569999933242798,1375.1600341796875,80.80000305175781,-0.15800000727176666,733.0
108.0,734.0,-6.4296656381338835,77.0,0.0,149.0,80.0,1789379733000.0,154.0,106.8937724456191,742.0,742.0,1.8380000591278076,1391.1300048828125,80.0,-0.08399999886751175,742.0
106.80000305175781,739.0,-6.429744008928537,76.0,0.0,148.0,80.19999694824219,1789379738000.0,152.0,106.89376322552562,747.0,747.0,1.847000002861023,1399.97998046875,80.19999694824219,0.03700000047683716,747.0
106.5999984741211,740.0,-6.429757419973612,77.0,0.5,148.0,80.19999694824219,1789379739000.0,155.0,106.89375903457403,748.0,748.0,1.8380000591278076,1401.530029296875,80.19999694824219,-0.05700000002980232,748.0
105.4000015258789,746.0,-6.429834365844727,77.0,0.5,146.0,79.4000015258789,1789379745000.0,155.0,106.89369893632829,754.0,754.0,1.8380000591278076,1412.0400390625,79.4000015258789,-0.1289999932050705,754.0
105.5999984741211,749.0,-6.429892955347896,76.0,0.0,146.0,79.4000015258789,1789379748000.0,152.0,106.89366716891527,757.0,757.0,1.8380000591278076,1419.0699462890625,79.4000015258789,0.03200000151991844,757.0
106.5999984741211,756.0,-6.430000076070428,79.0,0.0,144.0,80.0,1789379755000.0,158.0,106.89366708509624,764.0,764.0,1.8380000591278076,1430.72998046875,80.0,0.08500000089406967,764.0
106.4000015258789,762.0,-6.4301003236323595,77.0,0.0,143.0,81.19999694824219,1789379761000.0,154.0,106.89364168792963,770.0,770.0,1.8380000591278076,1442.050048828125,81.19999694824219,0.20100000500679016,770.0
106.0,769.0,-6.430214988067746,77.0,0.0,145.0,82.5999984741211,1789379768000.0,154.0,106.89362559467554,777.0,777.0,1.8380000591278076,1454.5400390625,82.5999984741211,0.1770000010728836,777.0
105.0,777.0,-6.430321270599961,77.0,0.5,146.0,83.19999694824219,1789379776000.0,155.0,106.89356382004917,785.0,785.0,1.8380000591278076,1468.280029296875,83.19999694824219,0.08699999749660492,785.0
105.0,778.0,-6.430336609482765,77.0,0.0,146.0,83.19999694824219,1789379777000.0,154.0,106.89355636015534,786.0,786.0,1.8380000591278076,1470.1199951171875,83.19999694824219,0.054999999701976776,786.0
104.5999984741211,786.0,-6.430445909500122,77.0,0.5,148.0,83.80000305175781,1789379785000.0,155.0,106.89354638569057,794.0,794.0,1.8289999961853027,1481.6199951171875,83.80000305175781,0.061000000685453415,794.0
102.80000305175781,796.0,-6.4305900782346725,76.0,0.0,149.0,84.4000015258789,1789379795000.0,152.0,106.89349818974733,804.0,804.0,1.809999942779541,1498.56005859375,84.4000015258789,0.06300000101327896,804.0
104.0,805.0,-6.4307137951254845,76.0,0.0,147.0,84.0,1789379804000.0,152.0,106.8934380915016,813.0,813.0,1.7910000085830688,1514.0899658203125,84.0,-0.04399999976158142,813.0
105.80000305175781,815.0,-6.430854108184576,77.0,0.5,147.0,84.19999694824219,1789379814000.0,155.0,106.89340624026954,823.0,823.0,1.781999945640564,1530.1099853515625,84.19999694824219,0.01600000075995922,823.0
107.19999694824219,826.0,-6.430999534204602,76.0,0.0,146.0,85.0,1789379825000.0,152.0,106.8933273665607,834.0,834.0,1.7730000019073486,1548.22998046875,85.0,0.0689999982714653,834.0
107.80000305175781,829.0,-6.431050915271044,77.0,0.0,146.0,85.19999694824219,1789379828000.0,154.0,106.89330984838307,837.0,837.0,1.7640000581741333,1554.25,85.19999694824219,0.10199999809265137,837.0
109.0,835.0,-6.431141942739487,79.0,0.0,146.0,85.80000305175781,1789379834000.0,158.0,106.89326425082982,843.0,843.0,1.7730000019073486,1565.5899658203125,85.80000305175781,0.0820000022649765,843.0
110.4000015258789,842.0,-6.431252080947161,79.0,0.5,145.0,86.4000015258789,1789379841000.0,159.0,106.89321605488658,850.0,850.0,1.7910000085830688,1578.760009765625,86.4000015258789,0.08799999952316284,850.0
110.4000015258789,847.0,-6.431325003504753,79.0,0.5,146.0,86.80000305175781,1789379846000.0,159.0,106.89319660887122,855.0,855.0,1.781999945640564,1587.2900390625,86.80000305175781,0.09099999815225601,855.0
110.19999694824219,849.0,-6.431355345994234,78.0,0.5,148.0,87.0,1789379848000.0,157.0,106.89320306293666,857.0,857.0,1.781999945640564,1590.72998046875,87.0,0.12099999934434891,857.0
108.80000305175781,856.0,-6.431455845013261,78.0,0.0,149.0,87.0,1789379855000.0,156.0,106.89316383562982,864.0,864.0,1.7730000019073486,1602.68994140625,87.0,-0.004000000189989805,864.0
108.19999694824219,862.0,-6.4315360598266125,76.0,0.0,152.0,87.4000015258789,1789379861000.0,152.0,106.89311237074435,870.0,870.0,1.7640000581741333,1613.2900390625,87.4000015258789,0.06199999898672104,870.0
109.5999984741211,867.0,-6.43160630017519,78.0,0.5,149.0,87.5999984741211,1789379866000.0,157.0,106.89307641237974,875.0,875.0,1.7640000581741333,1622.0699462890625,87.5999984741211,0.052000001072883606,875.0
110.4000015258789,869.0,-6.431632535532117,78.0,0.5,148.0,87.80000305175781,1789379868000.0,157.0,106.89306501299143,877.0,877.0,1.7640000581741333,1625.22998046875,87.80000305175781,0.04100000113248825,877.0
110.80000305175781,871.0,-6.4316529873758554,77.0,0.0,145.0,87.80000305175781,1789379870000.0,154.0,106.89306090585887,879.0,879.0,1.753999948501587,1627.510009765625,87.80000305175781,-0.004000000189989805,879.0
110.0,877.0,-6.431749379262328,77.0,0.0,143.0,87.19999694824219,1789379876000.0,154.0,106.89302251674235,885.0,885.0,1.7259999513626099,1638.93994140625,87.19999694824219,-0.07000000029802322,885.0
109.19999694824219,885.0,-6.431852225214243,77.0,0.5,145.0,87.19999694824219,1789379884000.0,155.0,106.89294473268092,893.0,893.0,1.753999948501587,1653.06005859375,87.19999694824219,-0.023000000044703484,893.0
107.80000305175781,894.0,-6.431969320401549,60.0,0.5,146.0,87.0,1789379893000.0,121.0,106.89293995499611,902.0,902.0,1.6419999599456787,1666.1300048828125,87.0,-0.01600000075995922,902.0
106.80000305175781,901.0,-6.432063113898039,63.0,0.0,149.0,87.4000015258789,1789379900000.0,126.0,106.8929232750088,909.0,909.0,1.5399999618530273,1676.5899658203125,87.4000015258789,0.05700000002980232,909.0
106.4000015258789,902.0,-6.432079458609223,78.0,0.0,149.0,87.4000015258789,1789379901000.0,156.0,106.89291698858142,910.0,910.0,1.5399999618530273,1678.52001953125,87.4000015258789,0.08100000023841858,910.0
106.19999694824219,913.0,-6.432244246825576,78.0,0.5,149.0,88.19999694824219,1789379912000.0,157.0,106.8928469158709,921.0,921.0,1.8569999933242798,1698.3199462890625,88.19999694824219,0.06400000303983688,921.0
106.4000015258789,914.0,-6.432262687012553,78.0,0.5,149.0,88.19999694824219,1789379913000.0,157.0,106.8928455747664,922.0,922.0,1.8569999933242798,1700.3399658203125,88.19999694824219,0.06599999964237213,922.0
106.19999694824219,918.0,-6.4323188457638025,77.0,0.0,149.0,88.4000015258789,1789379917000.0,154.0,106.89282562583685,926.0,926.0,1.8289999961853027,1706.93994140625,88.4000015258789,0.050999999046325684,926.0
104.80000305175781,927.0,-6.432454884052277,77.0,0.5,149.0,89.0,1789379926000.0,155.0,106.8927813693881,935.0,935.0,1.7730000019073486,1722.8800048828125,89.0,0.05400000140070915,935.0
104.4000015258789,935.0,-6.432569799944758,78.0,0.5,151.0,89.5999984741211,1789379934000.0,157.0,106.89273082651198,943.0,943.0,1.7640000581741333,1736.7900390625,89.5999984741211,0.09200000017881393,943.0
104.5999984741211,937.0,-6.432597041130066,77.0,0.5,149.0,89.80000305175781,1789379936000.0,155.0,106.89272789284587,945.0,945.0,1.7640000581741333,1739.8599853515625,89.80000305175781,0.09799999743700027,945.0
104.5999984741211,941.0,-6.432656887918711,76.0,0.0,149.0,90.19999694824219,1789379940000.0,152.0,106.89270165748894,949.0,949.0,1.753999948501587,1747.0799560546875,90.19999694824219,0.1080000028014183,949.0
104.5999984741211,947.0,-6.432741126045585,75.0,0.5,146.0,91.4000015258789,1789379946000.0,151.0,106.89268154092133,955.0,955.0,1.7259999513626099,1756.6300048828125,91.4000015258789,0.19900000095367432,955.0
104.5999984741211,948.0,-6.432756129652262,75.0,0.5,145.0,91.80000305175781,1789379947000.0,151.0,106.89268355257809,956.0,956.0,1.7259999513626099,1758.300048828125,91.80000305175781,0.2919999957084656,956.0
104.5999984741211,949.0,-6.432772139087319,75.0,0.5,144.0,91.80000305175781,1789379948000.0,151.0,106.8926817085594,957.0,957.0,1.7170000076293945,1760.0699462890625,91.80000305175781,0.08100000023841858,957.0
104.0,958.0,-6.432910189032555,75.0,0.5,141.0,91.80000305175781,1789379957000.0,151.0,106.89262974075973,966.0,966.0,1.6799999475479126,1776.530029296875,91.80000305175781,-0.007000000216066837,966.0
106.0,967.0,-6.4330533519387245,78.0,0.5,140.0,91.80000305175781,1789379966000.0,157.0,106.89259395003319,975.0,975.0,1.6699999570846558,1792.9000244140625,91.80000305175781,0.007000000216066837,975.0
107.19999694824219,976.0,-6.433191653341055,78.0,0.0,142.0,91.4000015258789,1789379975000.0,156.0,106.89260124228895,984.0,984.0,1.7359999418258667,1808.22998046875,91.4000015258789,-0.04899999871850014,984.0
107.80000305175781,987.0,-6.433375803753734,76.0,0.0,142.0,91.0,1789379986000.0,152.0,106.89259973354638,995.0,995.0,1.7640000581741333,1828.5899658203125,91.0,-0.04100000113248825,995.0
107.5999984741211,997.0,-6.43354126252234,79.0,0.5,143.0,91.0,1789379996000.0,159.0,106.89260451123118,1005.0,1005.0,1.7910000085830688,1846.9100341796875,91.0,0.003000000026077032,1005.0
108.0,1008.0,-6.433720802888274,79.0,0.5,145.0,91.0,1789380007000.0,159.0,106.89258900471032,1016.0,1016.0,1.8380000591278076,1866.9200439453125,91.0,-0.004000000189989805,1016.0
108.0,1013.0,-6.433802023530006,78.0,0.5,146.0,90.80000305175781,1789380012000.0,157.0,106.89257819205523,1021.0,1021.0,1.847000002861023,1875.97998046875,90.80000305175781,-0.00800000037997961,1021.0
107.4000015258789,1021.0,-6.433921800926328,77.0,0.0,149.0,91.5999984741211,1789380020000.0,154.0,106.892543239519,1029.0,1029.0,1.819000005722046,1889.77001953125,91.5999984741211,0.10000000149011612,1029.0
107.4000015258789,1022.0,-6.4339345414191484,77.0,0.0,149.0,92.0,1789380021000.0,154.0,106.89253963530064,1030.0,1030.0,1.819000005722046,1891.22998046875,92.0,0.2160000056028366,1030.0
110.0,1033.0,-6.434115506708622,76.0,0.0,151.0,92.80000305175781,1789380032000.0,152.0,106.89248146489263,1041.0,1041.0,1.8009999990463257,1912.280029296875,92.80000305175781,0.08500000089406967,1041.0
110.80000305175781,1042.0,-6.4342378824949265,74.0,0.0,154.0,94.19999694824219,1789380041000.0,148.0,106.89243737608194,1050.0,1050.0,1.7910000085830688,1926.6400146484375,94.19999694824219,0.1420000046491623,1050.0
110.80000305175781,1045.0,-6.434275601059198,76.0,0.0,155.0,94.5999984741211,1789380044000.0,152.0,106.89241994172335,1053.0,1053.0,1.781999945640564,1931.2099609375,94.5999984741211,0.17399999499320984,1053.0
108.80000305175781,1055.0,-6.434385906904936,77.0,0.5,155.0,96.5999984741211,1789380054000.0,155.0,106.89233302138746,1063.0,1063.0,1.7259999513626099,1946.6700439453125,96.5999984741211,0.20499999821186066,1063.0
107.0,1066.0,-6.434511132538319,76.0,0.0,155.0,98.19999694824219,1789380065000.0,152.0,106.89222807995975,1074.0,1074.0,1.6330000162124634,1964.739990234375,98.19999694824219,0.12999999523162842,1074.0
108.0,1075.0,-6.434605261310935,75.0,0.0,155.0,99.19999694824219,1789380074000.0,150.0,106.89212573692203,1083.0,1083.0,1.6239999532699585,1980.1199951171875,99.19999694824219,0.12300000339746475,1083.0
109.0,1083.0,-6.434704167768359,75.0,0.0,154.0,100.0,1789380082000.0,150.0,106.89204191789031,1091.0,1091.0,1.6239999532699585,1994.469970703125,100.0,0.09300000220537186,1091.0
109.80000305175781,1087.0,-6.434750854969025,74.0,0.5,151.0,100.0,1789380086000.0,149.0,106.89199984073639,1095.0,1095.0,1.6239999532699585,2001.4100341796875,100.0,0.004000000189989805,1095.0
110.19999694824219,1089.0,-6.434770720079541,76.0,0.0,148.0,100.0,1789380088000.0,152.0,106.89198022708297,1097.0,1097.0,1.6239999532699585,2004.5,100.0,0.0,1097.0
110.80000305175781,1091.0,-6.4347936026751995,76.0,0.0,147.0,100.0,1789380090000.0,152.0,106.89196463674307,1099.0,1099.0,1.6239999532699585,2007.5799560546875,100.0,0.012000000104308128,1099.0
111.80000305175781,1102.0,-6.434902986511588,75.0,0.0,146.0,100.0,1789380101000.0,150.0,106.89186472445726,1110.0,1110.0,1.5959999561309814,2023.989990234375,100.0,0.0,1110.0
109.80000305175781,1112.0,-6.435011280700564,74.0,0.5,145.0,100.4000015258789,1789380111000.0,149.0,106.89176011830568,1120.0,1120.0,1.5959999561309814,2040.6700439453125,100.4000015258789,0.03099999949336052,1120.0
109.80000305175781,1118.0,-6.435074144974351,75.0,0.0,142.0,100.80000305175781,1789380117000.0,150.0,106.89169893041253,1126.0,1126.0,1.5959999561309814,2050.389892578125,100.80000305175781,0.07699999958276749,1126.0
110.0,1120.0,-6.435099961236119,74.0,0.5,142.0,101.0,1789380119000.0,149.0,106.89167864620686,1128.0,1128.0,1.5859999656677246,2054.02001953125,101.0,0.11299999803304672,1128.0
111.80000305175781,1129.0,-6.435192916542292,77.0,0.0,144.0,101.5999984741211,1789380128000.0,154.0,106.8915638141334,1137.0,1137.0,1.6050000190734863,2070.489990234375,101.5999984741211,0.05700000002980232,1137.0
113.80000305175781,1138.0,-6.4352391846477985,75.0,0.5,145.0,101.0,1789380137000.0,151.0,106.89144948497415,1146.0,1146.0,1.6239999532699585,2084.239990234375,101.0,-0.0560000017285347,1146.0
116.5999984741211,1146.0,-6.435291403904557,77.0,0.0,142.0,99.80000305175781,1789380145000.0,154.0,106.8913259357214,1154.0,1154.0,1.5959999561309814,2099.050048828125,99.80000305175781,-0.14300000667572021,1154.0
116.4000015258789,1150.0,-6.435317136347294,76.0,0.0,139.0,99.4000015258789,1789380149000.0,152.0,106.89127053134143,1158.0,1158.0,1.5959999561309814,2105.800048828125,99.4000015258789,-0.12999999523162842,1158.0
115.0,1156.0,-6.435362147167325,77.0,0.0,142.0,98.4000015258789,1789380155000.0,154.0,106.8911753129214,1164.0,1164.0,1.6050000190734863,2117.429931640625,98.4000015258789,-0.17399999499320984,1164.0
114.19999694824219,1159.0,-6.435382179915905,77.0,0.0,144.0,97.80000305175781,1789380158000.0,154.0,106.89113650470972,1167.0,1167.0,1.6239999532699585,2122.260009765625,97.80000305175781,-0.16099999845027924,1167.0
113.19999694824219,1163.0,-6.4353973511606455,76.0,0.0,148.0,97.0,1789380162000.0,152.0,106.89108017832041,1171.0,1171.0,1.6419999599456787,2128.68994140625,97.0,-0.210999995470047,1171.0
111.80000305175781,1168.0,-6.4354203175753355,76.0,0.0,150.0,96.19999694824219,1789380167000.0,152.0,106.89101153053343,1176.0,1176.0,1.6419999599456787,2136.719970703125,96.19999694824219,-0.16500000655651093,1176.0
110.80000305175781,1178.0,-6.435479745268822,76.0,0.0,148.0,95.4000015258789,1789380177000.0,152.0,106.89087465405464,1186.0,1186.0,1.6330000162124634,2153.199951171875,95.4000015258789,-0.0820000022649765,1186.0
110.19999694824219,1187.0,-6.435528444126248,74.0,0.5,145.0,95.19999694824219,1789380186000.0,149.0,106.89074666239321,1195.0,1195.0,1.6330000162124634,2168.39990234375,95.19999694824219,-0.012000000104308128,1195.0
111.4000015258789,1197.0,-6.435591392219067,75.0,0.0,145.0,95.19999694824219,1789380196000.0,150.0,106.8905972968787,1205.0,1205.0,1.6610000133514404,2186.3701171875,95.19999694824219,-0.00800000037997961,1205.0
111.80000305175781,1209.0,-6.435661297291517,76.0,0.0,145.0,95.0,1789380208000.0,152.0,106.89042781479657,1217.0,1217.0,1.6890000104904175,2206.659912109375,95.0,-0.008999999612569809,1217.0
111.5999984741211,1210.0,-6.4356674160808325,76.0,0.0,146.0,95.0,1789380209000.0,152.0,106.89041188918054,1218.0,1218.0,1.6890000104904175,2208.5400390625,95.0,-0.013000000268220901,1218.0
111.19999694824219,1219.0,-6.435726173222065,74.0,0.5,145.0,95.5999984741211,1789380218000.0,149.0,106.89029982313514,1227.0,1227.0,1.6890000104904175,2222.56005859375,95.5999984741211,0.07100000232458115,1227.0
111.4000015258789,1229.0,-6.435851063579321,74.0,0.5,143.0,96.80000305175781,1789380228000.0,149.0,106.89021985977888,1237.0,1237.0,1.6799999475479126,2239.22998046875,96.80000305175781,0.11900000274181366,1237.0
112.19999694824219,1238.0,-6.435985509306192,75.0,0.5,143.0,98.0,1789380237000.0,151.0,106.89016671851277,1246.0,1246.0,1.6699999570846558,2255.340087890625,98.0,0.1289999932050705,1246.0
112.4000015258789,1246.0,-6.436096569523215,74.0,0.5,142.0,99.0,1789380245000.0,149.0,106.89014039933681,1254.0,1254.0,1.6699999570846558,2268.06005859375,99.0,0.12300000339746475,1254.0
113.5999984741211,1255.0,-6.436232523992658,77.0,0.0,142.0,98.80000305175781,1789380254000.0,154.0,106.8900930415839,1263.0,1263.0,1.6799999475479126,2284.0400390625,98.80000305175781,-0.017999999225139618,1263.0
114.19999694824219,1262.0,-6.436344254761934,78.0,0.5,141.0,98.5999984741211,1789380261000.0,157.0,106.89006487838924,1270.0,1270.0,1.7079999446868896,2296.7900390625,98.5999984741211,-0.0430000014603138,1270.0
114.19999694824219,1263.0,-6.436360012739897,78.0,0.5,141.0,98.4000015258789,1789380262000.0,157.0,106.89005867578089,1271.0,1271.0,1.7079999446868896,2298.669921875,98.4000015258789,-0.06700000166893005,1271.0
114.4000015258789,1272.0,-6.436499236151576,77.0,0.0,142.0,97.5999984741211,1789380271000.0,154.0,106.89000813290477,1280.0,1280.0,1.7640000581741333,2315.0400390625,97.5999984741211,-0.10100000351667404,1280.0
114.4000015258789,1283.0,-6.436669807881117,79.0,0.5,144.0,96.5999984741211,1789380282000.0,159.0,106.88993965275586,1291.0,1291.0,1.8009999990463257,2335.389892578125,96.5999984741211,-0.08299999684095383,1291.0
113.80000305175781,1290.0,-6.436792770400643,79.0,0.5,147.0,96.19999694824219,1789380289000.0,159.0,106.88987737521529,1298.0,1298.0,1.809999942779541,2350.610107421875,96.19999694824219,-0.06499999761581421,1298.0
114.5999984741211,1292.0,-6.436826381832361,80.0,0.5,148.0,96.0,1789380291000.0,161.0,106.88986086286604,1300.0,1300.0,1.819000005722046,2354.719970703125,96.0,-0.057999998331069946,1300.0
115.5999984741211,1300.0,-6.436935933306813,79.0,0.5,146.0,95.5999984741211,1789380299000.0,159.0,106.88978500664234,1308.0,1308.0,1.8380000591278076,2369.449951171875,95.5999984741211,-0.07100000232458115,1308.0
115.0,1308.0,-6.437017992138863,78.0,0.5,148.0,95.80000305175781,1789380307000.0,157.0,106.88969783484936,1316.0,1316.0,1.8380000591278076,2382.719970703125,95.80000305175781,0.02800000086426735,1316.0
114.5999984741211,1314.0,-6.437087310478091,77.0,0.5,152.0,96.0,1789380313000.0,155.0,106.8896284326911,1322.0,1322.0,1.819000005722046,2393.60009765625,96.0,0.04100000113248825,1322.0
114.4000015258789,1317.0,-6.437124274671078,77.0,0.0,155.0,96.19999694824219,1789380316000.0,154.0,106.8895975034684,1325.0,1325.0,1.809999942779541,2398.89990234375,96.19999694824219,0.0729999989271164,1325.0
114.4000015258789,1318.0,-6.4371381886303425,76.0,0.0,154.0,96.4000015258789,1789380317000.0,152.0,106.88958861865103,1326.0,1326.0,1.809999942779541,2400.719970703125,96.4000015258789,0.12200000137090683,1326.0
115.0,1327.0,-6.437257714569569,73.0,0.5,154.0,97.0,1789380326000.0,147.0,106.88952608965337,1335.0,1335.0,1.8009999990463257,2415.68994140625,97.0,0.0860000029206276,1335.0
114.5999984741211,1337.0,-6.437397105619311,75.0,0.0,152.0,97.5999984741211,1789380336000.0,150.0,106.88948250375688,1345.0,1345.0,1.7730000019073486,2431.889892578125,97.5999984741211,0.05299999937415123,1345.0
114.4000015258789,1342.0,-6.437469022348523,75.0,0.0,149.0,97.80000305175781,1789380341000.0,150.0,106.8894587829709,1350.0,1350.0,1.7640000581741333,2440.25,97.80000305175781,0.052000001072883606,1350.0
114.19999694824219,1346.0,-6.437523169443011,75.0,0.0,146.0,97.5999984741211,1789380345000.0,150.0,106.88943833112717,1354.0,1354.0,1.753999948501587,2446.659912109375,97.5999984741211,-0.06700000166893005,1354.0
114.19999694824219,1347.0,-6.4375378377735615,75.0,0.0,146.0,97.5999984741211,1789380346000.0,150.0,106.88943489454687,1355.0,1355.0,1.753999948501587,2448.330078125,97.5999984741211,-0.09000000357627869,1355.0
114.0,1358.0,-6.437687370926142,73.0,0.0,144.0,96.5999984741211,1789380357000.0,146.0,106.88938175328076,1366.0,1366.0,1.7359999418258667,2465.89990234375,96.5999984741211,-0.09000000357627869,1366.0
114.19999694824219,1369.0,-6.437854757532477,76.0,0.5,145.0,95.4000015258789,1789380368000.0,153.0,106.88932341523468,1377.0,1377.0,1.7259999513626099,2485.5400390625,95.4000015258789,-0.10700000077486038,1377.0
114.5999984741211,1380.0,-6.438029687851667,74.0,0.0,144.0,94.0,1789380379000.0,148.0,106.88926440663636,1388.0,1388.0,1.753999948501587,2505.989990234375,94.0,-0.13099999725818634,1388.0
115.0,1381.0,-6.438044440001249,74.0,0.0,144.0,94.0,1789380380000.0,148.0,106.88925971277058,1389.0,1389.0,1.7640000581741333,2507.699951171875,94.0,-0.01600000075995922,1389.0
116.19999694824219,1391.0,-6.438188357278705,74.0,0.5,145.0,94.4000015258789,1789380390000.0,149.0,106.8892137799412,1399.0,1399.0,1.7640000581741333,2524.43994140625,94.4000015258789,0.041999999433755875,1399.0
116.19999694824219,1393.0,-6.43821744248271,75.0,0.5,142.0,94.4000015258789,1789380392000.0,151.0,106.8892050627619,1401.0,1401.0,1.7640000581741333,2527.7900390625,94.4000015258789,0.03700000047683716,1401.0
116.19999694824219,1400.0,-6.438317522406578,75.0,0.5,140.0,94.5999984741211,1789380399000.0,151.0,106.88916633836925,1408.0,1408.0,1.7640000581741333,2539.68994140625,94.5999984741211,0.03200000151991844,1408.0
114.80000305175781,1408.0,-6.438438892364502,77.0,0.0,138.0,94.80000305175781,1789380407000.0,154.0,106.88912141136825,1416.0,1416.0,1.7730000019073486,2554.0400390625,94.80000305175781,0.03400000184774399,1416.0
114.80000305175781,1411.0,-6.438483064994216,78.0,0.5,139.0,95.0,1789380410000.0,157.0,106.88910473138094,1419.0,1419.0,1.781999945640564,2559.260009765625,95.0,0.032999999821186066,1419.0
115.0,1420.0,-6.438615499064326,79.0,0.5,139.0,95.5999984741211,1789380419000.0,159.0,106.88905192539096,1428.0,1428.0,1.7910000085830688,2575.02001953125,95.5999984741211,0.07100000232458115,1428.0
115.4000015258789,1426.0,-6.438709124922752,78.0,0.0,143.0,96.4000015258789,1789380425000.0,156.0,106.88902636058629,1434.0,1434.0,1.7910000085830688,2585.739990234375,96.4000015258789,0.1379999965429306,1434.0
115.4000015258789,1429.0,-6.438755979761481,77.0,0.0,145.0,96.80000305175781,1789380428000.0,154.0,106.88901278190315,1437.0,1437.0,1.7910000085830688,2591.139892578125,96.80000305175781,0.13600000739097595,1437.0
115.5999984741211,1432.0,-6.438800320029259,77.0,0.0,148.0,97.19999694824219,1789380431000.0,154.0,106.88899962231517,1440.0,1440.0,1.781999945640564,2596.25,97.19999694824219,0.12800000607967377,1440.0
116.0,1442.0,-6.438933424651623,75.0,0.5,147.0,98.5999984741211,1789380441000.0,151.0,106.88896366395056,1450.0,1450.0,1.753999948501587,2611.52001953125,98.5999984741211,0.13600000739097595,1450.0
116.19999694824219,1451.0,-6.43904959782958,74.0,0.5,147.0,100.19999694824219,1789380450000.0,149.0,106.88892376609147,1459.0,1459.0,1.7170000076293945,2625.070068359375,100.19999694824219,0.18299999833106995,1459.0
115.80000305175781,1459.0,-6.4391487557441,74.0,0.0,148.0,101.80000305175781,1789380458000.0,148.0,106.88889149576426,1467.0,1467.0,1.6799999475479126,2636.60009765625,101.80000305175781,0.1809999942779541,1467.0
116.0,1468.0,-6.439275909215212,74.0,0.0,148.0,103.19999694824219,1789380467000.0,148.0,106.88885251991451,1476.0,1476.0,1.6419999599456787,2651.2900390625,103.19999694824219,0.16099999845027924,1476.0
117.19999694824219,1480.0,-6.439430806785822,73.0,0.0,149.0,103.5999984741211,1789380479000.0,146.0,106.88879393041134,1488.0,1488.0,1.5770000219345093,2669.60009765625,103.5999984741211,0.03400000184774399,1488.0
116.80000305175781,1490.0,-6.439552595838904,73.0,0.0,146.0,104.19999694824219,1789380489000.0,146.0,106.88874816522002,1498.0,1498.0,1.5399999618530273,2684.02001953125,104.19999694824219,0.054999999701976776,1498.0
116.19999694824219,1502.0,-6.439696345478296,74.0,0.5,146.0,105.0,1789380501000.0,149.0,106.8886833731085,1510.0,1510.0,1.4839999675750732,2701.419921875,105.0,0.0689999982714653,1510.0
117.19999694824219,1511.0,-6.439819307997823,74.0,0.0,147.0,105.5999984741211,1789380510000.0,148.0,106.88864531926811,1519.0,1519.0,1.465000033378601,2715.6298828125,105.5999984741211,0.0820000022649765,1519.0
117.19999694824219,1514.0,-6.439872365444899,74.0,0.5,144.0,106.0,1789380513000.0,149.0,106.88863123767078,1522.0,1522.0,1.465000033378601,2721.68994140625,106.0,0.08100000023841858,1522.0
117.4000015258789,1521.0,-6.439957693219185,74.0,0.0,144.0,106.4000015258789,1789380520000.0,148.0,106.88859972171485,1529.0,1529.0,1.4839999675750732,2731.639892578125,106.4000015258789,0.05999999865889549,1529.0
117.5999984741211,1523.0,-6.439989292994142,74.0,0.0,143.0,106.4000015258789,1789380522000.0,148.0,106.88858949579298,1531.0,1531.0,1.4839999675750732,2735.3701171875,106.4000015258789,0.0430000014603138,1531.0
117.80000305175781,1527.0,-6.440061712637544,75.0,0.5,144.0,106.0,1789380526000.0,151.0,106.88856292515993,1535.0,1535.0,1.4839999675750732,2744.030029296875,106.0,-0.10599999874830246,1535.0
118.4000015258789,1530.0,-6.440112758427858,76.0,0.5,145.0,105.80000305175781,1789380529000.0,153.0,106.88854306004941,1538.0,1538.0,1.4839999675750732,2750.070068359375,105.80000305175781,-0.0989999994635582,1538.0
119.19999694824219,1533.0,-6.440152321010828,75.0,0.5,145.0,105.4000015258789,1789380532000.0,151.0,106.88852679915726,1541.0,1541.0,1.4930000305175781,2754.760009765625,105.4000015258789,-0.07500000298023224,1541.0
120.0,1542.0,-6.440277714282274,75.0,0.5,143.0,104.80000305175781,1789380541000.0,151.0,106.88847768120468,1550.0,1550.0,1.5119999647140503,2769.679931640625,104.80000305175781,-0.06599999964237213,1550.0
119.80000305175781,1550.0,-6.440393049269915,75.0,0.5,144.0,103.80000305175781,1789380549000.0,151.0,106.88842336647213,1558.0,1558.0,1.6050000190734863,2783.739990234375,103.80000305175781,-0.13600000739097595,1558.0
119.4000015258789,1555.0,-6.440470917150378,76.0,0.0,147.0,102.80000305175781,1789380554000.0,152.0,106.88839662820101,1563.0,1563.0,1.6419999599456787,2792.820068359375,102.80000305175781,-0.1889999955892563,1563.0
119.0,1560.0,-6.4405476953834295,75.0,0.5,148.0,102.0,1789380559000.0,151.0,106.88837592490017,1568.0,1568.0,1.6890000104904175,2801.610107421875,102.0,-0.164000004529953,1568.0
120.0,1570.0,-6.440725475549698,78.0,0.0,147.0,101.0,1789380569000.0,156.0,106.88833393156528,1578.0,1578.0,1.7730000019073486,2821.830078125,101.0,-0.09600000083446503,1578.0
121.4000015258789,1579.0,-6.440866626799107,76.0,0.0,149.0,101.0,1789380578000.0,152.0,106.88830534927547,1587.0,1587.0,1.8289999961853027,2837.89990234375,101.0,-0.017000000923871994,1587.0
121.80000305175781,1589.0,-6.441017836332321,76.0,0.5,149.0,101.4000015258789,1789380588000.0,153.0,106.88831104896963,1597.0,1597.0,1.8380000591278076,2854.719970703125,101.4000015258789,0.0430000014603138,1597.0
122.0,1601.0,-6.441182205453515,75.0,0.0,150.0,101.19999694824219,1789380600000.0,150.0,106.88838246278465,1609.0,1609.0,1.809999942779541,2874.6298828125,101.19999694824219,-0.014999999664723873,1609.0
122.80000305175781,1610.0,-6.441295696422458,75.0,0.5,151.0,100.5999984741211,1789380609000.0,151.0,106.88845823518932,1618.0,1618.0,1.7910000085830688,2889.739990234375,100.5999984741211,-0.05400000140070915,1618.0
123.4000015258789,1614.0,-6.441338276490569,74.0,0.0,154.0,100.5999984741211,1789380613000.0,148.0,106.88849662430584,1622.0,1622.0,1.781999945640564,2896.06005859375,100.5999984741211,-0.027000000700354576,1622.0
123.80000305175781,1621.0,-6.44141111522913,65.0,0.5,155.0,100.0,1789380620000.0,131.0,106.88854473643005,1629.0,1629.0,1.7640000581741333,2905.72998046875,100.0,-0.08799999952316284,1629.0
124.0,1628.0,-6.441472386941314,54.0,0.5,152.0,99.5999984741211,1789380627000.0,109.0,106.88860257156193,1636.0,1636.0,1.5019999742507935,2915.280029296875,99.5999984741211,-0.06499999761581421,1636.0
125.0,1641.0,-6.441590739414096,56.0,0.0,151.0,98.5999984741211,1789380640000.0,112.0,106.88869670033455,1649.0,1649.0,1.371999979019165,2932.02001953125,98.5999984741211,-0.07199999690055847,1649.0
125.4000015258789,1653.0,-6.441724179312587,75.0,0.0,154.0,99.0,1789380652000.0,150.0,106.88877590931952,1661.0,1661.0,1.399999976158142,2949.159912109375,99.0,0.0430000014603138,1661.0
125.0,1664.0,-6.441852757707238,74.0,0.0,153.0,100.80000305175781,1789380663000.0,148.0,106.88886735588312,1672.0,1672.0,1.4739999771118164,2966.60009765625,100.80000305175781,0.16200000047683716,1672.0
126.0,1676.0,-6.441999357193708,72.0,0.0,153.0,103.19999694824219,1789380675000.0,144.0,106.88896366395056,1684.0,1684.0,1.5019999742507935,2986.02001953125,103.19999694824219,0.1889999955892563,1684.0
126.5999984741211,1685.0,-6.442098179832101,70.0,0.0,150.0,103.80000305175781,1789380684000.0,140.0,106.88902099616826,1693.0,1693.0,1.5119999647140503,2998.6298828125,103.80000305175781,0.0820000022649765,1693.0
127.0,1690.0,-6.442153416574001,70.0,0.0,148.0,104.4000015258789,1789380689000.0,140.0,106.88905670307577,1698.0,1698.0,1.5019999742507935,3005.89990234375,104.4000015258789,0.1120000034570694,1698.0
128.1999969482422,1700.0,-6.442263973876834,72.0,0.0,145.0,105.19999694824219,1789380699000.0,144.0,106.88913624733686,1708.0,1708.0,1.4930000305175781,3020.949951171875,105.19999694824219,0.07800000160932541,1708.0
128.60000610351562,1705.0,-6.4423165284097195,72.0,0.0,142.0,105.5999984741211,1789380704000.0,144.0,106.88918368890882,1713.0,1713.0,1.4930000305175781,3028.800048828125,105.5999984741211,0.09200000017881393,1713.0
128.8000030517578,1717.0,-6.442451560869813,74.0,0.0,140.0,106.0,1789380716000.0,148.0,106.88928510993719,1725.0,1725.0,1.5399999618530273,3047.489990234375,106.0,0.027000000700354576,1725.0
128.8000030517578,1730.0,-6.442575445398688,72.0,0.0,140.0,106.0,1789380729000.0,144.0,106.88940773718059,1738.0,1738.0,1.5399999618530273,3066.77001953125,106.0,0.0,1738.0
130.8000030517578,1742.0,-6.442693378776312,74.0,0.0,141.0,106.80000305175781,1789380741000.0,148.0,106.88954109326005,1750.0,1750.0,1.5490000247955322,3086.449951171875,106.80000305175781,0.05900000035762787,1750.0
131.0,1749.0,-6.442781975492835,74.0,0.5,141.0,107.19999694824219,1789380748000.0,149.0,106.88958962447941,1757.0,1757.0,1.5679999589920044,3098.070068359375,107.19999694824219,0.05999999865889549,1757.0
130.39999389648438,1760.0,-6.442911308258772,78.0,0.5,144.0,107.5999984741211,1789380759000.0,157.0,106.88971024006605,1768.0,1768.0,1.6330000162124634,3117.840087890625,107.5999984741211,0.04899999871850014,1768.0
130.39999389648438,1762.0,-6.442932011559606,78.0,0.0,147.0,108.0,1789380761000.0,156.0,106.8897389061749,1770.0,1770.0,1.6519999504089355,3121.75,108.0,0.14000000059604645,1770.0
130.1999969482422,1766.0,-6.442976770922542,76.0,0.0,147.0,108.4000015258789,1789380765000.0,152.0,106.88977343961596,1774.0,1774.0,1.6699999570846558,3128.199951171875,108.4000015258789,0.10199999809265137,1774.0
130.1999969482422,1768.0,-6.442994540557265,76.0,0.0,147.0,108.19999694824219,1789380767000.0,152.0,106.88975298777223,1776.0,1776.0,1.6799999475479126,3131.320068359375,108.19999694824219,-0.041999999433755875,1776.0
129.60000610351562,1776.0,-6.442978614941239,78.0,0.0,145.0,107.19999694824219,1789380775000.0,156.0,106.88962348736823,1784.0,1784.0,1.6979999542236328,3146.110107421875,107.19999694824219,-0.12399999797344208,1784.0
129.1999969482422,1785.0,-6.442880546674132,77.0,0.5,146.0,106.80000305175781,1789380784000.0,155.0,106.88950194977224,1793.0,1793.0,1.7170000076293945,3163.39990234375,106.80000305175781,-0.052000001072883606,1793.0
129.39999389648438,1795.0,-6.442770827561617,75.0,0.5,149.0,106.4000015258789,1789380794000.0,151.0,106.8893728684634,1803.0,1803.0,1.7450000047683716,3182.139892578125,106.4000015258789,-0.04600000008940697,1803.0
129.39999389648438,1796.0,-6.442756578326225,75.0,0.5,150.0,106.19999694824219,1789380795000.0,151.0,106.88936163671315,1804.0,1804.0,1.7450000047683716,3184.139892578125,106.19999694824219,-0.05999999865889549,1804.0
128.1999969482422,1807.0,-6.442626239731908,76.0,0.0,151.0,105.80000305175781,1789380806000.0,152.0,106.88922492787242,1815.0,1815.0,1.7910000085830688,3205.0400390625,105.80000305175781,-0.0430000014603138,1815.0
127.0,1818.0,-6.442494057118893,76.0,0.0,150.0,105.4000015258789,1789380817000.0,152.0,106.88911370001733,1826.0,1826.0,1.781999945640564,3224.14990234375,105.4000015258789,-0.035999998450279236,1826.0
126.80000305175781,1821.0,-6.442456254735589,77.0,0.5,147.0,105.4000015258789,1789380820000.0,155.0,106.8890824355185,1829.0,1829.0,1.7730000019073486,3229.590087890625,105.4000015258789,-0.03799999877810478,1829.0
126.4000015258789,1829.0,-6.442349469289184,77.0,0.5,146.0,104.5999984741211,1789380828000.0,155.0,106.88899501226842,1837.0,1837.0,1.781999945640564,3244.840087890625,104.5999984741211,-0.10100000351667404,1837.0
126.0,1831.0,-6.442324407398701,77.0,0.0,149.0,104.19999694824219,1789380830000.0,154.0,106.88897673971951,1839.0,1839.0,1.7910000085830688,3248.260009765625,104.19999694824219,-0.11100000143051147,1839.0
125.80000305175781,1832.0,-6.442311080172658,77.0,0.0,146.0,104.19999694824219,1789380831000.0,154.0,106.88896751962602,1840.0,1840.0,1.7910000085830688,3250.050048828125,104.19999694824219,-0.11400000005960464,1840.0
125.19999694824219,1837.0,-6.442237654700875,76.0,0.0,149.0,103.80000305175781,1789380836000.0,152.0,106.88892133533955,1845.0,1845.0,1.8009999990463257,3259.639892578125,103.80000305175781,-0.08799999952316284,1845.0
125.0,1840.0,-6.442199517041445,76.0,0.0,150.0,103.5999984741211,1789380839000.0,152.0,106.88889711163938,1848.0,1848.0,1.8009999990463257,3264.639892578125,103.5999984741211,-0.03700000047683716,1848.0
124.4000015258789,1849.0,-6.442083092406392,75.0,0.5,147.0,102.5999984741211,1789380848000.0,151.0,106.88881547190249,1857.0,1857.0,1.7910000085830688,3280.389892578125,102.5999984741211,-0.11100000143051147,1857.0
123.5999984741211,1856.0,-6.441983599215746,75.0,0.5,143.0,100.19999694824219,1789380855000.0,151.0,106.88874615356326,1864.0,1864.0,1.8009999990463257,3293.830078125,100.19999694824219,-0.34700000286102295,1864.0
123.5999984741211,1857.0,-6.441968595609069,75.0,0.5,146.0,99.80000305175781,1789380856000.0,151.0,106.88873307779431,1865.0,1865.0,1.8009999990463257,3296.030029296875,99.80000305175781,-0.40400001406669617,1865.0
123.5999984741211,1858.0,-6.44195350818336,76.0,0.0,145.0,99.4000015258789,1789380857000.0,152.0,106.88872268423438,1866.0,1866.0,1.8009999990463257,3298.050048828125,99.4000015258789,-0.367000013589859,1866.0
123.4000015258789,1866.0,-6.441854350268841,74.0,0.5,145.0,98.4000015258789,1789380865000.0,149.0,106.8886645976454,1874.0,1874.0,1.809999942779541,3310.77001953125,98.4000015258789,-0.1340000033378601,1874.0
121.0,1875.0,-6.441737087443471,76.0,0.0,144.0,97.5999984741211,1789380874000.0,152.0,106.88858781941235,1883.0,1883.0,1.7730000019073486,3326.300048828125,97.5999984741211,-0.09000000357627869,1883.0
119.80000305175781,1884.0,-6.441591996699572,78.0,0.5,143.0,97.80000305175781,1789380883000.0,157.0,106.88848975114524,1892.0,1892.0,1.781999945640564,3345.659912109375,97.80000305175781,0.03099999949336052,1892.0
119.80000305175781,1889.0,-6.44150348380208,79.0,0.5,144.0,98.5999984741211,1789380888000.0,159.0,106.88842797651887,1897.0,1897.0,1.8009999990463257,3357.669921875,98.5999984741211,0.1469999998807907,1897.0
119.4000015258789,1899.0,-6.44135688431561,80.0,0.5,145.0,99.5999984741211,1789380898000.0,161.0,106.88831683248281,1907.0,1907.0,1.875,3378.010009765625,99.5999984741211,0.11299999803304672,1907.0
116.4000015258789,1909.0,-6.441190000623465,80.0,0.0,147.0,100.0,1789380908000.0,160.0,106.88822312280536,1917.0,1917.0,1.9589999914169312,3399.169921875,100.0,0.041999999433755875,1917.0
116.19999694824219,1911.0,-6.441160999238491,79.0,0.5,147.0,100.0,1789380910000.0,159.0,106.88820761628449,1919.0,1919.0,1.9780000448226929,3402.800048828125,100.0,-0.004000000189989805,1919.0
115.5999984741211,1922.0,-6.440979614853859,77.0,0.0,147.0,99.0,1789380921000.0,154.0,106.88815279863775,1930.0,1930.0,1.9780000448226929,3423.81005859375,99.0,-0.09300000220537186,1930.0
115.4000015258789,1926.0,-6.440914319828153,77.0,0.0,144.0,98.4000015258789,1789380925000.0,154.0,106.88814349472523,1934.0,1934.0,1.968999981880188,3431.110107421875,98.4000015258789,-0.14300000667572021,1934.0
115.4000015258789,1932.0,-6.440810468047857,78.0,0.0,144.0,98.0,1789380931000.0,156.0,106.88814969733357,1940.0,1940.0,1.940999984741211,3442.679931640625,98.0,-0.08500000089406967,1940.0
115.80000305175781,1943.0,-6.440623635426164,77.0,0.0,145.0,99.19999694824219,1789380942000.0,154.0,106.88820149749517,1951.0,1951.0,1.940999984741211,3464.14990234375,99.19999694824219,0.11599999666213989,1951.0
115.80000305175781,1944.0,-6.440608631819487,76.0,0.0,145.0,99.4000015258789,1789380943000.0,152.0,106.88820585608482,1952.0,1952.0,1.940999984741211,3465.8701171875,99.4000015258789,0.11699999868869781,1952.0
116.80000305175781,1952.0,-6.440486088395119,76.0,0.0,147.0,100.5999984741211,1789380951000.0,152.0,106.8882449157536,1960.0,1960.0,1.930999994277954,3480.139892578125,100.5999984741211,0.14900000393390656,1960.0
116.5999984741211,1960.0,-6.440360527485609,74.0,0.5,144.0,102.5999984741211,1789380959000.0,149.0,106.8882951233536,1968.0,1968.0,1.9129999876022339,3495.10009765625,102.5999984741211,0.24500000476837158,1968.0
116.5999984741211,1962.0,-6.440326077863574,74.0,0.5,143.0,103.0,1789380961000.0,149.0,106.88830534927547,1970.0,1970.0,1.9129999876022339,3499.06005859375,103.0,0.2849999964237213,1970.0
118.0,1969.0,-6.440224656835198,77.0,0.0,142.0,104.5999984741211,1789380968000.0,154.0,106.88835505396128,1977.0,1977.0,1.902999997138977,3511.6201171875,104.5999984741211,0.22200000286102295,1977.0
118.4000015258789,1979.0,-6.440044026821852,80.0,0.0,140.0,106.4000015258789,1789380978000.0,160.0,106.88842202536762,1987.0,1987.0,1.9129999876022339,3532.929931640625,106.4000015258789,0.17800000309944153,1987.0
118.80000305175781,1987.0,-6.439869599416852,79.0,0.5,142.0,106.19999694824219,1789380986000.0,159.0,106.88844784162939,1995.0,1995.0,1.9780000448226929,3552.47998046875,106.19999694824219,-0.029999999329447746,1995.0
118.80000305175781,1988.0,-6.439844537526369,79.0,0.5,143.0,106.0,1789380987000.0,159.0,106.88845161348581,1996.0,1996.0,1.996999979019165,3555.280029296875,106.0,-0.18000000715255737,1996.0
118.80000305175781,1992.0,-6.439762143418193,79.0,0.5,146.0,105.4000015258789,1789380991000.0,159.0,106.88847734592855,2000.0,2000.0,2.127000093460083,3564.830078125,105.4000015258789,-0.14800000190734863,2000.0
118.5999984741211,1996.0,-6.439692489802837,79.0,0.5,149.0,105.0,1789380995000.0,159.0,106.88850341364741,2004.0,2004.0,2.2669999599456787,3573.06005859375,105.0,-0.125,2004.0
117.0,2007.0,-6.439523007720709,77.0,0.0,149.0,102.80000305175781,1789381006000.0,154.0,106.88856359571218,2015.0,2015.0,2.0339999198913574,3592.949951171875,102.80000305175781,-0.1899999976158142,2015.0
115.0,2018.0,-6.4393549505621195,76.0,0.0,148.0,100.19999694824219,1789381017000.0,152.0,106.8886196706444,2026.0,2026.0,1.902999997138977,3612.550048828125,100.19999694824219,-0.2329999953508377,2026.0
113.4000015258789,2029.0,-6.439189240336418,75.0,0.5,149.0,98.19999694824219,1789381028000.0,151.0,106.8886836245656,2037.0,2037.0,1.8569999933242798,3632.219970703125,98.19999694824219,-0.18700000643730164,2037.0
114.19999694824219,2038.0,-6.439058985561132,73.0,0.5,149.0,96.80000305175781,1789381037000.0,147.0,106.88873835839331,2046.0,2046.0,1.8380000591278076,3647.889892578125,96.80000305175781,-0.16500000655651093,2046.0
114.5999984741211,2046.0,-6.438929149881005,76.0,0.0,149.0,95.19999694824219,1789381045000.0,152.0,106.88878362067044,2054.0,2054.0,1.819000005722046,3663.18994140625,95.19999694824219,-0.1899999976158142,2054.0
114.80000305175781,2055.0,-6.438776599243283,77.0,0.0,146.0,93.80000305175781,1789381054000.0,154.0,106.88881924375892,2063.0,2063.0,1.847000002861023,3680.56005859375,93.80000305175781,-0.15800000727176666,2063.0
114.5999984741211,2057.0,-6.438743071630597,77.0,0.0,147.0,93.80000305175781,1789381056000.0,154.0,106.88883173279464,2065.0,2065.0,1.8569999933242798,3684.52001953125,93.80000305175781,0.01899999938905239,2065.0
113.5999984741211,2066.0,-6.438590520992875,78.0,0.5,146.0,94.19999694824219,1789381065000.0,157.0,106.88888772390783,2074.0,2074.0,1.902999997138977,3702.5,94.19999694824219,0.0430000014603138,2074.0
112.80000305175781,2074.0,-6.438461523503065,78.0,0.5,146.0,94.0,1789381073000.0,157.0,106.8889339081943,2082.0,2082.0,1.930999994277954,3717.659912109375,94.0,-0.01600000075995922,2082.0
111.0,2085.0,-6.438279384747148,78.0,0.5,143.0,93.5999984741211,1789381084000.0,157.0,106.88899383880198,2093.0,2093.0,1.930999994277954,3738.889892578125,93.5999984741211,-0.041999999433755875,2093.0
111.0,2086.0,-6.438264045864344,77.0,0.5,143.0,93.4000015258789,1789381085000.0,155.0,106.88899677246809,2094.0,2094.0,1.930999994277954,3740.610107421875,93.4000015258789,-0.16599999368190765,2094.0
110.80000305175781,2092.0,-6.438173102214932,76.0,0.0,143.0,92.80000305175781,1789381091000.0,152.0,106.88903021626174,2100.0,2100.0,1.9220000505447388,3751.35009765625,92.80000305175781,-0.10400000214576721,2100.0
110.80000305175781,2096.0,-6.438107639551163,77.0,0.5,143.0,92.19999694824219,1789381095000.0,155.0,106.8890478182584,2104.0,2104.0,1.9220000505447388,3758.860107421875,92.19999694824219,-0.1289999932050705,2104.0
110.80000305175781,2106.0,-6.43796187825501,78.0,0.0,145.0,92.4000015258789,1789381105000.0,156.0,106.88909735530615,2114.0,2114.0,1.8849999904632568,3775.969970703125,92.4000015258789,0.006000000052154064,2114.0
110.5999984741211,2112.0,-6.437865402549505,77.0,0.5,148.0,92.80000305175781,1789381111000.0,155.0,106.88912794925272,2120.0,2120.0,1.8660000562667847,3787.169921875,92.80000305175781,0.06300000101327896,2120.0
111.4000015258789,2117.0,-6.437781751155853,77.0,0.0,149.0,92.80000305175781,1789381116000.0,154.0,106.88915074802935,2125.0,2125.0,1.875,3796.77001953125,92.80000305175781,0.02199999988079071,2125.0
112.4000015258789,2128.0,-6.4376146998256445,74.0,0.5,148.0,94.19999694824219,1789381127000.0,149.0,106.88920439220965,2136.0,2136.0,1.8569999933242798,3816.14990234375,94.19999694824219,0.1289999932050705,2136.0
112.4000015258789,2130.0,-6.437584776431322,75.0,0.5,145.0,94.4000015258789,1789381129000.0,151.0,106.88921176828444,2138.0,2138.0,1.8569999933242798,3819.56005859375,94.4000015258789,0.11999999731779099,2138.0
113.19999694824219,2140.0,-6.437445804476738,75.0,0.5,143.0,95.4000015258789,1789381139000.0,151.0,106.88925661146641,2148.0,2148.0,1.8289999961853027,3835.75,95.4000015258789,0.09099999815225601,2148.0
112.19999694824219,2148.0,-6.437343545258045,73.0,0.5,144.0,95.19999694824219,1789381147000.0,147.0,106.88929391093552,2156.0,2156.0,1.7910000085830688,3847.830078125,95.19999694824219,-0.02500000037252903,2156.0
110.4000015258789,2159.0,-6.437187977135181,75.0,0.0,146.0,94.4000015258789,1789381158000.0,150.0,106.88934747129679,2167.0,2167.0,1.7450000047683716,3866.050048828125,94.4000015258789,-0.06599999964237213,2167.0
110.4000015258789,2162.0,-6.437147241085768,75.0,0.0,149.0,93.80000305175781,1789381161000.0,150.0,106.88935920596123,2170.0,2170.0,1.7359999418258667,3870.719970703125,93.80000305175781,-0.20200000703334808,2170.0
110.80000305175781,2168.0,-6.437070211395621,74.0,0.5,149.0,93.0,1789381167000.0,149.0,106.88940329477191,2176.0,2176.0,1.7079999446868896,3880.580078125,93.0,-0.14800000190734863,2176.0
110.0,2176.0,-6.4369691256433725,76.0,0.0,150.0,92.19999694824219,1789381175000.0,152.0,106.88948929309845,2184.0,2184.0,1.6979999542236328,3895.300048828125,92.19999694824219,-0.10499999672174454,2184.0
110.80000305175781,2185.0,-6.436881870031357,73.0,0.5,149.0,92.4000015258789,1789381184000.0,147.0,106.88959616236389,2193.0,2193.0,1.6890000104904175,3910.570068359375,92.4000015258789,0.03400000184774399,2193.0
110.80000305175781,2193.0,-6.436803247779608,77.0,0.0,146.0,93.4000015258789,1789381192000.0,154.0,106.88968132250011,2201.0,2201.0,1.6799999475479126,3923.35009765625,93.4000015258789,0.11900000274181366,2201.0
110.80000305175781,2196.0,-6.436758236959577,76.0,0.0,149.0,93.5999984741211,1789381195000.0,152.0,106.88971225172281,2204.0,2204.0,1.6699999570846558,3929.39990234375,93.5999984741211,0.0729999989271164,2204.0
109.80000305175781,2205.0,-6.436619097366929,78.0,0.0,149.0,94.19999694824219,1789381204000.0,156.0,106.88978433609009,2213.0,2213.0,1.7170000076293945,3946.760009765625,94.19999694824219,0.05400000140070915,2213.0
109.0,2214.0,-6.4364593382924795,78.0,0.5,150.0,95.80000305175781,1789381213000.0,157.0,106.88984476961195,2222.0,2222.0,1.781999945640564,3965.64990234375,95.80000305175781,0.19200000166893005,2222.0
109.4000015258789,2224.0,-6.4362782053649426,80.0,0.0,152.0,96.80000305175781,1789381223000.0,160.0,106.88989304937422,2232.0,2232.0,1.8569999933242798,3986.360107421875,96.80000305175781,0.10599999874830246,2232.0
109.4000015258789,2226.0,-6.436242666095495,79.0,0.5,153.0,97.19999694824219,1789381225000.0,159.0,106.88990101218224,2234.0,2234.0,1.8660000562667847,3990.360107421875,97.19999694824219,0.1420000046491623,2234.0
109.5999984741211,2237.0,-6.436058767139912,78.0,0.5,154.0,98.19999694824219,1789381236000.0,157.0,106.88995566219091,2245.0,2245.0,1.8660000562667847,4011.580078125,98.19999694824219,0.09300000220537186,2245.0
110.80000305175781,2246.0,-6.435917532071471,76.0,0.0,157.0,97.4000015258789,1789381245000.0,152.0,106.88999815844,2254.0,2254.0,1.8660000562667847,4027.8701171875,97.4000015258789,-0.0989999994635582,2254.0
111.0,2247.0,-6.435901271179318,76.0,0.0,157.0,97.19999694824219,1789381246000.0,152.0,106.89000226557255,2255.0,2255.0,1.8660000562667847,4029.719970703125,97.19999694824219,-0.1459999978542328,2255.0
111.4000015258789,2254.0,-6.43580999225378,75.0,0.5,160.0,96.4000015258789,1789381253000.0,151.0,106.89003520645201,2262.0,2262.0,1.8289999961853027,4040.449951171875,96.4000015258789,-0.10400000214576721,2262.0
111.4000015258789,2256.0,-6.435793144628406,75.0,0.0,160.0,96.4000015258789,1789381255000.0,150.0,106.8900444265455,2264.0,2264.0,1.819000005722046,4042.570068359375,96.4000015258789,-0.027000000700354576,2264.0
111.4000015258789,2263.0,-6.435712426900864,58.0,0.0,157.0,96.0,1789381262000.0,116.0,106.8900740146637,2271.0,2271.0,1.7079999446868896,4052.070068359375,96.0,-0.05299999937415123,2271.0
111.5999984741211,2265.0,-6.435693064704537,58.0,0.0,153.0,96.0,1789381264000.0,116.0,106.89008264802396,2273.0,2273.0,1.5959999561309814,4054.409912109375,96.0,-0.039000000804662704,2273.0
111.5999984741211,2266.0,-6.435684766620398,58.0,0.5,150.0,95.80000305175781,1789381265000.0,117.0,106.89008600078523,2274.0,2274.0,1.5399999618530273,4055.389892578125,95.80000305175781,-0.035999998450279236,2274.0
111.5999984741211,2267.0,-6.435676217079163,58.0,0.5,147.0,95.80000305175781,1789381266000.0,117.0,106.89008968882263,2275.0,2275.0,1.4930000305175781,4056.409912109375,95.80000305175781,-0.03500000014901161,2275.0
110.80000305175781,2277.0,-6.435558618977666,58.0,0.5,148.0,94.80000305175781,1789381276000.0,117.0,106.89018817618489,2285.0,2285.0,1.437000036239624,4073.43994140625,94.80000305175781,-0.10000000149011612,2285.0
111.0,2284.0,-6.435488546267152,80.0,0.5,148.0,94.4000015258789,1789381283000.0,161.0,106.89029110595584,2292.0,2292.0,1.7730000019073486,4087.22998046875,94.4000015258789,-0.07400000095367432,2292.0
110.80000305175781,2293.0,-6.435435488820076,78.0,0.5,149.0,93.80000305175781,1789381292000.0,157.0,106.89042856916785,2301.0,2301.0,1.809999942779541,4103.580078125,93.80000305175781,-0.054999999701976776,2301.0
110.19999694824219,2302.0,-6.435386957600713,78.0,0.5,148.0,93.5999984741211,1789381301000.0,157.0,106.89056603237987,2310.0,2310.0,1.781999945640564,4119.740234375,93.5999984741211,-0.03200000151991844,2310.0
110.19999694824219,2312.0,-6.435321578755975,77.0,0.5,150.0,93.5999984741211,1789381311000.0,155.0,106.89071640372276,2320.0,2320.0,1.7730000019073486,4137.89013671875,93.5999984741211,0.007000000216066837,2320.0
111.5999984741211,2322.0,-6.4352603908628225,76.0,0.0,147.0,93.80000305175781,1789381321000.0,152.0,106.89087104983628,2330.0,2330.0,1.7910000085830688,4156.31982421875,93.80000305175781,0.012000000104308128,2330.0
111.4000015258789,2325.0,-6.435245051980019,76.0,0.0,146.0,93.5999984741211,1789381324000.0,152.0,106.89091606065631,2333.0,2333.0,1.8009999990463257,4161.580078125,93.5999984741211,-0.035999998450279236,2333.0
111.4000015258789,2336.0,-6.435181014239788,76.0,0.0,145.0,94.4000015258789,1789381335000.0,152.0,106.89108956605196,2344.0,2344.0,1.8009999990463257,4182.02001953125,94.4000015258789,0.07100000232458115,2344.0
111.4000015258789,2347.0,-6.435115467756987,76.0,0.0,146.0,95.80000305175781,1789381346000.0,152.0,106.89125837758183,2355.0,2355.0,1.819000005722046,4202.06005859375,95.80000305175781,0.11800000071525574,2355.0
111.19999694824219,2348.0,-6.435111947357655,76.0,0.0,146.0,96.0,1789381347000.0,152.0,106.89127329736948,2356.0,2356.0,1.819000005722046,4203.75,96.0,0.2460000067949295,2356.0
111.0,2350.0,-6.43510390073061,74.0,0.5,143.0,96.4000015258789,1789381349000.0,149.0,106.89130146056414,2358.0,2358.0,1.819000005722046,4207.0,96.4000015258789,0.21699999272823334,2358.0
110.0,2358.0,-6.435065930709243,76.0,0.0,142.0,98.0,1789381357000.0,152.0,106.8914205674082,2366.0,2366.0,1.809999942779541,4220.83984375,98.0,0.21299999952316284,2366.0
109.0,2366.0,-6.434987224638462,78.0,0.5,145.0,98.4000015258789,1789381365000.0,157.0,106.89152978360653,2374.0,2374.0,1.819000005722046,4235.759765625,98.4000015258789,0.026000000536441803,2374.0
108.80000305175781,2368.0,-6.434957887977362,79.0,0.5,147.0,98.4000015258789,1789381367000.0,159.0,106.89155392348766,2376.0,2376.0,1.819000005722046,4239.8701171875,98.4000015258789,0.006000000052154064,2376.0
109.19999694824219,2375.0,-6.434863759204745,80.0,0.0,148.0,98.5999984741211,1789381374000.0,160.0,106.89164268784225,2383.0,2383.0,1.8380000591278076,4254.16015625,98.5999984741211,0.0430000014603138,2383.0
110.19999694824219,2385.0,-6.43473400734365,78.0,0.5,148.0,99.0,1789381384000.0,157.0,106.89176640473306,2393.0,2393.0,1.875,4273.8798828125,99.0,0.041999999433755875,2393.0
111.4000015258789,2393.0,-6.434638453647494,79.0,0.5,150.0,99.19999694824219,1789381392000.0,159.0,106.89185340888798,2401.0,2401.0,1.8849999904632568,4288.259765625,99.19999694824219,0.029999999329447746,2401.0
110.4000015258789,2400.0,-6.434558322653174,78.0,0.5,147.0,99.5999984741211,1789381399000.0,157.0,106.89193546772003,2408.0,2408.0,1.875,4300.89013671875,99.5999984741211,0.041999999433755875,2408.0
110.5999984741211,2401.0,-6.434544576331973,77.0,0.5,146.0,99.5999984741211,1789381400000.0,155.0,106.89194669947028,2409.0,2409.0,1.8660000562667847,4302.77978515625,99.5999984741211,0.03999999910593033,2409.0
111.0,2404.0,-6.434509539976716,77.0,0.0,145.0,99.80000305175781,1789381403000.0,154.0,106.89197201281786,2412.0,2412.0,1.8569999933242798,4307.509765625,99.80000305175781,0.029999999329447746,2412.0
111.5999984741211,2407.0,-6.434479113668203,76.0,0.0,145.0,99.80000305175781,1789381406000.0,152.0,106.8919940572232,2415.0,2415.0,1.8380000591278076,4311.580078125,99.80000305175781,0.01899999938905239,2415.0
111.0,2414.0,-6.434372495859861,77.0,0.5,146.0,99.19999694824219,1789381413000.0,155.0,106.89207569696009,2422.0,2422.0,1.819000005722046,4326.31982421875,99.19999694824219,-0.08799999952316284,2422.0
110.80000305175781,2419.0,-6.434299824759364,78.0,0.0,149.0,98.0,1789381418000.0,156.0,106.89212649129331,2427.0,2427.0,1.819000005722046,4336.10986328125,98.0,-0.2460000067949295,2427.0
110.80000305175781,2422.0,-6.434256490319967,78.0,0.5,152.0,97.19999694824219,1789381421000.0,157.0,106.89215943217278,2430.0,2430.0,1.819000005722046,4342.1201171875,97.19999694824219,-0.24699999392032623,2430.0
110.5999984741211,2425.0,-6.434211395680904,80.0,0.0,151.0,96.4000015258789,1789381424000.0,160.0,106.89219907857478,2433.0,2433.0,1.8289999961853027,4348.759765625,96.4000015258789,-0.2639999985694885,2433.0
108.5999984741211,2434.0,-6.434095893055201,78.0,0.0,152.0,94.19999694824219,1789381433000.0,156.0,106.89228247851133,2442.0,2442.0,1.8569999933242798,4364.56005859375,94.19999694824219,-0.23899999260902405,2442.0
105.4000015258789,2443.0,-6.433962872251868,75.0,0.5,150.0,91.5999984741211,1789381442000.0,151.0,106.89233142882586,2451.0,2451.0,1.8289999961853027,4380.25,91.5999984741211,-0.2849999964237213,2451.0
103.19999694824219,2454.0,-6.433784505352378,78.0,0.0,148.0,90.0,1789381453000.0,156.0,106.89237761311233,2462.0,2462.0,1.8380000591278076,4400.66015625,90.0,-0.14900000393390656,2462.0
104.0,2464.0,-6.4336170349270105,77.0,0.5,149.0,89.80000305175781,1789381463000.0,155.0,106.89241985790431,2472.0,2472.0,1.8660000562667847,4419.7998046875,89.80000305175781,-0.029999999329447746,2472.0
104.5999984741211,2473.0,-6.433458952233195,77.0,0.5,148.0,89.5999984741211,1789381472000.0,155.0,106.89242371357977,2481.0,2481.0,1.8849999904632568,4437.31005859375,89.5999984741211,-0.007000000216066837,2481.0
105.19999694824219,2482.0,-6.433306820690632,77.0,0.5,148.0,89.5999984741211,1789381481000.0,155.0,106.89241642132401,2490.0,2490.0,1.9129999876022339,4454.2001953125,89.5999984741211,-0.003000000026077032,2490.0
105.19999694824219,2492.0,-6.433143289759755,76.0,0.5,147.0,90.0,1789381491000.0,153.0,106.89239353872836,2500.0,2500.0,1.9129999876022339,4472.52978515625,90.0,0.041999999433755875,2500.0
104.4000015258789,2499.0,-6.433035498484969,75.0,0.0,144.0,90.4000015258789,1789381498000.0,150.0,106.89239404164255,2507.0,2507.0,1.9129999876022339,4484.490234375,90.4000015258789,0.05400000140070915,2507.0
104.19999694824219,2502.0,-6.432991661131382,74.0,0.5,143.0,90.4000015258789,1789381501000.0,149.0,106.89240066334605,2510.0,2510.0,1.9129999876022339,4489.3798828125,90.4000015258789,-0.03700000047683716,2510.0
103.5999984741211,2509.0,-6.432887222617865,78.0,0.5,146.0,90.0,1789381508000.0,157.0,106.89242899417877,2517.0,2517.0,1.8849999904632568,4501.39013671875,90.0,-0.050999999046325684,2517.0
102.5999984741211,2516.0,-6.4327856339514256,78.0,0.0,148.0,89.80000305175781,1789381515000.0,156.0,106.8924726638943,2524.0,2524.0,1.8569999933242798,4513.60009765625,89.80000305175781,-0.03700000047683716,2524.0
102.5999984741211,2517.0,-6.432769540697336,78.0,0.0,148.0,89.5999984741211,1789381516000.0,156.0,106.89248037524521,2525.0,2525.0,1.8569999933242798,4515.56982421875,89.5999984741211,-0.032999999821186066,2525.0
100.5999984741211,2523.0,-6.432657558470964,79.0,0.5,150.0,89.4000015258789,1789381522000.0,159.0,106.89252505078912,2531.0,2531.0,1.8380000591278076,4528.89013671875,89.4000015258789,-0.05400000140070915,2531.0
100.19999694824219,2532.0,-6.432507019490004,76.0,0.5,149.0,88.80000305175781,1789381531000.0,153.0,106.89257224090397,2540.0,2540.0,1.8289999961853027,4546.64990234375,88.80000305175781,-0.05900000035762787,2540.0
101.80000305175781,2540.0,-6.432381123304367,77.0,0.5,147.0,89.19999694824219,1789381539000.0,155.0,106.89259923063219,2548.0,2548.0,1.809999942779541,4560.89990234375,89.19999694824219,0.057999998331069946,2548.0
101.5999984741211,2547.0,-6.432280037552118,75.0,0.5,148.0,89.4000015258789,1789381546000.0,151.0,106.89264206215739,2555.0,2555.0,1.7910000085830688,4573.02978515625,89.4000015258789,0.02800000086426735,2555.0
100.5999984741211,2555.0,-6.432162942364812,78.0,0.5,149.0,89.19999694824219,1789381554000.0,157.0,106.89268858172,2563.0,2563.0,1.7730000019073486,4586.990234375,89.19999694824219,-0.026000000536441803,2563.0
100.5999984741211,2557.0,-6.432137796655297,78.0,0.5,149.0,89.19999694824219,1789381556000.0,157.0,106.89269805327058,2565.0,2565.0,1.7730000019073486,4590.0400390625,89.19999694824219,-0.07900000363588333,2565.0
100.5999984741211,2560.0,-6.432096306234598,78.0,0.5,148.0,89.0,1789381559000.0,157.0,106.89270350150764,2568.0,2568.0,1.753999948501587,4594.64013671875,89.0,-0.032999999821186066,2568.0
101.0,2569.0,-6.431941827759147,78.0,0.0,147.0,88.80000305175781,1789381568000.0,156.0,106.89275739714503,2577.0,2577.0,1.7259999513626099,4612.72998046875,88.80000305175781,-0.024000000208616257,2577.0
102.19999694824219,2579.0,-6.431783828884363,78.0,0.5,150.0,89.0,1789381578000.0,157.0,106.89282059669495,2587.0,2587.0,1.753999948501587,4631.5400390625,89.0,0.017000000923871994,2587.0
102.0,2580.0,-6.431769747287035,77.0,0.5,150.0,89.0,1789381579000.0,155.0,106.89282604493201,2588.0,2588.0,1.753999948501587,4633.2099609375,89.0,0.023000000044703484,2588.0
101.0,2588.0,-6.431654412299395,76.0,0.0,151.0,89.0,1789381587000.0,152.0,106.8928796891123,2596.0,2596.0,1.7359999418258667,4647.08984375,89.0,0.007000000216066837,2596.0
101.0,2589.0,-6.431642258539796,76.0,0.0,151.0,89.0,1789381588000.0,152.0,106.8928849697113,2597.0,2597.0,1.7359999418258667,4648.5498046875,89.0,-0.06300000101327896,2597.0
101.19999694824219,2594.0,-6.4315734431147575,75.0,0.5,150.0,88.5999984741211,1789381593000.0,151.0,106.89290299080312,2602.0,2602.0,1.7259999513626099,4656.43017578125,88.5999984741211,-0.06300000101327896,2602.0
101.0,2603.0,-6.431460287421942,77.0,0.5,149.0,88.0,1789381602000.0,155.0,106.89295034855604,2611.0,2611.0,1.6890000104904175,4670.0400390625,88.0,-0.06400000303983688,2611.0
100.5999984741211,2606.0,-6.431415360420942,77.0,0.5,150.0,87.80000305175781,1789381605000.0,155.0,106.8929666094482,2614.0,2614.0,1.6799999475479126,4675.2900390625,87.80000305175781,-0.0729999989271164,2614.0
100.4000015258789,2610.0,-6.431350149214268,77.0,0.0,151.0,87.4000015258789,1789381609000.0,154.0,106.89298680983484,2618.0,2618.0,1.6699999570846558,4682.85009765625,87.4000015258789,-0.0949999988079071,2618.0
104.19999694824219,2619.0,-6.431208830326796,75.0,0.5,148.0,86.4000015258789,1789381618000.0,151.0,106.89303835853934,2627.0,2627.0,1.6610000133514404,4699.5,86.4000015258789,-0.12999999523162842,2627.0
104.80000305175781,2628.0,-6.431087544187903,77.0,0.5,148.0,85.4000015258789,1789381627000.0,155.0,106.8930971994996,2636.0,2636.0,1.6330000162124634,4714.27978515625,85.4000015258789,-0.09600000083446503,2636.0
102.80000305175781,2639.0,-6.430911859497428,76.0,0.0,148.0,84.4000015258789,1789381638000.0,152.0,106.89315075986087,2647.0,2647.0,1.6330000162124634,4734.41015625,84.4000015258789,-0.09300000220537186,2647.0
101.19999694824219,2647.0,-6.430792082101107,76.0,0.0,148.0,84.0,1789381646000.0,152.0,106.89319183118641,2655.0,2655.0,1.6699999570846558,4748.39013671875,84.0,-0.05700000002980232,2655.0
101.19999694824219,2649.0,-6.430773977190256,76.0,0.0,148.0,84.0,1789381648000.0,152.0,106.89320381730795,2657.0,2657.0,1.6699999570846558,4750.81005859375,84.0,0.0,2657.0
101.4000015258789,2653.0,-6.430722763761878,75.0,0.5,145.0,84.0,1789381652000.0,151.0,106.89323692582548,2661.0,2661.0,1.6699999570846558,4757.52978515625,84.0,0.0,2661.0
101.19999694824219,2655.0,-6.430689319968224,76.0,0.0,144.0,84.0,1789381654000.0,152.0,106.89324690029025,2663.0,2663.0,1.6699999570846558,4761.35986328125,84.0,0.0,2663.0
101.5999984741211,2665.0,-6.430530985817313,77.0,0.5,145.0,84.0,1789381664000.0,155.0,106.89331772737205,2673.0,2673.0,1.6799999475479126,4780.66015625,84.0,-0.0020000000949949026,2673.0
100.4000015258789,2672.0,-6.4304254576563835,77.0,0.0,146.0,83.5999984741211,1789381671000.0,154.0,106.8933395203203,2680.0,2680.0,1.7079999446868896,4792.64990234375,83.5999984741211,-0.05400000140070915,2680.0
99.4000015258789,2679.0,-6.4303341787308455,77.0,0.0,147.0,83.19999694824219,1789381678000.0,154.0,106.89338386058807,2687.0,2687.0,1.7259999513626099,4803.75,83.19999694824219,-0.04699999839067459,2687.0
98.5999984741211,2685.0,-6.430248515680432,76.0,0.0,147.0,82.80000305175781,1789381684000.0,152.0,106.89343364909291,2693.0,2693.0,1.7359999418258667,4815.14013671875,82.80000305175781,-0.06400000303983688,2693.0
98.5999984741211,2687.0,-6.430213898420334,77.0,0.0,147.0,82.4000015258789,1789381686000.0,154.0,106.8934518378228,2695.0,2695.0,1.7450000047683716,4819.3701171875,82.4000015258789,-0.24899999797344208,2695.0
98.4000015258789,2691.0,-6.4301536325365305,77.0,0.0,146.0,81.5999984741211,1789381690000.0,154.0,106.89346726052463,2699.0,2699.0,1.7640000581741333,4826.0400390625,81.5999984741211,-0.2029999941587448,2699.0
98.5999984741211,2692.0,-6.430138042196631,76.0,0.0,145.0,81.4000015258789,1789381691000.0,152.0,106.89346943981946,2700.0,2700.0,1.7640000581741333,4827.330078125,81.4000015258789,-0.21699999272823334,2700.0
98.80000305175781,2694.0,-6.4301088731735945,77.0,0.0,144.0,81.0,1789381693000.0,154.0,106.89348050393164,2702.0,2702.0,1.753999948501587,4830.7998046875,81.0,-0.1899999976158142,2702.0
97.19999694824219,2703.0,-6.429989179596305,74.0,0.5,143.0,79.4000015258789,1789381702000.0,149.0,106.89353900961578,2711.0,2711.0,1.7450000047683716,4845.330078125,79.4000015258789,-0.1679999977350235,2711.0
96.19999694824219,2711.0,-6.429873341694474,75.0,0.5,143.0,79.19999694824219,1789381710000.0,151.0,106.89358443953097,2719.0,2719.0,1.7450000047683716,4859.1201171875,79.19999694824219,-0.0430000014603138,2719.0
96.19999694824219,2712.0,-6.429854147136211,75.0,0.5,143.0,79.0,1789381711000.0,151.0,106.89358226023614,2720.0,2720.0,1.7450000047683716,4861.08984375,79.0,-0.07699999958276749,2720.0
95.80000305175781,2719.0,-6.4297504629939795,75.0,0.5,141.0,78.80000305175781,1789381718000.0,151.0,106.89361377619207,2727.0,2727.0,1.7450000047683716,4873.02001953125,78.80000305175781,-0.03700000047683716,2727.0
95.80000305175781,2726.0,-6.429620375856757,76.0,0.5,138.0,78.80000305175781,1789381725000.0,153.0,106.89359365962446,2734.0,2734.0,1.7450000047683716,4887.6201171875,78.80000305175781,0.007000000216066837,2734.0
96.0,2728.0,-6.429597996175289,75.0,0.5,138.0,78.80000305175781,1789381727000.0,151.0,106.89357773400843,2736.0,2736.0,1.7450000047683716,4890.66015625,78.80000305175781,0.012000000104308128,2736.0
96.19999694824219,2736.0,-6.42954284325242,74.0,0.0,139.0,77.80000305175781,1789381735000.0,148.0,106.89347161911428,2744.0,2744.0,1.753999948501587,4904.009765625,77.80000305175781,-0.14100000262260437,2744.0
97.80000305175781,2745.0,-6.429509650915861,74.0,0.0,139.0,77.4000015258789,1789381744000.0,148.0,106.89332770183682,2753.0,2753.0,1.7450000047683716,4920.35986328125,77.4000015258789,-0.04800000041723251,2753.0
100.80000305175781,2753.0,-6.429483750835061,74.0,0.5,138.0,77.19999694824219,1789381752000.0,149.0,106.89322091639042,2761.0,2761.0,1.7259999513626099,4932.52001953125,77.19999694824219,-0.012000000104308128,2761.0
102.4000015258789,2763.0,-6.429426753893495,73.0,0.5,140.0,77.0,1789381762000.0,147.0,106.89308068715036,2771.0,2771.0,1.6979999542236328,4949.2001953125,77.0,-0.019999999552965164,2771.0
104.80000305175781,2771.0,-6.429379815235734,74.0,0.0,139.0,76.80000305175781,1789381770000.0,148.0,106.89296007156372,2779.0,2779.0,1.6890000104904175,4962.60986328125,76.80000305175781,-0.02199999988079071,2779.0
105.19999694824219,2772.0,-6.429374869912863,74.0,0.0,139.0,76.80000305175781,1789381771000.0,148.0,106.89294355921447,2780.0,2780.0,1.6799999475479126,4964.5,76.80000305175781,-0.017999999225139618,2780.0
109.19999694824219,2778.0,-6.429304797202349,73.0,0.0,139.0,76.5999984741211,1789381777000.0,146.0,106.8928572256118,2786.0,2786.0,1.6699999570846558,4976.759765625,76.5999984741211,-0.024000000208616257,2786.0
111.0,2788.0,-6.429242100566626,74.0,0.0,138.0,76.5999984741211,1789381787000.0,148.0,106.89275790005922,2796.0,2796.0,1.6799999475479126,4990.2998046875,76.5999984741211,0.0010000000474974513,2796.0
111.0,2789.0,-6.42923891544342,74.0,0.5,138.0,76.5999984741211,1789381788000.0,149.0,106.89274113625288,2797.0,2797.0,1.6799999475479126,4992.1201171875,76.5999984741211,-0.023000000044703484,2797.0
111.4000015258789,2791.0,-6.429221900179982,74.0,0.5,138.0,76.5999984741211,1789381790000.0,149.0,106.8927300721407,2799.0,2799.0,1.6799999475479126,4994.47998046875,76.5999984741211,-0.061000000685453415,2799.0
111.5999984741211,2792.0,-6.429208237677813,74.0,0.0,139.0,76.4000015258789,1789381791000.0,148.0,106.89273593947291,2800.0,2800.0,1.6699999570846558,4996.1201171875,76.4000015258789,-0.09799999743700027,2800.0
112.19999694824219,2796.0,-6.429172866046429,75.0,0.5,139.0,76.19999694824219,1789381795000.0,151.0,106.89280400052667,2804.0,2804.0,1.6799999475479126,5004.72021484375,76.19999694824219,-0.06400000303983688,2804.0
112.19999694824219,2797.0,-6.429174961522222,75.0,0.5,140.0,76.19999694824219,1789381796000.0,151.0,106.89281799830496,2805.0,2805.0,1.6799999475479126,5006.240234375,76.19999694824219,0.014999999664723873,2805.0
112.5999984741211,2804.0,-6.4292350597679615,75.0,0.5,143.0,76.4000015258789,1789381803000.0,151.0,106.89295043237507,2812.0,2812.0,1.7079999446868896,5022.02001953125,76.4000015258789,0.017000000923871994,2812.0
113.0,2805.0,-6.429242184385657,75.0,0.5,143.0,76.4000015258789,1789381804000.0,151.0,106.89297029748559,2813.0,2813.0,1.7359999418258667,5024.35009765625,76.4000015258789,0.026000000536441803,2813.0
117.4000015258789,2814.0,-6.429284261539578,73.0,0.0,145.0,76.4000015258789,1789381813000.0,146.0,106.8930800165981,2822.0,2822.0,1.8009999990463257,5037.27978515625,76.4000015258789,0.017000000923871994,2822.0
118.0,2817.0,-6.429292056709528,73.0,0.0,142.0,76.5999984741211,1789381816000.0,146.0,106.89312242902815,2825.0,2825.0,1.7079999446868896,5041.89990234375,76.5999984741211,0.008999999612569809,2825.0
116.5999984741211,2820.0,-6.429310915991664,74.0,0.0,139.0,76.5999984741211,1789381819000.0,148.0,106.89316249452531,2828.0,2828.0,1.6610000133514404,5046.77978515625,76.5999984741211,0.023000000044703484,2828.0
116.0,2821.0,-6.42931510694325,74.0,0.0,139.0,76.5999984741211,1789381820000.0,148.0,106.89318152144551,2829.0,2829.0,1.6519999504089355,5048.89990234375,76.5999984741211,0.07500000298023224,2829.0
114.5999984741211,2830.0,-6.429356932640076,74.0,0.0,140.0,77.0,1789381829000.0,148.0,106.89331789501011,2838.0,2838.0,1.5959999561309814,5064.7001953125,77.0,0.03700000047683716,2838.0
115.0,2841.0,-6.429432621225715,74.0,0.5,142.0,77.5999984741211,1789381840000.0,149.0,106.89348670653999,2849.0,2849.0,1.6239999532699585,5084.89013671875,77.5999984741211,0.04600000008940697,2849.0
115.4000015258789,2842.0,-6.429441338405013,74.0,0.0,142.0,77.5999984741211,1789381841000.0,148.0,106.89349869266152,2850.0,2850.0,1.6239999532699585,5086.5,77.5999984741211,0.16099999845027924,2850.0
115.80000305175781,2843.0,-6.429444691166282,73.0,0.0,142.0,77.80000305175781,1789381842000.0,146.0,106.8935084156692,2851.0,2851.0,1.6239999532699585,5087.58984375,77.80000305175781,0.11699999868869781,2851.0
116.80000305175781,2846.0,-6.4294482953846455,72.0,0.5,139.0,78.19999694824219,1789381845000.0,145.0,106.8935411889106,2854.0,2854.0,1.6239999532699585,5091.240234375,78.19999694824219,0.12200000137090683,2854.0
117.19999694824219,2849.0,-6.42945290543139,71.0,0.0,140.0,78.4000015258789,1789381848000.0,142.0,106.89356633462012,2857.0,2857.0,1.5959999561309814,5094.0400390625,78.4000015258789,0.09600000083446503,2857.0
116.0,2853.0,-6.429468998685479,72.0,0.0,137.0,79.0,1789381852000.0,144.0,106.89360531046987,2861.0,2861.0,1.5399999618530273,5098.68994140625,79.0,0.11999999731779099,2861.0
114.4000015258789,2857.0,-6.429461287334561,72.0,0.5,137.0,79.4000015258789,1789381856000.0,145.0,106.89364453777671,2865.0,2865.0,1.5119999647140503,5103.22998046875,79.4000015258789,0.0989999994635582,2865.0
114.0,2858.0,-6.429452234879136,72.0,0.0,137.0,79.4000015258789,1789381857000.0,144.0,106.89365576952696,2866.0,2866.0,1.4930000305175781,5104.75,79.4000015258789,0.08900000154972076,2866.0
113.0,2862.0,-6.429406302049756,72.0,0.5,135.0,79.5999984741211,1789381861000.0,145.0,106.8937037140131,2870.0,2870.0,1.4839999675750732,5112.06005859375,79.5999984741211,0.07100000232458115,2870.0
112.4000015258789,2863.0,-6.429388867691159,72.0,0.5,134.0,79.5999984741211,1789381862000.0,145.0,106.8937137722969,2871.0,2871.0,1.4930000305175781,5114.27978515625,79.5999984741211,-0.017000000923871994,2871.0
109.4000015258789,2869.0,-6.429295660927892,74.0,0.0,132.0,79.4000015258789,1789381868000.0,148.0,106.89374352805316,2877.0,2877.0,1.5019999742507935,5124.77001953125,79.4000015258789,-0.03099999949336052,2877.0
108.19999694824219,2871.0,-6.429252829402685,74.0,0.5,132.0,79.0,1789381870000.0,149.0,106.89373824745417,2879.0,2879.0,1.5119999647140503,5129.22021484375,79.0,-0.20200000703334808,2879.0
103.80000305175781,2877.0,-6.429162807762623,74.0,0.5,135.0,79.0,1789381876000.0,149.0,106.89376858994365,2885.0,2885.0,1.5119999647140503,5139.740234375,79.0,-0.017000000923871994,2885.0
102.0,2882.0,-6.429102458059788,75.0,0.5,136.0,79.19999694824219,1789381881000.0,151.0,106.89380848780274,2890.0,2890.0,1.5210000276565552,5147.72998046875,79.19999694824219,0.05700000002980232,2890.0
99.5999984741211,2895.0,-6.4289214089512825,74.0,0.0,135.0,79.4000015258789,1789381894000.0,148.0,106.89386883750558,2903.0,2903.0,1.5490000247955322,5168.990234375,79.4000015258789,0.004999999888241291,2903.0
97.5999984741211,2904.0,-6.428786208853126,74.0,0.0,138.0,79.4000015258789,1789381903000.0,148.0,106.89391074702144,2912.0,2912.0,1.5679999589920044,5184.830078125,79.4000015258789,0.013000000268220901,2912.0
97.5999984741211,2905.0,-6.428774558007717,74.0,0.0,138.0,79.4000015258789,1789381904000.0,148.0,106.89391175284982,2913.0,2913.0,1.5770000219345093,5186.1201171875,79.4000015258789,-0.027000000700354576,2913.0
97.4000015258789,2907.0,-6.428750082850456,73.0,0.0,139.0,79.4000015258789,1789381906000.0,146.0,106.89391979947686,2915.0,2915.0,1.5770000219345093,5188.97021484375,79.4000015258789,0.014000000432133675,2915.0
97.19999694824219,2912.0,-6.428688894957304,74.0,0.0,138.0,79.5999984741211,1789381911000.0,148.0,106.8939405027777,2920.0,2920.0,1.5770000219345093,5196.18017578125,79.5999984741211,0.01600000075995922,2920.0
98.19999694824219,2920.0,-6.428587809205055,74.0,0.5,138.0,79.80000305175781,1789381919000.0,149.0,106.8939849268645,2928.0,2928.0,1.5770000219345093,5208.06005859375,79.80000305175781,0.041999999433755875,2928.0
98.5999984741211,2926.0,-6.428504157811403,74.0,0.0,139.0,80.19999694824219,1789381925000.0,148.0,106.8940147664398,2934.0,2934.0,1.5770000219345093,5217.83984375,80.19999694824219,0.04399999976158142,2934.0
98.4000015258789,2928.0,-6.428485130891204,74.0,0.5,140.0,80.19999694824219,1789381927000.0,149.0,106.89402742311358,2936.0,2936.0,1.5770000219345093,5220.35986328125,80.19999694824219,0.04600000008940697,2936.0
97.0,2933.0,-6.428433582186699,73.0,0.0,140.0,80.4000015258789,1789381932000.0,146.0,106.89404259435833,2941.0,2941.0,1.5679999589920044,5226.27001953125,80.4000015258789,0.02199999988079071,2941.0
95.0,2940.0,-6.428333669900894,71.0,0.0,137.0,80.4000015258789,1789381939000.0,142.0,106.89406178891659,2948.0,2948.0,1.5399999618530273,5237.56982421875,80.4000015258789,0.019999999552965164,2948.0
94.80000305175781,2941.0,-6.428322438150644,70.0,0.0,137.0,80.4000015258789,1789381940000.0,140.0,106.89406178891659,2949.0,2949.0,1.5399999618530273,5238.81005859375,80.4000015258789,0.0,2949.0
94.5999984741211,2944.0,-6.428290670737624,72.0,0.0,136.0,80.4000015258789,1789381943000.0,144.0,106.89407721161842,2952.0,2952.0,1.5299999713897705,5242.75,80.4000015258789,-0.017999999225139618,2952.0
94.4000015258789,2946.0,-6.4282643515616655,72.0,0.5,135.0,80.4000015258789,1789381945000.0,145.0,106.89409204758704,2954.0,2954.0,1.5299999713897705,5246.1201171875,80.4000015258789,-0.04100000113248825,2954.0
94.19999694824219,2948.0,-6.428226716816425,73.0,0.0,135.0,80.0,1789381947000.0,146.0,106.89409783110023,2956.0,2956.0,1.5210000276565552,5250.240234375,80.0,-0.11500000208616257,2956.0
95.80000305175781,2959.0,-6.428048014640808,74.0,0.5,135.0,79.5999984741211,1789381958000.0,149.0,106.8941472005099,2967.0,2967.0,1.5399999618530273,5270.5400390625,79.5999984741211,-0.04699999839067459,2967.0
97.19999694824219,2969.0,-6.427914407104254,75.0,0.5,135.0,79.19999694824219,1789381968000.0,151.0,106.89419891685247,2977.0,2977.0,1.5959999561309814,5286.919921875,79.19999694824219,-0.028999999165534973,2977.0
96.19999694824219,2976.0,-6.4278405625373125,72.0,0.0,135.0,79.19999694824219,1789381975000.0,144.0,106.8942513037473,2984.0,2984.0,1.6139999628067017,5297.10009765625,79.19999694824219,-0.010999999940395355,2984.0
95.5999984741211,2980.0,-6.427807034924626,74.0,0.5,132.0,79.0,1789381979000.0,149.0,106.89429899677634,2988.0,2988.0,1.6139999628067017,5303.91015625,79.0,-0.02800000086426735,2988.0
95.5999984741211,2982.0,-6.427825894206762,74.0,0.5,132.0,79.0,1789381981000.0,149.0,106.8943250644952,2990.0,2990.0,1.6330000162124634,5307.580078125,79.0,-0.013000000268220901,2990.0
95.4000015258789,2984.0,-6.427851375192404,76.0,0.5,133.0,79.19999694824219,1789381983000.0,153.0,106.89432590268552,2992.0,2992.0,1.6519999504089355,5310.419921875,79.19999694824219,0.04399999976158142,2992.0
95.19999694824219,2987.0,-6.4279035944491625,74.0,0.5,133.0,79.4000015258789,1789381986000.0,149.0,106.89430670812726,2995.0,2995.0,1.6699999570846558,5316.509765625,79.4000015258789,0.0860000029206276,2995.0
95.4000015258789,2990.0,-6.427941061556339,74.0,0.5,136.0,79.5999984741211,1789381989000.0,149.0,106.89429111778736,2998.0,2998.0,1.6799999475479126,5320.77001953125,79.5999984741211,0.06400000303983688,2998.0
95.5999984741211,2992.0,-6.427968135103583,74.0,0.5,137.0,79.80000305175781,1789381991000.0,149.0,106.89428793266416,3000.0,3000.0,1.6799999475479126,5322.14013671875,79.80000305175781,0.05400000140070915,3000.0
