directCorrectedElevation,directTimestamp,directHeartRate,directDoubleCadence,directUncorrectedElevation,sumDuration,directLatitude,directLongitude,directElevation,sumDistance,directRunCadence,sumElapsedDuration,directSpeed,directFractionalCadence,sumMovingDuration,directVerticalSpeed,elapsed_s
82.4000015258789,1788216859000.0,91.0,0.0,106.4000015258789,0.0,-6.429369505494833,106.89389415085316,82.4000015258789,0.0,0.0,0.0,0.0,0.0,0.0,,0.0
82.4000015258789,1788216860000.0,92.0,0.0,106.4000015258789,1.0,-6.429369505494833,106.89389423467219,82.4000015258789,0.0,0.0,1.0,0.0,0.0,0.0,0.0010000000474974513,1.0
82.0,1788216867000.0,90.0,141.0,106.4000015258789,8.0,-6.4294179528951645,106.89385978505015,82.0,6.510000228881836,70.0,8.0,0.0,0.5,0.0,-0.04600000008940697,8.0
81.4000015258789,1788216871000.0,87.0,146.0,106.4000015258789,12.0,-6.429486097767949,106.8938398361206,81.4000015258789,14.3100004196167,73.0,12.0,1.3250000476837158,0.0,4.0,-0.12099999934434891,12.0
81.19999694824219,1788216873000.0,89.0,140.0,106.19999694824219,14.0,-6.429517278447747,106.89382349140942,81.19999694824219,18.15999984741211,70.0,14.0,1.3530000448226929,0.0,6.0,-0.17399999499320984,14.0
80.19999694824219,1788216884000.0,89.0,144.0,105.19999694824219,25.0,-6.429666057229042,106.89377973787487,80.19999694824219,35.36000061035156,72.0,25.0,1.4459999799728394,0.0,17.0,-0.08399999886751175,25.0
79.80000305175781,1788216889000.0,93.0,144.0,105.0,30.0,-6.429734118282795,106.893748389557,79.80000305175781,43.56999969482422,72.0,30.0,1.4739999771118164,0.0,22.0,-0.08299999684095383,30.0
79.5999984741211,1788216892000.0,97.0,147.0,104.80000305175781,33.0,-6.429775105789304,106.89373129047453,79.5999984741211,48.47999954223633,73.0,33.0,1.4839999675750732,0.5,25.0,-0.09399999678134918,33.0
79.4000015258789,1788216894000.0,99.0,147.0,104.80000305175781,35.0,-6.429803520441055,106.89372181892395,79.4000015258789,51.779998779296875,73.0,35.0,1.4839999675750732,0.5,27.0,-0.06800000369548798,35.0
79.4000015258789,1788216896000.0,102.0,147.0,104.80000305175781,37.0,-6.429824223741889,106.89371595159173,79.4000015258789,54.150001525878906,73.0,37.0,1.4839999675750732,0.5,29.0,0.012000000104308128,37.0
79.4000015258789,1788216898000.0,105.0,147.0,104.80000305175781,39.0,-6.4298497047275305,106.8937103357166,79.4000015258789,57.0099983215332,73.0,39.0,1.4930000305175781,0.5,31.0,0.035999998450279236,39.0
79.5999984741211,1788216901000.0,110.0,147.0,104.19999694824219,42.0,-6.42988390289247,106.89370539039373,79.5999984741211,60.79999923706055,73.0,42.0,1.5019999742507935,0.5,34.0,0.03500000014901161,42.0
79.80000305175781,1788216904000.0,114.0,149.0,103.0,45.0,-6.429938469082117,106.89370522275567,79.80000305175781,66.75,74.0,45.0,1.465000033378601,0.5,37.0,0.06499999761581421,45.0
79.80000305175781,1788216907000.0,117.0,152.0,102.4000015258789,48.0,-6.4299792889505625,106.89369047060609,79.80000305175781,71.44999694824219,76.0,48.0,1.4459999799728394,0.0,40.0,0.03099999949336052,48.0
80.0,1788216908000.0,120.0,152.0,102.19999694824219,49.0,-6.4299901854246855,106.8936897162348,80.0,72.66000366210938,76.0,49.0,1.437000036239624,0.0,41.0,0.14000000059604645,49.0
80.19999694824219,1788216910000.0,123.0,148.0,102.0,51.0,-6.43000996671617,106.89368586055934,80.19999694824219,74.88999938964844,74.0,51.0,1.4179999828338623,0.0,43.0,0.13500000536441803,51.0
80.5999984741211,1788216912000.0,124.0,150.0,101.80000305175781,53.0,-6.430035615339875,106.89368736930192,80.5999984741211,77.63999938964844,75.0,53.0,1.409000039100647,0.0,45.0,0.14800000190734863,53.0
81.80000305175781,1788216920000.0,124.0,148.0,100.80000305175781,61.0,-6.430149441584945,106.89365954138339,81.80000305175781,90.69999694824219,74.0,61.0,1.409000039100647,0.0,53.0,0.15399999916553497,61.0
82.0,1788216921000.0,124.0,148.0,100.80000305175781,62.0,-6.4301645290106535,106.89365928992629,82.0,92.36000061035156,74.0,62.0,1.409000039100647,0.0,54.0,0.16300000250339508,62.0
83.0,1788216930000.0,124.0,141.0,100.4000015258789,71.0,-6.430262345820665,106.89360623247921,83.0,104.48999786376953,70.0,71.0,1.409000039100647,0.5,63.0,0.11400000005960464,71.0
83.4000015258789,1788216939000.0,124.0,138.0,99.5999984741211,80.0,-6.430367790162563,106.89355585724115,83.4000015258789,117.18000030517578,69.0,80.0,1.371999979019165,0.0,72.0,0.041999999433755875,80.0
83.80000305175781,1788216949000.0,124.0,145.0,98.80000305175781,90.0,-6.4304752461612225,106.89351889304817,83.80000305175781,129.6699981689453,72.0,90.0,1.3339999914169312,0.5,82.0,0.05000000074505806,90.0
84.4000015258789,1788216956000.0,125.0,143.0,97.0,97.0,-6.430565770715475,106.89349265769124,84.4000015258789,140.24000549316406,71.0,97.0,1.3250000476837158,0.5,89.0,0.06700000166893005,97.0
84.4000015258789,1788216961000.0,125.0,144.0,96.5999984741211,102.0,-6.4306381065398455,106.89349047839642,84.4000015258789,148.19000244140625,72.0,102.0,1.3250000476837158,0.0,94.0,-0.003000000026077032,102.0
84.19999694824219,1788216964000.0,125.0,144.0,96.19999694824219,105.0,-6.4306743163615465,106.89347731880844,84.19999694824219,152.47999572753906,72.0,105.0,1.3339999914169312,0.0,97.0,-0.03200000151991844,105.0
84.0,1788216973000.0,123.0,139.0,95.80000305175781,114.0,-6.430770205333829,106.8934341520071,84.0,164.22999572753906,69.0,114.0,1.3530000448226929,0.5,106.0,-0.02800000086426735,114.0
84.19999694824219,1788216980000.0,123.0,143.0,97.0,121.0,-6.430865004658699,106.8933960981667,84.19999694824219,175.5,71.0,121.0,1.3530000448226929,0.5,113.0,0.02800000086426735,121.0
85.0,1788216991000.0,122.0,141.0,97.19999694824219,132.0,-6.430991152301431,106.89334320835769,85.0,190.69000244140625,70.0,132.0,1.3899999856948853,0.5,124.0,0.06499999761581421,132.0
85.80000305175781,1788217004000.0,119.0,148.0,96.5999984741211,145.0,-6.431142948567867,106.89327246509492,85.80000305175781,209.22999572753906,74.0,145.0,1.4279999732971191,0.0,137.0,0.06400000303983688,145.0
85.80000305175781,1788217005000.0,119.0,148.0,96.5999984741211,146.0,-6.431151246652007,106.89326634630561,85.80000305175781,210.35000610351562,74.0,146.0,1.4279999732971191,0.0,138.0,0.03799999877810478,146.0
86.5999984741211,1788217016000.0,119.0,150.0,96.4000015258789,157.0,-6.431289715692401,106.89320079982281,86.5999984741211,227.27000427246094,75.0,157.0,1.437000036239624,0.0,149.0,0.0689999982714653,157.0
87.0,1788217023000.0,122.0,157.0,97.19999694824219,164.0,-6.431403206661344,106.8931666854769,87.0,240.36000061035156,78.0,164.0,1.465000033378601,0.5,156.0,0.06499999761581421,164.0
87.19999694824219,1788217027000.0,124.0,157.0,97.4000015258789,168.0,-6.431466406211257,106.89314489252865,87.19999694824219,247.69000244140625,78.0,168.0,1.4930000305175781,0.5,160.0,0.03400000184774399,168.0
87.4000015258789,1788217035000.0,127.0,154.0,97.80000305175781,176.0,-6.431566150858998,106.89310021698475,87.4000015258789,259.75,77.0,176.0,1.5579999685287476,0.0,168.0,0.03999999910593033,176.0
87.5999984741211,1788217037000.0,127.0,154.0,98.0,178.0,-6.431587440893054,106.89308747649193,87.5999984741211,262.489990234375,77.0,178.0,1.5579999685287476,0.0,170.0,0.04600000008940697,178.0
87.5999984741211,1788217042000.0,127.0,155.0,99.19999694824219,183.0,-6.431667488068342,106.89306727610528,87.5999984741211,271.6300048828125,77.0,183.0,1.5579999685287476,0.5,175.0,0.0010000000474974513,183.0
86.80000305175781,1788217054000.0,128.0,152.0,97.4000015258789,195.0,-6.431833365932107,106.89301857724786,86.80000305175781,290.8699951171875,76.0,195.0,1.5770000219345093,0.0,187.0,-0.057999998331069946,195.0
86.5999984741211,1788217062000.0,128.0,152.0,96.80000305175781,203.0,-6.43192975781858,106.89297465607524,86.5999984741211,302.6300048828125,76.0,203.0,1.5579999685287476,0.0,195.0,-0.019999999552965164,203.0
87.4000015258789,1788217072000.0,125.0,149.0,97.80000305175781,213.0,-6.432046685367823,106.89292369410396,87.4000015258789,316.67999267578125,74.0,213.0,1.5679999589920044,0.5,205.0,0.05999999865889549,213.0
87.4000015258789,1788217073000.0,125.0,149.0,97.5999984741211,214.0,-6.432057414203882,106.8929179944098,87.4000015258789,317.9800109863281,74.0,214.0,1.5679999589920044,0.5,206.0,0.05900000035762787,214.0
87.80000305175781,1788217078000.0,125.0,147.0,96.80000305175781,219.0,-6.432137880474329,106.8928971234709,87.80000305175781,327.04998779296875,73.0,219.0,1.5679999589920044,0.5,211.0,0.0729999989271164,219.0
88.19999694824219,1788217086000.0,123.0,150.0,97.4000015258789,227.0,-6.432251036167145,106.89285940490663,88.19999694824219,340.0899963378906,75.0,227.0,1.5859999656677246,0.0,219.0,0.0560000017285347,227.0
88.5999984741211,1788217095000.0,121.0,150.0,98.0,236.0,-6.432360587641597,106.89281397499144,88.5999984741211,353.239990234375,75.0,236.0,1.5859999656677246,0.0,228.0,0.04399999976158142,236.0
89.19999694824219,1788217106000.0,122.0,147.0,97.4000015258789,247.0,-6.432513557374477,106.89277055673301,89.19999694824219,370.69000244140625,73.0,247.0,1.5859999656677246,0.5,239.0,0.061000000685453415,247.0
90.19999694824219,1788217116000.0,123.0,150.0,97.4000015258789,257.0,-6.432651691138744,106.89271657727659,90.19999694824219,387.1600036621094,75.0,257.0,1.5770000219345093,0.0,249.0,0.10000000149011612,257.0
91.80000305175781,1788217125000.0,126.0,148.0,97.19999694824219,266.0,-6.432764427736402,106.89268422313035,91.80000305175781,400.1199951171875,74.0,266.0,1.5859999656677246,0.0,258.0,0.17800000309944153,266.0
91.5999984741211,1788217136000.0,126.0,147.0,97.19999694824219,277.0,-6.43288797698915,106.89262613654137,91.5999984741211,415.2200012207031,73.0,277.0,1.5679999589920044,0.5,269.0,-0.017000000923871994,277.0
91.5999984741211,1788217144000.0,125.0,150.0,96.4000015258789,285.0,-6.432985290884972,106.89259177073836,91.5999984741211,426.6199951171875,75.0,285.0,1.5490000247955322,0.0,277.0,0.004999999888241291,285.0
91.5999984741211,1788217153000.0,125.0,147.0,97.5999984741211,294.0,-6.433080257847905,106.89256771467626,91.5999984741211,437.5400085449219,73.0,294.0,1.5210000276565552,0.5,286.0,-0.01600000075995922,294.0
91.4000015258789,1788217157000.0,125.0,148.0,97.4000015258789,298.0,-6.433128202334046,106.89257567748427,91.4000015258789,442.7200012207031,74.0,298.0,1.4930000305175781,0.0,290.0,-0.028999999165534973,298.0
91.4000015258789,1788217159000.0,125.0,147.0,96.5999984741211,300.0,-6.433159047737718,106.89258079044521,91.4000015258789,446.1700134277344,73.0,300.0,1.4839999675750732,0.5,292.0,-0.03700000047683716,300.0
91.0,1788217166000.0,126.0,154.0,95.0,307.0,-6.433247644454241,106.89258372411132,91.0,455.8399963378906,77.0,307.0,1.4930000305175781,0.0,299.0,-0.0430000014603138,307.0
90.80000305175781,1788217176000.0,126.0,153.0,90.80000305175781,317.0,-6.433385945856571,106.89258456230164,90.80000305175781,471.05999755859375,76.0,317.0,1.4839999675750732,0.5,309.0,-0.024000000208616257,317.0
90.80000305175781,1788217183000.0,129.0,158.0,90.4000015258789,324.0,-6.433510249480605,106.89259294420481,90.80000305175781,484.8699951171875,79.0,324.0,1.4930000305175781,0.0,316.0,0.008999999612569809,324.0
90.80000305175781,1788217185000.0,130.0,158.0,91.0,326.0,-6.433543441817164,106.89259462058544,90.80000305175781,488.5400085449219,79.0,326.0,1.5119999647140503,0.0,318.0,0.006000000052154064,326.0
91.0,1788217191000.0,133.0,155.0,92.4000015258789,332.0,-6.433656178414822,106.89259068109095,91.0,501.04998779296875,77.0,332.0,1.5770000219345093,0.5,324.0,0.006000000052154064,332.0
90.80000305175781,1788217194000.0,134.0,161.0,93.19999694824219,335.0,-6.433710744604468,106.89258028753102,90.80000305175781,507.17999267578125,80.0,335.0,1.6330000162124634,0.5,327.0,-0.012000000104308128,335.0
90.80000305175781,1788217201000.0,136.0,161.0,94.19999694824219,342.0,-6.4338337909430265,106.89255790784955,90.80000305175781,521.0700073242188,80.0,342.0,1.968999981880188,0.5,334.0,-0.012000000104308128,342.0
92.19999694824219,1788217207000.0,139.0,161.0,94.5999984741211,348.0,-6.4339592680335045,106.89252681098878,92.19999694824219,535.3200073242188,80.0,348.0,2.052999973297119,0.5,340.0,0.2280000001192093,348.0
92.4000015258789,1788217209000.0,139.0,159.0,95.0,350.0,-6.433995645493269,106.89251717180014,92.4000015258789,539.4500122070312,79.0,350.0,2.0339999198913574,0.5,342.0,0.0689999982714653,350.0
93.4000015258789,1788217219000.0,142.0,159.0,95.4000015258789,360.0,-6.434177365154028,106.89245858229697,93.4000015258789,560.47998046875,79.0,360.0,2.062000036239624,0.5,352.0,0.10499999672174454,360.0
93.5999984741211,1788217220000.0,142.0,159.0,95.4000015258789,361.0,-6.43419312313199,106.89245187677443,93.5999984741211,562.3499755859375,79.0,361.0,2.0429999828338623,0.5,353.0,0.20999999344348907,361.0
94.0,1788217222000.0,145.0,159.0,95.5999984741211,363.0,-6.434225812554359,106.89243712462485,94.0,566.3099975585938,79.0,363.0,2.015000104904175,0.5,355.0,0.2240000069141388,363.0
95.0,1788217226000.0,146.0,162.0,96.0,367.0,-6.434292867779732,106.89240007661283,95.0,574.8400268554688,81.0,367.0,2.071000099182129,0.0,359.0,0.2540000081062317,367.0
97.19999694824219,1788217235000.0,147.0,159.0,96.80000305175781,376.0,-6.434413231909275,106.8922982364893,97.19999694824219,592.219970703125,79.0,376.0,2.052999973297119,0.5,368.0,0.2460000067949295,376.0
98.0,1788217243000.0,146.0,155.0,97.4000015258789,384.0,-6.434528566896915,106.89223436638713,98.0,606.8099975585938,77.0,384.0,2.015000104904175,0.5,376.0,0.09799999743700027,384.0
99.19999694824219,1788217254000.0,148.0,156.0,97.80000305175781,395.0,-6.434651026502252,106.89212875440717,99.19999694824219,624.739990234375,78.0,395.0,1.940999984741211,0.0,387.0,0.10400000214576721,395.0
100.0,1788217263000.0,146.0,155.0,99.19999694824219,404.0,-6.434748759493232,106.89205742441118,100.0,638.22998046875,77.0,404.0,1.8569999933242798,0.5,396.0,0.0860000029206276,404.0
100.0,1788217270000.0,149.0,151.0,98.80000305175781,411.0,-6.43481807783246,106.89198525622487,100.0,649.3200073242188,75.0,411.0,1.8009999990463257,0.5,403.0,0.006000000052154064,411.0
100.0,1788217272000.0,149.0,151.0,98.5999984741211,413.0,-6.434836518019438,106.89196648076177,100.0,652.25,75.0,413.0,1.7910000085830688,0.5,405.0,0.0,413.0
100.0,1788217281000.0,146.0,147.0,97.5999984741211,422.0,-6.43490944057703,106.89188576303422,100.0,664.280029296875,73.0,422.0,1.7359999418258667,0.5,414.0,0.0,422.0
100.0,1788217283000.0,144.0,148.0,97.5999984741211,424.0,-6.434932742267847,106.89186556264758,100.0,667.6900024414062,74.0,424.0,1.7259999513626099,0.0,416.0,0.0,424.0
100.80000305175781,1788217295000.0,142.0,153.0,98.80000305175781,436.0,-6.4350595604628325,106.89173262566328,100.80000305175781,687.9400024414062,76.0,436.0,1.6979999542236328,0.5,428.0,0.06700000166893005,436.0
100.80000305175781,1788217296000.0,142.0,153.0,99.0,437.0,-6.435067020356655,106.8917231541127,100.80000305175781,689.25,76.0,437.0,1.6979999542236328,0.5,429.0,0.039000000804662704,437.0
101.4000015258789,1788217307000.0,140.0,153.0,101.0,448.0,-6.435167016461492,106.89160614274442,101.4000015258789,706.2100219726562,76.0,448.0,1.6979999542236328,0.5,440.0,0.05400000140070915,448.0
101.5999984741211,1788217316000.0,138.0,148.0,101.5999984741211,457.0,-6.435247482731938,106.89148544333875,101.5999984741211,722.1799926757812,74.0,457.0,1.6799999475479126,0.0,449.0,0.02199999988079071,457.0
100.5999984741211,1788217324000.0,137.0,157.0,101.80000305175781,465.0,-6.435297103598714,106.89137622714043,100.5999984741211,735.5599975585938,78.0,465.0,1.6799999475479126,0.5,457.0,-0.12399999797344208,465.0
98.5999984741211,1788217336000.0,135.0,157.0,103.19999694824219,477.0,-6.435356447473168,106.89119576476514,98.5999984741211,756.6400146484375,78.0,477.0,1.6890000104904175,0.5,469.0,-0.17000000178813934,477.0
97.4000015258789,1788217343000.0,136.0,158.0,104.0,484.0,-6.4354014582931995,106.8911033961922,97.4000015258789,768.0399780273438,79.0,484.0,1.7359999418258667,0.0,476.0,-0.1679999977350235,484.0
96.19999694824219,1788217350000.0,137.0,154.0,103.5999984741211,491.0,-6.435443200170994,106.89100306481123,96.19999694824219,780.0999755859375,77.0,491.0,1.753999948501587,0.0,483.0,-0.17599999904632568,491.0
95.4000015258789,1788217361000.0,139.0,159.0,101.19999694824219,502.0,-6.4355092495679855,106.89084867015481,95.4000015258789,798.719970703125,79.0,502.0,1.7640000581741333,0.5,494.0,-0.06700000166893005,502.0
95.19999694824219,1788217372000.0,139.0,155.0,99.0,513.0,-6.435552332550287,106.89069855026901,95.19999694824219,816.02001953125,77.0,513.0,1.6979999542236328,0.5,505.0,-0.026000000536441803,513.0
95.19999694824219,1788217380000.0,140.0,157.0,98.4000015258789,521.0,-6.435609497129917,106.89059327356517,95.19999694824219,829.27001953125,78.0,521.0,1.6699999570846558,0.5,513.0,0.009999999776482582,521.0
95.19999694824219,1788217391000.0,139.0,155.0,99.80000305175781,532.0,-6.435672864317894,106.89042915590107,95.19999694824219,848.719970703125,77.0,532.0,1.6519999504089355,0.5,524.0,-0.012000000104308128,532.0
95.80000305175781,1788217401000.0,139.0,155.0,99.80000305175781,542.0,-6.435755677521229,106.8902965541929,95.80000305175781,866.1799926757812,77.0,542.0,1.6519999504089355,0.5,534.0,0.07599999755620956,542.0
97.4000015258789,1788217412000.0,138.0,161.0,101.5999984741211,553.0,-6.435912838205695,106.89021491445601,97.4000015258789,886.0499877929688,80.0,553.0,1.6799999475479126,0.5,545.0,0.12999999523162842,553.0
99.0,1788217422000.0,139.0,163.0,101.19999694824219,563.0,-6.4360906183719635,106.89014283008873,99.0,907.2999877929688,81.0,563.0,1.7640000581741333,0.5,555.0,0.16500000655651093,563.0
98.80000305175781,1788217430000.0,140.0,161.0,104.4000015258789,571.0,-6.436253897845745,106.89009002409875,98.80000305175781,926.3499755859375,80.0,571.0,1.9500000476837158,0.5,563.0,-0.020999999716877937,571.0
98.4000015258789,1788217435000.0,143.0,161.0,105.5999984741211,576.0,-6.43633620813489,106.8900602683425,98.4000015258789,936.0499877929688,80.0,576.0,2.0339999198913574,0.5,568.0,-0.06400000303983688,576.0
98.4000015258789,1788217436000.0,144.0,161.0,105.5999984741211,577.0,-6.4363538939505816,106.89005507156253,98.4000015258789,938.0900268554688,80.0,577.0,2.0339999198913574,0.5,569.0,-0.0560000017285347,577.0
97.80000305175781,1788217445000.0,145.0,161.0,105.19999694824219,586.0,-6.436498900875449,106.89002305269241,97.80000305175781,954.5,80.0,586.0,1.8849999904632568,0.5,578.0,-0.0729999989271164,586.0
97.19999694824219,1788217454000.0,144.0,157.0,105.0,595.0,-6.4366284012794495,106.88998181372881,97.19999694824219,969.5599975585938,78.0,595.0,1.6519999504089355,0.5,587.0,-0.06599999964237213,595.0
96.80000305175781,1788217462000.0,146.0,159.0,103.80000305175781,603.0,-6.4367356058210135,106.88993303105235,96.80000305175781,982.5599975585938,79.0,603.0,1.6419999599456787,0.5,595.0,-0.04899999871850014,603.0
96.80000305175781,1788217464000.0,146.0,159.0,103.4000015258789,605.0,-6.436761589720845,106.88992825336754,96.80000305175781,985.4500122070312,79.0,605.0,1.6419999599456787,0.5,597.0,0.012000000104308128,605.0
95.80000305175781,1788217475000.0,148.0,158.0,102.0,616.0,-6.436922438442707,106.889818450436,95.80000305175781,1007.1099853515625,79.0,616.0,1.6330000162124634,0.0,608.0,-0.09099999815225601,616.0
96.4000015258789,1788217483000.0,145.0,156.0,104.0,624.0,-6.4370218478143215,106.88974183984101,96.4000015258789,1020.97998046875,78.0,624.0,1.6610000133514404,0.0,616.0,0.07500000298023224,624.0
96.4000015258789,1788217485000.0,144.0,155.0,104.0,626.0,-6.437034923583269,106.88972407020628,96.4000015258789,1023.4400024414062,77.0,626.0,1.6610000133514404,0.5,618.0,-0.0020000000949949026,626.0
96.4000015258789,1788217492000.0,141.0,153.0,103.4000015258789,633.0,-6.437092591077089,106.8896522372961,96.4000015258789,1033.6500244140625,76.0,633.0,1.6239999532699585,0.5,625.0,0.0010000000474974513,633.0
96.5999984741211,1788217493000.0,141.0,153.0,103.4000015258789,634.0,-6.4371054992079735,106.88964201137424,96.5999984741211,1035.469970703125,76.0,634.0,1.6139999628067017,0.5,626.0,0.08500000089406967,634.0
97.0,1788217501000.0,139.0,155.0,103.0,642.0,-6.437196526676416,106.88956364057958,97.0,1048.77001953125,77.0,642.0,1.6050000190734863,0.5,634.0,0.06199999898672104,642.0
97.5999984741211,1788217513000.0,139.0,155.0,101.4000015258789,654.0,-6.437370283529162,106.88949666917324,97.5999984741211,1069.4000244140625,77.0,654.0,1.6330000162124634,0.5,646.0,0.04899999871850014,654.0
97.5999984741211,1788217524000.0,141.0,161.0,102.4000015258789,665.0,-6.437554936856031,106.88944017514586,97.5999984741211,1090.72998046875,80.0,665.0,1.6979999542236328,0.5,657.0,-0.006000000052154064,665.0
97.19999694824219,1788217527000.0,142.0,159.0,103.4000015258789,668.0,-6.43759885802865,106.88942617736757,97.19999694824219,1095.81005859375,79.0,668.0,1.7259999513626099,0.5,660.0,-0.10300000011920929,668.0
96.4000015258789,1788217538000.0,141.0,155.0,104.4000015258789,679.0,-6.437760461121798,106.88936968334019,96.4000015258789,1114.760009765625,77.0,679.0,1.7640000581741333,0.5,671.0,-0.07699999958276749,679.0
95.19999694824219,1788217548000.0,138.0,153.0,104.4000015258789,689.0,-6.437906976789236,106.88931846991181,95.19999694824219,1131.93994140625,76.0,689.0,1.7730000019073486,0.5,681.0,-0.12600000202655792,689.0
94.0,1788217559000.0,137.0,153.0,104.5999984741211,700.0,-6.43805374391377,106.8892618920654,94.0,1149.3399658203125,76.0,700.0,1.7640000581741333,0.5,692.0,-0.0989999994635582,700.0
94.4000015258789,1788217571000.0,137.0,160.0,105.19999694824219,712.0,-6.438227752223611,106.88919919542968,94.4000015258789,1169.8399658203125,80.0,712.0,1.7450000047683716,0.0,704.0,0.032999999821186066,712.0
94.80000305175781,1788217580000.0,137.0,159.0,108.0,721.0,-6.43836697563529,106.88914622180164,94.80000305175781,1186.260009765625,79.0,721.0,1.7910000085830688,0.5,713.0,0.03400000184774399,721.0
95.19999694824219,1788217593000.0,136.0,152.0,109.19999694824219,734.0,-6.438537044450641,106.88908067531884,95.19999694824219,1206.469970703125,76.0,734.0,1.7359999418258667,0.0,726.0,0.035999998450279236,734.0
96.0,1788217602000.0,135.0,153.0,109.4000015258789,743.0,-6.438655983656645,106.88904203474522,96.0,1220.1800537109375,76.0,743.0,1.6699999570846558,0.5,735.0,0.08900000154972076,743.0
97.0,1788217611000.0,136.0,158.0,108.80000305175781,752.0,-6.438769306987524,106.88899928703904,97.0,1233.56005859375,79.0,752.0,1.6330000162124634,0.0,744.0,0.10199999809265137,752.0
97.4000015258789,1788217617000.0,139.0,156.0,107.80000305175781,758.0,-6.438858238980174,106.88897212967277,97.4000015258789,1243.8299560546875,78.0,758.0,1.6050000190734863,0.0,750.0,0.08299999684095383,758.0
97.80000305175781,1788217619000.0,140.0,155.0,107.5999984741211,760.0,-6.438892185688019,106.88896089792252,97.80000305175781,1247.800048828125,77.0,760.0,1.6050000190734863,0.5,752.0,0.1550000011920929,760.0
100.0,1788217630000.0,142.0,153.0,109.5999984741211,771.0,-6.4390430599451065,106.88891764730215,100.0,1265.219970703125,76.0,771.0,1.6419999599456787,0.5,763.0,0.20600000023841858,771.0
101.0,1788217637000.0,143.0,152.0,110.0,778.0,-6.439123945310712,106.888885544613,101.0,1274.800048828125,76.0,778.0,1.6330000162124634,0.0,770.0,0.15000000596046448,778.0
101.4000015258789,1788217639000.0,143.0,150.0,109.80000305175781,780.0,-6.439148923382163,106.88887800090015,101.4000015258789,1277.6800537109375,75.0,780.0,1.6239999532699585,0.0,772.0,0.18799999356269836,780.0
103.19999694824219,1788217651000.0,142.0,155.0,108.5999984741211,792.0,-6.439316729083657,106.88882410526276,103.19999694824219,1297.199951171875,77.0,792.0,1.5679999589920044,0.5,784.0,0.1550000011920929,792.0
103.4000015258789,1788217660000.0,143.0,153.0,108.5999984741211,801.0,-6.439433237537742,106.88878110609949,103.4000015258789,1310.9000244140625,76.0,801.0,1.5770000219345093,0.5,793.0,0.024000000208616257,801.0
104.0,1788217670000.0,142.0,152.0,109.5999984741211,811.0,-6.4395625703036785,106.88873399980366,104.0,1326.1400146484375,76.0,811.0,1.5490000247955322,0.0,803.0,0.05900000035762787,811.0
104.80000305175781,1788217680000.0,141.0,150.0,109.5999984741211,821.0,-6.439679749310017,106.88869711942971,104.80000305175781,1339.75,75.0,821.0,1.5299999713897705,0.0,813.0,0.07400000095367432,821.0
105.4000015258789,1788217688000.0,141.0,150.0,109.19999694824219,829.0,-6.439781421795487,106.88866359181702,105.4000015258789,1351.5799560546875,75.0,829.0,1.4930000305175781,0.0,821.0,0.0820000022649765,829.0
106.19999694824219,1788217698000.0,141.0,153.0,111.19999694824219,839.0,-6.439929949119687,106.88860307447612,106.19999694824219,1369.3399658203125,76.0,839.0,1.4930000305175781,0.5,831.0,0.07500000298023224,839.0
106.0,1788217707000.0,140.0,156.0,112.4000015258789,848.0,-6.440066825598478,106.88855999149382,106.0,1385.239990234375,78.0,848.0,1.5210000276565552,0.0,840.0,-0.02800000086426735,848.0
105.4000015258789,1788217713000.0,139.0,153.0,112.19999694824219,854.0,-6.440147208049893,106.88853794708848,105.4000015258789,1394.4300537109375,76.0,854.0,1.5399999618530273,0.5,846.0,-0.08299999684095383,854.0
105.4000015258789,1788217714000.0,140.0,153.0,112.0,855.0,-6.440162295475602,106.88853283412755,105.4000015258789,1396.1800537109375,76.0,855.0,1.5399999618530273,0.5,847.0,-0.09000000357627869,855.0
105.0,1788217722000.0,138.0,152.0,109.5999984741211,863.0,-6.440267404541373,106.88850064761937,105.0,1408.3399658203125,76.0,863.0,1.5399999618530273,0.0,855.0,-0.05299999937415123,863.0
103.80000305175781,1788217734000.0,136.0,147.0,109.5999984741211,875.0,-6.4404192846268415,106.88845094293356,103.80000305175781,1425.97998046875,73.0,875.0,1.5399999618530273,0.5,867.0,-0.09099999815225601,875.0
102.4000015258789,1788217744000.0,137.0,153.0,108.4000015258789,885.0,-6.440553143620491,106.88840886577964,102.4000015258789,1441.5,76.0,885.0,1.5299999713897705,0.5,877.0,-0.1379999965429306,885.0
102.19999694824219,1788217746000.0,137.0,155.0,108.19999694824219,887.0,-6.440583234652877,106.88839763402939,102.19999694824219,1445.030029296875,77.0,887.0,1.5299999713897705,0.5,879.0,-0.1340000033378601,887.0
101.5999984741211,1788217753000.0,137.0,156.0,109.19999694824219,894.0,-6.440678872168064,106.88835890963674,101.5999984741211,1456.4300537109375,78.0,894.0,1.5299999713897705,0.0,886.0,-0.10000000149011612,894.0
100.80000305175781,1788217764000.0,137.0,155.0,112.0,905.0,-6.440839134156704,106.8883070256561,100.80000305175781,1475.0899658203125,77.0,905.0,1.5770000219345093,0.5,897.0,-0.07000000029802322,905.0
101.4000015258789,1788217775000.0,138.0,153.0,112.4000015258789,916.0,-6.440996043384075,106.88829629682004,101.4000015258789,1492.5699462890625,76.0,916.0,1.6050000190734863,0.5,908.0,0.052000001072883606,916.0
101.19999694824219,1788217783000.0,141.0,158.0,113.4000015258789,924.0,-6.441120095551014,106.88833728432655,101.19999694824219,1507.010009765625,79.0,924.0,1.6239999532699585,0.0,916.0,-0.01899999938905239,924.0
101.0,1788217788000.0,141.0,152.0,115.4000015258789,929.0,-6.4411903358995914,106.88836670480669,101.0,1515.4100341796875,76.0,929.0,1.6330000162124634,0.0,921.0,-0.023000000044703484,929.0
100.5999984741211,1788217797000.0,142.0,152.0,117.5999984741211,938.0,-6.441292008385062,106.88843007199466,100.5999984741211,1528.6500244140625,76.0,938.0,1.6419999599456787,0.0,930.0,-0.0560000017285347,938.0
100.0,1788217805000.0,142.0,153.0,117.5999984741211,946.0,-6.441382197663188,106.88849494792521,100.0,1540.9100341796875,76.0,946.0,1.6419999599456787,0.5,938.0,-0.0560000017285347,946.0
99.4000015258789,1788217814000.0,145.0,153.0,118.19999694824219,955.0,-6.441478002816439,106.88857901841402,99.4000015258789,1555.0400390625,76.0,955.0,1.6519999504089355,0.5,947.0,-0.08100000023841858,955.0
99.19999694824219,1788217815000.0,146.0,153.0,118.4000015258789,956.0,-6.44148881547153,106.88858672976494,99.19999694824219,1556.469970703125,76.0,956.0,1.6519999504089355,0.5,948.0,-0.08900000154972076,956.0
98.5999984741211,1788217823000.0,148.0,148.0,119.0,964.0,-6.441566431894898,106.8886437267065,98.5999984741211,1567.1400146484375,74.0,964.0,1.6330000162124634,0.0,956.0,-0.07900000363588333,964.0
98.19999694824219,1788217828000.0,145.0,152.0,118.80000305175781,969.0,-6.441618148237467,106.88867842778563,98.19999694824219,1574.030029296875,76.0,969.0,1.6050000190734863,0.0,961.0,-0.08699999749660492,969.0
98.0,1788217834000.0,143.0,147.0,119.0,975.0,-6.441683191806078,106.88871564343572,98.0,1582.280029296875,73.0,975.0,1.5679999589920044,0.5,967.0,-0.017999999225139618,975.0
98.19999694824219,1788217835000.0,139.0,147.0,119.0,976.0,-6.441694255918264,106.88872310332954,98.19999694824219,1583.75,73.0,976.0,1.5579999685287476,0.5,968.0,0.12300000339746475,976.0
98.4000015258789,1788217837000.0,143.0,142.0,119.0,978.0,-6.441713199019432,106.8887370172888,98.4000015258789,1586.3499755859375,71.0,978.0,1.5490000247955322,0.0,970.0,0.1340000033378601,978.0
99.80000305175781,1788217847000.0,141.0,145.0,118.80000305175781,988.0,-6.441808417439461,106.8888096883893,99.80000305175781,1599.5799560546875,72.0,988.0,1.4739999771118164,0.5,980.0,0.13899999856948853,988.0
100.19999694824219,1788217849000.0,138.0,144.0,118.80000305175781,990.0,-6.441824426874518,106.88882494345307,100.19999694824219,1602.0,72.0,990.0,1.4559999704360962,0.0,982.0,0.13899999856948853,990.0
101.0,1788217856000.0,139.0,142.0,118.5999984741211,997.0,-6.441902546212077,106.8888646736741,101.0,1611.699951171875,71.0,997.0,1.4279999732971191,0.0,989.0,0.12200000137090683,997.0
103.0,1788217865000.0,140.0,152.0,119.5999984741211,1006.0,-6.442011762410402,106.88893315382302,103.0,1625.969970703125,76.0,1006.0,1.465000033378601,0.0,998.0,0.23000000417232513,1006.0
103.4000015258789,1788217869000.0,140.0,150.0,120.0,1010.0,-6.442053085193038,106.88896525651217,103.4000015258789,1631.8199462890625,75.0,1010.0,1.4930000305175781,0.0,1002.0,0.06599999964237213,1010.0
103.5999984741211,1788217873000.0,139.0,148.0,120.19999694824219,1014.0,-6.442096251994371,106.88899937085807,103.5999984741211,1637.9200439453125,74.0,1014.0,1.4930000305175781,0.0,1006.0,0.07400000095367432,1014.0
104.80000305175781,1788217885000.0,139.0,152.0,121.5999984741211,1026.0,-6.442238576710224,106.88908495008945,104.80000305175781,1656.2900390625,76.0,1026.0,1.5019999742507935,0.0,1018.0,0.09300000220537186,1026.0
105.4000015258789,1788217892000.0,140.0,147.0,122.4000015258789,1033.0,-6.442323150113225,106.88914060592651,105.4000015258789,1667.510009765625,73.0,1033.0,1.5210000276565552,0.5,1025.0,0.10100000351667404,1033.0
105.80000305175781,1788217902000.0,141.0,148.0,123.19999694824219,1043.0,-6.442417614161968,106.88922367058694,105.80000305175781,1681.4200439453125,74.0,1043.0,1.5119999647140503,0.0,1035.0,0.035999998450279236,1043.0
106.0,1788217912000.0,141.0,148.0,124.4000015258789,1053.0,-6.442522639408708,106.88931788317859,106.0,1697.0999755859375,74.0,1053.0,1.5119999647140503,0.0,1045.0,0.017999999225139618,1053.0
106.0,1788217917000.0,144.0,150.0,124.80000305175781,1058.0,-6.44256915897131,106.88936591148376,106.0,1704.5,75.0,1058.0,1.5119999647140503,0.0,1050.0,0.0,1058.0
106.0,1788217920000.0,145.0,148.0,125.0,1061.0,-6.442599669098854,106.88939281739295,106.0,1708.989990234375,74.0,1061.0,1.5119999647140503,0.0,1053.0,0.0,1061.0
106.4000015258789,1788217929000.0,144.0,147.0,124.80000305175781,1070.0,-6.442672675475478,106.88948728144169,106.4000015258789,1722.219970703125,73.0,1070.0,1.5210000276565552,0.5,1062.0,0.04899999871850014,1070.0
107.19999694824219,1788217940000.0,143.0,145.0,125.4000015258789,1081.0,-6.442761775106192,106.88958995975554,107.19999694824219,1737.2900390625,72.0,1081.0,1.5019999742507935,0.5,1073.0,0.06300000101327896,1081.0
107.4000015258789,1788217950000.0,143.0,147.0,125.5999984741211,1091.0,-6.442867806181312,106.88967159949243,107.4000015258789,1752.489990234375,73.0,1091.0,1.4839999675750732,0.5,1083.0,0.028999999165534973,1091.0
107.5999984741211,1788217954000.0,140.0,150.0,125.4000015258789,1095.0,-6.442919690161943,106.88969448208809,107.5999984741211,1758.8399658203125,75.0,1095.0,1.4930000305175781,0.0,1087.0,0.03999999910593033,1095.0
107.80000305175781,1788217957000.0,137.0,150.0,125.4000015258789,1098.0,-6.442951038479805,106.88972046598792,107.80000305175781,1763.3299560546875,75.0,1098.0,1.4930000305175781,0.0,1090.0,0.10000000149011612,1098.0
108.5999984741211,1788217964000.0,137.0,147.0,125.5999984741211,1105.0,-6.443012896925211,106.88978483900428,108.5999984741211,1773.449951171875,73.0,1105.0,1.5019999742507935,0.5,1097.0,0.09799999743700027,1105.0
108.5999984741211,1788217965000.0,137.0,147.0,125.5999984741211,1106.0,-6.4430183451622725,106.88977679237723,108.5999984741211,1774.469970703125,73.0,1106.0,1.5019999742507935,0.5,1098.0,-0.03799999877810478,1106.0
107.5999984741211,1788217973000.0,134.0,152.0,126.5999984741211,1114.0,-6.443038713186979,106.88964712433517,107.5999984741211,1789.050048828125,76.0,1114.0,1.4930000305175781,0.0,1106.0,-0.1080000028014183,1114.0
107.5999984741211,1788217974000.0,133.0,152.0,126.5999984741211,1115.0,-6.4430315885692835,106.88963379710913,107.5999984741211,1790.719970703125,76.0,1115.0,1.4930000305175781,0.0,1107.0,-0.12200000137090683,1115.0
106.80000305175781,1788217985000.0,134.0,155.0,124.0,1126.0,-6.442909296602011,106.8894817493856,106.80000305175781,1812.3499755859375,77.0,1126.0,1.5579999685287476,0.5,1118.0,-0.07400000095367432,1126.0
106.5999984741211,1788217986000.0,134.0,155.0,124.0,1127.0,-6.442896807566285,106.88946758396924,106.5999984741211,1814.43994140625,77.0,1127.0,1.5679999589920044,0.5,1119.0,-0.050999999046325684,1127.0
106.4000015258789,1788217992000.0,137.0,162.0,123.5999984741211,1133.0,-6.4428245555609465,106.88938510604203,106.4000015258789,1826.5699462890625,81.0,1133.0,1.6519999504089355,0.0,1125.0,-0.04899999871850014,1133.0
106.0,1788217998000.0,137.0,162.0,122.80000305175781,1139.0,-6.44273922778666,106.88929382711649,106.0,1840.3800048828125,81.0,1139.0,1.7640000581741333,0.0,1131.0,-0.06599999964237213,1139.0
105.5999984741211,1788218007000.0,138.0,160.0,122.4000015258789,1148.0,-6.44262783229351,106.88917279243469,105.5999984741211,1858.550048828125,80.0,1148.0,1.8849999904632568,0.0,1140.0,-0.04100000113248825,1148.0
105.4000015258789,1788218015000.0,140.0,161.0,120.80000305175781,1156.0,-6.442508976906538,106.8890879675746,105.4000015258789,1874.68994140625,80.0,1156.0,1.9129999876022339,0.5,1148.0,-0.03799999877810478,1156.0
105.0,1788218021000.0,143.0,159.0,120.0,1162.0,-6.442431109026074,106.88902392983437,105.0,1885.8399658203125,79.0,1162.0,1.9220000505447388,0.5,1154.0,-0.05400000140070915,1162.0
104.5999984741211,1788218024000.0,142.0,157.0,119.80000305175781,1165.0,-6.44238693639636,106.88899006694555,104.5999984741211,1891.989990234375,78.0,1165.0,1.9220000505447388,0.5,1157.0,-0.1340000033378601,1165.0
103.5999984741211,1788218034000.0,141.0,160.0,119.5999984741211,1175.0,-6.442234385758638,106.88888135366142,103.5999984741211,1912.7099609375,80.0,1175.0,1.9500000476837158,0.0,1167.0,-0.10199999809265137,1175.0
102.5999984741211,1788218044000.0,142.0,155.0,120.5999984741211,1185.0,-6.442104214802384,106.88879200257361,102.5999984741211,1930.199951171875,77.0,1185.0,1.930999994277954,0.5,1177.0,-0.10000000149011612,1185.0
100.19999694824219,1788218051000.0,145.0,160.0,120.5999984741211,1192.0,-6.442002207040787,106.88872662372887,100.19999694824219,1943.5999755859375,80.0,1192.0,1.902999997138977,0.0,1184.0,-0.3440000116825104,1192.0
99.80000305175781,1788218052000.0,145.0,160.0,120.5999984741211,1193.0,-6.441988544538617,106.88872092403471,99.80000305175781,1945.22998046875,80.0,1193.0,1.902999997138977,0.0,1185.0,-0.27900001406669617,1193.0
97.80000305175781,1788218063000.0,145.0,160.0,122.4000015258789,1204.0,-6.441820152103901,106.88861673697829,97.80000305175781,1967.1199951171875,80.0,1204.0,1.9129999876022339,0.0,1196.0,-0.18400000035762787,1204.0
97.5999984741211,1788218065000.0,144.0,160.0,122.80000305175781,1206.0,-6.4417908154428005,106.88859963789582,97.5999984741211,1970.8800048828125,80.0,1206.0,1.9129999876022339,0.0,1198.0,-0.11400000005960464,1206.0
97.4000015258789,1788218076000.0,143.0,159.0,124.4000015258789,1217.0,-6.441635079681873,106.88849612139165,97.4000015258789,1991.5799560546875,79.0,1217.0,1.9129999876022339,0.5,1209.0,-0.026000000536441803,1217.0
98.19999694824219,1788218085000.0,143.0,157.0,123.0,1226.0,-6.441529048606753,106.88840392045677,98.19999694824219,2007.18994140625,78.0,1226.0,1.8940000534057617,0.5,1218.0,0.09000000357627869,1226.0
99.19999694824219,1788218094000.0,141.0,153.0,121.80000305175781,1235.0,-6.441411701962352,106.88832848332822,99.19999694824219,2022.6600341796875,76.0,1235.0,1.875,0.5,1227.0,0.11100000143051147,1235.0
99.80000305175781,1788218105000.0,139.0,153.0,120.5999984741211,1246.0,-6.441279770806432,106.88824038952589,99.80000305175781,2040.22998046875,76.0,1246.0,1.809999942779541,0.5,1238.0,0.06499999761581421,1246.0
99.80000305175781,1788218116000.0,137.0,152.0,118.80000305175781,1257.0,-6.441140715032816,106.88816947862506,99.80000305175781,2057.5,76.0,1257.0,1.753999948501587,0.0,1249.0,-0.0010000000474974513,1257.0
98.5999984741211,1788218128000.0,137.0,155.0,116.80000305175781,1269.0,-6.440952457487583,106.88813217915595,98.5999984741211,2078.89990234375,77.0,1269.0,1.7359999418258667,0.5,1261.0,-0.10300000011920929,1269.0
98.19999694824219,1788218140000.0,137.0,153.0,116.4000015258789,1281.0,-6.440761685371399,106.88815355300903,98.19999694824219,2100.219970703125,76.0,1281.0,1.7640000581741333,0.5,1273.0,-0.03999999910593033,1281.0
99.4000015258789,1788218151000.0,135.0,153.0,115.80000305175781,1292.0,-6.440592790022492,106.88820384442806,99.4000015258789,2119.75,76.0,1292.0,1.7640000581741333,0.5,1284.0,0.11100000143051147,1292.0
101.0,1788218159000.0,136.0,162.0,115.5999984741211,1300.0,-6.440460020676255,106.88825983554125,101.0,2135.7099609375,81.0,1300.0,1.7730000019073486,0.0,1292.0,0.19599999487400055,1300.0
103.19999694824219,1788218167000.0,136.0,159.0,115.19999694824219,1308.0,-6.440330184996128,106.88832848332822,103.19999694824219,2152.18994140625,79.0,1308.0,1.8380000591278076,0.5,1300.0,0.2800000011920929,1308.0
105.19999694824219,1788218175000.0,135.0,162.0,114.80000305175781,1316.0,-6.440188614651561,106.88838950358331,105.19999694824219,2169.330078125,81.0,1316.0,1.8849999904632568,0.0,1308.0,0.24400000274181366,1316.0
106.19999694824219,1788218181000.0,139.0,159.0,114.5999984741211,1322.0,-6.440066155046225,106.88841691240668,106.19999694824219,2183.179931640625,79.0,1322.0,1.940999984741211,0.5,1314.0,0.18000000715255737,1322.0
106.80000305175781,1788218184000.0,142.0,162.0,114.80000305175781,1325.0,-6.440010499209166,106.88843300566077,106.80000305175781,2189.56005859375,81.0,1325.0,1.9500000476837158,0.0,1317.0,0.1720000058412552,1325.0
105.80000305175781,1788218193000.0,142.0,164.0,114.5999984741211,1334.0,-6.439820816740394,106.88846603035927,105.80000305175781,2210.949951171875,82.0,1334.0,2.0339999198913574,0.0,1326.0,-0.10199999809265137,1334.0
105.5999984741211,1788218194000.0,142.0,164.0,114.80000305175781,1335.0,-6.439798437058926,106.88847214914858,105.5999984741211,2213.510009765625,82.0,1335.0,2.0429999828338623,0.0,1327.0,-0.16099999845027924,1335.0
104.5999984741211,1788218201000.0,145.0,167.0,115.80000305175781,1342.0,-6.43965451978147,106.88850819133222,104.5999984741211,2229.9599609375,83.0,1342.0,2.0899999141693115,0.5,1334.0,-0.14800000190734863,1342.0
103.5999984741211,1788218204000.0,148.0,167.0,116.19999694824219,1345.0,-6.439588638022542,106.88852587714791,103.5999984741211,2237.5,83.0,1345.0,2.1089999675750732,0.5,1337.0,-0.31200000643730164,1345.0
101.4000015258789,1788218212000.0,150.0,161.0,116.80000305175781,1353.0,-6.439451007172465,106.88857750967145,101.4000015258789,2253.760009765625,80.0,1353.0,2.1459999084472656,0.5,1345.0,-0.27900001406669617,1353.0
100.0,1788218221000.0,151.0,155.0,115.0,1362.0,-6.439328547567129,106.88863425515592,100.0,2268.679931640625,77.0,1362.0,2.0899999141693115,0.5,1354.0,-0.16300000250339508,1362.0
99.4000015258789,1788218224000.0,148.0,155.0,115.0,1365.0,-6.439287643879652,106.88864749856293,99.4000015258789,2273.429931640625,77.0,1365.0,2.0429999828338623,0.5,1357.0,-0.18199999630451202,1365.0
98.4000015258789,1788218230000.0,145.0,153.0,114.4000015258789,1371.0,-6.439211200922728,106.88867415301502,98.4000015258789,2282.39990234375,76.0,1371.0,1.902999997138977,0.5,1363.0,-0.16500000655651093,1371.0
98.0,1788218232000.0,145.0,152.0,114.19999694824219,1373.0,-6.439182031899691,106.88868437893689,98.0,2285.81005859375,76.0,1373.0,1.8289999961853027,0.0,1365.0,-0.20200000703334808,1373.0
96.19999694824219,1788218242000.0,142.0,150.0,113.4000015258789,1383.0,-6.439038282260299,106.8887351732701,96.19999694824219,2302.659912109375,75.0,1383.0,1.753999948501587,0.0,1375.0,-0.1770000010728836,1383.0
96.0,1788218243000.0,142.0,150.0,113.4000015258789,1384.0,-6.439025290310383,106.88873768784106,96.0,2304.1201171875,75.0,1384.0,1.753999948501587,0.0,1376.0,-0.1889999955892563,1384.0
94.0,1788218255000.0,139.0,150.0,113.0,1396.0,-6.438851868733764,106.88878915272653,94.0,2324.139892578125,75.0,1396.0,1.6890000104904175,0.0,1388.0,-0.17100000381469727,1396.0
93.80000305175781,1788218263000.0,139.0,153.0,112.4000015258789,1404.0,-6.438733180984855,106.88883089460433,93.80000305175781,2338.06005859375,76.0,1404.0,1.7170000076293945,0.5,1396.0,-0.029999999329447746,1404.0
94.19999694824219,1788218272000.0,142.0,156.0,111.19999694824219,1413.0,-6.438591778278351,106.88888018019497,94.19999694824219,2354.6201171875,78.0,1413.0,1.7640000581741333,0.0,1405.0,0.039000000804662704,1413.0
94.19999694824219,1788218273000.0,141.0,156.0,111.19999694824219,1414.0,-6.438575265929103,106.88888504169881,94.19999694824219,2356.52001953125,78.0,1414.0,1.7730000019073486,0.0,1406.0,-0.024000000208616257,1414.0
94.0,1788218282000.0,139.0,153.0,110.4000015258789,1423.0,-6.438436293974519,106.8889307230711,94.0,2372.739990234375,76.0,1423.0,1.7910000085830688,0.5,1415.0,-0.01899999938905239,1423.0
94.0,1788218292000.0,137.0,124.0,110.0,1433.0,-6.438318695873022,106.88896634615958,94.0,2386.31005859375,62.0,1433.0,1.7259999513626099,0.0,1425.0,0.004000000189989805,1433.0
92.80000305175781,1788218302000.0,136.0,117.0,110.4000015258789,1443.0,-6.438200091943145,106.88899643719196,92.80000305175781,2399.8798828125,58.0,1443.0,1.465000033378601,0.5,1435.0,-0.12399999797344208,1443.0
91.80000305175781,1788218312000.0,137.0,119.0,110.5999984741211,1453.0,-6.4380785543471575,106.88902921043336,91.80000305175781,2413.820068359375,59.0,1453.0,1.4179999828338623,0.5,1445.0,-0.09600000083446503,1453.0
92.4000015258789,1788218323000.0,137.0,158.0,110.0,1464.0,-6.43791108392179,106.88909861259162,92.4000015258789,2433.8701171875,79.0,1464.0,1.6979999542236328,0.0,1456.0,0.05400000140070915,1464.0
92.4000015258789,1788218324000.0,136.0,158.0,110.0,1465.0,-6.437892811372876,106.88910339027643,92.4000015258789,2435.949951171875,79.0,1465.0,1.7170000076293945,0.0,1457.0,0.019999999552965164,1465.0
92.5999984741211,1788218329000.0,137.0,160.0,110.19999694824219,1470.0,-6.437805220484734,106.88913524150848,92.5999984741211,2446.27001953125,80.0,1470.0,1.7910000085830688,0.0,1462.0,0.052000001072883606,1470.0
92.80000305175781,1788218333000.0,139.0,160.0,110.80000305175781,1474.0,-6.437736069783568,106.88915150240064,92.80000305175781,2454.10009765625,80.0,1474.0,1.8380000591278076,0.0,1466.0,0.054999999701976776,1474.0
94.19999694824219,1788218341000.0,141.0,159.0,111.19999694824219,1482.0,-6.43760765902698,106.88920045271516,94.19999694824219,2469.27001953125,79.0,1482.0,1.875,0.5,1474.0,0.1679999977350235,1482.0
95.4000015258789,1788218350000.0,142.0,155.0,112.19999694824219,1491.0,-6.437469189986587,106.88924227841198,95.4000015258789,2485.27001953125,77.0,1491.0,1.8380000591278076,0.5,1483.0,0.12300000339746475,1491.0
95.19999694824219,1788218357000.0,139.0,156.0,112.4000015258789,1498.0,-6.437365086749196,106.88927739858627,95.19999694824219,2497.43994140625,78.0,1498.0,1.809999942779541,0.0,1490.0,-0.01899999938905239,1498.0
95.0,1788218360000.0,139.0,155.0,112.4000015258789,1501.0,-6.437325943261385,106.88929131254554,95.0,2502.0400390625,77.0,1501.0,1.8009999990463257,0.5,1493.0,-0.04399999976158142,1501.0
94.4000015258789,1788218370000.0,139.0,153.0,112.19999694824219,1511.0,-6.437183953821659,106.88934738747776,94.4000015258789,2518.969970703125,76.0,1511.0,1.7730000019073486,0.5,1503.0,-0.06400000303983688,1511.0
93.4000015258789,1788218377000.0,140.0,159.0,111.4000015258789,1518.0,-6.437094435095787,106.8894003611058,93.4000015258789,2530.550048828125,79.0,1518.0,1.7730000019073486,0.5,1510.0,-0.14800000190734863,1518.0
92.4000015258789,1788218386000.0,142.0,159.0,111.0,1527.0,-6.436990415677428,106.88948485068977,92.4000015258789,2545.330078125,79.0,1527.0,1.7450000047683716,0.5,1519.0,-0.10499999672174454,1527.0
92.19999694824219,1788218393000.0,145.0,160.0,109.5999984741211,1534.0,-6.436911374330521,106.8895763810724,92.19999694824219,2558.760009765625,80.0,1534.0,1.7259999513626099,0.0,1526.0,-0.019999999552965164,1534.0
93.0,1788218398000.0,145.0,157.0,109.0,1539.0,-6.436853790655732,106.88964108936489,93.0,2568.260009765625,78.0,1539.0,1.7170000076293945,0.5,1531.0,0.14499999582767487,1539.0
93.80000305175781,1788218407000.0,144.0,153.0,108.5999984741211,1548.0,-6.4367476757615805,106.88972197473049,93.80000305175781,2583.1201171875,76.0,1548.0,1.7170000076293945,0.5,1540.0,0.07900000363588333,1548.0
94.0,1788218415000.0,142.0,157.0,108.80000305175781,1556.0,-6.436626138165593,106.8897764571011,94.0,2597.840087890625,78.0,1556.0,1.7079999446868896,0.5,1548.0,0.024000000208616257,1556.0
95.19999694824219,1788218423000.0,142.0,157.0,109.19999694824219,1564.0,-6.436489848420024,106.8898115772754,95.19999694824219,2613.3798828125,78.0,1564.0,1.7170000076293945,0.5,1556.0,0.15600000321865082,1564.0
96.19999694824219,1788218431000.0,142.0,161.0,110.0,1572.0,-6.436361689120531,106.88985038548708,96.19999694824219,2628.159912109375,80.0,1572.0,1.753999948501587,0.5,1564.0,0.13099999725818634,1572.0
97.19999694824219,1788218440000.0,140.0,158.0,110.0,1581.0,-6.436231601983309,106.88989388756454,97.19999694824219,2643.3701171875,79.0,1581.0,1.7640000581741333,0.0,1573.0,0.11299999803304672,1581.0
98.0,1788218447000.0,141.0,153.0,110.19999694824219,1588.0,-6.43613294698298,106.88992221839726,98.0,2654.780029296875,76.0,1588.0,1.7640000581741333,0.5,1580.0,0.11599999666213989,1588.0
97.4000015258789,1788218459000.0,143.0,156.0,111.19999694824219,1600.0,-6.435943432152271,106.88998340629041,97.4000015258789,2676.7900390625,78.0,1600.0,1.7640000581741333,0.0,1592.0,-0.04800000041723251,1600.0
97.4000015258789,1788218460000.0,144.0,155.0,111.19999694824219,1601.0,-6.435929602012038,106.88998835161328,97.4000015258789,2678.409912109375,77.0,1601.0,1.7730000019073486,0.5,1593.0,-0.10300000011920929,1601.0
96.4000015258789,1788218469000.0,144.0,160.0,110.80000305175781,1610.0,-6.435785684734583,106.89004266634583,96.4000015258789,2695.52001953125,80.0,1610.0,1.7910000085830688,0.0,1602.0,-0.11699999868869781,1610.0
95.80000305175781,1788218478000.0,141.0,155.0,111.4000015258789,1619.0,-6.435659201815724,106.89010787755251,95.80000305175781,2711.340087890625,77.0,1619.0,1.7910000085830688,0.5,1611.0,-0.04899999871850014,1619.0
94.80000305175781,1788218488000.0,139.0,157.0,112.80000305175781,1629.0,-6.435556942597032,106.89022589474916,94.80000305175781,2728.68994140625,78.0,1629.0,1.7730000019073486,0.5,1621.0,-0.11599999666213989,1629.0
94.0,1788218497000.0,140.0,161.0,111.5999984741211,1638.0,-6.435488881543279,106.89036109484732,94.0,2745.39990234375,80.0,1638.0,1.781999945640564,0.5,1630.0,-0.0689999982714653,1638.0
94.0,1788218498000.0,140.0,161.0,111.5999984741211,1639.0,-6.435480834916234,106.89037173986435,94.0,2746.8701171875,80.0,1639.0,1.781999945640564,0.5,1631.0,-0.03799999877810478,1639.0
93.80000305175781,1788218505000.0,140.0,158.0,111.4000015258789,1646.0,-6.4354403503239155,106.89046813175082,93.80000305175781,2758.510009765625,79.0,1646.0,1.7910000085830688,0.0,1638.0,-0.05000000074505806,1646.0
93.5999984741211,1788218508000.0,137.0,157.0,111.19999694824219,1649.0,-6.435425346717238,106.89051180146635,93.5999984741211,2763.6201171875,78.0,1649.0,1.7910000085830688,0.5,1641.0,-0.019999999552965164,1649.0
93.80000305175781,1788218516000.0,138.0,159.0,110.80000305175781,1657.0,-6.435380754992366,106.89064616337419,93.80000305175781,2779.239990234375,79.0,1657.0,1.7910000085830688,0.5,1649.0,0.019999999552965164,1657.0
93.80000305175781,1788218518000.0,141.0,159.0,110.80000305175781,1659.0,-6.4353693556040525,106.8906763382256,93.80000305175781,2782.800048828125,79.0,1659.0,1.8009999990463257,0.5,1651.0,0.013000000268220901,1659.0
93.80000305175781,1788218523000.0,144.0,159.0,111.0,1664.0,-6.435333816334605,106.89075831323862,93.80000305175781,2792.699951171875,79.0,1664.0,1.819000005722046,0.5,1656.0,0.00800000037997961,1664.0
94.0,1788218526000.0,144.0,159.0,111.19999694824219,1667.0,-6.435316884890199,106.89080751501024,94.0,2798.47998046875,79.0,1667.0,1.8289999961853027,0.5,1659.0,0.017999999225139618,1667.0
94.0,1788218534000.0,143.0,155.0,110.80000305175781,1675.0,-6.435273047536612,106.8909218441695,94.0,2812.0,77.0,1675.0,1.847000002861023,0.5,1667.0,0.012000000104308128,1675.0
95.19999694824219,1788218544000.0,143.0,155.0,108.5999984741211,1685.0,-6.435233484953642,106.89107079058886,95.19999694824219,2829.070068359375,77.0,1685.0,1.819000005722046,0.5,1677.0,0.12600000202655792,1685.0
95.80000305175781,1788218551000.0,143.0,159.0,107.5999984741211,1692.0,-6.435190485790372,106.8911758158356,95.80000305175781,2841.64990234375,79.0,1692.0,1.809999942779541,0.5,1684.0,0.08299999684095383,1692.0
97.19999694824219,1788218558000.0,143.0,157.0,107.0,1699.0,-6.435156119987369,106.89128201454878,97.19999694824219,2854.0400390625,78.0,1699.0,1.809999942779541,0.5,1691.0,0.17599999904632568,1699.0
98.5999984741211,1788218568000.0,142.0,158.0,106.4000015258789,1709.0,-6.435092333704233,106.89142920076847,98.5999984741211,2871.840087890625,79.0,1709.0,1.8009999990463257,0.0,1701.0,0.15000000596046448,1709.0
98.5999984741211,1788218575000.0,139.0,159.0,106.5999984741211,1716.0,-6.43501446582377,106.89151712693274,98.5999984741211,2884.969970703125,79.0,1716.0,1.7910000085830688,0.5,1708.0,0.0010000000474974513,1716.0
98.5999984741211,1788218576000.0,139.0,157.0,106.80000305175781,1717.0,-6.435001390054822,106.89153062179685,98.5999984741211,2887.02001953125,78.0,1717.0,1.7910000085830688,0.5,1709.0,-0.09099999815225601,1717.0
98.5999984741211,1788218583000.0,139.0,162.0,107.80000305175781,1724.0,-6.43490843474865,106.89161142334342,98.5999984741211,2900.510009765625,81.0,1724.0,1.809999942779541,0.0,1716.0,0.004999999888241291,1724.0
98.80000305175781,1788218589000.0,142.0,162.0,109.80000305175781,1730.0,-6.43482344225049,106.89168250188231,98.80000305175781,2912.739990234375,81.0,1730.0,1.8289999961853027,0.0,1722.0,0.03400000184774399,1730.0
99.0,1788218592000.0,143.0,162.0,109.80000305175781,1733.0,-6.434779269620776,106.89172441139817,99.0,2919.429931640625,81.0,1733.0,1.8380000591278076,0.0,1725.0,0.04800000041723251,1733.0
99.19999694824219,1788218600000.0,145.0,165.0,110.4000015258789,1741.0,-6.434661252424121,106.8918487150222,99.19999694824219,2938.449951171875,82.0,1741.0,1.902999997138977,0.5,1733.0,0.04500000178813934,1741.0
99.5999984741211,1788218607000.0,147.0,165.0,110.5999984741211,1748.0,-6.434586988762021,106.8919269181788,99.5999984741211,2950.10009765625,82.0,1748.0,1.996999979019165,0.5,1740.0,0.03999999910593033,1748.0
99.80000305175781,1788218614000.0,148.0,165.0,110.19999694824219,1755.0,-6.434476096183062,106.8920133356005,99.80000305175781,2965.489990234375,82.0,1755.0,2.0429999828338623,0.5,1747.0,0.04399999976158142,1755.0
98.5999984741211,1788218624000.0,148.0,155.0,110.5999984741211,1765.0,-6.434341482818127,106.89211375080049,98.5999984741211,2984.080078125,77.0,1765.0,1.9129999876022339,0.5,1757.0,-0.1289999932050705,1765.0
96.5999984741211,1788218634000.0,145.0,150.0,109.5999984741211,1775.0,-6.434231428429484,106.89220729283988,96.5999984741211,3000.06005859375,75.0,1775.0,1.7910000085830688,0.0,1767.0,-0.19200000166893005,1775.0
94.5999984741211,1788218643000.0,142.0,151.0,110.19999694824219,1784.0,-6.434114584699273,106.89228390343487,94.5999984741211,3015.510009765625,75.0,1784.0,1.781999945640564,0.5,1776.0,-0.23100000619888306,1784.0
94.19999694824219,1788218644000.0,141.0,151.0,110.19999694824219,1785.0,-6.4340941328555346,106.8922927044332,94.19999694824219,3017.969970703125,75.0,1785.0,1.781999945640564,0.5,1777.0,-0.4000000059604645,1785.0
92.4000015258789,1788218652000.0,141.0,153.0,109.0,1793.0,-6.43399715423584,106.89231801778078,92.4000015258789,3029.010009765625,76.0,1793.0,1.7730000019073486,0.5,1785.0,-0.23000000417232513,1793.0
90.0,1788218663000.0,142.0,156.0,106.4000015258789,1804.0,-6.4338164404034615,106.89235774800181,90.0,3049.429931640625,78.0,1804.0,1.781999945640564,0.0,1796.0,-0.21199999749660492,1804.0
89.80000305175781,1788218673000.0,141.0,152.0,107.4000015258789,1814.0,-6.433663722127676,106.89239722676575,89.80000305175781,3066.89990234375,76.0,1814.0,1.8009999990463257,0.0,1806.0,-0.027000000700354576,1814.0
89.5999984741211,1788218684000.0,139.0,153.0,106.5999984741211,1825.0,-6.43350119702518,106.89240259118378,89.5999984741211,3084.989990234375,76.0,1825.0,1.7730000019073486,0.5,1817.0,-0.019999999552965164,1825.0
89.4000015258789,1788218695000.0,140.0,155.0,105.19999694824219,1836.0,-6.433329116553068,106.8923981487751,89.4000015258789,3104.0,77.0,1836.0,1.7640000581741333,0.5,1828.0,-0.003000000026077032,1836.0
90.0,1788218707000.0,138.0,155.0,104.5999984741211,1848.0,-6.433148151263595,106.89239135943353,90.0,3124.0400390625,77.0,1848.0,1.753999948501587,0.5,1840.0,0.04600000008940697,1848.0
90.0,1788218708000.0,138.0,155.0,104.5999984741211,1849.0,-6.433131638914347,106.89239119179547,90.0,3125.8701171875,77.0,1849.0,1.753999948501587,0.5,1841.0,0.057999998331069946,1849.0
90.19999694824219,1788218719000.0,138.0,155.0,103.19999694824219,1860.0,-6.432954361662269,106.89240200445056,90.19999694824219,3145.530029296875,77.0,1860.0,1.7640000581741333,0.5,1852.0,0.007000000216066837,1860.0
89.80000305175781,1788218729000.0,137.0,160.0,102.5999984741211,1870.0,-6.432817988097668,106.89245799556375,89.80000305175781,3162.0,80.0,1870.0,1.7450000047683716,0.0,1862.0,-0.03799999877810478,1870.0
89.4000015258789,1788218736000.0,140.0,157.0,102.4000015258789,1877.0,-6.432709190994501,106.89249470829964,89.4000015258789,3174.669921875,78.0,1877.0,1.7450000047683716,0.5,1869.0,-0.054999999701976776,1877.0
89.4000015258789,1788218737000.0,141.0,157.0,102.4000015258789,1878.0,-6.432691756635904,106.8925014976412,89.4000015258789,3176.72998046875,78.0,1878.0,1.7450000047683716,0.5,1870.0,-0.052000001072883606,1878.0
89.0,1788218741000.0,144.0,157.0,103.4000015258789,1882.0,-6.432624785229564,106.89251608215272,89.0,3184.260009765625,78.0,1882.0,1.7450000047683716,0.5,1874.0,-0.08100000023841858,1882.0
88.80000305175781,1788218746000.0,145.0,158.0,104.19999694824219,1887.0,-6.432550270110369,106.89253946766257,88.80000305175781,3192.820068359375,79.0,1887.0,1.753999948501587,0.0,1879.0,-0.0560000017285347,1887.0
89.0,1788218754000.0,146.0,157.0,104.80000305175781,1895.0,-6.432431833818555,106.89258883707225,89.0,3207.06005859375,78.0,1895.0,1.7450000047683716,0.5,1887.0,0.035999998450279236,1895.0
89.4000015258789,1788218763000.0,147.0,156.0,104.80000305175781,1904.0,-6.4323141518980265,106.89262881875038,89.4000015258789,3220.89990234375,78.0,1904.0,1.7170000076293945,0.0,1896.0,0.04699999839067459,1904.0
89.5999984741211,1788218770000.0,146.0,152.0,105.0,1911.0,-6.432225471362472,106.89266511239111,89.5999984741211,3231.429931640625,76.0,1911.0,1.6890000104904175,0.0,1903.0,0.00800000037997961,1911.0
89.0,1788218779000.0,143.0,147.0,104.19999694824219,1920.0,-6.432123379781842,106.89271179959178,89.0,3243.830078125,73.0,1920.0,1.6419999599456787,0.5,1912.0,-0.061000000685453415,1920.0
89.0,1788218785000.0,140.0,147.0,104.19999694824219,1926.0,-6.432023216038942,106.89272546209395,89.0,3254.6201171875,73.0,1926.0,1.6050000190734863,0.5,1918.0,0.0,1926.0
89.0,1788218789000.0,140.0,144.0,104.80000305175781,1930.0,-6.431956831365824,106.89274524338543,89.0,3262.159912109375,72.0,1930.0,1.5959999561309814,0.0,1922.0,-0.010999999940395355,1930.0
89.0,1788218798000.0,141.0,148.0,105.0,1939.0,-6.431839484721422,106.89279637299478,89.0,3276.320068359375,74.0,1939.0,1.5770000219345093,0.0,1931.0,0.0,1939.0
89.0,1788218805000.0,138.0,152.0,104.19999694824219,1946.0,-6.4317522291094065,106.89283099025488,89.0,3286.7099609375,76.0,1946.0,1.5679999589920044,0.0,1938.0,0.01899999938905239,1946.0
89.0,1788218815000.0,138.0,153.0,103.19999694824219,1956.0,-6.431628009304404,106.89288907684386,89.0,3301.9599609375,76.0,1956.0,1.5770000219345093,0.5,1948.0,-0.013000000268220901,1956.0
88.80000305175781,1788218816000.0,138.0,153.0,103.19999694824219,1957.0,-6.4316158555448055,106.89289075322449,88.80000305175781,3303.239990234375,76.0,1957.0,1.5770000219345093,0.5,1949.0,-0.05000000074505806,1957.0
88.5999984741211,1788218820000.0,137.0,152.0,103.19999694824219,1961.0,-6.43156866542995,106.89289846457541,88.5999984741211,3308.60009765625,76.0,1961.0,1.5679999589920044,0.0,1953.0,-0.04899999871850014,1961.0
88.0,1788218829000.0,138.0,155.0,103.5999984741211,1970.0,-6.4314450323581696,106.8929457385093,88.0,3323.2099609375,77.0,1970.0,1.5399999618530273,0.5,1962.0,-0.06800000369548798,1970.0
87.19999694824219,1788218837000.0,137.0,160.0,103.80000305175781,1978.0,-6.431322069838643,106.8929935991764,87.19999694824219,3337.77001953125,80.0,1978.0,1.5490000247955322,0.0,1970.0,-0.09799999743700027,1978.0
85.80000305175781,1788218847000.0,138.0,159.0,106.5999984741211,1988.0,-6.431148564442992,106.8930683657527,85.80000305175781,3358.3798828125,79.0,1988.0,1.6519999504089355,0.5,1980.0,-0.13699999451637268,1988.0
85.0,1788218855000.0,139.0,165.0,106.4000015258789,1996.0,-6.4309988636523485,106.89312955364585,85.0,3376.239990234375,82.0,1996.0,1.8940000534057617,0.5,1988.0,-0.12200000137090683,1996.0
84.19999694824219,1788218862000.0,142.0,163.0,106.5999984741211,2003.0,-6.430887635797262,106.89317255280912,84.19999694824219,3389.43994140625,81.0,2003.0,1.8940000534057617,0.5,1995.0,-0.09300000220537186,2003.0
84.19999694824219,1788218864000.0,143.0,163.0,106.80000305175781,2005.0,-6.430860059335828,106.89318663440645,84.19999694824219,3392.85009765625,81.0,2005.0,1.8660000562667847,0.5,1997.0,-0.05000000074505806,2005.0
84.0,1788218872000.0,142.0,161.0,105.0,2013.0,-6.430751597508788,106.89321798272431,84.0,3405.18994140625,80.0,2013.0,1.7730000019073486,0.5,2005.0,-0.020999999716877937,2013.0
84.0,1788218880000.0,145.0,161.0,102.4000015258789,2021.0,-6.430642297491431,106.89327942207456,84.0,3419.1298828125,80.0,2021.0,1.7170000076293945,0.5,2013.0,0.0,2021.0
84.0,1788218881000.0,146.0,159.0,102.19999694824219,2022.0,-6.430627545341849,106.89328696578741,84.0,3420.9599609375,79.0,2022.0,1.7170000076293945,0.5,2014.0,0.0,2022.0
84.0,1788218887000.0,148.0,160.0,102.0,2028.0,-6.43053081817925,106.89332460053265,84.0,3432.3701171875,80.0,2028.0,1.7259999513626099,0.0,2020.0,-0.003000000026077032,2028.0
83.80000305175781,1788218889000.0,145.0,158.0,102.4000015258789,2030.0,-6.430497793480754,106.89333440735936,83.80000305175781,3436.179931640625,79.0,2030.0,1.7359999418258667,0.0,2022.0,-0.05900000035762787,2030.0
83.80000305175781,1788218891000.0,147.0,155.0,103.4000015258789,2032.0,-6.430468624457717,106.8933461420238,83.80000305175781,3439.699951171875,77.0,2032.0,1.7359999418258667,0.5,2024.0,-0.052000001072883606,2032.0
83.80000305175781,1788218893000.0,147.0,158.0,104.4000015258789,2034.0,-6.430454207584262,106.89335678704083,83.80000305175781,3441.300048828125,79.0,2034.0,1.7450000047683716,0.0,2026.0,-0.026000000536441803,2034.0
83.5999984741211,1788218896000.0,147.0,157.0,105.4000015258789,2037.0,-6.430411292240024,106.89336508512497,83.5999984741211,3446.06005859375,78.0,2037.0,1.7450000047683716,0.5,2029.0,-0.050999999046325684,2037.0
83.19999694824219,1788218901000.0,145.0,155.0,106.80000305175781,2042.0,-6.430339626967907,106.89339961856604,83.19999694824219,3454.89990234375,77.0,2042.0,1.7170000076293945,0.5,2034.0,-0.052000001072883606,2042.0
83.19999694824219,1788218902000.0,144.0,155.0,107.0,2043.0,-6.43032998777926,106.89341302961111,83.19999694824219,3456.719970703125,77.0,2043.0,1.7079999446868896,0.5,2035.0,-0.03500000014901161,2043.0
83.0,1788218906000.0,142.0,155.0,106.4000015258789,2047.0,-6.4302693866193295,106.8934275303036,83.0,3463.429931640625,77.0,2047.0,1.6890000104904175,0.5,2039.0,-0.050999999046325684,2047.0
81.5999984741211,1788218914000.0,142.0,154.0,103.19999694824219,2055.0,-6.430158074945211,106.893470864743,81.5999984741211,3476.719970703125,77.0,2055.0,1.6419999599456787,0.0,2047.0,-0.17499999701976776,2055.0
79.5999984741211,1788218923000.0,141.0,157.0,101.19999694824219,2064.0,-6.430003847926855,106.89351503737271,79.5999984741211,3494.330078125,78.0,2064.0,1.6699999570846558,0.5,2056.0,-0.2290000021457672,2064.0
79.0,1788218931000.0,140.0,159.0,99.80000305175781,2072.0,-6.429863031953573,106.89355426467955,79.0,3510.1201171875,79.0,2072.0,1.7079999446868896,0.5,2064.0,-0.07699999958276749,2072.0
79.0,1788218935000.0,140.0,160.0,99.19999694824219,2076.0,-6.429817350581288,106.89359231851995,79.0,3516.7099609375,80.0,2076.0,1.7259999513626099,0.0,2068.0,-0.007000000216066837,2076.0
78.80000305175781,1788218937000.0,140.0,157.0,98.80000305175781,2078.0,-6.429788516834378,106.89359650947154,78.80000305175781,3519.909912109375,78.0,2078.0,1.7259999513626099,0.5,2070.0,-0.04399999976158142,2078.0
78.80000305175781,1788218938000.0,140.0,157.0,98.4000015258789,2079.0,-6.429775524884462,106.89360748976469,78.80000305175781,3521.7900390625,78.0,2079.0,1.7259999513626099,0.5,2071.0,-0.007000000216066837,2079.0
79.0,1788218946000.0,137.0,161.0,97.80000305175781,2087.0,-6.429611323401332,106.89360438846052,79.0,3540.739990234375,80.0,2087.0,1.7450000047683716,0.5,2079.0,0.007000000216066837,2087.0
78.0,1788218951000.0,137.0,165.0,98.4000015258789,2092.0,-6.429578885436058,106.89348880201578,78.0,3554.1298828125,82.0,2092.0,1.902999997138977,0.5,2084.0,-0.1720000058412552,2092.0
77.4000015258789,1788218957000.0,139.0,163.0,98.5999984741211,2098.0,-6.429548040032387,106.89336466602981,77.4000015258789,3568.31005859375,81.0,2098.0,2.0899999141693115,0.5,2090.0,-0.10199999809265137,2098.0
77.4000015258789,1788218959000.0,141.0,163.0,98.5999984741211,2100.0,-6.4295342937111855,106.8933189008385,77.4000015258789,3573.5400390625,81.0,2100.0,2.1740000247955322,0.5,2092.0,-0.02500000037252903,2100.0
77.4000015258789,1788218963000.0,143.0,163.0,98.80000305175781,2104.0,-6.429509315639734,106.89323499798775,77.4000015258789,3583.199951171875,81.0,2104.0,2.239000082015991,0.5,2096.0,-0.02199999988079071,2104.0
77.4000015258789,1788218970000.0,146.0,163.0,99.19999694824219,2111.0,-6.429466651752591,106.89311907626688,77.4000015258789,3596.889892578125,81.0,2111.0,2.193000078201294,0.5,2103.0,0.0,2111.0
77.0,1788218979000.0,147.0,161.0,96.19999694824219,2120.0,-6.429426921531558,106.89297650009394,77.0,3613.179931640625,80.0,2120.0,2.052999973297119,0.5,2112.0,-0.03200000151991844,2120.0
77.0,1788218984000.0,148.0,157.0,94.80000305175781,2125.0,-6.429378893226385,106.89286267384887,77.0,3626.330078125,78.0,2125.0,1.930999994277954,0.5,2117.0,-0.01899999938905239,2125.0
77.19999694824219,1788218993000.0,147.0,158.0,97.4000015258789,2134.0,-6.429346706718206,106.89275857061148,77.19999694824219,3638.419921875,79.0,2134.0,1.6239999532699585,0.0,2126.0,0.028999999165534973,2134.0
77.19999694824219,1788218997000.0,148.0,157.0,97.5999984741211,2138.0,-6.429304964840412,106.89270450733602,77.19999694824219,3646.3798828125,78.0,2138.0,1.6799999475479126,0.5,2130.0,-0.010999999940395355,2138.0
77.0,1788218999000.0,147.0,157.0,97.80000305175781,2140.0,-6.429273532703519,106.8927073571831,77.0,3649.840087890625,78.0,2140.0,1.6979999542236328,0.5,2132.0,-0.11299999803304672,2140.0
76.4000015258789,1788219005000.0,144.0,157.0,98.80000305175781,2146.0,-6.429200693964958,106.89275781624019,76.4000015258789,3659.9599609375,78.0,2146.0,1.7450000047683716,0.5,2138.0,-0.08699999749660492,2146.0
76.19999694824219,1788219013000.0,145.0,154.0,99.19999694824219,2154.0,-6.429226426407695,106.89288916066289,76.19999694824219,3675.080078125,77.0,2154.0,1.7640000581741333,0.0,2146.0,-0.013000000268220901,2154.0
76.4000015258789,1788219020000.0,147.0,160.0,102.80000305175781,2161.0,-6.429277639836073,106.89299552701414,76.4000015258789,3688.27001953125,80.0,2161.0,1.781999945640564,0.0,2153.0,0.026000000536441803,2161.0
76.5999984741211,1788219021000.0,147.0,158.0,103.19999694824219,2162.0,-6.429293900728226,106.89300533384085,76.5999984741211,3689.97998046875,79.0,2162.0,1.7910000085830688,0.0,2154.0,0.05900000035762787,2162.0
76.5999984741211,1788219028000.0,148.0,158.0,106.5999984741211,2169.0,-6.429319130256772,106.89309359528124,76.5999984741211,3699.739990234375,79.0,2169.0,1.7910000085830688,0.0,2161.0,0.013000000268220901,2169.0
76.5999984741211,1788219029000.0,149.0,158.0,107.5999984741211,2170.0,-6.429327176883817,106.89312268048525,76.5999984741211,3703.0400390625,79.0,2170.0,1.7910000085830688,0.0,2162.0,0.028999999165534973,2170.0
76.5999984741211,1788219031000.0,148.0,155.0,108.19999694824219,2172.0,-6.429338995367289,106.89315671101213,76.5999984741211,3706.969970703125,77.0,2172.0,1.7910000085830688,0.5,2164.0,0.020999999716877937,2172.0
76.80000305175781,1788219033000.0,148.0,157.0,108.4000015258789,2174.0,-6.429354585707188,106.8931891489774,76.80000305175781,3710.93994140625,78.0,2174.0,1.7910000085830688,0.5,2166.0,0.07199999690055847,2174.0
77.0,1788219040000.0,146.0,152.0,109.19999694824219,2181.0,-6.4294088166207075,106.89329082146287,77.0,3723.27001953125,76.0,2181.0,1.7730000019073486,0.0,2173.0,0.024000000208616257,2181.0
77.0,1788219044000.0,147.0,152.0,110.80000305175781,2185.0,-6.429439829662442,106.89332644455135,77.0,3728.169921875,76.0,2185.0,1.753999948501587,0.0,2177.0,0.013000000268220901,2185.0
77.19999694824219,1788219047000.0,146.0,155.0,113.19999694824219,2188.0,-6.429463969543576,106.89337958581746,77.19999694824219,3734.39990234375,77.0,2188.0,1.7359999418258667,0.5,2180.0,0.028999999165534973,2188.0
78.19999694824219,1788219058000.0,146.0,155.0,121.0,2199.0,-6.4295195415616035,106.89353104680777,78.19999694824219,3751.429931640625,77.0,2199.0,1.7079999446868896,0.5,2191.0,0.10499999672174454,2199.0
79.0,1788219062000.0,145.0,152.0,120.0,2203.0,-6.429532030597329,106.89358972012997,79.0,3758.179931640625,76.0,2203.0,1.6610000133514404,0.0,2195.0,0.17000000178813934,2203.0
79.4000015258789,1788219065000.0,145.0,154.0,119.19999694824219,2206.0,-6.429508812725544,106.89363623969257,79.4000015258789,3763.840087890625,77.0,2206.0,1.6419999599456787,0.0,2198.0,0.14000000059604645,2206.0
79.4000015258789,1788219066000.0,144.0,154.0,119.0,2207.0,-6.429496742784977,106.89364797435701,79.4000015258789,3765.64990234375,77.0,2207.0,1.6239999532699585,0.0,2199.0,0.08299999684095383,2207.0
79.5999984741211,1788219068000.0,143.0,152.0,118.0,2209.0,-6.429466903209686,106.89366758801043,79.5999984741211,3769.6201171875,76.0,2209.0,1.6239999532699585,0.0,2201.0,0.052000001072883606,2209.0
79.5999984741211,1788219071000.0,143.0,150.0,116.4000015258789,2212.0,-6.4294202998280525,106.89368083141744,79.5999984741211,3774.9599609375,75.0,2212.0,1.6239999532699585,0.0,2204.0,-0.014000000432133675,2212.0
79.19999694824219,1788219077000.0,142.0,149.0,112.80000305175781,2218.0,-6.429321225732565,106.89372081309557,79.19999694824219,3786.39990234375,74.0,2218.0,1.6139999628067017,0.5,2210.0,-0.04600000008940697,2218.0
79.4000015258789,1788219078000.0,142.0,149.0,112.19999694824219,2219.0,-6.42930974252522,106.89372969791293,79.4000015258789,3787.989990234375,74.0,2219.0,1.6050000190734863,0.5,2211.0,0.07699999958276749,2219.0
79.19999694824219,1788219084000.0,145.0,150.0,108.19999694824219,2225.0,-6.429235897958279,106.8937555141747,79.19999694824219,3796.5400390625,75.0,2225.0,1.5959999561309814,0.0,2217.0,-0.010999999940395355,2225.0
79.19999694824219,1788219086000.0,144.0,150.0,106.80000305175781,2227.0,-6.429204382002354,106.89376431517303,79.19999694824219,3800.0400390625,75.0,2227.0,1.5959999561309814,0.0,2219.0,-0.03400000184774399,2227.0
78.80000305175781,1788219095000.0,146.0,152.0,102.0,2236.0,-6.429056525230408,106.89380236901343,78.80000305175781,3816.969970703125,76.0,2236.0,1.6239999532699585,0.0,2228.0,-0.039000000804662704,2236.0
78.80000305175781,1788219103000.0,145.0,154.0,101.4000015258789,2244.0,-6.428917637094855,106.89383296296,78.80000305175781,3832.320068359375,77.0,2244.0,1.6699999570846558,0.0,2236.0,-0.007000000216066837,2244.0
79.0,1788219105000.0,144.0,155.0,102.4000015258789,2246.0,-6.428890563547611,106.89384779892862,79.0,3835.739990234375,77.0,2246.0,1.6799999475479126,0.5,2238.0,0.057999998331069946,2246.0
79.0,1788219109000.0,142.0,155.0,103.0,2250.0,-6.428848737850785,106.8938696756959,79.0,3841.010009765625,77.0,2250.0,1.6979999542236328,0.5,2242.0,0.04100000113248825,2250.0
78.80000305175781,1788219116000.0,141.0,160.0,103.19999694824219,2257.0,-6.428718399256468,106.89388945698738,78.80000305175781,3855.679931640625,80.0,2257.0,1.7259999513626099,0.0,2249.0,-0.026000000536441803,2257.0
79.0,1788219121000.0,141.0,155.0,102.0,2262.0,-6.428663665428758,106.89391443505883,79.0,3862.110107421875,77.0,2262.0,1.7170000076293945,0.5,2254.0,0.04100000113248825,2262.0
79.19999694824219,1788219122000.0,142.0,157.0,101.80000305175781,2263.0,-6.42865838482976,106.89392742700875,79.19999694824219,3863.6201171875,78.0,2263.0,1.7170000076293945,0.5,2255.0,0.14000000059604645,2263.0
79.4000015258789,1788219123000.0,141.0,157.0,101.4000015258789,2264.0,-6.428646482527256,106.89393530599773,79.4000015258789,3865.14990234375,78.0,2264.0,1.7079999446868896,0.5,2256.0,0.08500000089406967,2264.0
79.4000015258789,1788219125000.0,142.0,157.0,100.80000305175781,2266.0,-6.428616726770997,106.89394821412861,79.4000015258789,3868.590087890625,78.0,2266.0,1.7079999446868896,0.5,2258.0,0.07000000029802322,2266.0
79.5999984741211,1788219127000.0,142.0,157.0,100.0,2268.0,-6.428589317947626,106.89395961351693,79.5999984741211,3871.8798828125,78.0,2268.0,1.6979999542236328,0.5,2260.0,0.06199999898672104,2268.0
79.80000305175781,1788219130000.0,142.0,157.0,99.4000015258789,2271.0,-6.42854506149888,106.893978305161,79.80000305175781,3877.2099609375,78.0,2271.0,1.6979999542236328,0.5,2263.0,0.06700000166893005,2271.0
80.0,1788219133000.0,141.0,157.0,99.0,2274.0,-6.4285085164010525,106.89400848001242,80.0,3882.429931640625,78.0,2274.0,1.7079999446868896,0.5,2266.0,0.09600000083446503,2274.0
80.19999694824219,1788219134000.0,140.0,158.0,99.0,2275.0,-6.428494183346629,106.8940129224211,80.19999694824219,3884.090087890625,79.0,2275.0,1.7079999446868896,0.0,2267.0,0.03200000151991844,2275.0
80.19999694824219,1788219139000.0,141.0,155.0,98.80000305175781,2280.0,-6.428407179191709,106.8940145149827,80.19999694824219,3893.510009765625,77.0,2280.0,1.7079999446868896,0.5,2272.0,0.0020000000949949026,2280.0
80.19999694824219,1788219140000.0,141.0,157.0,98.80000305175781,2281.0,-6.428394019603729,106.89401711337268,80.19999694824219,3894.97998046875,78.0,2281.0,1.7079999446868896,0.5,2273.0,0.01899999938905239,2281.0
80.4000015258789,1788219144000.0,142.0,157.0,98.80000305175781,2285.0,-6.428352948278189,106.89404846169055,80.4000015258789,3900.64990234375,78.0,2285.0,1.7079999446868896,0.5,2277.0,0.0560000017285347,2285.0
80.4000015258789,1788219145000.0,142.0,157.0,98.5999984741211,2286.0,-6.428338699042797,106.89405642449856,80.4000015258789,3902.4599609375,78.0,2286.0,1.7079999446868896,0.5,2278.0,0.05700000002980232,2286.0
80.0,1788219151000.0,141.0,161.0,98.19999694824219,2292.0,-6.4282275550067425,106.89409095793962,80.0,3915.280029296875,80.0,2292.0,1.7170000076293945,0.5,2284.0,-0.06199999898672104,2292.0
79.5999984741211,1788219159000.0,142.0,159.0,99.5999984741211,2300.0,-6.4280596654862165,106.8941162712872,79.5999984741211,3933.409912109375,79.0,2300.0,1.875,0.5,2292.0,-0.06700000166893005,2300.0
79.0,1788219164000.0,142.0,159.0,99.80000305175781,2305.0,-6.428000740706921,106.89404351636767,79.0,3944.639892578125,79.0,2305.0,1.9500000476837158,0.5,2297.0,-0.0949999988079071,2305.0
78.0,1788219175000.0,142.0,161.0,98.5999984741211,2316.0,-6.427961261942983,106.89386489801109,78.0,3964.77001953125,80.0,2316.0,2.00600004196167,0.5,2308.0,-0.09099999815225601,2316.0
78.0,1788219176000.0,142.0,161.0,98.5999984741211,2317.0,-6.427964195609093,106.89385190606117,78.0,3966.239990234375,80.0,2317.0,2.015000104904175,0.5,2309.0,-0.09399999678134918,2317.0
77.5999984741211,1788219180000.0,143.0,160.0,98.19999694824219,2321.0,-6.427952963858843,106.89379180781543,77.5999984741211,3973.050048828125,80.0,2321.0,1.996999979019165,0.0,2313.0,-0.08799999952316284,2321.0
77.5999984741211,1788219181000.0,143.0,158.0,98.0,2322.0,-6.427947515621781,106.89377470873296,77.5999984741211,3974.919921875,79.0,2322.0,1.9780000448226929,0.0,2314.0,0.039000000804662704,2322.0
77.80000305175781,1788219185000.0,143.0,157.0,97.5999984741211,2326.0,-6.4279283210635185,106.89372869208455,77.80000305175781,3980.669921875,78.0,2326.0,1.968999981880188,0.5,2318.0,0.03500000014901161,2326.0
78.0,1788219187000.0,143.0,157.0,97.80000305175781,2328.0,-6.427904600277543,106.89372634515166,78.0,3983.360107421875,78.0,2328.0,1.968999981880188,0.5,2320.0,0.08500000089406967,2328.0
78.19999694824219,1788219190000.0,143.0,157.0,98.19999694824219,2331.0,-6.427872162312269,106.89375316724181,78.19999694824219,3988.139892578125,78.0,2331.0,1.9220000505447388,0.5,2323.0,0.07800000160932541,2331.0
78.19999694824219,1788219196000.0,143.0,159.0,99.19999694824219,2337.0,-6.427882723510265,106.89384427852929,78.19999694824219,3998.580078125,79.0,2337.0,1.8660000562667847,0.5,2329.0,-0.013000000268220901,2337.0
78.19999694824219,1788219201000.0,144.0,163.0,101.5999984741211,2342.0,-6.427897475659847,106.89389767125249,78.19999694824219,4004.820068359375,81.0,2342.0,1.847000002861023,0.5,2334.0,0.03500000014901161,2342.0
78.4000015258789,1788219203000.0,145.0,159.0,103.4000015258789,2344.0,-6.427901415154338,106.89391150139272,78.4000015258789,4006.320068359375,79.0,2344.0,1.819000005722046,0.5,2336.0,0.05000000074505806,2344.0
78.80000305175781,1788219207000.0,146.0,158.0,106.0,2348.0,-6.427928823977709,106.8939716834575,78.80000305175781,4013.580078125,79.0,2348.0,1.6979999542236328,0.0,2340.0,0.1080000028014183,2348.0
79.0,1788219209000.0,146.0,158.0,107.19999694824219,2350.0,-6.427941313013434,106.89399314112961,79.0,4016.31005859375,79.0,2350.0,1.6799999475479126,0.0,2342.0,0.07699999958276749,2350.0
79.0,1788219212000.0,146.0,158.0,108.19999694824219,2353.0,-6.427949946373701,106.89402750693262,79.0,4020.22998046875,79.0,2353.0,1.5859999656677246,0.0,2345.0,0.012000000104308128,2353.0
79.0,1788219217000.0,146.0,156.0,108.0,2358.0,-6.427960591390729,106.89408794045448,79.0,4026.919921875,78.0,2358.0,1.5119999647140503,0.0,2350.0,0.010999999940395355,2358.0
79.0,1788219218000.0,146.0,157.0,107.80000305175781,2359.0,-6.427953718230128,106.89410059712827,79.0,4028.510009765625,78.0,2359.0,1.5019999742507935,0.5,2351.0,0.020999999716877937,2359.0
79.0,1788219221000.0,145.0,157.0,107.0,2362.0,-6.427892278879881,106.89412733539939,79.0,4035.929931640625,78.0,2362.0,1.4930000305175781,0.5,2354.0,-0.02500000037252903,2362.0
79.0,1788219224000.0,146.0,157.0,106.0,2365.0,-6.427827486768365,106.89415524713695,79.0,4043.89990234375,78.0,2365.0,1.6419999599456787,0.5,2357.0,0.0,2365.0
79.0,1788219228000.0,146.0,160.0,105.4000015258789,2369.0,-6.427777195349336,106.89420361071825,79.0,4051.219970703125,80.0,2369.0,1.6799999475479126,0.0,2361.0,0.0,2369.0
78.5999984741211,1788219237000.0,146.0,157.0,103.5999984741211,2378.0,-6.427640402689576,106.89424728043377,78.5999984741211,4067.1201171875,78.0,2378.0,1.7359999418258667,0.5,2370.0,-0.04699999839067459,2378.0
78.0,1788219247000.0,146.0,154.0,100.4000015258789,2388.0,-6.4275045320391655,106.89431232400239,78.0,4083.77001953125,77.0,2388.0,1.6979999542236328,0.0,2380.0,-0.06199999898672104,2388.0
77.19999694824219,1788219259000.0,144.0,152.0,99.80000305175781,2400.0,-6.427333541214466,106.89436823129654,77.19999694824219,4103.669921875,76.0,2400.0,1.7730000019073486,0.0,2392.0,-0.06800000369548798,2400.0
76.4000015258789,1788219272000.0,144.0,154.0,99.80000305175781,2413.0,-6.42714511603117,106.89440351910889,76.4000015258789,4124.85986328125,77.0,2413.0,1.781999945640564,0.0,2405.0,-0.06199999898672104,2413.0
75.80000305175781,1788219282000.0,143.0,150.0,100.0,2423.0,-6.426994996145368,106.89441232010722,75.80000305175781,4141.47021484375,75.0,2423.0,1.781999945640564,0.0,2415.0,-0.05700000002980232,2423.0
75.5999984741211,1788219289000.0,140.0,154.0,100.4000015258789,2430.0,-6.426883265376091,106.89440678805113,75.5999984741211,4153.8701171875,77.0,2430.0,1.7910000085830688,0.0,2422.0,-0.03400000184774399,2430.0
75.5999984741211,1788219292000.0,140.0,155.0,100.5999984741211,2433.0,-6.426841272041202,106.89439807087183,75.5999984741211,4158.6201171875,77.0,2433.0,1.7910000085830688,0.5,2425.0,0.009999999776482582,2433.0
75.0,1788219303000.0,141.0,154.0,100.0,2444.0,-6.4266737177968025,106.89436303451657,75.0,4177.58984375,77.0,2444.0,1.7910000085830688,0.0,2436.0,-0.041999999433755875,2444.0
75.4000015258789,1788219312000.0,143.0,159.0,99.4000015258789,2453.0,-6.426539774984121,106.89433830790222,75.4000015258789,4192.669921875,79.0,2453.0,1.819000005722046,0.5,2445.0,0.03200000151991844,2453.0
75.5999984741211,1788219316000.0,140.0,158.0,99.19999694824219,2457.0,-6.426487555727363,106.89431902952492,75.5999984741211,4198.81982421875,79.0,2457.0,1.809999942779541,0.0,2449.0,0.04699999839067459,2457.0
76.0,1788219324000.0,138.0,159.0,98.80000305175781,2465.0,-6.426367107778788,106.89429237507284,76.0,4212.490234375,79.0,2465.0,1.781999945640564,0.5,2457.0,0.05299999937415123,2465.0
76.80000305175781,1788219330000.0,140.0,159.0,98.4000015258789,2471.0,-6.426267782226205,106.89425985328853,76.80000305175781,4224.06005859375,79.0,2471.0,1.781999945640564,0.5,2463.0,0.13099999725818634,2471.0
77.19999694824219,1788219333000.0,143.0,161.0,98.19999694824219,2474.0,-6.426215395331383,106.89424635842443,77.19999694824219,4230.0498046875,80.0,2474.0,1.8009999990463257,0.5,2466.0,0.1420000046491623,2474.0
78.5999984741211,1788219340000.0,145.0,161.0,98.0,2481.0,-6.426097881048918,106.89421811141074,78.5999984741211,4243.43994140625,80.0,2481.0,1.8380000591278076,0.5,2473.0,0.18799999356269836,2481.0
79.19999694824219,1788219347000.0,148.0,159.0,97.0,2488.0,-6.425998052582145,106.89419288188219,79.19999694824219,4254.830078125,79.0,2488.0,1.847000002861023,0.5,2480.0,0.10100000351667404,2488.0
80.5999984741211,1788219357000.0,146.0,152.0,97.0,2498.0,-6.425850950181484,106.89415122382343,80.5999984741211,4271.759765625,76.0,2498.0,1.7910000085830688,0.0,2490.0,0.1289999932050705,2498.0
81.19999694824219,1788219361000.0,143.0,150.0,97.19999694824219,2502.0,-6.425796467810869,106.89412783831358,81.19999694824219,4278.2998046875,75.0,2502.0,1.781999945640564,0.0,2494.0,0.15299999713897705,2502.0
81.19999694824219,1788219366000.0,142.0,147.0,97.19999694824219,2507.0,-6.425725473091006,106.89412666484714,81.19999694824219,4286.35009765625,73.0,2507.0,1.7640000581741333,0.5,2499.0,0.003000000026077032,2507.0
81.0,1788219368000.0,142.0,145.0,97.0,2509.0,-6.425710553303361,106.89414368011057,81.0,4288.919921875,72.0,2509.0,1.753999948501587,0.5,2501.0,-0.12200000137090683,2509.0
80.5999984741211,1788219370000.0,143.0,145.0,97.0,2511.0,-6.425711810588837,106.89416605979204,80.5999984741211,4291.39990234375,72.0,2511.0,1.7359999418258667,0.5,2503.0,-0.16099999845027924,2511.0
80.4000015258789,1788219371000.0,143.0,141.0,97.0,2512.0,-6.425715079531074,106.89417645335197,80.4000015258789,4292.60986328125,70.0,2512.0,1.7359999418258667,0.5,2504.0,-0.15000000596046448,2512.0
79.19999694824219,1788219379000.0,140.0,108.0,97.5999984741211,2520.0,-6.425707871094346,106.89426060765982,79.19999694824219,4302.759765625,54.0,2520.0,1.4839999675750732,0.0,2512.0,-0.1509999930858612,2520.0
76.80000305175781,1788219388000.0,137.0,159.0,98.19999694824219,2529.0,-6.425773669034243,106.89439505338669,76.80000305175781,4320.2900390625,79.0,2529.0,1.5299999713897705,0.5,2521.0,-0.2630000114440918,2529.0
75.5999984741211,1788219394000.0,137.0,159.0,98.5999984741211,2535.0,-6.425874503329396,106.89445263706148,75.5999984741211,4333.64013671875,79.0,2535.0,1.847000002861023,0.5,2527.0,-0.20999999344348907,2535.0
75.4000015258789,1788219400000.0,140.0,163.0,98.0,2541.0,-6.425981372594833,106.89448012970388,75.4000015258789,4345.83984375,81.0,2541.0,1.968999981880188,0.5,2533.0,-0.032999999821186066,2541.0
75.4000015258789,1788219404000.0,143.0,159.0,96.4000015258789,2545.0,-6.426056558266282,106.89450209029019,75.4000015258789,4354.5,79.0,2545.0,2.015000104904175,0.5,2537.0,0.00800000037997961,2545.0
75.4000015258789,1788219405000.0,145.0,159.0,96.19999694824219,2546.0,-6.426076842471957,106.89450745470822,75.4000015258789,4356.81982421875,79.0,2546.0,2.0339999198913574,0.5,2538.0,0.014999999664723873,2546.0
75.5999984741211,1788219414000.0,148.0,159.0,95.19999694824219,2555.0,-6.426245821639895,106.89454852603376,75.5999984741211,4376.0498046875,79.0,2555.0,2.127000093460083,0.5,2547.0,0.012000000104308128,2555.0
75.5999984741211,1788219417000.0,149.0,161.0,95.4000015258789,2558.0,-6.426296280696988,106.89456059597433,75.5999984741211,4381.77978515625,80.0,2558.0,2.118000030517578,0.5,2550.0,0.03700000047683716,2558.0
75.19999694824219,1788219428000.0,148.0,154.0,96.19999694824219,2569.0,-6.426453106105328,106.89459353685379,75.19999694824219,4399.5498046875,77.0,2569.0,1.9869999885559082,0.0,2561.0,-0.035999998450279236,2569.0
74.5999984741211,1788219439000.0,148.0,154.0,97.0,2580.0,-6.42660615965724,106.89461264759302,74.5999984741211,4416.64013671875,77.0,2580.0,1.7259999513626099,0.0,2572.0,-0.0689999982714653,2580.0
74.19999694824219,1788219451000.0,148.0,150.0,96.19999694824219,2592.0,-6.4267700258642435,106.89462907612324,74.19999694824219,4434.93017578125,75.0,2592.0,1.5959999561309814,0.0,2584.0,-0.027000000700354576,2592.0
74.19999694824219,1788219454000.0,144.0,150.0,96.19999694824219,2595.0,-6.4268141984939575,106.89462957903743,74.19999694824219,4439.81982421875,75.0,2595.0,1.5679999589920044,0.0,2587.0,-0.0020000000949949026,2595.0
74.80000305175781,1788219464000.0,145.0,155.0,97.4000015258789,2605.0,-6.426977897062898,106.8946035951376,74.80000305175781,4458.259765625,77.0,2605.0,1.6239999532699585,0.5,2597.0,0.06499999761581421,2605.0
75.5999984741211,1788219471000.0,144.0,160.0,97.80000305175781,2612.0,-6.4270686730742455,106.89454014413059,75.5999984741211,4470.990234375,80.0,2612.0,1.6699999570846558,0.0,2604.0,0.10499999672174454,2612.0
75.80000305175781,1788219474000.0,141.0,158.0,98.0,2615.0,-6.427115695551038,106.89453469589353,75.80000305175781,4476.2099609375,79.0,2615.0,1.6799999475479126,0.0,2607.0,0.06300000101327896,2615.0
76.4000015258789,1788219485000.0,140.0,154.0,98.80000305175781,2626.0,-6.427282076328993,106.89450250938535,76.4000015258789,4495.009765625,77.0,2626.0,1.6890000104904175,0.0,2618.0,0.06499999761581421,2626.0
77.19999694824219,1788219495000.0,141.0,156.0,99.4000015258789,2636.0,-6.427432531490922,106.8944532237947,77.19999694824219,4512.60009765625,78.0,2636.0,1.6699999570846558,0.0,2628.0,0.07199999690055847,2636.0
78.0,1788219506000.0,142.0,159.0,98.4000015258789,2647.0,-6.427611820399761,106.89440653659403,78.0,4533.1298828125,79.0,2647.0,1.7170000076293945,0.5,2639.0,0.07400000095367432,2647.0
78.0,1788219507000.0,142.0,159.0,98.4000015258789,2648.0,-6.427629925310612,106.89440201036632,78.0,4535.2001953125,79.0,2648.0,1.7259999513626099,0.5,2640.0,0.08100000023841858,2648.0
78.80000305175781,1788219515000.0,146.0,159.0,98.5999984741211,2656.0,-6.427766969427466,106.89435699954629,78.80000305175781,4551.18017578125,79.0,2656.0,1.7450000047683716,0.5,2648.0,0.0820000022649765,2656.0
79.0,1788219517000.0,146.0,161.0,98.5999984741211,2658.0,-6.4278049394488335,106.89434736035764,79.0,4555.509765625,80.0,2658.0,1.753999948501587,0.5,2650.0,0.0860000029206276,2658.0
79.5999984741211,1788219527000.0,147.0,158.0,98.80000305175781,2668.0,-6.427940810099244,106.89430503174663,79.5999984741211,4571.27978515625,79.0,2668.0,1.753999948501587,0.0,2660.0,0.06400000303983688,2668.0
79.5999984741211,1788219528000.0,147.0,155.0,99.0,2669.0,-6.42795623280108,106.89429991878569,79.5999984741211,4573.06005859375,77.0,2669.0,1.753999948501587,0.5,2661.0,0.07400000095367432,2669.0
80.19999694824219,1788219535000.0,146.0,155.0,99.80000305175781,2676.0,-6.428061760962009,106.8942767009139,80.19999694824219,4585.02978515625,77.0,2676.0,1.7259999513626099,0.5,2668.0,0.07999999821186066,2676.0
80.4000015258789,1788219537000.0,146.0,155.0,100.80000305175781,2678.0,-6.428090175613761,106.89427988603711,80.4000015258789,4588.06005859375,77.0,2678.0,1.7079999446868896,0.5,2670.0,0.11400000005960464,2678.0
80.5999984741211,1788219540000.0,146.0,155.0,101.80000305175781,2681.0,-6.428124960511923,106.89428005367517,80.5999984741211,4591.60009765625,77.0,2681.0,1.6890000104904175,0.5,2673.0,0.08399999886751175,2681.0
81.4000015258789,1788219548000.0,145.0,155.0,100.80000305175781,2689.0,-6.428249012678862,106.8942494597286,81.4000015258789,4605.72998046875,77.0,2689.0,1.6330000162124634,0.5,2681.0,0.08399999886751175,2689.0
81.5999984741211,1788219554000.0,145.0,157.0,98.80000305175781,2695.0,-6.428333669900894,106.89421425573528,81.5999984741211,4615.89013671875,78.0,2695.0,1.6239999532699585,0.5,2687.0,0.03500000014901161,2695.0
81.4000015258789,1788219559000.0,146.0,155.0,97.4000015258789,2700.0,-6.428390918299556,106.89417921938002,81.4000015258789,4622.85986328125,77.0,2700.0,1.6050000190734863,0.5,2692.0,-0.05000000074505806,2700.0
81.19999694824219,1788219563000.0,146.0,154.0,96.80000305175781,2704.0,-6.428432995453477,106.89416723325849,81.19999694824219,4627.7099609375,77.0,2704.0,1.5959999561309814,0.0,2696.0,-0.0020000000949949026,2704.0
81.5999984741211,1788219571000.0,144.0,116.0,97.80000305175781,2712.0,-6.428517568856478,106.89413965679705,81.5999984741211,4637.52978515625,58.0,2712.0,1.4930000305175781,0.0,2704.0,0.026000000536441803,2712.0
81.80000305175781,1788219574000.0,141.0,116.0,97.5999984741211,2715.0,-6.428549168631434,106.89413982443511,81.80000305175781,4640.830078125,58.0,2715.0,1.315999984741211,0.0,2707.0,0.07699999958276749,2715.0
82.0,1788219576000.0,141.0,113.0,97.4000015258789,2717.0,-6.4285750687122345,106.89413940533996,82.0,4643.68017578125,56.0,2717.0,1.2690000534057617,0.5,2709.0,0.09000000357627869,2717.0
82.0,1788219578000.0,142.0,0.0,97.0,2719.0,-6.428598705679178,106.89413412474096,82.0,4646.35986328125,0.0,2719.0,1.2410000562667847,0.0,2711.0,0.03400000184774399,2719.0
82.0,1788219582000.0,142.0,107.0,96.0,2723.0,-6.428649080917239,106.89412792213261,82.0,4651.919921875,53.0,2723.0,1.222000002861023,0.5,2715.0,0.023000000044703484,2723.0
82.0,1788219586000.0,142.0,107.0,95.19999694824219,2727.0,-6.428679255768657,106.89411350525916,82.0,4655.5400390625,53.0,2727.0,1.194000005722046,0.5,2719.0,-0.02500000037252903,2727.0
81.4000015258789,1788219593000.0,141.0,106.0,95.80000305175781,2734.0,-6.428726110607386,106.89406195655465,81.4000015258789,4662.64013671875,53.0,2734.0,1.1200000047683716,0.0,2726.0,-0.0820000022649765,2734.0
81.0,1788219597000.0,141.0,105.0,97.4000015258789,2738.0,-6.428749747574329,106.89402390271425,81.0,4667.5400390625,52.0,2738.0,1.0820000171661377,0.5,2730.0,-0.11599999666213989,2738.0
80.80000305175781,1788219599000.0,141.0,0.0,98.4000015258789,2740.0,-6.4287702832371,106.89401275478303,80.80000305175781,4670.009765625,0.0,2740.0,1.0920000076293945,0.0,2732.0,-0.0430000014603138,2740.0
80.80000305175781,1788219602000.0,140.0,0.0,99.4000015258789,2743.0,-6.428801631554961,106.89400638453662,80.80000305175781,4673.740234375,0.0,2743.0,1.1009999513626099,0.0,2735.0,0.007000000216066837,2743.0
80.80000305175781,1788219604000.0,139.0,0.0,99.80000305175781,2745.0,-6.428829375654459,106.89399305731058,80.80000305175781,4677.10986328125,0.0,2745.0,1.1009999513626099,0.0,2737.0,-0.04600000008940697,2745.0
80.80000305175781,1788219606000.0,140.0,113.0,99.80000305175781,2747.0,-6.428860723972321,106.89398895017803,80.80000305175781,4680.58984375,56.0,2747.0,1.1100000143051147,0.5,2739.0,0.027000000700354576,2747.0
81.0,1788219610000.0,140.0,110.0,99.4000015258789,2751.0,-6.42890514805913,106.89398316666484,81.0,4685.56982421875,55.0,2751.0,1.1200000047683716,0.0,2743.0,0.03799999877810478,2751.0
80.80000305175781,1788219612000.0,139.0,107.0,99.4000015258789,2753.0,-6.428927276283503,106.8939592782408,80.80000305175781,4689.0498046875,53.0,2753.0,1.1200000047683716,0.5,2745.0,-0.13500000536441803,2753.0
80.5999984741211,1788219615000.0,138.0,103.0,99.19999694824219,2756.0,-6.4289685152471066,106.89393698237836,80.5999984741211,4694.3701171875,51.0,2756.0,1.1380000114440918,0.5,2748.0,-0.03500000014901161,2756.0
80.5999984741211,1788219616000.0,137.0,103.0,99.0,2757.0,-6.428977232426405,106.89393438398838,80.5999984741211,4695.33984375,51.0,2757.0,1.1380000114440918,0.5,2749.0,0.01600000075995922,2757.0
81.0,1788219622000.0,135.0,0.0,99.0,2763.0,-6.429030708968639,106.89393270760775,81.0,4700.89990234375,0.0,2763.0,1.1380000114440918,0.0,2755.0,0.05900000035762787,2763.0
81.19999694824219,1788219624000.0,133.0,0.0,99.0,2765.0,-6.42905468121171,106.8939352221787,81.19999694824219,4703.509765625,0.0,2765.0,1.1380000114440918,0.0,2757.0,0.10899999737739563,2765.0
81.4000015258789,1788219628000.0,130.0,111.0,98.0,2769.0,-6.429102877154946,106.8939296901226,81.4000015258789,4708.72021484375,55.0,2769.0,1.1380000114440918,0.5,2761.0,0.06199999898672104,2769.0
81.5999984741211,1788219635000.0,129.0,110.0,97.4000015258789,2776.0,-6.429175632074475,106.89391376450658,81.5999984741211,4716.6201171875,55.0,2776.0,1.128999948501587,0.0,2768.0,0.03400000184774399,2776.0
82.0,1788219642000.0,129.0,149.0,96.80000305175781,2783.0,-6.429268252104521,106.89389247447252,82.0,4727.10986328125,74.0,2783.0,1.1380000114440918,0.5,2775.0,0.032999999821186066,2783.0
81.80000305175781,1788219652000.0,129.0,149.0,96.80000305175781,2793.0,-6.429417449980974,106.8938503973186,81.80000305175781,4744.31982421875,74.0,2793.0,1.465000033378601,0.5,2785.0,-0.007000000216066837,2793.0
81.0,1788219660000.0,131.0,147.0,99.5999984741211,2801.0,-6.4295389875769615,106.8938162829727,81.0,4758.27978515625,73.0,2801.0,1.4739999771118164,0.5,2793.0,-0.10899999737739563,2801.0
80.4000015258789,1788219669000.0,131.0,142.0,100.4000015258789,2810.0,-6.429633283987641,106.89379918389022,80.4000015258789,4769.14990234375,71.0,2810.0,1.4279999732971191,0.0,2802.0,-0.05400000140070915,2810.0
80.4000015258789,1788219670000.0,131.0,140.0,100.19999694824219,2811.0,-6.4296420849859715,106.89379457384348,80.4000015258789,4770.22998046875,70.0,2811.0,1.4279999732971191,0.0,2803.0,-0.05299999937415123,2811.0
80.19999694824219,1788219672000.0,130.0,142.0,100.0,2813.0,-6.429665219038725,106.89378091134131,80.19999694824219,4772.85009765625,71.0,2813.0,1.409000039100647,0.0,2805.0,-0.08900000154972076,2813.0
80.0,1788219675000.0,129.0,146.0,99.80000305175781,2816.0,-6.429701764136553,106.89376138150692,80.0,4777.490234375,73.0,2816.0,1.409000039100647,0.0,2808.0,-0.07599999755620956,2816.0
79.4000015258789,1788219683000.0,129.0,0.0,100.19999694824219,2824.0,-6.429792121052742,106.8937229923904,79.4000015258789,4788.3798828125,0.0,2824.0,1.4179999828338623,0.0,2816.0,-0.07999999821186066,2824.0
79.5999984741211,1788219689000.0,129.0,0.0,101.5999984741211,2830.0,-6.429882226511836,106.89368887804449,79.5999984741211,4798.97998046875,0.0,2830.0,1.4279999732971191,0.0,2822.0,0.024000000208616257,2830.0
79.80000305175781,1788219697000.0,128.0,0.0,101.19999694824219,2838.0,-6.429971577599645,106.89366071484983,79.80000305175781,4809.2998046875,0.0,2838.0,1.4459999799728394,0.0,2830.0,0.02800000086426735,2838.0
80.80000305175781,1788219705000.0,128.0,144.0,101.0,2846.0,-6.430058414116502,106.89363204874098,80.80000305175781,4819.4599609375,72.0,2846.0,1.4179999828338623,0.0,2838.0,0.13099999725818634,2846.0
82.0,1788219713000.0,131.0,150.0,101.4000015258789,2854.0,-6.430160757154226,106.89361645840108,82.0,4831.02001953125,75.0,2854.0,1.4279999732971191,0.0,2846.0,0.14300000667572021,2854.0
82.19999694824219,1788219715000.0,134.0,149.0,101.5999984741211,2856.0,-6.430187998339534,106.89362106844783,82.19999694824219,4833.97021484375,74.0,2856.0,1.4279999732971191,0.5,2848.0,0.1469999998807907,2856.0
82.5999984741211,1788219717000.0,137.0,146.0,101.5999984741211,2858.0,-6.4302190113812685,106.89360665157437,82.5999984741211,4837.77001953125,73.0,2858.0,1.437000036239624,0.0,2850.0,0.16699999570846558,2858.0
83.19999694824219,1788219724000.0,137.0,147.0,102.19999694824219,2865.0,-6.43029285594821,106.8935657478869,83.19999694824219,4847.18994140625,73.0,2865.0,1.437000036239624,0.5,2857.0,0.07800000160932541,2865.0
83.4000015258789,1788219730000.0,136.0,109.0,102.4000015258789,2871.0,-6.430356474593282,106.89354772679508,83.4000015258789,4854.52001953125,54.0,2871.0,1.4279999732971191,0.5,2863.0,0.03799999877810478,2871.0
83.4000015258789,1788219732000.0,135.0,0.0,102.4000015258789,2873.0,-6.430373238399625,106.89352962188423,83.4000015258789,4857.2099609375,0.0,2873.0,1.399999976158142,0.0,2865.0,0.029999999329447746,2873.0
83.4000015258789,1788219733000.0,135.0,107.0,102.4000015258789,2874.0,-6.430389080196619,106.89352492801845,83.4000015258789,4859.02978515625,53.0,2874.0,1.399999976158142,0.5,2866.0,0.05700000002980232,2874.0
83.5999984741211,1788219737000.0,133.0,111.0,102.19999694824219,2878.0,-6.4304345939308405,106.89351201988757,83.5999984741211,4864.35009765625,55.0,2878.0,1.3619999885559082,0.5,2870.0,0.04100000113248825,2878.0
83.5999984741211,1788219738000.0,133.0,110.0,102.19999694824219,2879.0,-6.430443814024329,106.89350757747889,83.5999984741211,4865.47998046875,55.0,2879.0,1.3619999885559082,0.0,2871.0,0.032999999821186066,2879.0
84.0,1788219744000.0,134.0,110.0,101.4000015258789,2885.0,-6.430506594479084,106.89349198713899,84.0,4872.64013671875,55.0,2885.0,1.3339999914169312,0.0,2877.0,0.061000000685453415,2885.0
84.19999694824219,1788219746000.0,134.0,114.0,100.80000305175781,2887.0,-6.430528722703457,106.89348368905485,84.19999694824219,4875.259765625,57.0,2887.0,1.3339999914169312,0.0,2879.0,0.09000000357627869,2887.0
84.19999694824219,1788219749000.0,133.0,114.0,100.4000015258789,2890.0,-6.430563759058714,106.89346524886787,84.19999694824219,4879.64013671875,57.0,2890.0,1.3250000476837158,0.0,2882.0,-0.017000000923871994,2890.0
84.0,1788219754000.0,132.0,0.0,100.19999694824219,2895.0,-6.430618157610297,106.89342635683715,84.0,4887.02001953125,0.0,2895.0,1.3339999914169312,0.0,2887.0,-0.032999999821186066,2895.0
84.0,1788219764000.0,131.0,110.0,102.0,2905.0,-6.430735671892762,106.89340255223215,84.0,4900.18994140625,55.0,2905.0,1.3619999885559082,0.0,2897.0,0.0,2905.0
84.19999694824219,1788219773000.0,130.0,109.0,102.4000015258789,2914.0,-6.430844301357865,106.89337237738073,84.19999694824219,4912.75,54.0,2914.0,1.3619999885559082,0.5,2906.0,0.012000000104308128,2914.0
84.4000015258789,1788219780000.0,129.0,111.0,102.4000015258789,2921.0,-6.430922169238329,106.8933617323637,84.4000015258789,4921.6201171875,55.0,2921.0,1.3619999885559082,0.5,2913.0,0.05400000140070915,2921.0
85.0,1788219787000.0,127.0,152.0,102.19999694824219,2928.0,-6.4309523440897465,106.89344898797572,85.0,4931.6201171875,76.0,2928.0,1.3530000448226929,0.0,2920.0,0.0820000022649765,2928.0
85.4000015258789,1788219789000.0,128.0,152.0,102.19999694824219,2930.0,-6.4309558644890785,106.8934772349894,85.4000015258789,4934.7001953125,76.0,2930.0,1.465000033378601,0.0,2922.0,0.16500000655651093,2930.0
86.19999694824219,1788219794000.0,128.0,159.0,102.4000015258789,2935.0,-6.430976735427976,106.89354336820543,86.19999694824219,4942.2998046875,79.0,2935.0,1.5210000276565552,0.5,2927.0,0.17299999296665192,2935.0
86.4000015258789,1788219796000.0,130.0,157.0,102.4000015258789,2937.0,-6.4309758972376585,106.8935673404485,86.4000015258789,4945.02978515625,78.0,2937.0,1.5399999618530273,0.5,2929.0,0.11100000143051147,2937.0
86.5999984741211,1788219798000.0,130.0,152.0,102.5999984741211,2939.0,-6.430998528376222,106.89358251169324,86.5999984741211,4948.18994140625,76.0,2939.0,1.5399999618530273,0.0,2931.0,0.0949999988079071,2939.0
87.0,1788219800000.0,131.0,151.0,102.5999984741211,2941.0,-6.431014621630311,106.89361402764916,87.0,4952.2001953125,75.0,2941.0,1.5399999618530273,0.5,2933.0,0.1420000046491623,2941.0
87.19999694824219,1788219802000.0,131.0,151.0,103.0,2943.0,-6.431020405143499,106.89364763908088,87.19999694824219,4955.91015625,75.0,2943.0,1.5299999713897705,0.5,2935.0,0.13099999725818634,2943.0
87.80000305175781,1788219807000.0,134.0,157.0,104.80000305175781,2948.0,-6.4310831017792225,106.89370614476502,87.80000305175781,4965.22998046875,78.0,2948.0,1.5579999685287476,0.5,2940.0,0.1289999932050705,2948.0
88.0,1788219808000.0,134.0,157.0,105.19999694824219,2949.0,-6.431092908605933,106.89371393993497,88.0,4966.0,78.0,2949.0,1.5579999685287476,0.5,2941.0,0.0949999988079071,2949.0
88.19999694824219,1788219809000.0,134.0,157.0,105.5999984741211,2950.0,-6.43110791221261,106.89372709952295,88.19999694824219,4968.2099609375,78.0,2950.0,1.5579999685287476,0.5,2942.0,0.25099998712539673,2950.0
88.5999984741211,1788219811000.0,134.0,156.0,106.80000305175781,2952.0,-6.431129788979888,106.89374562352896,88.5999984741211,4971.18017578125,78.0,2952.0,1.5679999589920044,0.0,2944.0,0.21199999749660492,2952.0
88.80000305175781,1788219812000.0,135.0,156.0,107.4000015258789,2953.0,-6.43113330937922,106.89376029185951,88.80000305175781,4972.72021484375,78.0,2953.0,1.5679999589920044,0.0,2945.0,0.2370000034570694,2953.0
89.0,1788219813000.0,135.0,159.0,108.0,2954.0,-6.431124843657017,106.89377730712295,89.0,4974.7998046875,79.0,2954.0,1.5579999685287476,0.5,2946.0,0.18400000035762787,2954.0
90.0,1788219817000.0,135.0,154.0,109.0,2958.0,-6.431128699332476,106.89383774064481,90.0,4981.759765625,77.0,2958.0,1.5490000247955322,0.0,2950.0,0.2240000069141388,2958.0
90.5999984741211,1788219819000.0,135.0,151.0,109.19999694824219,2960.0,-6.431148061528802,106.89386665821075,90.5999984741211,4985.06005859375,75.0,2960.0,1.5490000247955322,0.5,2952.0,0.27799999713897705,2960.0
91.5999984741211,1788219823000.0,136.0,151.0,110.19999694824219,2964.0,-6.431190390139818,106.8939301930368,91.5999984741211,4993.169921875,75.0,2964.0,1.5399999618530273,0.5,2956.0,0.27799999713897705,2964.0
92.80000305175781,1788219832000.0,137.0,160.0,111.4000015258789,2973.0,-6.431201454252005,106.89403471536934,92.80000305175781,5004.18994140625,80.0,2973.0,1.4930000305175781,0.0,2965.0,0.12999999523162842,2973.0
93.0,1788219835000.0,138.0,155.0,111.0,2976.0,-6.4311788231134415,106.89405374228954,93.0,5007.77978515625,77.0,2976.0,1.465000033378601,0.5,2968.0,0.04100000113248825,2976.0
93.0,1788219836000.0,139.0,155.0,111.0,2977.0,-6.431169854477048,106.89406069926918,93.0,5009.02978515625,77.0,2977.0,1.465000033378601,0.5,2969.0,0.0430000014603138,2977.0
93.19999694824219,1788219841000.0,142.0,112.0,112.4000015258789,2982.0,-6.4311181381344795,106.89410604536533,93.19999694824219,5016.580078125,56.0,2982.0,1.465000033378601,0.0,2974.0,0.061000000685453415,2982.0
93.19999694824219,1788219842000.0,143.0,112.0,112.80000305175781,2983.0,-6.431110175326467,106.8941096495837,93.19999694824219,5017.5400390625,56.0,2983.0,1.437000036239624,0.0,2975.0,0.009999999776482582,2983.0
93.5999984741211,1788219848000.0,146.0,114.0,114.5999984741211,2989.0,-6.431044293567538,106.894136890769,93.5999984741211,5025.43994140625,57.0,2989.0,1.409000039100647,0.0,2981.0,0.06700000166893005,2989.0
93.80000305175781,1788219850000.0,146.0,114.0,115.5999984741211,2991.0,-6.4310177229344845,106.89414451830089,93.80000305175781,5028.43994140625,57.0,2991.0,1.399999976158142,0.0,2983.0,0.08900000154972076,2991.0
94.5999984741211,1788219857000.0,148.0,113.0,117.80000305175781,2998.0,-6.430916804820299,106.8941786326468,94.5999984741211,5040.18017578125,56.0,2998.0,1.399999976158142,0.5,2990.0,0.10499999672174454,2998.0
94.80000305175781,1788219859000.0,148.0,0.0,117.80000305175781,3000.0,-6.430896520614624,106.89420168288052,94.80000305175781,5041.77001953125,0.0,3000.0,1.3899999856948853,0.0,2992.0,0.16099999845027924,3000.0
