directCorrectedElevation,directSpeed,directLongitude,directHeartRate,directTimestamp,directLatitude,directFractionalCadence,directUncorrectedElevation,sumElapsedDuration,sumMovingDuration,directElevation,sumDistance,directRunCadence,directDoubleCadence,sumDuration,directVerticalSpeed,elapsed_s
21.799999237060547,0.0,106.80050608702004,112.0,1788655990000.0,-6.228051111102104,0.0,68.4000015258789,0.0,0.0,21.799999237060547,2.7699999809265137,0.0,0.0,0.0,,0.0
21.799999237060547,0.0,106.80051145143807,112.0,1788655991000.0,-6.228044657036662,0.0,68.4000015258789,1.0,0.0,21.799999237060547,3.6600000858306885,0.0,0.0,1.0,0.06199999898672104,1.0
23.0,1.7170000076293945,106.8006256967783,111.0,1788655999000.0,-6.227941894903779,0.0,68.4000015258789,9.0,8.0,23.0,20.709999084472656,79.0,158.0,9.0,0.13199999928474426,9.0
22.600000381469727,1.7079999446868896,106.80070507340133,114.0,1788656004000.0,-6.227884730324149,0.5,68.80000305175781,14.0,13.0,22.600000381469727,31.59000015258789,80.0,161.0,14.0,-0.07599999755620956,14.0
22.0,1.781999945640564,106.80077975615859,115.0,1788656008000.0,-6.227823626250029,0.0,69.0,18.0,17.0,22.0,42.2400016784668,80.0,160.0,18.0,-0.1340000033378601,18.0
21.600000381469727,1.847000002861023,106.80084974505007,118.0,1788656012000.0,-6.2277821358293295,0.0,68.80000305175781,22.0,21.0,21.600000381469727,51.22999954223633,80.0,160.0,22.0,-0.11400000005960464,22.0
21.200000762939453,1.9129999876022339,106.8009087536484,121.0,1788656015000.0,-6.2277476862072945,0.0,68.5999984741211,25.0,24.0,21.200000762939453,58.68000030517578,81.0,162.0,25.0,-0.1120000034570694,25.0
20.799999237060547,1.940999984741211,106.80093758739531,124.0,1788656017000.0,-6.22771373949945,0.0,68.4000015258789,27.0,26.0,20.799999237060547,63.2599983215332,82.0,164.0,27.0,-0.15000000596046448,27.0
20.799999237060547,1.9500000476837158,106.8009534291923,126.0,1788656018000.0,-6.227701669558883,0.0,68.19999694824219,28.0,27.0,20.799999237060547,65.44000244140625,82.0,164.0,28.0,-0.15700000524520874,28.0
20.0,2.00600004196167,106.80102299898863,129.0,1788656022000.0,-6.227655569091439,0.0,66.80000305175781,32.0,31.0,20.0,74.68000030517578,83.0,166.0,32.0,-0.16699999570846558,32.0
19.399999618530273,2.0810000896453857,106.80107748135924,132.0,1788656025000.0,-6.2275986559689045,0.0,64.5999984741211,35.0,34.0,19.399999618530273,83.06999969482422,84.0,168.0,35.0,-0.19900000095367432,35.0
18.799999237060547,2.2019999027252197,106.80113883689046,133.0,1788656028000.0,-6.227542329579592,0.0,63.0,38.0,37.0,18.799999237060547,91.95999908447266,84.0,168.0,38.0,-0.2150000035762787,38.0
18.600000381469727,2.2769999504089355,106.80127571336925,136.0,1788656034000.0,-6.2274301797151566,0.0,59.599998474121094,44.0,43.0,18.600000381469727,111.43000030517578,82.0,164.0,44.0,-0.03700000047683716,44.0
19.600000381469727,2.3510000705718994,106.801354335621,139.0,1788656038000.0,-6.227353485301137,0.0,58.20000076293945,48.0,47.0,19.600000381469727,123.54000091552734,82.0,164.0,48.0,0.2639999985694885,48.0
21.0,2.127000093460083,106.80147076025605,140.0,1788656046000.0,-6.227290453389287,0.5,58.400001525878906,56.0,55.0,21.0,138.0,81.0,163.0,56.0,0.16099999845027924,56.0
21.200000762939453,2.0250000953674316,106.8016204610467,142.0,1788656057000.0,-6.227172771468759,0.0,58.20000076293945,67.0,66.0,21.200000762939453,159.02999877929688,80.0,160.0,67.0,0.029999999329447746,67.0
21.399999618530273,2.0339999198913574,106.80163454264402,142.0,1788656058000.0,-6.227153828367591,0.5,58.0,68.0,67.0,21.399999618530273,161.47000122070312,80.0,161.0,68.0,0.0860000029206276,68.0
21.600000381469727,2.0899999141693115,106.80176219902933,143.0,1788656066000.0,-6.227044025436044,0.0,58.20000076293945,76.0,75.0,21.600000381469727,179.97999572753906,82.0,164.0,76.0,0.035999998450279236,76.0
21.200000762939453,2.13700008392334,106.80191273801029,145.0,1788656075000.0,-6.226946124807,0.0,56.79999923706055,85.0,84.0,21.200000762939453,199.8000030517578,82.0,164.0,85.0,-0.041999999433755875,85.0
21.200000762939453,2.1459999084472656,106.80205648764968,146.0,1788656084000.0,-6.226831711828709,0.5,49.599998474121094,94.0,93.0,21.200000762939453,220.1300048828125,80.0,161.0,94.0,-0.004000000189989805,94.0
21.600000381469727,2.1459999084472656,106.80209646932781,146.0,1788656087000.0,-6.2267975974828005,0.5,48.400001525878906,97.0,96.0,21.600000381469727,225.94000244140625,81.0,163.0,97.0,0.08900000154972076,97.0
22.200000762939453,2.1089999675750732,106.80221482180059,143.0,1788656095000.0,-6.226717801764607,0.5,45.79999923706055,105.0,104.0,22.200000762939453,241.72999572753906,80.0,161.0,105.0,0.08900000154972076,105.0
22.600000381469727,2.0899999141693115,106.80228380486369,143.0,1788656100000.0,-6.22665979899466,0.0,44.400001525878906,110.0,109.0,22.600000381469727,251.6699981689453,80.0,160.0,110.0,0.09099999815225601,110.0
22.799999237060547,2.0429999828338623,106.80237567052245,143.0,1788656107000.0,-6.226629791781306,0.0,45.0,117.0,116.0,22.799999237060547,262.260009765625,80.0,160.0,117.0,0.027000000700354576,117.0
23.0,2.015000104904175,106.80252411402762,143.0,1788656116000.0,-6.226519150659442,0.0,53.79999923706055,126.0,125.0,23.0,282.94000244140625,80.0,160.0,126.0,0.01600000075995922,126.0
21.399999618530273,2.0250000953674316,106.80265956558287,143.0,1788656126000.0,-6.226408928632736,0.0,56.0,136.0,135.0,21.399999618530273,302.239990234375,81.0,162.0,136.0,-0.16300000250339508,136.0
19.0,2.0250000953674316,106.80277121253312,142.0,1788656134000.0,-6.226310525089502,0.5,54.20000076293945,144.0,143.0,19.0,318.8500061035156,82.0,165.0,144.0,-0.2980000078678131,144.0
17.600000381469727,2.0250000953674316,106.80289744399488,144.0,1788656142000.0,-6.226242715492845,0.0,54.79999923706055,152.0,151.0,17.600000381469727,334.67999267578125,81.0,162.0,152.0,-0.16899999976158142,152.0
17.799999237060547,2.015000104904175,106.8029617331922,147.0,1788656146000.0,-6.226201727986336,0.0,55.0,156.0,155.0,17.799999237060547,343.1099853515625,80.0,160.0,156.0,0.05299999937415123,156.0
18.200000762939453,2.015000104904175,106.8030275311321,146.0,1788656150000.0,-6.226149592548609,0.0,54.599998474121094,160.0,159.0,18.200000762939453,352.3999938964844,81.0,162.0,160.0,0.0820000022649765,160.0
18.399999618530273,2.0339999198913574,106.80316113866866,146.0,1788656158000.0,-6.22609200887382,0.5,53.79999923706055,168.0,167.0,18.399999618530273,369.1300048828125,80.0,161.0,168.0,0.03700000047683716,168.0
19.399999618530273,2.0339999198913574,106.80323020555079,146.0,1788656163000.0,-6.22603626921773,0.5,50.20000076293945,173.0,172.0,19.399999618530273,378.95001220703125,80.0,161.0,173.0,0.17000000178813934,173.0
22.799999237060547,2.0339999198913574,106.8033658247441,148.0,1788656173000.0,-6.225917581468821,0.5,46.400001525878906,183.0,182.0,22.799999237060547,398.989990234375,80.0,161.0,183.0,0.34599998593330383,183.0
23.600000381469727,2.0339999198913574,106.80339164100587,149.0,1788656175000.0,-6.225889166817069,0.5,47.0,185.0,184.0,23.600000381469727,403.239990234375,80.0,161.0,185.0,0.40400001406669617,185.0
23.0,2.015000104904175,106.80350395850837,146.0,1788656184000.0,-6.22584130614996,0.5,52.400001525878906,194.0,193.0,23.0,416.2099914550781,77.0,155.0,194.0,-0.06300000101327896,194.0
22.200000762939453,1.8009999990463257,106.80357394739985,146.0,1788656191000.0,-6.225811634212732,0.0,56.0,201.0,200.0,22.200000762939453,424.5799865722656,77.0,154.0,201.0,-0.10899999737739563,201.0
21.200000762939453,1.5399999618530273,106.80363806895912,145.0,1788656197000.0,-6.225799228996038,0.0,57.599998474121094,207.0,206.0,21.200000762939453,431.82000732421875,77.0,154.0,207.0,-0.17900000512599945,207.0
21.200000762939453,1.5019999742507935,106.8036491330713,145.0,1788656198000.0,-6.225786572322249,0.0,58.0,208.0,207.0,21.200000762939453,433.5799865722656,77.0,154.0,208.0,0.07999999821186066,208.0
21.0,1.437000036239624,106.80368802510202,144.0,1788656202000.0,-6.225763186812401,0.0,60.599998474121094,212.0,211.0,21.0,438.0199890136719,77.0,154.0,212.0,-0.06300000101327896,212.0
20.799999237060547,1.3530000448226929,106.80375927127898,141.0,1788656209000.0,-6.225743992254138,0.0,66.4000015258789,219.0,218.0,20.799999237060547,446.04998779296875,77.0,154.0,219.0,-0.020999999716877937,219.0
20.799999237060547,1.315999984741211,106.80378542281687,140.0,1788656211000.0,-6.225736113265157,0.0,66.80000305175781,221.0,220.0,20.799999237060547,448.6600036621094,77.0,154.0,221.0,-0.01899999938905239,221.0
20.799999237060547,1.2970000505447388,106.80381626822054,141.0,1788656213000.0,-6.225723372772336,0.0,67.19999694824219,223.0,222.0,20.799999237060547,451.8399963378906,77.0,154.0,223.0,-0.009999999776482582,223.0
21.200000762939453,1.3339999914169312,106.80387393571436,141.0,1788656218000.0,-6.22562924399972,0.5,70.4000015258789,228.0,227.0,21.200000762939453,458.0299987792969,77.0,155.0,228.0,0.09399999678134918,228.0
21.600000381469727,1.25,106.80395473726094,138.0,1788656224000.0,-6.225554728880525,0.0,74.80000305175781,234.0,233.0,21.600000381469727,467.94000244140625,77.0,154.0,234.0,0.04100000113248825,234.0
20.600000381469727,1.277999997138977,106.80402087047696,139.0,1788656228000.0,-6.225519357249141,0.5,72.4000015258789,238.0,237.0,20.600000381469727,475.3800048828125,78.0,157.0,238.0,-0.2529999911785126,238.0
19.200000762939453,1.3899999856948853,106.80409773252904,139.0,1788656234000.0,-6.225404189899564,0.0,67.4000015258789,244.0,243.0,19.200000762939453,489.3299865722656,78.0,156.0,244.0,-0.23000000417232513,244.0
16.799999237060547,1.5019999742507935,106.80420326068997,138.0,1788656243000.0,-6.225307295098901,0.0,63.599998474121094,253.0,252.0,16.799999237060547,505.0799865722656,79.0,158.0,253.0,-0.25699999928474426,253.0
15.199999809265137,1.6050000190734863,106.80428808555007,135.0,1788656249000.0,-6.225201264023781,0.5,62.20000076293945,259.0,258.0,15.199999809265137,519.5700073242188,78.0,157.0,259.0,-0.27000001072883606,259.0
15.600000381469727,1.6890000104904175,106.80434935726225,136.0,1788656253000.0,-6.225096825510263,0.0,62.20000076293945,263.0,262.0,15.600000381469727,532.22998046875,77.0,154.0,263.0,0.11599999666213989,263.0
15.399999618530273,1.753999948501587,106.80445798672736,136.0,1788656260000.0,-6.2249363120645285,0.0,66.19999694824219,270.0,269.0,15.399999618530273,552.25,79.0,158.0,270.0,-0.028999999165534973,270.0
15.800000190734863,1.7730000019073486,106.8045059312135,136.0,1788656263000.0,-6.224874202162027,0.0,69.4000015258789,273.0,272.0,15.800000190734863,560.260009765625,79.0,158.0,273.0,0.13699999451637268,273.0
15.800000190734863,1.7170000076293945,106.80454180575907,136.0,1788656266000.0,-6.224855426698923,0.5,71.5999984741211,276.0,275.0,15.800000190734863,564.7000122070312,77.0,155.0,276.0,0.004000000189989805,276.0
15.800000190734863,1.4930000305175781,106.80457399226725,134.0,1788656270000.0,-6.224843608215451,0.0,72.80000305175781,280.0,279.0,15.800000190734863,568.25,77.0,154.0,280.0,-0.014999999664723873,280.0
16.0,1.6330000162124634,106.80466166697443,135.0,1788656278000.0,-6.224781414493918,0.5,71.19999694824219,288.0,287.0,16.0,580.0900268554688,77.0,155.0,288.0,0.032999999821186066,288.0
17.0,1.6519999504089355,106.8047461565584,136.0,1788656286000.0,-6.224673204123974,0.5,68.19999694824219,296.0,295.0,17.0,594.2100219726562,78.0,157.0,296.0,0.11900000274181366,296.0
17.200000762939453,1.6419999599456787,106.80479502305388,134.0,1788656290000.0,-6.2246129382401705,0.5,68.0,300.0,299.0,17.200000762939453,602.5,77.0,155.0,300.0,0.03999999910593033,300.0
16.600000381469727,1.6050000190734863,106.80484229698777,132.0,1788656295000.0,-6.224610507488251,0.0,69.4000015258789,305.0,304.0,16.600000381469727,607.0800170898438,77.0,154.0,305.0,-0.11800000071525574,305.0
16.200000762939453,1.6050000190734863,106.80485201999545,133.0,1788656296000.0,-6.224613022059202,0.0,70.19999694824219,306.0,305.0,16.200000762939453,608.1300048828125,77.0,154.0,306.0,-0.36899998784065247,306.0
13.800000190734863,1.6330000162124634,106.80492846295238,135.0,1788656301000.0,-6.2246152851730585,0.5,73.80000305175781,311.0,310.0,13.800000190734863,616.3300170898438,80.0,161.0,311.0,-0.5049999952316284,311.0
12.199999809265137,1.6699999570846558,106.8049980327487,138.0,1788656305000.0,-6.224581254646182,0.5,75.80000305175781,315.0,314.0,12.199999809265137,624.9299926757812,80.0,161.0,315.0,-0.3799999952316284,315.0
11.199999809265137,1.7259999513626099,106.80506584234536,139.0,1788656309000.0,-6.224530125036836,0.5,77.80000305175781,319.0,318.0,11.199999809265137,634.3200073242188,82.0,165.0,319.0,-0.27300000190734863,319.0
9.800000190734863,1.902999997138977,106.80520934052765,139.0,1788656317000.0,-6.224502380937338,0.5,79.5999984741211,327.0,326.0,9.800000190734863,649.8499755859375,81.0,163.0,327.0,-0.17000000178813934,327.0
10.199999809265137,1.996999979019165,106.80527061223984,141.0,1788656321000.0,-6.2244489043951035,0.5,79.0,331.0,330.0,10.199999809265137,658.8499755859375,80.0,161.0,331.0,0.12300000339746475,331.0
10.399999618530273,2.0250000953674316,106.80530020035803,144.0,1788656323000.0,-6.224424513056874,0.5,78.80000305175781,333.0,332.0,10.399999618530273,663.2100219726562,80.0,161.0,333.0,0.10400000214576721,333.0
11.800000190734863,2.052999973297119,106.8053696025163,145.0,1788656327000.0,-6.224311692640185,0.5,78.19999694824219,337.0,336.0,11.800000190734863,677.7899780273438,80.0,161.0,337.0,0.34599998593330383,337.0
13.600000381469727,2.0810000896453857,106.8054814171046,146.0,1788656333000.0,-6.224212450906634,0.5,77.5999984741211,343.0,342.0,13.600000381469727,694.6500244140625,79.0,159.0,343.0,0.3050000071525574,343.0
15.0,2.0339999198913574,106.80555031634867,145.0,1788656338000.0,-6.224140115082264,0.5,77.19999694824219,348.0,347.0,15.0,705.6099853515625,79.0,159.0,348.0,0.257999986410141,348.0
15.199999809265137,1.996999979019165,106.80555962026119,144.0,1788656339000.0,-6.224123686552048,0.5,77.19999694824219,349.0,348.0,15.199999809265137,707.6300048828125,79.0,159.0,349.0,0.27000001072883606,349.0
15.399999618530273,1.996999979019165,106.80557730607688,144.0,1788656340000.0,-6.224114885553718,0.5,77.4000015258789,350.0,349.0,15.399999618530273,709.8200073242188,80.0,161.0,350.0,0.1899999976158142,350.0
16.0,2.015000104904175,106.80566372349858,143.0,1788656345000.0,-6.224039951339364,0.5,79.4000015258789,355.0,354.0,16.0,722.7999877929688,81.0,163.0,355.0,0.13600000739097595,355.0
16.0,2.0339999198913574,106.80570093914866,145.0,1788656348000.0,-6.224026791751385,0.5,79.80000305175781,358.0,357.0,16.0,727.5700073242188,80.0,161.0,358.0,-0.028999999165534973,358.0
16.399999618530273,2.015000104904175,106.80572608485818,145.0,1788656351000.0,-6.224060319364071,0.5,78.5999984741211,361.0,360.0,16.399999618530273,730.5700073242188,79.0,159.0,361.0,0.13099999725818634,361.0
17.0,1.9869999885559082,106.80579540319741,148.0,1788656356000.0,-6.224064761772752,0.5,77.5999984741211,366.0,365.0,17.0,737.239990234375,80.0,161.0,366.0,0.10599999874830246,366.0
17.0,1.9780000448226929,106.80583639070392,148.0,1788656359000.0,-6.224032491445541,0.5,78.19999694824219,369.0,368.0,17.0,743.0800170898438,80.0,161.0,369.0,0.020999999716877937,369.0
16.399999618530273,1.9780000448226929,106.80596086196601,148.0,1788656367000.0,-6.22392981313169,0.5,78.19999694824219,377.0,376.0,16.399999618530273,760.8599853515625,79.0,159.0,377.0,-0.07599999755620956,377.0
16.0,1.9780000448226929,106.80598584003747,148.0,1788656369000.0,-6.223917240276933,0.0,77.0,379.0,378.0,16.0,763.9000244140625,79.0,158.0,379.0,-0.18000000715255737,379.0
14.0,2.052999973297119,106.80610712617636,149.0,1788656376000.0,-6.223824033513665,0.5,71.5999984741211,386.0,385.0,14.0,780.5700073242188,80.0,161.0,386.0,-0.28299999237060547,386.0
11.399999618530273,1.968999981880188,106.80622472427785,151.0,1788656384000.0,-6.2237276416271925,0.5,67.0,394.0,393.0,11.399999618530273,796.739990234375,79.0,159.0,394.0,-0.3199999928474426,394.0
11.0,1.940999984741211,106.8062343634665,151.0,1788656385000.0,-6.223699729889631,0.0,66.4000015258789,395.0,394.0,11.0,799.6300048828125,80.0,160.0,395.0,-0.49900001287460327,395.0
10.399999618530273,1.819000005722046,106.80632824078202,150.0,1788656394000.0,-6.223627142608166,0.5,61.599998474121094,404.0,403.0,10.399999618530273,812.7899780273438,77.0,155.0,404.0,-0.06199999898672104,404.0
10.199999809265137,1.7359999418258667,106.80637165904045,147.0,1788656399000.0,-6.223592692986131,0.5,57.599998474121094,409.0,408.0,10.199999809265137,818.97998046875,77.0,155.0,409.0,-0.054999999701976776,409.0
10.199999809265137,1.7259999513626099,106.80638054385781,146.0,1788656400000.0,-6.2235906813293695,0.5,56.79999923706055,410.0,409.0,10.199999809265137,819.97998046875,77.0,155.0,410.0,0.052000001072883606,410.0
10.399999618530273,1.6890000104904175,106.80640149861574,146.0,1788656402000.0,-6.223592357710004,0.0,55.599998474121094,412.0,411.0,10.399999618530273,821.8499755859375,77.0,154.0,412.0,0.13099999725818634,412.0
10.800000190734863,1.6610000133514404,106.80644609034061,143.0,1788656407000.0,-6.223623119294643,0.0,53.599998474121094,417.0,416.0,10.800000190734863,824.8699951171875,73.0,146.0,417.0,0.05400000140070915,417.0
11.0,1.6050000190734863,106.8065055180341,142.0,1788656412000.0,-6.22358288615942,0.5,53.400001525878906,422.0,421.0,11.0,832.8099975585938,79.0,159.0,422.0,0.057999998331069946,422.0
13.399999618530273,1.7910000085830688,106.80662965402007,143.0,1788656420000.0,-6.223543155938387,0.0,54.20000076293945,430.0,429.0,13.399999618530273,847.6500244140625,80.0,160.0,430.0,0.29899999499320984,430.0
14.800000190734863,1.847000002861023,106.80671062320471,144.0,1788656424000.0,-6.223517004400492,0.5,54.400001525878906,434.0,433.0,14.800000190734863,857.2100219726562,81.0,163.0,434.0,0.35899999737739563,434.0
15.600000381469727,1.8569999933242798,106.80677625350654,144.0,1788656428000.0,-6.2234890926629305,0.5,53.599998474121094,438.0,437.0,15.600000381469727,864.5399780273438,79.0,159.0,438.0,0.20999999344348907,438.0
15.600000381469727,1.847000002861023,106.80680332705379,145.0,1788656430000.0,-6.223461767658591,0.0,53.0,440.0,439.0,15.600000381469727,867.9400024414062,79.0,158.0,440.0,-0.0020000000949949026,440.0
16.200000762939453,1.8380000591278076,106.80686275474727,145.0,1788656433000.0,-6.2234431598335505,0.5,52.599998474121094,443.0,442.0,16.200000762939453,874.9400024414062,79.0,159.0,443.0,0.14900000393390656,443.0
15.600000381469727,1.8569999933242798,106.80687390267849,145.0,1788656436000.0,-6.223378786817193,0.5,52.599998474121094,446.0,445.0,15.600000381469727,879.1500244140625,80.0,161.0,446.0,-0.20800000429153442,446.0
16.0,1.875,106.806965097785,145.0,1788656441000.0,-6.223326567560434,0.5,53.400001525878906,451.0,450.0,16.0,890.8099975585938,80.0,161.0,451.0,0.10400000214576721,451.0
17.0,1.9869999885559082,106.80707766674459,147.0,1788656449000.0,-6.2231845781207085,0.5,55.79999923706055,459.0,458.0,17.0,911.5900268554688,81.0,163.0,459.0,0.11400000005960464,459.0
19.0,2.0989999771118164,106.80717280134559,146.0,1788656454000.0,-6.223108638077974,0.5,60.599998474121094,464.0,463.0,19.0,924.780029296875,81.0,163.0,464.0,0.42500001192092896,464.0
21.0,2.127000093460083,106.80725955404341,147.0,1788656460000.0,-6.223016856238246,0.5,64.80000305175781,470.0,469.0,21.0,938.4199829101562,81.0,163.0,470.0,0.3089999854564667,470.0
22.0,2.0989999771118164,106.8073382601142,150.0,1788656464000.0,-6.222969498485327,0.5,65.0,474.0,473.0,22.0,948.5599975585938,80.0,161.0,474.0,0.2930000126361847,474.0
22.0,2.1459999084472656,106.80738184601068,151.0,1788656467000.0,-6.222986429929733,0.5,64.80000305175781,477.0,476.0,22.0,952.4400024414062,81.0,163.0,477.0,-0.061000000685453415,477.0
22.399999618530273,2.1549999713897705,106.80749324150383,152.0,1788656474000.0,-6.22294032946229,0.5,65.19999694824219,484.0,483.0,22.399999618530273,965.8499755859375,81.0,163.0,484.0,0.07100000232458115,484.0
23.0,2.2860000133514404,106.80765551514924,153.0,1788656483000.0,-6.222862545400858,0.5,66.4000015258789,493.0,492.0,23.0,985.8800048828125,80.0,161.0,493.0,0.06499999761581421,493.0
23.399999618530273,2.257999897003174,106.80776665918529,154.0,1788656491000.0,-6.222792724147439,0.5,67.80000305175781,501.0,500.0,23.399999618530273,1000.4600219726562,81.0,163.0,501.0,0.04399999976158142,501.0
24.0,2.118000030517578,106.80787595920265,152.0,1788656499000.0,-6.222706474363804,0.0,69.4000015258789,509.0,508.0,24.0,1015.780029296875,78.0,156.0,509.0,0.09200000017881393,509.0
24.0,2.052999973297119,106.80795265361667,149.0,1788656504000.0,-6.222643945366144,0.5,68.19999694824219,514.0,513.0,24.0,1026.530029296875,79.0,159.0,514.0,-0.012000000104308128,514.0
23.799999237060547,2.0429999828338623,106.80799154564738,149.0,1788656507000.0,-6.222601281479001,0.5,67.80000305175781,517.0,516.0,23.799999237060547,1032.7900390625,77.0,155.0,517.0,-0.05999999865889549,517.0
24.0,1.968999981880188,106.80808718316257,146.0,1788656515000.0,-6.222560461610556,0.5,62.20000076293945,525.0,524.0,24.0,1044.1600341796875,77.0,155.0,525.0,0.03099999949336052,525.0
24.200000762939453,1.8940000534057617,106.80811668746173,146.0,1788656519000.0,-6.222555348649621,0.0,61.599998474121094,529.0,528.0,24.200000762939453,1047.3199462890625,76.0,152.0,529.0,0.039000000804662704,529.0
24.200000762939453,1.8289999961853027,106.80816270411015,146.0,1788656523000.0,-6.222531124949455,0.0,61.599998474121094,533.0,532.0,24.200000762939453,1053.27001953125,76.0,152.0,533.0,-0.0020000000949949026,533.0
24.200000762939453,1.809999942779541,106.80820603854954,146.0,1788656526000.0,-6.222508745267987,0.0,61.79999923706055,536.0,535.0,24.200000762939453,1058.7099609375,77.0,154.0,536.0,-0.028999999165534973,536.0
23.799999237060547,1.8289999961853027,106.80828533135355,146.0,1788656532000.0,-6.222448395565152,0.5,62.400001525878906,542.0,541.0,23.799999237060547,1069.800048828125,78.0,157.0,542.0,-0.061000000685453415,542.0
23.799999237060547,1.8289999961853027,106.80829429998994,146.0,1788656533000.0,-6.22243951074779,0.0,62.599998474121094,543.0,542.0,23.799999237060547,1071.18994140625,78.0,156.0,543.0,-0.06400000303983688,543.0
23.600000381469727,1.8009999990463257,106.80840443819761,145.0,1788656542000.0,-6.222382849082351,0.5,62.0,552.0,551.0,23.600000381469727,1084.8599853515625,79.0,159.0,552.0,-0.024000000208616257,552.0
22.399999618530273,1.781999945640564,106.8085275683552,145.0,1788656551000.0,-6.222316548228264,0.5,64.0,561.0,560.0,22.399999618530273,1100.2900390625,78.0,157.0,561.0,-0.11900000274181366,561.0
20.600000381469727,1.8009999990463257,106.80865740403533,145.0,1788656559000.0,-6.22220054268837,0.5,61.20000076293945,569.0,568.0,20.600000381469727,1119.5400390625,79.0,159.0,569.0,-0.22699999809265137,569.0
20.200000762939453,1.847000002861023,106.80876947008073,145.0,1788656568000.0,-6.2221043184399605,0.0,54.20000076293945,578.0,577.0,20.200000762939453,1135.949951171875,79.0,158.0,578.0,-0.05299999937415123,578.0
20.399999618530273,1.8569999933242798,106.80886737070978,142.0,1788656575000.0,-6.2220262829214334,0.0,50.400001525878906,585.0,584.0,20.399999618530273,1149.800048828125,80.0,160.0,585.0,0.03999999910593033,585.0
20.600000381469727,1.902999997138977,106.80893233045936,140.0,1788656580000.0,-6.221969285979867,0.5,48.0,590.0,589.0,20.600000381469727,1159.43994140625,79.0,159.0,590.0,0.04100000113248825,590.0
20.799999237060547,1.8380000591278076,106.80896351113915,141.0,1788656586000.0,-6.221902733668685,0.5,45.79999923706055,596.0,595.0,20.799999237060547,1168.1400146484375,76.0,153.0,596.0,0.03999999910593033,596.0
20.799999237060547,1.819000005722046,106.80894850753248,140.0,1788656587000.0,-6.221914384514093,0.5,45.599998474121094,597.0,596.0,20.799999237060547,1169.969970703125,76.0,153.0,597.0,-0.041999999433755875,597.0
20.399999618530273,1.940999984741211,106.80878447368741,140.0,1788656594000.0,-6.222047908231616,0.5,45.79999923706055,604.0,603.0,20.399999618530273,1192.7900390625,82.0,165.0,604.0,-0.07400000095367432,604.0
20.200000762939453,1.996999979019165,106.80875455029309,140.0,1788656595000.0,-6.222047405317426,0.0,46.0,605.0,604.0,20.200000762939453,1196.1099853515625,83.0,166.0,605.0,-0.1080000028014183,605.0
20.200000762939453,2.257999897003174,106.8086641933769,140.0,1788656600000.0,-6.221978170797229,0.0,47.400001525878906,610.0,609.0,20.200000762939453,1209.719970703125,82.0,164.0,610.0,-0.017999999225139618,610.0
20.200000762939453,1.6139999628067017,106.80862220004201,140.0,1788656607000.0,-6.221880353987217,0.0,50.400001525878906,617.0,616.0,20.200000762939453,1221.530029296875,80.0,160.0,617.0,0.02199999988079071,617.0
20.200000762939453,2.1089999675750732,106.80856553837657,141.0,1788656612000.0,-6.221809107810259,0.0,50.599998474121094,622.0,621.0,20.200000762939453,1231.800048828125,82.0,164.0,622.0,-0.0010000000474974513,622.0
20.600000381469727,2.0989999771118164,106.80850116536021,144.0,1788656618000.0,-6.221706764772534,0.0,49.79999923706055,628.0,627.0,20.600000381469727,1245.18994140625,81.0,162.0,628.0,0.07100000232458115,628.0
21.200000762939453,2.118000030517578,106.80847149342299,145.0,1788656620000.0,-6.221673656255007,0.0,49.79999923706055,630.0,629.0,21.200000762939453,1250.0699462890625,82.0,164.0,630.0,0.2199999988079071,630.0
21.799999237060547,2.1740000247955322,106.80844039656222,148.0,1788656624000.0,-6.221595034003258,0.0,50.0,634.0,633.0,21.799999237060547,1259.47998046875,81.0,162.0,634.0,0.1550000011920929,634.0
22.200000762939453,2.1740000247955322,106.80840552784503,149.0,1788656627000.0,-6.2215441558510065,0.0,50.0,637.0,636.0,22.200000762939453,1266.3199462890625,81.0,162.0,637.0,0.12200000137090683,637.0
22.200000762939453,2.193000078201294,106.80834433995187,151.0,1788656633000.0,-6.2214478477835655,0.5,50.20000076293945,643.0,642.0,22.200000762939453,1278.8499755859375,80.0,161.0,643.0,0.020999999716877937,643.0
20.399999618530273,2.1089999675750732,106.80826990865171,151.0,1788656644000.0,-6.221281131729484,0.5,52.0,654.0,653.0,20.399999618530273,1299.18994140625,80.0,161.0,654.0,-0.17499999701976776,654.0
20.399999618530273,2.0810000896453857,106.80827929638326,148.0,1788656648000.0,-6.22120862826705,0.5,52.20000076293945,658.0,657.0,20.399999618530273,1307.2900390625,77.0,155.0,658.0,0.041999999433755875,658.0
20.600000381469727,2.0429999828338623,106.80829371325672,148.0,1788656653000.0,-6.221131766214967,0.5,53.400001525878906,663.0,662.0,20.600000381469727,1315.9300537109375,75.0,151.0,663.0,0.03200000151991844,663.0
20.600000381469727,2.015000104904175,106.80829756893218,145.0,1788656656000.0,-6.221093880012631,0.0,54.400001525878906,666.0,665.0,20.600000381469727,1320.1099853515625,76.0,152.0,666.0,-0.017999999225139618,666.0
20.0,1.9129999876022339,106.80828331969678,146.0,1788656661000.0,-6.221038810908794,0.0,56.0,671.0,670.0,20.0,1326.06005859375,78.0,156.0,671.0,-0.10100000351667404,671.0
18.200000762939453,1.7910000085830688,106.80828449316323,146.0,1788656668000.0,-6.220931354910135,0.5,57.20000076293945,678.0,677.0,18.200000762939453,1338.0799560546875,78.0,157.0,678.0,-0.2619999945163727,678.0
16.200000762939453,1.8289999961853027,106.80824828334153,145.0,1788656679000.0,-6.220754915848374,0.0,57.0,689.0,688.0,16.200000762939453,1357.81005859375,77.0,154.0,689.0,-0.19200000166893005,689.0
13.600000381469727,1.7450000047683716,106.80826479569077,145.0,1788656689000.0,-6.220591384917498,0.5,56.599998474121094,699.0,698.0,13.600000381469727,1376.02001953125,77.0,155.0,699.0,-0.2619999945163727,699.0
10.199999809265137,1.7450000047683716,106.8082445114851,145.0,1788656696000.0,-6.2204759661108255,0.5,56.79999923706055,706.0,705.0,10.199999809265137,1389.0400390625,78.0,157.0,706.0,-0.47600001096725464,706.0
8.0,1.7259999513626099,106.8082085531205,145.0,1788656702000.0,-6.220399187877774,0.0,55.400001525878906,712.0,711.0,8.0,1397.27001953125,76.0,152.0,712.0,-0.36000001430511475,712.0
7.800000190734863,1.7259999513626099,106.80820561945438,145.0,1788656703000.0,-6.220387704670429,0.0,54.79999923706055,713.0,712.0,7.800000190734863,1398.530029296875,75.0,150.0,713.0,-0.27000001072883606,713.0
7.199999809265137,1.7259999513626099,106.80819765664637,142.0,1788656705000.0,-6.220362223684788,0.0,54.0,715.0,714.0,7.199999809265137,1401.4300537109375,75.0,150.0,715.0,-0.3149999976158142,715.0
5.599999904632568,1.6699999570846558,106.80822875350714,141.0,1788656712000.0,-6.220242865383625,0.0,49.0,722.0,721.0,5.599999904632568,1414.6099853515625,80.0,160.0,722.0,-0.210999995470047,722.0
5.199999809265137,1.6419999599456787,106.8082286696881,141.0,1788656714000.0,-6.220215121284127,0.5,46.79999923706055,724.0,723.0,5.199999809265137,1417.510009765625,78.0,157.0,724.0,-0.25099998712539673,724.0
3.799999952316284,1.5959999561309814,106.80823839269578,140.0,1788656719000.0,-6.220127362757921,0.0,44.0,729.0,728.0,3.799999952316284,1427.0400390625,79.0,158.0,729.0,-0.27399998903274536,729.0
2.799999952316284,1.5490000247955322,106.80823369883001,139.0,1788656725000.0,-6.220065336674452,0.0,42.79999923706055,735.0,734.0,2.799999952316284,1433.780029296875,79.0,158.0,735.0,-0.15199999511241913,735.0
2.799999952316284,1.5490000247955322,106.80823143571615,140.0,1788656726000.0,-6.220053099095821,0.0,42.599998474121094,736.0,735.0,2.799999952316284,1435.1600341796875,79.0,158.0,736.0,-0.16500000655651093,736.0
1.7999999523162842,1.5399999618530273,106.808231016621,139.0,1788656731000.0,-6.219972297549248,0.0,42.20000076293945,741.0,740.0,1.7999999523162842,1444.18994140625,77.0,154.0,741.0,-0.17599999904632568,741.0
1.399999976158142,1.5770000219345093,106.8082270771265,138.0,1788656740000.0,-6.219795607030392,0.5,44.20000076293945,750.0,749.0,1.399999976158142,1463.530029296875,82.0,165.0,750.0,-0.05400000140070915,750.0
1.600000023841858,1.5859999656677246,106.80822975933552,139.0,1788656741000.0,-6.219779932871461,0.5,44.400001525878906,751.0,750.0,1.600000023841858,1465.1500244140625,82.0,165.0,751.0,0.2529999911785126,751.0
2.799999952316284,1.6610000133514404,106.8082286696881,138.0,1788656745000.0,-6.219719164073467,0.5,44.20000076293945,755.0,754.0,2.799999952316284,1471.8800048828125,81.0,163.0,755.0,0.2759999930858612,755.0
3.4000000953674316,1.7079999446868896,106.80825104936957,140.0,1788656754000.0,-6.21953803114593,0.5,36.0,764.0,763.0,3.4000000953674316,1492.1199951171875,83.0,167.0,764.0,0.07999999821186066,764.0
3.200000047683716,1.7359999418258667,106.80822447873652,143.0,1788656760000.0,-6.219466365873814,0.5,32.0,770.0,769.0,3.200000047683716,1501.8599853515625,82.0,165.0,770.0,-0.052000001072883606,770.0
3.4000000953674316,1.7170000076293945,106.80819883011281,143.0,1788656761000.0,-6.2194684613496065,0.5,31.799999237060547,771.0,770.0,3.4000000953674316,1504.699951171875,82.0,165.0,771.0,0.20000000298023224,771.0
6.400000095367432,1.6419999599456787,106.8080238159746,145.0,1788656770000.0,-6.219465024769306,0.0,34.20000076293945,780.0,779.0,6.400000095367432,1525.1800537109375,79.0,158.0,780.0,0.3490000069141388,780.0
4.599999904632568,1.6239999532699585,106.80803446099162,146.0,1788656776000.0,-6.219369387254119,0.0,35.20000076293945,786.0,785.0,4.599999904632568,1536.5,79.0,158.0,786.0,-0.31200000643730164,786.0
8.399999618530273,1.6979999542236328,106.80801593698561,146.0,1788656785000.0,-6.219198480248451,0.5,39.79999923706055,795.0,794.0,8.399999618530273,1555.9300537109375,81.0,163.0,795.0,0.42100000381469727,795.0
9.600000381469727,1.7450000047683716,106.80797746405005,146.0,1788656788000.0,-6.2191571574658155,0.5,41.20000076293945,798.0,797.0,9.600000381469727,1562.489990234375,80.0,161.0,798.0,0.38600000739097595,798.0
10.0,1.781999945640564,106.80793538689613,147.0,1788656791000.0,-6.219159672036767,0.5,42.20000076293945,801.0,800.0,10.0,1566.949951171875,80.0,161.0,801.0,0.13600000739097595,801.0
10.600000381469727,1.6699999570846558,106.80781200528145,148.0,1788656798000.0,-6.219186829403043,0.5,44.400001525878906,808.0,807.0,10.600000381469727,1580.199951171875,79.0,159.0,808.0,0.09399999678134918,808.0
11.199999809265137,1.6890000104904175,106.80771452374756,149.0,1788656806000.0,-6.219192110002041,0.5,45.0,816.0,815.0,11.199999809265137,1590.9599609375,80.0,161.0,816.0,0.07599999755620956,816.0
12.0,1.5679999589920044,106.80761754512787,149.0,1788656812000.0,-6.219191523268819,0.5,44.599998474121094,822.0,821.0,12.0,1601.6600341796875,78.0,157.0,822.0,0.11800000071525574,822.0
12.399999618530273,1.5299999713897705,106.80758041329682,148.0,1788656816000.0,-6.21918423101306,0.0,44.599998474121094,826.0,825.0,12.399999618530273,1605.8199462890625,79.0,158.0,826.0,0.11299999803304672,826.0
13.600000381469727,1.5579999685287476,106.80750103667378,149.0,1788656823000.0,-6.219191271811724,0.5,44.599998474121094,833.0,832.0,13.600000381469727,1614.3699951171875,78.0,157.0,833.0,0.1860000044107437,833.0
15.199999809265137,1.7359999418258667,106.8073382601142,151.0,1788656833000.0,-6.219175597652793,0.5,39.20000076293945,843.0,842.0,15.199999809265137,1632.550048828125,78.0,157.0,843.0,0.14800000190734863,843.0
15.800000190734863,1.6979999542236328,106.80721705779433,154.0,1788656840000.0,-6.219164282083511,0.0,36.0,850.0,849.0,15.800000190734863,1645.8699951171875,77.0,154.0,850.0,0.10599999874830246,850.0
15.800000190734863,1.6979999542236328,106.80720356293023,154.0,1788656841000.0,-6.219163108617067,0.0,35.79999923706055,851.0,850.0,15.800000190734863,1647.3699951171875,77.0,154.0,851.0,-0.10599999874830246,851.0
15.0,1.6979999542236328,106.80709099397063,156.0,1788656849000.0,-6.219174508005381,0.5,35.0,859.0,858.0,15.0,1659.719970703125,73.0,147.0,859.0,-0.09099999815225601,859.0
14.600000381469727,1.6610000133514404,106.80700994096696,153.0,1788656854000.0,-6.219169227406383,0.5,35.599998474121094,864.0,863.0,14.600000381469727,1668.6800537109375,73.0,147.0,864.0,-0.10999999940395355,864.0
14.399999618530273,1.6610000133514404,106.80696886964142,150.0,1788656857000.0,-6.2191615998744965,0.0,36.20000076293945,867.0,866.0,14.399999618530273,1673.300048828125,76.0,152.0,867.0,-0.06800000369548798,867.0
14.399999618530273,1.6610000133514404,106.8069455679506,147.0,1788656859000.0,-6.219156319275498,0.0,36.400001525878906,869.0,868.0,14.399999618530273,1675.8699951171875,76.0,152.0,869.0,-0.0020000000949949026,869.0
14.399999618530273,1.6610000133514404,106.80693098343909,147.0,1788656861000.0,-6.219152295961976,0.0,36.400001525878906,871.0,870.0,14.399999618530273,1677.5899658203125,73.0,146.0,871.0,0.026000000536441803,871.0
14.600000381469727,1.5210000276565552,106.80684439837933,144.0,1788656871000.0,-6.219136202707887,0.5,35.79999923706055,881.0,880.0,14.600000381469727,1687.4000244140625,77.0,155.0,881.0,0.03099999949336052,881.0
14.800000190734863,1.128999948501587,106.80677969008684,144.0,1788656878000.0,-6.219125222414732,0.0,35.20000076293945,888.0,887.0,14.800000190734863,1695.239990234375,0.0,0.0,888.0,0.032999999821186066,888.0
15.399999618530273,1.5399999618530273,106.80672470480204,142.0,1788656884000.0,-6.219079541042447,0.0,32.79999923706055,894.0,893.0,15.399999618530273,1703.22998046875,79.0,158.0,894.0,0.07100000232458115,894.0
16.200000762939453,1.7170000076293945,106.80663518607616,139.0,1788656890000.0,-6.219088342040777,0.0,30.200000762939453,900.0,899.0,16.200000762939453,1713.1400146484375,76.0,152.0,900.0,0.15600000321865082,900.0
17.600000381469727,1.6519999504089355,106.80650350637734,139.0,1788656899000.0,-6.219086581841111,0.5,27.799999237060547,909.0,908.0,17.600000381469727,1727.6300048828125,81.0,163.0,909.0,0.1589999943971634,909.0
17.399999618530273,1.809999942779541,106.80631910450757,139.0,1788656909000.0,-6.2190923653542995,0.5,30.600000381469727,919.0,918.0,17.399999618530273,1748.0799560546875,79.0,159.0,919.0,-0.026000000536441803,919.0
17.0,1.8289999961853027,106.80618650279939,142.0,1788656915000.0,-6.219094460830092,0.5,32.599998474121094,925.0,924.0,17.0,1762.4599609375,79.0,159.0,925.0,-0.0729999989271164,925.0
16.600000381469727,1.8289999961853027,106.80614626966417,143.0,1788656918000.0,-6.219082558527589,0.0,34.0,928.0,927.0,16.600000381469727,1767.1099853515625,80.0,160.0,928.0,-0.125,928.0
15.800000190734863,1.7359999418258667,106.80599195882678,143.0,1788656926000.0,-6.219106111675501,0.5,36.0,936.0,935.0,15.800000190734863,1783.6400146484375,80.0,161.0,936.0,-0.11299999803304672,936.0
15.399999618530273,1.7259999513626099,106.80596111342311,143.0,1788656928000.0,-6.21910410001874,0.5,37.0,938.0,937.0,15.399999618530273,1786.8900146484375,80.0,161.0,938.0,-0.12200000137090683,938.0
15.600000381469727,1.7359999418258667,106.80585533380508,144.0,1788656933000.0,-6.2191032618284225,0.0,38.79999923706055,943.0,942.0,15.600000381469727,1798.47998046875,80.0,160.0,943.0,0.029999999329447746,943.0
16.399999618530273,1.7450000047683716,106.80578207597136,147.0,1788656937000.0,-6.219110889360309,0.5,39.20000076293945,947.0,946.0,16.399999618530273,1806.6400146484375,80.0,161.0,947.0,0.19099999964237213,947.0
16.799999237060547,1.7640000581741333,106.80573446676135,149.0,1788656940000.0,-6.219117511063814,0.5,38.79999923706055,950.0,949.0,16.799999237060547,1811.8299560546875,80.0,161.0,950.0,0.16300000250339508,950.0
17.799999237060547,1.5299999713897705,106.80560857057571,151.0,1788656948000.0,-6.2191312573850155,0.5,40.599998474121094,958.0,957.0,17.799999237060547,1825.6600341796875,79.0,159.0,958.0,0.10599999874830246,958.0
19.200000762939453,1.5579999685287476,106.8054761365056,152.0,1788656956000.0,-6.219092784449458,0.0,41.599998474121094,966.0,965.0,19.200000762939453,1842.4599609375,76.0,152.0,966.0,0.17399999499320984,966.0
19.399999618530273,1.5490000247955322,106.80546280927956,152.0,1788656957000.0,-6.219082642346621,0.5,41.599998474121094,967.0,966.0,19.399999618530273,1844.300048828125,77.0,155.0,967.0,0.1770000010728836,967.0
20.0,1.4279999732971191,106.80535627529025,151.0,1788656962000.0,-6.219083815813065,0.5,40.79999923706055,972.0,971.0,20.0,1855.6600341796875,80.0,161.0,972.0,0.13300000131130219,972.0
19.399999618530273,1.465000033378601,106.80531629361212,149.0,1788656965000.0,-6.219090186059475,0.5,41.0,975.0,974.0,19.399999618530273,1860.0899658203125,80.0,161.0,975.0,-0.16099999845027924,975.0
18.0,1.399999976158142,106.80519131943583,149.0,1788656972000.0,-6.2191118113696575,0.5,42.20000076293945,982.0,981.0,18.0,1874.0400390625,79.0,159.0,982.0,-0.22599999606609344,982.0
17.600000381469727,1.3899999856948853,106.80515971966088,149.0,1788656974000.0,-6.219110889360309,0.5,42.599998474121094,984.0,983.0,17.600000381469727,1877.3800048828125,79.0,159.0,984.0,-0.16599999368190765,984.0
17.0,1.4559999704360962,106.80509936995804,150.0,1788656979000.0,-6.219102339819074,0.5,42.79999923706055,989.0,988.0,17.0,1884.1099853515625,78.0,157.0,989.0,-0.1120000034570694,989.0
13.800000190734863,1.6239999532699585,106.80492846295238,151.0,1788656988000.0,-6.21911047026515,0.0,42.0,998.0,997.0,13.800000190734863,1903.4300537109375,79.0,158.0,998.0,-0.3479999899864197,998.0
11.600000381469727,1.5579999685287476,106.80481203831732,152.0,1788656995000.0,-6.2191217020154,0.5,43.599998474121094,1005.0,1004.0,11.600000381469727,1915.760009765625,77.0,155.0,1005.0,-0.32199999690055847,1005.0
10.600000381469727,1.5770000219345093,106.80470642633736,149.0,1788657002000.0,-6.219090688973665,0.5,45.79999923706055,1012.0,1011.0,10.600000381469727,1928.4100341796875,78.0,157.0,1012.0,-0.15399999916553497,1012.0
10.399999618530273,1.5770000219345093,106.80469829589128,148.0,1788657003000.0,-6.219089180231094,0.5,46.0,1013.0,1012.0,10.399999618530273,1929.300048828125,78.0,157.0,1013.0,-0.10599999874830246,1013.0
9.600000381469727,1.5770000219345093,106.80464817211032,145.0,1788657006000.0,-6.219109129160643,0.0,46.20000076293945,1016.0,1015.0,9.600000381469727,1935.27001953125,79.0,158.0,1016.0,-0.2879999876022339,1016.0
9.399999618530273,1.5859999656677246,106.80463593453169,144.0,1788657007000.0,-6.219110554084182,0.0,46.400001525878906,1017.0,1016.0,9.399999618530273,1936.6199951171875,78.0,156.0,1017.0,-0.1860000044107437,1017.0
9.199999809265137,1.5959999561309814,106.8046251218766,143.0,1788657008000.0,-6.219112649559975,0.5,46.20000076293945,1018.0,1017.0,9.199999809265137,1937.8299560546875,77.0,155.0,1018.0,-0.17100000381469727,1018.0
8.0,1.5490000247955322,106.80450400337577,145.0,1788657018000.0,-6.219106363132596,0.0,44.79999923706055,1028.0,1027.0,8.0,1951.3399658203125,76.0,152.0,1028.0,-0.11500000208616257,1028.0
8.0,1.6419999599456787,106.8043610919267,146.0,1788657028000.0,-6.21910510584712,0.5,43.20000076293945,1038.0,1037.0,8.0,1967.1600341796875,79.0,159.0,1038.0,0.0,1038.0
8.0,1.6890000104904175,106.80426553823054,146.0,1788657035000.0,-6.219103680923581,0.5,38.79999923706055,1045.0,1044.0,8.0,1977.9000244140625,76.0,153.0,1045.0,-0.0010000000474974513,1045.0
10.0,1.6979999542236328,106.80417417548597,144.0,1788657042000.0,-6.219107871875167,0.5,37.0,1052.0,1051.0,10.0,1988.1300048828125,73.0,147.0,1052.0,0.289000004529953,1052.0
10.399999618530273,1.6979999542236328,106.80416101589799,144.0,1788657043000.0,-6.219108374789357,0.5,37.0,1053.0,1052.0,10.399999618530273,1989.5699462890625,73.0,147.0,1053.0,0.375,1053.0
12.600000381469727,1.6890000104904175,106.80409521795809,143.0,1788657048000.0,-6.219074679538608,0.5,37.400001525878906,1058.0,1057.0,12.600000381469727,1998.22998046875,73.0,147.0,1058.0,0.43700000643730164,1058.0
13.0,1.6890000104904175,106.80409597232938,142.0,1788657050000.0,-6.219037380069494,0.0,37.599998474121094,1060.0,1059.0,13.0,2002.1800537109375,75.0,150.0,1060.0,0.19099999964237213,1060.0
14.0,1.7450000047683716,106.80409521795809,140.0,1788657058000.0,-6.218887511640787,0.0,34.79999923706055,1068.0,1067.0,14.0,2017.9599609375,76.0,152.0,1068.0,0.1340000033378601,1068.0
14.600000381469727,1.781999945640564,106.80411290377378,138.0,1788657068000.0,-6.218737894669175,0.0,32.79999923706055,1078.0,1077.0,14.600000381469727,2034.6099853515625,77.0,154.0,1078.0,0.041999999433755875,1078.0
15.0,1.8569999933242798,106.80410737171769,141.0,1788657077000.0,-6.218560030683875,0.5,33.400001525878906,1087.0,1086.0,15.0,2054.3701171875,80.0,161.0,1087.0,0.06199999898672104,1087.0
16.799999237060547,2.015000104904175,106.80411793291569,142.0,1788657085000.0,-6.2184088211506605,0.0,34.20000076293945,1095.0,1094.0,16.799999237060547,2071.159912109375,82.0,164.0,1095.0,0.20399999618530273,1095.0
16.600000381469727,2.015000104904175,106.80412287823856,143.0,1788657090000.0,-6.2183290254324675,0.5,34.599998474121094,1100.0,1099.0,16.600000381469727,2080.070068359375,82.0,165.0,1100.0,-0.01899999938905239,1100.0
16.799999237060547,2.0339999198913574,106.80413025431335,146.0,1788657097000.0,-6.218197932466865,0.5,38.0,1107.0,1106.0,16.799999237060547,2094.39990234375,81.0,163.0,1107.0,0.019999999552965164,1107.0
17.0,2.0339999198913574,106.80412287823856,146.0,1788657098000.0,-6.21816398575902,0.5,38.599998474121094,1108.0,1107.0,17.0,2098.239990234375,81.0,163.0,1108.0,0.31299999356269836,1108.0
17.200000762939453,2.0429999828338623,106.80410997010767,146.0,1788657099000.0,-6.218139678239822,0.0,39.0,1109.0,1108.0,17.200000762939453,2101.27001953125,82.0,164.0,1109.0,0.17000000178813934,1109.0
18.799999237060547,2.13700008392334,106.80404861457646,149.0,1788657105000.0,-6.218005148693919,0.5,41.599998474121094,1115.0,1114.0,18.799999237060547,2117.469970703125,82.0,165.0,1115.0,0.27300000190734863,1115.0
19.0,2.1740000247955322,106.80404308252037,149.0,1788657106000.0,-6.217988217249513,0.5,42.0,1116.0,1115.0,19.0,2119.409912109375,82.0,165.0,1116.0,0.2240000069141388,1116.0
21.600000381469727,2.313999891281128,106.80399916134775,150.0,1788657113000.0,-6.217844719067216,0.5,45.0,1123.0,1122.0,21.600000381469727,2135.550048828125,80.0,161.0,1123.0,0.3540000021457672,1123.0
22.399999618530273,2.1740000247955322,106.8039464391768,151.0,1788657120000.0,-6.2177574634552,0.5,47.400001525878906,1130.0,1129.0,22.399999618530273,2146.699951171875,80.0,161.0,1130.0,0.1289999932050705,1130.0
23.0,2.0810000896453857,106.80389346554875,152.0,1788657128000.0,-6.217649085447192,0.5,49.599998474121094,1138.0,1137.0,23.0,2159.739990234375,81.0,163.0,1138.0,0.05700000002980232,1138.0
22.399999618530273,1.9869999885559082,106.80383956991136,150.0,1788657135000.0,-6.217582114040852,0.5,51.0,1145.0,1144.0,22.399999618530273,2168.739990234375,77.0,155.0,1145.0,-0.07000000029802322,1145.0
22.600000381469727,1.847000002861023,106.80377167649567,149.0,1788657143000.0,-6.217500306665897,0.5,52.79999923706055,1153.0,1152.0,22.600000381469727,2180.39990234375,77.0,155.0,1153.0,0.03099999949336052,1153.0
23.0,1.819000005722046,106.80366807617247,148.0,1788657152000.0,-6.217396790161729,0.0,52.0,1162.0,1161.0,23.0,2197.610107421875,75.0,150.0,1162.0,0.0430000014603138,1162.0
23.399999618530273,1.819000005722046,106.80363438092172,147.0,1788657157000.0,-6.217331495136023,0.0,50.20000076293945,1167.0,1166.0,23.399999618530273,2206.0,76.0,152.0,1167.0,0.07000000029802322,1167.0
23.399999618530273,1.819000005722046,106.80360060185194,144.0,1788657159000.0,-6.2173061817884445,0.5,49.599998474121094,1169.0,1168.0,23.399999618530273,2210.6201171875,78.0,157.0,1169.0,0.029999999329447746,1169.0
22.200000762939453,1.8660000562667847,106.80348325520754,146.0,1788657167000.0,-6.217219680547714,0.0,44.400001525878906,1177.0,1176.0,22.200000762939453,2226.820068359375,76.0,152.0,1177.0,-0.1589999943971634,1177.0
20.799999237060547,1.8940000534057617,106.8033763859421,145.0,1788657175000.0,-6.217157738283277,0.0,41.20000076293945,1185.0,1184.0,20.799999237060547,2239.06005859375,77.0,154.0,1185.0,-0.17100000381469727,1185.0
20.799999237060547,1.8940000534057617,106.803376134485,145.0,1788657176000.0,-6.217149356380105,0.0,41.20000076293945,1186.0,1185.0,20.799999237060547,2239.889892578125,77.0,154.0,1186.0,-0.0010000000474974513,1186.0
20.799999237060547,1.875,106.8033277709037,144.0,1788657180000.0,-6.217115744948387,0.0,41.79999923706055,1190.0,1189.0,20.799999237060547,2246.360107421875,76.0,152.0,1190.0,-0.017999999225139618,1190.0
20.799999237060547,1.8660000562667847,106.80331704206765,144.0,1788657181000.0,-6.217104848474264,0.0,41.79999923706055,1191.0,1190.0,20.799999237060547,2248.050048828125,76.0,152.0,1191.0,0.0010000000474974513,1191.0
20.799999237060547,1.819000005722046,106.80327412672341,143.0,1788657185000.0,-6.217074254527688,0.5,42.79999923706055,1195.0,1194.0,20.799999237060547,2253.969970703125,77.0,155.0,1195.0,-0.010999999940395355,1195.0
20.799999237060547,1.809999942779541,106.80326524190605,143.0,1788657186000.0,-6.217065788805485,0.5,43.0,1196.0,1195.0,20.799999237060547,2255.280029296875,77.0,155.0,1196.0,-0.0020000000949949026,1196.0
21.0,1.7640000581741333,106.80319257080555,140.0,1788657192000.0,-6.217006780207157,0.0,45.400001525878906,1202.0,1201.0,21.0,2265.830078125,77.0,154.0,1202.0,0.041999999433755875,1202.0
21.0,1.7640000581741333,106.80316826328635,140.0,1788657194000.0,-6.216991189867258,0.5,46.20000076293945,1204.0,1203.0,21.0,2268.97998046875,78.0,157.0,1204.0,0.0560000017285347,1204.0
21.799999237060547,1.6890000104904175,106.80309550836682,140.0,1788657201000.0,-6.2169833946973085,0.0,49.79999923706055,1211.0,1210.0,21.799999237060547,2276.610107421875,75.0,150.0,1211.0,0.0989999994635582,1211.0
22.399999618530273,1.7170000076293945,106.8030204065144,138.0,1788657207000.0,-6.216915249824524,0.5,55.20000076293945,1217.0,1216.0,22.399999618530273,2287.860107421875,80.0,161.0,1217.0,0.09399999678134918,1217.0
22.0,1.8569999933242798,106.80293499492109,138.0,1788657213000.0,-6.216861605644226,0.5,59.20000076293945,1223.0,1222.0,22.0,2299.110107421875,78.0,157.0,1223.0,-0.06400000303983688,1223.0
21.799999237060547,1.9129999876022339,106.80285553447902,141.0,1788657217000.0,-6.216839477419853,0.5,60.400001525878906,1227.0,1226.0,21.799999237060547,2308.27001953125,79.0,159.0,1227.0,-0.03400000184774399,1227.0
22.0,2.015000104904175,106.80278906598687,142.0,1788657220000.0,-6.216831179335713,0.5,60.599998474121094,1230.0,1229.0,22.0,2315.570068359375,80.0,161.0,1230.0,0.05999999865889549,1230.0
22.600000381469727,2.1089999675750732,106.80262595415115,144.0,1788657229000.0,-6.216837214305997,0.5,57.0,1239.0,1238.0,22.600000381469727,2333.52001953125,79.0,159.0,1239.0,0.07000000029802322,1239.0
22.200000762939453,2.015000104904175,106.8024920951575,146.0,1788657238000.0,-6.216837465763092,0.5,51.400001525878906,1248.0,1247.0,22.200000762939453,2348.199951171875,80.0,161.0,1248.0,-0.05700000002980232,1248.0
21.200000762939453,1.968999981880188,106.8023385386914,145.0,1788657247000.0,-6.216855905950069,0.5,45.20000076293945,1257.0,1256.0,21.200000762939453,2365.090087890625,79.0,159.0,1257.0,-0.1080000028014183,1257.0
22.200000762939453,1.9589999914169312,106.80220593698323,142.0,1788657256000.0,-6.216916758567095,0.5,41.79999923706055,1266.0,1265.0,22.200000762939453,2380.8701171875,78.0,157.0,1266.0,0.125,1266.0
22.600000381469727,1.940999984741211,106.80217031389475,143.0,1788657258000.0,-6.216926397755742,0.5,41.400001525878906,1268.0,1267.0,22.600000381469727,2384.97998046875,77.0,155.0,1268.0,0.12099999934434891,1268.0
24.0,1.902999997138977,106.80209311656654,143.0,1788657264000.0,-6.216981969773769,0.5,40.599998474121094,1274.0,1273.0,24.0,2395.219970703125,79.0,159.0,1274.0,0.2329999953508377,1274.0
24.799999237060547,1.875,106.80202069692314,143.0,1788657269000.0,-6.217023627832532,0.0,37.599998474121094,1279.0,1278.0,24.799999237060547,2404.52001953125,79.0,158.0,1279.0,0.18799999356269836,1279.0
24.399999618530273,1.8660000562667847,106.80197174660861,143.0,1788657272000.0,-6.217029495164752,0.0,37.0,1282.0,1281.0,24.399999618530273,2409.919921875,79.0,158.0,1282.0,-0.1860000044107437,1282.0
24.0,1.847000002861023,106.80185364559293,145.0,1788657280000.0,-6.217081546783447,0.5,35.599998474121094,1290.0,1289.0,24.0,2424.510009765625,79.0,159.0,1290.0,-0.04899999871850014,1290.0
24.200000762939453,1.8569999933242798,106.80174023844302,145.0,1788657288000.0,-6.217172155156732,0.0,34.79999923706055,1298.0,1297.0,24.200000762939453,2440.830078125,81.0,162.0,1298.0,0.041999999433755875,1298.0
24.600000381469727,1.8569999933242798,106.80173646658659,146.0,1788657289000.0,-6.217192187905312,0.0,34.79999923706055,1299.0,1298.0,24.600000381469727,2443.070068359375,80.0,160.0,1299.0,0.26499998569488525,1299.0
25.799999237060547,1.819000005722046,106.80175825953484,146.0,1788657293000.0,-6.217232923954725,0.5,36.400001525878906,1303.0,1302.0,25.799999237060547,2447.969970703125,78.0,157.0,1303.0,0.29899999499320984,1303.0
26.0,1.809999942779541,106.80175364948809,146.0,1788657294000.0,-6.217249017208815,0.5,36.599998474121094,1304.0,1303.0,26.0,2449.75,78.0,157.0,1304.0,0.22300000488758087,1304.0
26.799999237060547,1.7640000581741333,106.80169723927975,147.0,1788657303000.0,-6.217373656108975,0.5,38.0,1313.0,1312.0,26.799999237060547,2464.72998046875,78.0,157.0,1313.0,0.0949999988079071,1313.0
26.600000381469727,1.7450000047683716,106.80165901780128,146.0,1788657310000.0,-6.217473233118653,0.5,37.79999923706055,1320.0,1319.0,26.600000381469727,2476.22998046875,78.0,157.0,1320.0,-0.04100000113248825,1320.0
24.200000762939453,1.7359999418258667,106.80159003473818,145.0,1788657322000.0,-6.217644810676575,0.5,36.79999923706055,1332.0,1331.0,24.200000762939453,2496.389892578125,78.0,157.0,1332.0,-0.19599999487400055,1332.0
22.600000381469727,1.7359999418258667,106.80153312161565,144.0,1788657331000.0,-6.217768024653196,0.5,35.0,1341.0,1340.0,22.600000381469727,2511.340087890625,77.0,155.0,1341.0,-0.1809999942779541,1341.0
21.200000762939453,1.7359999418258667,106.8014819920063,145.0,1788657339000.0,-6.217870283871889,0.0,32.400001525878906,1349.0,1348.0,21.200000762939453,2523.989990234375,79.0,158.0,1349.0,-0.16099999845027924,1349.0
20.200000762939453,1.7359999418258667,106.80140672251582,145.0,1788657348000.0,-6.218021661043167,0.5,31.0,1358.0,1357.0,20.200000762939453,2542.760009765625,80.0,161.0,1358.0,-0.10499999672174454,1358.0
19.600000381469727,1.7450000047683716,106.80137302726507,145.0,1788657356000.0,-6.218135571107268,0.5,32.79999923706055,1366.0,1365.0,19.600000381469727,2555.89990234375,78.0,157.0,1366.0,-0.08100000023841858,1366.0
18.600000381469727,1.7450000047683716,106.80134628899395,144.0,1788657363000.0,-6.21824411675334,0.5,32.599998474121094,1373.0,1372.0,18.600000381469727,2568.35009765625,78.0,157.0,1373.0,-0.15399999916553497,1373.0
19.0,1.7640000581741333,106.80131795816123,144.0,1788657371000.0,-6.218369677662849,0.5,35.20000076293945,1381.0,1380.0,19.0,2582.550048828125,78.0,157.0,1381.0,0.04899999871850014,1381.0
18.799999237060547,1.7910000085830688,106.80130136199296,146.0,1788657380000.0,-6.218521054834127,0.5,37.400001525878906,1390.0,1389.0,18.799999237060547,2599.419921875,80.0,161.0,1390.0,-0.008999999612569809,1390.0
19.0,1.7910000085830688,106.80129918269813,146.0,1788657381000.0,-6.218538070097566,0.5,37.599998474121094,1391.0,1390.0,19.0,2601.320068359375,80.0,161.0,1391.0,0.05400000140070915,1391.0
20.799999237060547,1.8289999961853027,106.8012956622988,144.0,1788657389000.0,-6.218669582158327,0.5,37.400001525878906,1399.0,1398.0,20.799999237060547,2615.840087890625,80.0,161.0,1399.0,0.2409999966621399,1399.0
23.399999618530273,1.8380000591278076,106.80132265202701,143.0,1788657399000.0,-6.218839483335614,0.5,37.599998474121094,1409.0,1408.0,23.399999618530273,2634.830078125,79.0,159.0,1409.0,0.25099998712539673,1409.0
25.0,1.8660000562667847,106.80134419351816,144.0,1788657406000.0,-6.218968899920583,0.5,38.0,1416.0,1415.0,25.0,2649.340087890625,82.0,165.0,1416.0,0.22300000488758087,1416.0
27.600000381469727,1.902999997138977,106.80138057097793,146.0,1788657413000.0,-6.219102256000042,0.5,38.20000076293945,1423.0,1422.0,27.600000381469727,2664.570068359375,79.0,159.0,1423.0,0.37400001287460327,1423.0
26.799999237060547,1.940999984741211,106.80141435004771,147.0,1788657420000.0,-6.2192201893776655,0.5,37.20000076293945,1430.0,1429.0,26.799999237060547,2677.97998046875,81.0,163.0,1430.0,-0.10400000214576721,1430.0
26.600000381469727,1.9500000476837158,106.80147159844637,149.0,1788657425000.0,-6.21929076500237,0.5,36.0,1435.0,1434.0,26.600000381469727,2687.909912109375,80.0,161.0,1435.0,-0.05999999865889549,1435.0
26.399999618530273,1.9589999914169312,106.80147335864604,148.0,1788657426000.0,-6.219309624284506,0.5,35.20000076293945,1436.0,1435.0,26.399999618530273,2690.0,80.0,161.0,1436.0,-0.12700000405311584,1436.0
25.0,1.9780000448226929,106.80151744745672,149.0,1788657432000.0,-6.219407524913549,0.5,30.799999237060547,1442.0,1441.0,25.0,2701.780029296875,80.0,161.0,1442.0,-0.2409999966621399,1442.0
22.399999618530273,1.9869999885559082,106.80158835835755,149.0,1788657439000.0,-6.219513136893511,0.5,29.600000381469727,1449.0,1448.0,22.399999618530273,2715.820068359375,79.0,159.0,1449.0,-0.3799999952316284,1449.0
19.799999237060547,1.9869999885559082,106.80167301557958,149.0,1788657447000.0,-6.219645068049431,0.5,29.799999237060547,1457.0,1456.0,19.799999237060547,2733.070068359375,79.0,159.0,1457.0,-0.3240000009536743,1457.0
19.399999618530273,1.9780000448226929,106.80176747962832,152.0,1788657456000.0,-6.219782447442412,0.0,37.0,1466.0,1465.0,19.399999618530273,2751.469970703125,76.0,152.0,1466.0,-0.03799999877810478,1466.0
19.600000381469727,1.9780000448226929,106.80177837610245,152.0,1788657457000.0,-6.219792924821377,0.0,37.79999923706055,1467.0,1466.0,19.600000381469727,2753.1298828125,76.0,152.0,1467.0,0.1599999964237213,1467.0
20.0,1.8660000562667847,106.80183067917824,150.0,1788657466000.0,-6.219869451597333,0.0,40.79999923706055,1476.0,1475.0,20.0,2763.080078125,74.0,148.0,1476.0,0.041999999433755875,1476.0
20.200000762939453,1.7259999513626099,106.80190159007907,147.0,1788657472000.0,-6.219917647540569,0.0,41.20000076293945,1482.0,1481.0,20.200000762939453,2772.360107421875,76.0,152.0,1482.0,0.054999999701976776,1482.0
20.600000381469727,1.7259999513626099,106.80192665196955,144.0,1788657474000.0,-6.219924855977297,0.0,41.0,1484.0,1483.0,20.600000381469727,2775.219970703125,76.0,152.0,1484.0,0.15700000524520874,1484.0
21.799999237060547,1.7640000581741333,106.80205782875419,144.0,1788657482000.0,-6.219965759664774,0.0,40.599998474121094,1492.0,1491.0,21.799999237060547,2790.260009765625,77.0,154.0,1492.0,0.1550000011920929,1492.0
21.799999237060547,1.7359999418258667,106.80216033942997,145.0,1788657491000.0,-6.220020242035389,0.0,40.79999923706055,1501.0,1500.0,21.799999237060547,2803.10009765625,77.0,154.0,1501.0,-0.003000000026077032,1501.0
21.799999237060547,1.6890000104904175,106.8022558093071,144.0,1788657498000.0,-6.220019990578294,0.5,40.599998474121094,1508.0,1507.0,21.799999237060547,2813.679931640625,74.0,149.0,1508.0,0.0010000000474974513,1508.0
21.200000762939453,1.6139999628067017,106.80236619897187,143.0,1788657507000.0,-6.2200424540787935,0.0,40.0,1517.0,1516.0,21.200000762939453,2826.070068359375,78.0,156.0,1517.0,-0.0560000017285347,1517.0
21.399999618530273,1.6139999628067017,106.80238128639758,143.0,1788657508000.0,-6.220038179308176,0.0,39.79999923706055,1518.0,1517.0,21.399999618530273,2827.659912109375,78.0,156.0,1518.0,0.06199999898672104,1518.0
21.399999618530273,1.6139999628067017,106.8024302367121,142.0,1788657511000.0,-6.220032898709178,0.5,39.400001525878906,1521.0,1520.0,21.399999618530273,2832.780029296875,78.0,157.0,1521.0,0.02500000037252903,1521.0
21.600000381469727,1.6239999532699585,106.80244406685233,141.0,1788657512000.0,-6.220022672787309,0.5,39.20000076293945,1522.0,1521.0,21.600000381469727,2834.5,78.0,157.0,1522.0,0.1469999998807907,1522.0
21.600000381469727,1.6139999628067017,106.80251120589674,142.0,1788657516000.0,-6.2200309708714485,0.0,39.0,1526.0,1525.0,21.600000381469727,2841.409912109375,77.0,154.0,1526.0,0.03500000014901161,1526.0
22.0,1.6139999628067017,106.80255596525967,141.0,1788657518000.0,-6.220043459907174,0.0,39.0,1528.0,1527.0,22.0,2846.27001953125,76.0,152.0,1528.0,0.11599999666213989,1528.0
22.200000762939453,1.6139999628067017,106.80259502492845,140.0,1788657520000.0,-6.220047818496823,0.5,39.599998474121094,1530.0,1529.0,22.200000762939453,2850.419921875,77.0,155.0,1530.0,0.125,1530.0
22.399999618530273,1.6239999532699585,106.80261790752411,141.0,1788657521000.0,-6.220049159601331,0.5,40.20000076293945,1531.0,1530.0,22.399999618530273,2852.68994140625,77.0,155.0,1531.0,0.1550000011920929,1531.0
22.799999237060547,1.6239999532699585,106.80268085561693,142.0,1788657524000.0,-6.220055697485805,0.0,41.599998474121094,1534.0,1533.0,22.799999237060547,2859.18994140625,77.0,154.0,1534.0,0.13500000536441803,1534.0
23.0,1.6330000162124634,106.8027251958847,140.0,1788657527000.0,-6.220065169036388,0.0,42.400001525878906,1537.0,1536.0,23.0,2863.93994140625,76.0,152.0,1537.0,0.08399999886751175,1537.0
23.0,1.6239999532699585,106.80273743346334,140.0,1788657528000.0,-6.220062570646405,0.0,42.79999923706055,1538.0,1537.0,23.0,2865.27001953125,76.0,152.0,1538.0,0.10700000077486038,1538.0
23.600000381469727,1.6050000190734863,106.80281312204897,139.0,1788657533000.0,-6.220070030540228,0.0,44.400001525878906,1543.0,1542.0,23.600000381469727,2871.8798828125,76.0,152.0,1543.0,0.09799999743700027,1543.0
23.799999237060547,1.6239999532699585,106.80286265909672,139.0,1788657536000.0,-6.220076568424702,0.5,44.599998474121094,1546.0,1545.0,23.799999237060547,2877.14990234375,78.0,157.0,1546.0,0.10100000351667404,1546.0
23.799999237060547,1.6330000162124634,106.80288218893111,139.0,1788657537000.0,-6.220084363594651,0.5,44.599998474121094,1547.0,1546.0,23.799999237060547,2879.4599609375,78.0,157.0,1547.0,-0.0560000017285347,1547.0
23.799999237060547,1.6610000133514404,106.8029225897044,139.0,1788657539000.0,-6.220091991126537,0.5,44.400001525878906,1549.0,1548.0,23.799999237060547,2883.860107421875,78.0,157.0,1549.0,-0.027000000700354576,1549.0
24.0,1.6799999475479126,106.80294522084296,140.0,1788657541000.0,-6.22007304802537,0.5,44.400001525878906,1551.0,1550.0,24.0,2886.9599609375,77.0,155.0,1551.0,0.06800000369548798,1551.0
24.0,1.7170000076293945,106.8030066601932,141.0,1788657545000.0,-6.220051422715187,0.5,43.79999923706055,1555.0,1554.0,24.0,2894.199951171875,79.0,159.0,1555.0,0.039000000804662704,1555.0
24.200000762939453,1.781999945640564,106.80305032990873,142.0,1788657547000.0,-6.22005108743906,0.5,43.400001525878906,1557.0,1556.0,24.200000762939453,2897.909912109375,79.0,159.0,1557.0,0.07199999690055847,1557.0
24.200000762939453,1.7910000085830688,106.8030708655715,142.0,1788657548000.0,-6.2200515903532505,0.5,43.400001525878906,1558.0,1557.0,24.200000762939453,2899.719970703125,79.0,159.0,1558.0,0.07199999690055847,1558.0
24.200000762939453,1.8289999961853027,106.80317027494311,145.0,1788657553000.0,-6.220036000013351,0.5,44.20000076293945,1563.0,1562.0,24.200000762939453,2910.280029296875,79.0,159.0,1563.0,-0.027000000700354576,1563.0
23.600000381469727,1.8569999933242798,106.80321947671473,146.0,1788657556000.0,-6.220013117417693,0.5,44.79999923706055,1566.0,1565.0,23.600000381469727,2916.199951171875,78.0,157.0,1566.0,-0.20900000631809235,1566.0
22.399999618530273,1.8660000562667847,106.80329692550004,149.0,1788657560000.0,-6.21999291703105,0.5,45.79999923706055,1570.0,1569.0,22.399999618530273,2924.72998046875,79.0,159.0,1570.0,-0.26100000739097595,1570.0
21.799999237060547,1.875,106.80333875119686,149.0,1788657562000.0,-6.219999957829714,0.5,46.599998474121094,1572.0,1571.0,21.799999237060547,2929.1298828125,81.0,163.0,1572.0,-0.3140000104904175,1572.0
21.799999237060547,1.8849999904632568,106.8033507373184,149.0,1788657563000.0,-6.219990653917193,0.5,47.0,1573.0,1572.0,21.799999237060547,2930.7900390625,81.0,163.0,1573.0,-0.13899999856948853,1573.0
21.399999618530273,1.902999997138977,106.80338962934911,149.0,1788657567000.0,-6.219907756894827,0.5,49.20000076293945,1577.0,1576.0,21.399999618530273,2940.639892578125,81.0,163.0,1577.0,-0.07800000160932541,1577.0
20.200000762939453,1.8940000534057617,106.80346414446831,147.0,1788657574000.0,-6.219805246219039,0.5,50.400001525878906,1584.0,1583.0,20.200000762939453,2954.52001953125,79.0,159.0,1584.0,-0.1770000010728836,1584.0
20.200000762939453,1.8849999904632568,106.80346531793475,147.0,1788657575000.0,-6.21978672221303,0.5,50.20000076293945,1585.0,1584.0,20.200000762939453,2956.56005859375,79.0,159.0,1585.0,-0.020999999716877937,1585.0
20.0,1.8849999904632568,106.8034680839628,148.0,1788657576000.0,-6.219768198207021,0.5,50.0,1586.0,1585.0,20.0,2958.5,79.0,159.0,1586.0,-0.05000000074505806,1586.0
19.399999618530273,1.8660000562667847,106.80350538343191,147.0,1788657580000.0,-6.219678092747927,0.0,48.79999923706055,1590.0,1589.0,19.399999618530273,2968.89990234375,80.0,160.0,1590.0,-0.1679999977350235,1590.0
19.399999618530273,1.8660000562667847,106.80350999347866,147.0,1788657581000.0,-6.2196513544768095,0.0,48.400001525878906,1591.0,1590.0,19.399999618530273,2971.7900390625,80.0,160.0,1591.0,-0.08299999684095383,1591.0
19.200000762939453,1.781999945640564,106.80354502983391,148.0,1788657588000.0,-6.219526045024395,0.5,42.20000076293945,1598.0,1597.0,19.200000762939453,2985.449951171875,78.0,157.0,1598.0,-0.028999999165534973,1598.0
19.799999237060547,1.7259999513626099,106.80356891825795,148.0,1788657595000.0,-6.219401741400361,0.0,35.0,1605.0,1604.0,19.799999237060547,2999.739990234375,78.0,156.0,1605.0,0.09600000083446503,1605.0
20.399999618530273,1.7359999418258667,106.8036546651274,149.0,1788657604000.0,-6.219234941527247,0.0,33.599998474121094,1614.0,1613.0,20.399999618530273,3020.639892578125,78.0,156.0,1614.0,0.06499999761581421,1614.0
20.399999618530273,1.7259999513626099,106.80366723798215,149.0,1788657605000.0,-6.219218010082841,0.0,34.0,1615.0,1614.0,20.399999618530273,3022.93994140625,78.0,156.0,1615.0,-0.012000000104308128,1615.0
21.399999618530273,1.7079999446868896,106.80371157824993,150.0,1788657613000.0,-6.219106866046786,0.5,35.20000076293945,1623.0,1622.0,21.399999618530273,3035.909912109375,77.0,155.0,1623.0,0.11800000071525574,1623.0
21.399999618530273,1.7079999446868896,106.80372289381921,149.0,1788657614000.0,-6.219092281535268,0.5,35.20000076293945,1624.0,1623.0,21.399999618530273,3037.68994140625,77.0,155.0,1624.0,0.017999999225139618,1624.0
20.799999237060547,1.7259999513626099,106.80375583469868,149.0,1788657618000.0,-6.219037631526589,0.0,35.0,1628.0,1627.0,20.799999237060547,3044.43994140625,76.0,152.0,1628.0,-0.11599999666213989,1628.0
20.799999237060547,1.7259999513626099,106.80376656353474,149.0,1788657619000.0,-6.219021622091532,0.5,35.20000076293945,1629.0,1628.0,20.799999237060547,3046.570068359375,75.0,151.0,1629.0,-0.17399999499320984,1629.0
20.399999618530273,1.6890000104904175,106.80380922742188,149.0,1788657627000.0,-6.21892036870122,0.0,39.0,1637.0,1636.0,20.399999618530273,3059.110107421875,77.0,154.0,1637.0,-0.04500000178813934,1637.0
20.600000381469727,1.7259999513626099,106.80382004007697,150.0,1788657631000.0,-6.218858761712909,0.0,39.79999923706055,1641.0,1640.0,20.600000381469727,3065.75,77.0,154.0,1641.0,0.0430000014603138,1641.0
20.799999237060547,1.7259999513626099,106.80381760932505,148.0,1788657633000.0,-6.218834454193711,0.0,40.0,1643.0,1642.0,20.799999237060547,3068.3798828125,77.0,154.0,1643.0,0.11800000071525574,1643.0
20.799999237060547,1.7170000076293945,106.8038219679147,147.0,1788657634000.0,-6.218818863853812,0.0,39.79999923706055,1644.0,1643.0,20.799999237060547,3070.169921875,77.0,154.0,1644.0,0.0020000000949949026,1644.0
20.0,1.7259999513626099,106.803854489699,146.0,1788657636000.0,-6.218781648203731,0.0,39.79999923706055,1646.0,1645.0,20.0,3075.27001953125,77.0,154.0,1646.0,-0.38100001215934753,1646.0
19.200000762939453,1.7359999418258667,106.80388340726495,146.0,1788657638000.0,-6.218751724809408,0.0,39.79999923706055,1648.0,1647.0,19.200000762939453,3079.4599609375,77.0,154.0,1648.0,-0.36399999260902405,1648.0
18.799999237060547,1.7359999418258667,106.80390017107129,145.0,1788657640000.0,-6.21872691437602,0.5,39.599998474121094,1650.0,1649.0,18.799999237060547,3082.719970703125,76.0,153.0,1650.0,-0.210999995470047,1650.0
18.600000381469727,1.7259999513626099,106.80391374975443,145.0,1788657645000.0,-6.218691291287541,0.5,39.400001525878906,1655.0,1654.0,18.600000381469727,3086.889892578125,76.0,153.0,1655.0,-0.06800000369548798,1655.0
18.399999618530273,1.7359999418258667,106.80390905588865,145.0,1788657653000.0,-6.2185784708708525,0.0,37.79999923706055,1663.0,1662.0,18.399999618530273,3099.06005859375,77.0,154.0,1663.0,-0.009999999776482582,1663.0
18.200000762939453,1.7359999418258667,106.80391852743924,146.0,1788657656000.0,-6.2185622099787,0.5,37.20000076293945,1666.0,1665.0,18.200000762939453,3101.2099609375,78.0,157.0,1666.0,-0.10400000214576721,1666.0
18.0,1.7259999513626099,106.80390478111804,147.0,1788657660000.0,-6.218534717336297,0.0,36.79999923706055,1670.0,1669.0,18.0,3104.409912109375,78.0,156.0,1670.0,-0.02500000037252903,1670.0
17.600000381469727,1.7259999513626099,106.80386630818248,147.0,1788657667000.0,-6.2183985114097595,0.0,40.400001525878906,1677.0,1676.0,17.600000381469727,3119.72998046875,77.0,154.0,1677.0,-0.06199999898672104,1677.0
16.399999618530273,1.8380000591278076,106.80384342558682,149.0,1788657676000.0,-6.218216372653842,0.0,41.20000076293945,1686.0,1685.0,16.399999618530273,3139.969970703125,78.0,156.0,1686.0,-0.11999999731779099,1686.0
16.799999237060547,1.847000002861023,106.80383630096912,149.0,1788657677000.0,-6.218199860304594,0.0,41.0,1687.0,1686.0,16.799999237060547,3141.909912109375,78.0,156.0,1687.0,0.289000004529953,1687.0
16.399999618530273,1.847000002861023,106.80377067066729,149.0,1788657685000.0,-6.2180819269269705,0.0,39.79999923706055,1695.0,1694.0,16.399999618530273,3157.080078125,78.0,156.0,1695.0,-0.03700000047683716,1695.0
15.199999809265137,1.847000002861023,106.80375675670803,148.0,1788657689000.0,-6.2179885525256395,0.0,39.79999923706055,1699.0,1698.0,15.199999809265137,3166.669921875,78.0,156.0,1699.0,-0.3149999976158142,1699.0
15.0,1.8380000591278076,106.80373907089233,148.0,1788657691000.0,-6.2179614789783955,0.5,41.0,1701.0,1700.0,15.0,3170.239990234375,76.0,153.0,1701.0,-0.07800000160932541,1701.0
16.200000762939453,1.8289999961853027,106.80369355715811,148.0,1788657698000.0,-6.217852933332324,0.5,42.20000076293945,1708.0,1707.0,16.200000762939453,3182.93994140625,76.0,153.0,1708.0,0.1720000058412552,1708.0
17.799999237060547,1.8289999961853027,106.80366589687765,147.0,1788657702000.0,-6.217794008553028,0.0,42.400001525878906,1712.0,1711.0,17.799999237060547,3189.8798828125,77.0,154.0,1712.0,0.38999998569488525,1712.0
18.399999618530273,1.8289999961853027,106.80364980362356,146.0,1788657704000.0,-6.217775400727987,0.0,42.400001525878906,1714.0,1713.0,18.399999618530273,3192.550048828125,78.0,156.0,1714.0,0.31200000643730164,1714.0
18.799999237060547,1.819000005722046,106.80364234372973,146.0,1788657705000.0,-6.21776525862515,0.0,42.599998474121094,1715.0,1714.0,18.799999237060547,3193.7900390625,78.0,156.0,1715.0,0.31700000166893005,1715.0
19.0,1.819000005722046,106.80358593352139,143.0,1788657709000.0,-6.217730473726988,0.0,42.20000076293945,1719.0,1718.0,19.0,3201.0,78.0,156.0,1719.0,0.05700000002980232,1719.0
19.0,1.819000005722046,106.80357445031404,143.0,1788657710000.0,-6.21771689504385,0.0,41.79999923706055,1720.0,1719.0,19.0,3202.9599609375,77.0,154.0,1720.0,0.0,1720.0
20.200000762939453,1.8289999961853027,106.80355626158416,143.0,1788657716000.0,-6.217616144567728,0.0,39.400001525878906,1726.0,1725.0,20.200000762939453,3214.530029296875,79.0,158.0,1726.0,0.20000000298023224,1726.0
20.399999618530273,1.8289999961853027,106.80353933013976,144.0,1788657717000.0,-6.217604409903288,0.0,39.20000076293945,1727.0,1726.0,20.399999618530273,3216.81005859375,79.0,158.0,1727.0,0.16899999976158142,1727.0
21.0,1.875,106.80346397683024,143.0,1788657723000.0,-6.2175297271460295,0.5,38.599998474121094,1733.0,1732.0,21.0,3228.64990234375,80.0,161.0,1733.0,0.10499999672174454,1733.0
22.0,1.9220000505447388,106.80340236984193,142.0,1788657729000.0,-6.217456553131342,0.5,38.400001525878906,1739.0,1738.0,22.0,3239.260009765625,79.0,159.0,1739.0,0.1679999977350235,1739.0
21.200000762939453,1.9500000476837158,106.80331117473543,145.0,1788657736000.0,-6.217385223135352,0.5,38.79999923706055,1746.0,1745.0,21.200000762939453,3252.169921875,81.0,163.0,1746.0,-0.1289999932050705,1746.0
21.0,1.9500000476837158,106.80329767987132,145.0,1788657737000.0,-6.2173703871667385,0.5,39.0,1747.0,1746.0,21.0,3254.3798828125,81.0,163.0,1747.0,-0.1509999930858612,1747.0
20.399999618530273,1.968999981880188,106.80324487388134,147.0,1788657741000.0,-6.2173015717417,0.0,40.20000076293945,1751.0,1750.0,20.399999618530273,3264.22998046875,82.0,164.0,1751.0,-0.14399999380111694,1751.0
20.200000762939453,1.968999981880188,106.80320581421256,149.0,1788657743000.0,-6.21728933416307,0.5,40.79999923706055,1753.0,1752.0,20.200000762939453,3268.75,82.0,165.0,1753.0,-0.07000000029802322,1753.0
20.600000381469727,1.996999979019165,106.80311596021056,152.0,1788657747000.0,-6.217251364141703,0.5,41.79999923706055,1757.0,1756.0,20.600000381469727,3279.590087890625,81.0,163.0,1757.0,0.09000000357627869,1757.0
22.0,2.0339999198913574,106.8030639924109,153.0,1788657749000.0,-6.217236528173089,0.5,42.400001525878906,1759.0,1758.0,22.0,3285.419921875,80.0,161.0,1759.0,0.6549999713897705,1759.0
24.600000381469727,2.00600004196167,106.80290574207902,154.0,1788657756000.0,-6.217266535386443,0.5,43.599998474121094,1766.0,1765.0,24.600000381469727,3299.75,79.0,159.0,1766.0,0.39800000190734863,1766.0
25.0,1.996999979019165,106.8028863798827,155.0,1788657757000.0,-6.217276509851217,0.5,43.400001525878906,1767.0,1766.0,25.0,3301.969970703125,79.0,159.0,1767.0,0.38600000739097595,1767.0
26.600000381469727,1.940999984741211,106.80281119421124,154.0,1788657762000.0,-6.217255471274257,0.0,41.599998474121094,1772.0,1771.0,26.600000381469727,3310.580078125,79.0,158.0,1772.0,0.31700000166893005,1772.0
29.399999618530273,1.8940000534057617,106.80269141681492,155.0,1788657770000.0,-6.217226050794125,0.5,41.0,1780.0,1779.0,29.399999618530273,3324.669921875,79.0,159.0,1780.0,0.35199999809265137,1780.0
31.600000381469727,2.071000099182129,106.8025179952383,154.0,1788657778000.0,-6.217222614213824,0.5,38.0,1788.0,1787.0,31.600000381469727,3343.610107421875,78.0,157.0,1788.0,0.27300000190734863,1788.0
29.600000381469727,2.1089999675750732,106.80247030220926,154.0,1788657781000.0,-6.217188332229853,0.5,36.0,1791.0,1790.0,29.600000381469727,3350.06005859375,78.0,157.0,1791.0,-0.6930000185966492,1791.0
28.600000381469727,2.118000030517578,106.80244314484298,154.0,1788657783000.0,-6.217177519574761,0.5,35.400001525878906,1793.0,1792.0,28.600000381469727,3353.340087890625,78.0,157.0,1793.0,-0.5170000195503235,1793.0
27.600000381469727,2.1089999675750732,106.80240316316485,155.0,1788657785000.0,-6.217179782688618,0.5,35.0,1795.0,1794.0,27.600000381469727,3357.81005859375,78.0,157.0,1795.0,-0.46700000762939453,1795.0
25.600000381469727,2.0989999771118164,106.80234021507204,156.0,1788657789000.0,-6.217168970033526,0.0,36.400001525878906,1799.0,1798.0,25.600000381469727,3363.68994140625,80.0,160.0,1799.0,-0.48399999737739563,1799.0
25.0,2.0989999771118164,106.80232361890376,156.0,1788657790000.0,-6.217162013053894,0.0,36.79999923706055,1800.0,1799.0,25.0,3365.39990234375,80.0,160.0,1800.0,-0.6430000066757202,1800.0
24.600000381469727,2.0810000896453857,106.8022558093071,153.0,1788657793000.0,-6.217130748555064,0.5,39.400001525878906,1803.0,1802.0,24.600000381469727,3372.550048828125,78.0,157.0,1803.0,-0.14900000393390656,1803.0
24.799999237060547,2.071000099182129,106.80224214680493,153.0,1788657794000.0,-6.217130245640874,0.5,40.400001525878906,1804.0,1803.0,24.799999237060547,3373.8798828125,79.0,159.0,1804.0,0.19099999964237213,1804.0
25.0,2.071000099182129,106.80223401635885,153.0,1788657795000.0,-6.217136196792126,0.5,41.400001525878906,1805.0,1804.0,25.0,3374.97998046875,79.0,159.0,1805.0,0.1809999942779541,1805.0
27.200000762939453,1.9220000505447388,106.8021125625819,153.0,1788657804000.0,-6.217199144884944,0.5,43.400001525878906,1814.0,1813.0,27.200000762939453,3390.090087890625,79.0,159.0,1814.0,0.24799999594688416,1814.0
28.399999618530273,1.996999979019165,106.80196789093316,154.0,1788657812000.0,-6.217241305857897,0.5,41.0,1822.0,1821.0,28.399999618530273,3406.7900390625,80.0,161.0,1822.0,0.16200000047683716,1822.0
28.600000381469727,2.0339999198913574,106.80191433057189,157.0,1788657816000.0,-6.2172849755734205,0.5,40.599998474121094,1826.0,1825.0,28.600000381469727,3414.449951171875,80.0,161.0,1826.0,0.029999999329447746,1826.0
28.399999618530273,2.062000036239624,106.8018567468971,159.0,1788657819000.0,-6.217299979180098,0.5,39.20000076293945,1829.0,1828.0,28.399999618530273,3421.110107421875,81.0,163.0,1829.0,-0.08799999952316284,1829.0
27.600000381469727,2.118000030517578,106.801793044433,162.0,1788657822000.0,-6.217305678874254,0.5,37.599998474121094,1832.0,1831.0,27.600000381469727,3428.169921875,80.0,161.0,1832.0,-0.2709999978542328,1832.0
27.399999618530273,2.13700008392334,106.80177921429276,160.0,1788657823000.0,-6.217313138768077,0.5,37.20000076293945,1833.0,1832.0,27.399999618530273,3429.909912109375,80.0,161.0,1833.0,-0.06499999761581421,1833.0
27.399999618530273,2.1740000247955322,106.80173772387207,161.0,1788657826000.0,-6.217348426580429,0.5,36.400001525878906,1836.0,1835.0,27.399999618530273,3435.77001953125,79.0,159.0,1836.0,-0.032999999821186066,1836.0
26.0,2.1740000247955322,106.80163487792015,163.0,1788657832000.0,-6.217434508726001,0.5,36.79999923706055,1842.0,1841.0,26.0,3450.5400390625,80.0,161.0,1842.0,-0.2199999988079071,1842.0
24.200000762939453,2.193000078201294,106.80157276801765,160.0,1788657837000.0,-6.217529308050871,0.5,40.0,1847.0,1846.0,24.200000762939453,3462.0400390625,79.0,159.0,1847.0,-0.38100001215934753,1847.0
23.200000762939453,2.2109999656677246,106.80154477246106,160.0,1788657842000.0,-6.217613881453872,0.5,42.599998474121094,1852.0,1851.0,23.200000762939453,3471.5,81.0,163.0,1852.0,-0.20200000703334808,1852.0
21.399999618530273,2.2209999561309814,106.80148978717625,160.0,1788657847000.0,-6.217704573646188,0.5,41.599998474121094,1857.0,1856.0,21.399999618530273,3483.070068359375,80.0,161.0,1857.0,-0.33899998664855957,1857.0
20.399999618530273,2.2300000190734863,106.80144351907074,162.0,1788657853000.0,-6.217817980796099,0.5,42.0,1863.0,1862.0,20.399999618530273,3496.4599609375,79.0,159.0,1863.0,-0.1589999943971634,1863.0
19.799999237060547,2.257999897003174,106.80138492956758,160.0,1788657862000.0,-6.218016045168042,0.5,41.0,1872.0,1871.0,19.799999237060547,3519.1201171875,79.0,159.0,1872.0,-0.07100000232458115,1872.0
20.0,2.257999897003174,106.8013783916831,160.0,1788657863000.0,-6.218036161735654,0.5,40.79999923706055,1873.0,1872.0,20.0,3521.4599609375,79.0,159.0,1873.0,0.10000000149011612,1873.0
19.600000381469727,2.2860000133514404,106.80132742971182,161.0,1788657870000.0,-6.2181611359119415,0.5,40.79999923706055,1880.0,1879.0,19.600000381469727,3536.389892578125,79.0,159.0,1880.0,-0.057999998331069946,1880.0
18.799999237060547,2.2769999504089355,106.80128015577793,158.0,1788657877000.0,-6.218283930793405,0.5,40.400001525878906,1887.0,1886.0,18.799999237060547,3551.02001953125,78.0,157.0,1887.0,-0.10599999874830246,1887.0
18.799999237060547,2.2769999504089355,106.80127814412117,158.0,1788657878000.0,-6.218299604952335,0.5,40.20000076293945,1888.0,1887.0,18.799999237060547,3552.719970703125,79.0,159.0,1888.0,0.06400000303983688,1888.0
19.0,2.257999897003174,106.80127085186541,158.0,1788657881000.0,-6.2183394189924,0.5,39.79999923706055,1891.0,1890.0,19.0,3557.02001953125,80.0,161.0,1891.0,0.05700000002980232,1891.0
19.200000762939453,2.239000082015991,106.80126431398094,158.0,1788657884000.0,-6.218388620764017,0.5,39.599998474121094,1894.0,1893.0,19.200000762939453,3562.31005859375,78.0,157.0,1894.0,0.06700000166893005,1894.0
19.600000381469727,2.2019999027252197,106.80123154073954,161.0,1788657892000.0,-6.218525916337967,0.5,38.599998474121094,1902.0,1901.0,19.600000381469727,3578.010009765625,79.0,159.0,1902.0,0.05000000074505806,1902.0
21.200000762939453,2.2109999656677246,106.80124880746007,159.0,1788657898000.0,-6.218653488904238,0.0,38.20000076293945,1908.0,1907.0,21.200000762939453,3591.590087890625,80.0,160.0,1908.0,0.2540000081062317,1908.0
23.0,2.2109999656677246,106.80126272141933,160.0,1788657905000.0,-6.218779468908906,0.5,38.79999923706055,1915.0,1914.0,23.0,3605.449951171875,77.0,155.0,1915.0,0.25600001215934753,1915.0
24.200000762939453,2.1549999713897705,106.80127051658928,160.0,1788657911000.0,-6.218872927129269,0.5,36.79999923706055,1921.0,1920.0,24.200000762939453,3615.610107421875,79.0,159.0,1921.0,0.19599999487400055,1921.0
24.399999618530273,2.127000093460083,106.80127646774054,159.0,1788657913000.0,-6.218904359266162,0.5,36.20000076293945,1923.0,1922.0,24.399999618530273,3619.110107421875,79.0,159.0,1923.0,0.14800000190734863,1923.0
24.799999237060547,2.0989999771118164,106.80130245164037,159.0,1788657917000.0,-6.218962278217077,0.0,35.79999923706055,1927.0,1926.0,24.799999237060547,3625.97998046875,80.0,160.0,1927.0,0.10999999940395355,1927.0
25.200000762939453,2.0810000896453857,106.80131326429546,159.0,1788657919000.0,-6.2189878430217505,0.5,35.79999923706055,1929.0,1928.0,25.200000762939453,3628.969970703125,78.0,157.0,1929.0,0.19499999284744263,1929.0
27.600000381469727,2.0339999198913574,106.80134142749012,156.0,1788657925000.0,-6.219092113897204,0.5,35.400001525878906,1935.0,1934.0,27.600000381469727,3640.909912109375,81.0,163.0,1935.0,0.37599998712539673,1935.0
27.399999618530273,2.0339999198913574,106.80135383270681,156.0,1788657927000.0,-6.219123965129256,0.0,35.400001525878906,1937.0,1936.0,27.399999618530273,3644.659912109375,82.0,164.0,1937.0,-0.09200000017881393,1937.0
26.200000762939453,2.0250000953674316,106.80141812190413,156.0,1788657938000.0,-6.2193067744374275,0.5,33.20000076293945,1948.0,1947.0,26.200000762939453,3666.080078125,80.0,161.0,1948.0,-0.0989999994635582,1948.0
25.200000762939453,2.0429999828338623,106.80143136531115,157.0,1788657944000.0,-6.21941490098834,0.5,32.0,1954.0,1953.0,25.200000762939453,3678.330078125,80.0,161.0,1954.0,-0.1679999977350235,1954.0
22.200000762939453,2.0810000896453857,106.80149649269879,157.0,1788657950000.0,-6.219517746940255,0.5,31.799999237060547,1960.0,1959.0,22.200000762939453,3691.919921875,81.0,163.0,1960.0,-0.5059999823570251,1960.0
19.799999237060547,2.1089999675750732,106.8015374802053,160.0,1788657956000.0,-6.21961765922606,0.5,32.79999923706055,1966.0,1965.0,19.799999237060547,3703.77001953125,80.0,161.0,1966.0,-0.3970000147819519,1966.0
19.399999618530273,2.1089999675750732,106.80155592039227,161.0,1788657957000.0,-6.219635931774974,0.5,33.0,1967.0,1966.0,19.399999618530273,3706.610107421875,81.0,163.0,1967.0,-0.328000009059906,1967.0
19.200000762939453,2.1089999675750732,106.80160897783935,162.0,1788657960000.0,-6.21969242580235,0.5,33.400001525878906,1970.0,1969.0,19.200000762939453,3715.320068359375,81.0,163.0,1970.0,-0.1120000034570694,1970.0
19.0,2.127000093460083,106.80165407247841,162.0,1788657963000.0,-6.219743303954601,0.0,33.79999923706055,1973.0,1972.0,19.0,3722.81005859375,81.0,162.0,1973.0,-0.06800000369548798,1973.0
18.799999237060547,2.2209999561309814,106.80176571942866,162.0,1788657969000.0,-6.219845563173294,0.5,35.79999923706055,1979.0,1978.0,18.799999237060547,3739.469970703125,81.0,163.0,1979.0,-0.009999999776482582,1979.0
19.799999237060547,2.257999897003174,106.80187250487506,163.0,1788657975000.0,-6.219917731359601,0.5,40.20000076293945,1985.0,1984.0,19.799999237060547,3753.6201171875,79.0,159.0,1985.0,0.15700000524520874,1985.0
21.399999618530273,2.127000093460083,106.80202363058925,164.0,1788657984000.0,-6.2200085911899805,0.5,42.0,1994.0,1993.0,21.399999618530273,3773.010009765625,80.0,161.0,1994.0,0.17299999296665192,1994.0
21.399999618530273,2.1089999675750732,106.80213242769241,162.0,1788657991000.0,-6.220061480998993,0.5,42.20000076293945,2001.0,2000.0,21.399999618530273,3786.18994140625,80.0,161.0,2001.0,-0.0010000000474974513,2001.0
21.399999618530273,2.0899999141693115,106.8021556455642,163.0,1788657992000.0,-6.22007112018764,0.5,42.20000076293945,2002.0,2001.0,21.399999618530273,3788.89990234375,79.0,159.0,2002.0,0.014000000432133675,2002.0
20.799999237060547,2.0810000896453857,106.80225748568773,162.0,1788657998000.0,-6.2200916558504105,0.5,42.0,2008.0,2007.0,20.799999237060547,3800.47998046875,79.0,159.0,2008.0,-0.1080000028014183,2008.0
20.399999618530273,2.0429999828338623,106.80234113708138,162.0,1788658004000.0,-6.220108503475785,0.5,39.599998474121094,2014.0,2013.0,20.399999618530273,3810.0,80.0,161.0,2014.0,-0.07000000029802322,2014.0
20.200000762939453,2.0250000953674316,106.80235982872546,162.0,1788658006000.0,-6.220113029703498,0.5,38.400001525878906,2016.0,2015.0,20.200000762939453,3812.18994140625,80.0,161.0,2016.0,-0.032999999821186066,2016.0
20.600000381469727,1.9869999885559082,106.8023958709091,163.0,1788658009000.0,-6.220090063288808,0.5,37.599998474121094,2019.0,2018.0,20.600000381469727,3816.7099609375,81.0,163.0,2019.0,0.10999999940395355,2019.0
20.799999237060547,1.930999994277954,106.8024437315762,160.0,1788658013000.0,-6.220075311139226,0.5,37.0,2023.0,2022.0,20.799999237060547,3822.080078125,81.0,163.0,2023.0,0.07599999755620956,2023.0
21.200000762939453,1.8849999904632568,106.80249125696719,159.0,1788658016000.0,-6.220085369423032,0.0,34.79999923706055,2026.0,2025.0,21.200000762939453,3827.300048828125,81.0,162.0,2026.0,0.09000000357627869,2026.0
21.799999237060547,1.8849999904632568,106.80260164663196,157.0,1788658022000.0,-6.220101546496153,0.0,33.20000076293945,2032.0,2031.0,21.799999237060547,3838.77001953125,81.0,162.0,2032.0,0.11299999803304672,2032.0
22.0,1.847000002861023,106.80266886949539,158.0,1788658026000.0,-6.220138426870108,0.0,34.79999923706055,2036.0,2035.0,22.0,3846.6201171875,79.0,158.0,2036.0,0.054999999701976776,2036.0
22.399999618530273,1.809999942779541,106.80271128192544,158.0,1788658028000.0,-6.220132475718856,0.5,36.400001525878906,2038.0,2037.0,22.399999618530273,3850.780029296875,80.0,161.0,2038.0,0.17399999499320984,2038.0
23.0,1.8009999990463257,106.80281823500991,157.0,1788658033000.0,-6.220160387456417,0.5,39.599998474121094,2043.0,2042.0,23.0,3861.669921875,79.0,159.0,2043.0,0.11400000005960464,2043.0
23.200000762939453,1.809999942779541,106.80286006070673,157.0,1788658035000.0,-6.220176564529538,0.5,40.79999923706055,2045.0,2044.0,23.200000762939453,3866.56005859375,79.0,159.0,2045.0,0.09200000017881393,2045.0
23.200000762939453,1.819000005722046,106.80289476178586,157.0,1788658037000.0,-6.220182264223695,0.5,42.20000076293945,2047.0,2046.0,23.200000762939453,3870.739990234375,79.0,159.0,2047.0,0.013000000268220901,2047.0
23.200000762939453,1.8289999961853027,106.80292150005698,155.0,1788658038000.0,-6.2201805878430605,0.5,43.0,2048.0,2047.0,23.200000762939453,3873.449951171875,79.0,159.0,2048.0,0.10199999809265137,2048.0
23.600000381469727,1.9129999876022339,106.80297841317952,158.0,1788658041000.0,-6.22015711851418,0.5,44.599998474121094,2051.0,2050.0,23.600000381469727,3879.909912109375,81.0,163.0,2051.0,0.09600000083446503,2051.0
23.799999237060547,1.9220000505447388,106.80300783365965,162.0,1788658044000.0,-6.220113867893815,0.5,45.20000076293945,2054.0,2053.0,23.799999237060547,3885.719970703125,80.0,161.0,2054.0,0.08699999749660492,2054.0
24.0,1.940999984741211,106.80302451364696,163.0,1788658045000.0,-6.220110347494483,0.5,45.0,2055.0,2054.0,24.0,3887.580078125,79.0,159.0,2055.0,0.0729999989271164,2055.0
24.200000762939453,1.9500000476837158,106.8030930776149,160.0,1788658049000.0,-6.220080675557256,0.5,45.0,2059.0,2058.0,24.200000762939453,3895.800048828125,79.0,159.0,2059.0,0.08799999952316284,2059.0
24.399999618530273,1.9500000476837158,106.80314797908068,158.0,1788658052000.0,-6.220045052468777,0.5,44.79999923706055,2062.0,2061.0,24.399999618530273,3902.97998046875,79.0,159.0,2062.0,0.05900000035762787,2062.0
24.200000762939453,1.940999984741211,106.80316692218184,155.0,1788658054000.0,-6.220033401623368,0.5,45.20000076293945,2064.0,2063.0,24.200000762939453,3905.219970703125,79.0,159.0,2064.0,-0.11500000208616257,2064.0
24.0,1.930999994277954,106.8031776510179,157.0,1788658055000.0,-6.220029043033719,0.5,45.400001525878906,2065.0,2064.0,24.0,3906.5,79.0,159.0,2065.0,-0.13899999856948853,2065.0
23.799999237060547,1.930999994277954,106.80319810286164,157.0,1788658057000.0,-6.2200000416487455,0.0,45.400001525878906,2067.0,2066.0,23.799999237060547,3910.280029296875,79.0,158.0,2067.0,-0.0949999988079071,2067.0
23.399999618530273,1.9220000505447388,106.80324956774712,159.0,1788658062000.0,-6.2199208326637745,0.0,44.79999923706055,2072.0,2071.0,23.399999618530273,3920.429931640625,80.0,160.0,2072.0,-0.09200000017881393,2072.0
21.799999237060547,2.0250000953674316,106.8033557664603,159.0,1788658069000.0,-6.219773814082146,0.5,42.400001525878906,2079.0,2078.0,21.799999237060547,3940.530029296875,81.0,163.0,2079.0,-0.21799999475479126,2079.0
21.600000381469727,2.0429999828338623,106.80337211117148,159.0,1788658070000.0,-6.2197579722851515,0.5,41.599998474121094,2080.0,2079.0,21.600000381469727,3943.050048828125,81.0,163.0,2080.0,-0.23499999940395355,2080.0
21.0,2.0250000953674316,106.80341687053442,165.0,1788658074000.0,-6.219686307013035,0.5,39.79999923706055,2084.0,2083.0,21.0,3952.580078125,80.0,161.0,2084.0,-0.16099999845027924,2084.0
20.799999237060547,2.015000104904175,106.8034313712269,161.0,1788658075000.0,-6.219666860997677,0.5,39.599998474121094,2085.0,2084.0,20.799999237060547,3955.22998046875,81.0,163.0,2085.0,-0.257999986410141,2085.0
20.0,2.015000104904175,106.80347076617181,160.0,1788658077000.0,-6.219630399718881,0.5,39.0,2087.0,2086.0,20.0,3960.820068359375,81.0,163.0,2087.0,-0.32899999618530273,2087.0
20.0,2.0339999198913574,106.80354343727231,162.0,1788658085000.0,-6.219447925686836,0.5,35.0,2095.0,2094.0,20.0,3982.419921875,80.0,161.0,2095.0,-0.017999999225139618,2095.0
20.200000762939453,2.0989999771118164,106.80363069288433,164.0,1788658093000.0,-6.219284730032086,0.0,32.599998474121094,2103.0,2102.0,20.200000762939453,4002.75,83.0,166.0,2103.0,0.01899999938905239,2103.0
20.399999618530273,2.118000030517578,106.80363488383591,164.0,1788658094000.0,-6.219267211854458,0.0,32.20000076293945,2104.0,2103.0,20.399999618530273,4004.75,83.0,166.0,2104.0,0.20999999344348907,2104.0
20.600000381469727,2.0899999141693115,106.80367603898048,164.0,1788658099000.0,-6.219190685078502,0.5,31.600000381469727,2109.0,2108.0,20.600000381469727,4014.2099609375,81.0,163.0,2109.0,0.06800000369548798,2109.0
21.399999618530273,2.118000030517578,106.80369162932038,163.0,1788658102000.0,-6.219128826633096,0.5,31.799999237060547,2112.0,2111.0,21.399999618530273,4021.320068359375,81.0,163.0,2112.0,0.23999999463558197,2112.0
20.600000381469727,2.0989999771118164,106.80375583469868,162.0,1788658105000.0,-6.219092784449458,0.5,32.20000076293945,2115.0,2114.0,20.600000381469727,4029.050048828125,81.0,163.0,2115.0,-0.25099998712539673,2115.0
20.799999237060547,2.0989999771118164,106.80375566706061,161.0,1788658106000.0,-6.219073925167322,0.5,32.400001525878906,2116.0,2115.0,20.799999237060547,4031.0400390625,82.0,165.0,2116.0,0.13099999725818634,2116.0
19.399999618530273,2.127000093460083,106.80382926017046,161.0,1788658110000.0,-6.219001170247793,0.5,32.599998474121094,2120.0,2119.0,19.399999618530273,4042.469970703125,81.0,163.0,2120.0,-0.3319999873638153,2120.0
19.399999618530273,2.1549999713897705,106.80384719744325,161.0,1788658114000.0,-6.218929588794708,0.0,32.599998474121094,2124.0,2123.0,19.399999618530273,4050.7900390625,80.0,160.0,2124.0,-0.026000000536441803,2124.0
19.0,2.1549999713897705,106.80386605672538,161.0,1788658115000.0,-6.218911567702889,0.0,32.599998474121094,2125.0,2124.0,19.0,4053.4599609375,81.0,162.0,2125.0,-0.3449999988079071,2125.0
18.200000762939453,2.183000087738037,106.80392724461854,164.0,1788658122000.0,-6.218758849427104,0.0,33.599998474121094,2132.0,2131.0,18.200000762939453,4071.699951171875,81.0,162.0,2132.0,-0.11699999868869781,2132.0
18.200000762939453,2.1740000247955322,106.80392355658114,164.0,1788658123000.0,-6.218745522201061,0.0,33.599998474121094,2133.0,2132.0,18.200000762939453,4073.1298828125,81.0,162.0,2133.0,0.09300000220537186,2133.0
18.399999618530273,2.183000087738037,106.80391835980117,166.0,1788658128000.0,-6.218666983768344,0.0,34.20000076293945,2138.0,2137.0,18.399999618530273,4081.5400390625,81.0,162.0,2138.0,0.026000000536441803,2138.0
18.200000762939453,2.193000078201294,106.80392774753273,166.0,1788658129000.0,-6.21864820830524,0.0,34.20000076293945,2139.0,2138.0,18.200000762939453,4083.860107421875,81.0,162.0,2139.0,-0.2370000034570694,2139.0
17.799999237060547,2.1459999084472656,106.80393101647496,167.0,1788658135000.0,-6.218547374010086,0.0,34.79999923706055,2145.0,2144.0,17.799999237060547,4094.949951171875,80.0,160.0,2145.0,-0.06400000303983688,2145.0
17.799999237060547,2.0810000896453857,106.80386094376445,164.0,1788658142000.0,-6.218412593007088,0.0,33.0,2152.0,2151.0,17.799999237060547,4110.56982421875,80.0,160.0,2152.0,-0.0020000000949949026,2152.0
18.0,2.0810000896453857,106.80384166538715,164.0,1788658143000.0,-6.218395661562681,0.0,32.400001525878906,2153.0,2152.0,18.0,4113.31005859375,80.0,160.0,2153.0,0.15600000321865082,2153.0
16.799999237060547,2.0339999198913574,106.80378969758749,162.0,1788658149000.0,-6.218294911086559,0.0,29.200000762939453,2159.0,2158.0,16.799999237060547,4125.68017578125,80.0,160.0,2159.0,-0.16899999976158142,2159.0
17.200000762939453,1.996999979019165,106.80374946445227,161.0,1788658155000.0,-6.21818158775568,0.0,28.200000762939453,2165.0,2164.0,17.200000762939453,4139.02978515625,80.0,160.0,2165.0,0.04699999839067459,2165.0
14.600000381469727,1.9869999885559082,106.80368752218783,162.0,1788658163000.0,-6.218027276918292,0.0,30.0,2173.0,2172.0,14.600000381469727,4157.509765625,80.0,160.0,2173.0,-0.33000001311302185,2173.0
15.199999809265137,1.996999979019165,106.80365273728967,165.0,1788658167000.0,-6.21795142069459,0.0,32.0,2177.0,2176.0,15.199999809265137,4166.759765625,79.0,158.0,2177.0,0.17299999296665192,2177.0
16.600000381469727,1.996999979019165,106.80365550331771,164.0,1788658171000.0,-6.217870535328984,0.5,34.400001525878906,2181.0,2180.0,16.600000381469727,4174.4599609375,78.0,157.0,2181.0,0.35100001096725464,2181.0
19.0,2.00600004196167,106.80360454134643,163.0,1788658179000.0,-6.217737179249525,0.0,38.400001525878906,2189.0,2188.0,19.0,4190.52978515625,81.0,162.0,2189.0,0.29499998688697815,2189.0
19.600000381469727,2.0250000953674316,106.80352055467665,161.0,1788658186000.0,-6.217651264742017,0.0,39.20000076293945,2196.0,2195.0,19.600000381469727,4203.919921875,81.0,162.0,2196.0,0.0989999994635582,2196.0
19.799999237060547,2.0250000953674316,106.80348962545395,161.0,1788658187000.0,-6.217641793191433,0.0,39.20000076293945,2197.0,2196.0,19.799999237060547,4207.5,80.0,160.0,2197.0,0.13600000739097595,2197.0
20.399999618530273,2.052999973297119,106.80344360880554,162.0,1788658191000.0,-6.217578342184424,0.0,38.599998474121094,2201.0,2200.0,20.399999618530273,4216.0498046875,80.0,160.0,2201.0,0.14300000667572021,2201.0
23.200000762939453,2.0989999771118164,106.80332953110337,165.0,1788658197000.0,-6.2175073474645615,0.0,36.20000076293945,2207.0,2206.0,23.200000762939453,4230.8798828125,80.0,160.0,2207.0,0.4699999988079071,2207.0
22.399999618530273,2.118000030517578,106.80333657190204,166.0,1788658199000.0,-6.217468539252877,0.5,35.20000076293945,2209.0,2208.0,22.399999618530273,4234.080078125,79.0,159.0,2209.0,-0.39399999380111694,2209.0
20.799999237060547,2.13700008392334,106.80327018722892,166.0,1788658204000.0,-6.217405926436186,0.5,34.20000076293945,2214.0,2213.0,20.799999237060547,4244.14013671875,79.0,159.0,2214.0,-0.3100000023841858,2214.0
20.200000762939453,2.1459999084472656,106.80320623330772,163.0,1788658210000.0,-6.217321688309312,0.5,34.79999923706055,2220.0,2219.0,20.200000762939453,4255.9599609375,80.0,161.0,2220.0,-0.10700000077486038,2220.0
20.200000762939453,2.1549999713897705,106.80317496880889,161.0,1788658212000.0,-6.2172946985810995,0.5,35.0,2222.0,2221.0,20.200000762939453,4260.5,80.0,161.0,2222.0,-0.0560000017285347,2222.0
22.600000381469727,2.1649999618530273,106.8030383437872,161.0,1788658219000.0,-6.217246167361736,0.5,39.79999923706055,2229.0,2228.0,22.600000381469727,4275.830078125,80.0,161.0,2229.0,0.34700000286102295,2229.0
24.0,2.183000087738037,106.80290431715548,162.0,1788658227000.0,-6.2171972170472145,0.5,46.0,2237.0,2236.0,24.0,4291.5400390625,80.0,161.0,2237.0,0.1770000010728836,2237.0
26.200000762939453,2.2019999027252197,106.80277087725699,163.0,1788658234000.0,-6.2171427346765995,0.5,47.400001525878906,2244.0,2243.0,26.200000762939453,4307.43994140625,79.0,159.0,2244.0,0.3310000002384186,2244.0
29.799999237060547,2.2109999656677246,106.80262486450374,164.0,1788658241000.0,-6.2171202711761,0.0,45.400001525878906,2251.0,2250.0,29.799999237060547,4323.81982421875,83.0,166.0,2251.0,0.5019999742507935,2251.0
29.600000381469727,2.2209999561309814,106.80257046595216,164.0,1788658243000.0,-6.21710954234004,0.5,43.79999923706055,2253.0,2252.0,29.600000381469727,4329.52001953125,81.0,163.0,2253.0,-0.06400000303983688,2253.0
28.200000762939453,2.2300000190734863,106.80249989032745,164.0,1788658246000.0,-6.217119097709656,0.0,41.20000076293945,2256.0,2255.0,28.200000762939453,4337.259765625,80.0,160.0,2256.0,-0.5009999871253967,2256.0
23.799999237060547,2.2669999599456787,106.80231674574316,163.0,1788658253000.0,-6.217110715806484,0.5,38.0,2263.0,2262.0,23.799999237060547,4357.56005859375,81.0,163.0,2263.0,-0.6359999775886536,2263.0
24.799999237060547,2.3420000076293945,106.80225245654583,164.0,1788658256000.0,-6.21714030392468,0.5,38.0,2266.0,2265.0,24.799999237060547,4365.2099609375,80.0,161.0,2266.0,0.33899998664855957,2266.0
25.200000762939453,2.3889999389648438,106.80221306160092,168.0,1788658258000.0,-6.217139130458236,0.5,38.20000076293945,2268.0,2267.0,25.200000762939453,4369.31005859375,80.0,161.0,2268.0,0.2770000100135803,2268.0
25.600000381469727,2.3889999389648438,106.80220166221261,169.0,1788658259000.0,-6.217149356380105,0.5,38.79999923706055,2269.0,2268.0,25.600000381469727,4370.9501953125,80.0,161.0,2269.0,0.2540000081062317,2269.0
27.0,2.3420000076293945,106.80212010629475,170.0,1788658263000.0,-6.2171754240989685,0.5,40.20000076293945,2273.0,2272.0,27.0,4380.1201171875,79.0,159.0,2273.0,0.3400000035762787,2273.0
27.600000381469727,2.2950000762939453,106.80207249708474,169.0,1788658265000.0,-6.217169892042875,0.5,40.599998474121094,2275.0,2274.0,27.600000381469727,4385.0,80.0,161.0,2275.0,0.3230000138282776,2275.0
28.200000762939453,2.2669999599456787,106.80202740244567,171.0,1788658268000.0,-6.217173999175429,0.5,40.599998474121094,2278.0,2277.0,28.200000762939453,4389.740234375,80.0,161.0,2278.0,0.22100000083446503,2278.0
28.200000762939453,2.1649999618530273,106.80198607966304,173.0,1788658271000.0,-6.2172040063887835,0.5,40.400001525878906,2281.0,2280.0,28.200000762939453,4395.25,79.0,159.0,2281.0,0.02199999988079071,2281.0
28.399999618530273,2.00600004196167,106.80191366001964,173.0,1788658278000.0,-6.217263266444206,0.0,40.599998474121094,2288.0,2287.0,28.399999618530273,4405.25,78.0,156.0,2288.0,0.024000000208616257,2288.0
28.200000762939453,1.9589999914169312,106.80186026729643,171.0,1788658283000.0,-6.217294028028846,0.5,40.0,2293.0,2292.0,28.200000762939453,4411.8798828125,79.0,159.0,2293.0,-0.03200000151991844,2293.0
28.399999618530273,1.9500000476837158,106.80185439996421,170.0,1788658284000.0,-6.217303164303303,0.5,39.79999923706055,2294.0,2293.0,28.399999618530273,4412.91015625,79.0,159.0,2294.0,0.07999999821186066,2294.0
28.0,1.9500000476837158,106.80181282572448,167.0,1788658287000.0,-6.217320850118995,0.5,38.79999923706055,2297.0,2296.0,28.0,4417.81005859375,79.0,159.0,2297.0,-0.09300000220537186,2297.0
27.600000381469727,1.9589999914169312,106.80176454596221,165.0,1788658290000.0,-6.217331076040864,0.5,37.20000076293945,2300.0,2299.0,27.600000381469727,4423.16015625,79.0,159.0,2300.0,-0.17000000178813934,2300.0
27.200000762939453,1.9869999885559082,106.80174015462399,165.0,1788658292000.0,-6.217339290305972,0.5,36.0,2302.0,2301.0,27.200000762939453,4426.02001953125,78.0,157.0,2302.0,-0.15700000524520874,2302.0
26.799999237060547,1.9500000476837158,106.80171618238091,164.0,1788658294000.0,-6.217348175123334,0.5,34.400001525878906,2304.0,2303.0,26.799999237060547,4428.60009765625,77.0,155.0,2304.0,-0.22200000286102295,2304.0
26.600000381469727,1.9220000505447388,106.80170402862132,164.0,1788658295000.0,-6.217354964464903,0.5,33.400001525878906,2305.0,2304.0,26.600000381469727,4430.1201171875,77.0,155.0,2305.0,-0.18400000035762787,2305.0
24.799999237060547,1.8380000591278076,106.80160386487842,163.0,1788658301000.0,-6.217388827353716,0.5,28.399999618530273,2311.0,2310.0,24.799999237060547,4441.81005859375,77.0,155.0,2311.0,-0.3190000057220459,2311.0
24.200000762939453,1.8380000591278076,106.80156438611448,161.0,1788658304000.0,-6.217425120994449,0.0,26.0,2314.0,2313.0,24.200000762939453,4447.64990234375,78.0,156.0,2314.0,-0.14000000059604645,2314.0
23.399999618530273,1.8380000591278076,106.80153328925371,159.0,1788658306000.0,-6.217447416856885,0.5,24.600000381469727,2316.0,2315.0,23.399999618530273,4451.7099609375,79.0,159.0,2316.0,-0.4320000112056732,2316.0
23.0,1.8660000562667847,106.8015150167048,159.0,1788658307000.0,-6.217462588101625,0.0,24.0,2317.0,2316.0,23.0,4453.85009765625,80.0,160.0,2317.0,-0.5149999856948853,2317.0
22.0,1.8849999904632568,106.80148433893919,159.0,1788658308000.0,-6.217477507889271,0.5,23.399999618530273,2318.0,2317.0,22.0,4457.25,79.0,159.0,2318.0,-0.8270000219345093,2318.0
21.399999618530273,1.9220000505447388,106.80144988931715,160.0,1788658310000.0,-6.217496115714312,0.5,21.799999237060547,2320.0,2319.0,21.399999618530273,4461.5,79.0,159.0,2320.0,-0.38600000739097595,2320.0
20.600000381469727,1.9220000505447388,106.80140881799161,161.0,1788658312000.0,-6.217515980824828,0.5,20.799999237060547,2322.0,2321.0,20.600000381469727,4466.52978515625,78.0,157.0,2322.0,-0.4050000011920929,2322.0
20.200000762939453,1.9129999876022339,106.80139440111816,160.0,1788658313000.0,-6.217525452375412,0.5,20.399999618530273,2323.0,2322.0,20.200000762939453,4468.33984375,78.0,157.0,2323.0,-0.2939999997615814,2323.0
18.0,1.940999984741211,106.80128216743469,160.0,1788658317000.0,-6.2175762467086315,0.0,19.0,2327.0,2326.0,18.0,4481.8701171875,78.0,156.0,2327.0,-0.5509999990463257,2327.0
16.799999237060547,2.0250000953674316,106.80122131481767,157.0,1788658321000.0,-6.217621676623821,0.5,19.0,2331.0,2330.0,16.799999237060547,4490.33984375,79.0,159.0,2331.0,-0.3149999976158142,2331.0
16.200000762939453,2.015000104904175,106.80119449272752,155.0,1788658323000.0,-6.217646570876241,0.5,19.399999618530273,2333.0,2332.0,16.200000762939453,4494.2900390625,79.0,159.0,2333.0,-0.28600001335144043,2333.0
16.600000381469727,2.00600004196167,106.80122701451182,156.0,1788658329000.0,-6.217745393514633,0.5,20.799999237060547,2339.0,2338.0,16.600000381469727,4501.33984375,80.0,161.0,2339.0,0.06599999964237213,2339.0
16.600000381469727,1.9589999914169312,106.80122869089246,156.0,1788658331000.0,-6.217775316908956,0.5,22.200000762939453,2341.0,2340.0,16.600000381469727,4504.3798828125,80.0,161.0,2341.0,0.014999999664723873,2341.0
16.399999618530273,1.8660000562667847,106.80121519602835,155.0,1788658339000.0,-6.217900542542338,0.0,24.0,2349.0,2348.0,16.399999618530273,4517.77978515625,78.0,156.0,2349.0,-0.029999999329447746,2349.0
18.399999618530273,1.940999984741211,106.80127906613052,155.0,1788658345000.0,-6.218059798702598,0.0,26.200000762939453,2355.0,2354.0,18.399999618530273,4533.25,78.0,156.0,2355.0,0.3400000035762787,2355.0
19.0,2.13700008392334,106.80130169726908,156.0,1788658351000.0,-6.218211846426129,0.5,29.600000381469727,2361.0,2360.0,19.0,4548.33984375,79.0,159.0,2361.0,0.1120000034570694,2361.0
19.200000762939453,2.249000072479248,106.80126364342868,158.0,1788658359000.0,-6.218372108414769,0.5,35.79999923706055,2369.0,2368.0,19.200000762939453,4566.169921875,79.0,159.0,2369.0,0.010999999940395355,2369.0
19.600000381469727,2.193000078201294,106.80123304948211,158.0,1788658367000.0,-6.218514181673527,0.5,38.400001525878906,2377.0,2376.0,19.600000381469727,4582.4599609375,81.0,163.0,2377.0,0.05999999865889549,2377.0
21.0,2.2300000190734863,106.80122693069279,161.0,1788658373000.0,-6.218627756461501,0.5,38.400001525878906,2383.0,2382.0,21.0,4595.18994140625,82.0,165.0,2383.0,0.22699999809265137,2383.0
21.600000381469727,2.2669999599456787,106.801230115816,161.0,1788658375000.0,-6.218669330701232,0.5,38.400001525878906,2385.0,2384.0,21.600000381469727,4599.81005859375,81.0,163.0,2385.0,0.28200000524520874,2385.0
22.399999618530273,2.2950000762939453,106.8012507352978,164.0,1788658378000.0,-6.218734877184033,0.5,38.20000076293945,2388.0,2387.0,22.399999618530273,4607.31982421875,82.0,165.0,2388.0,0.23999999463558197,2388.0
23.600000381469727,2.3329999446868896,106.8012679181993,165.0,1788658382000.0,-6.218817103654146,0.5,37.0,2392.0,2391.0,23.600000381469727,4616.41015625,81.0,163.0,2392.0,0.3100000023841858,2392.0
24.799999237060547,2.3610000610351562,106.8012695107609,162.0,1788658389000.0,-6.218943167477846,0.5,33.400001525878906,2399.0,2398.0,24.799999237060547,4630.4599609375,81.0,163.0,2399.0,0.19300000369548798,2399.0
25.0,2.3610000610351562,106.801275042817,162.0,1788658390000.0,-6.218960853293538,0.5,33.20000076293945,2400.0,2399.0,25.0,4632.490234375,80.0,161.0,2400.0,0.1509999930858612,2400.0
27.200000762939453,2.2669999599456787,106.8013300281018,164.0,1788658398000.0,-6.219074176624417,0.5,32.599998474121094,2408.0,2407.0,27.200000762939453,4646.27001953125,79.0,159.0,2408.0,0.26600000262260437,2408.0
27.399999618530273,2.257999897003174,106.80133480578661,164.0,1788658399000.0,-6.2190870847553015,0.5,32.400001525878906,2409.0,2408.0,27.399999618530273,4647.77978515625,79.0,159.0,2409.0,0.29600000381469727,2409.0
27.200000762939453,2.0899999141693115,106.80136380717158,163.0,1788658404000.0,-6.219144836068153,0.5,31.799999237060547,2414.0,2413.0,27.200000762939453,4654.7099609375,78.0,157.0,2414.0,-0.05299999937415123,2414.0
26.799999237060547,1.8660000562667847,106.80140806362033,160.0,1788658411000.0,-6.21922429651022,0.0,30.799999237060547,2421.0,2420.0,26.799999237060547,4664.740234375,76.0,152.0,2421.0,-0.05900000035762787,2421.0
26.600000381469727,1.809999942779541,106.80142365396023,159.0,1788658414000.0,-6.219259332865477,0.0,30.200000762939453,2424.0,2423.0,26.600000381469727,4668.97998046875,76.0,152.0,2424.0,-0.06499999761581421,2424.0
26.200000762939453,1.7910000085830688,106.8014333769679,157.0,1788658418000.0,-6.219310630112886,0.5,29.600000381469727,2428.0,2427.0,26.200000762939453,4674.77001953125,74.0,149.0,2428.0,-0.08399999886751175,2428.0
26.200000762939453,1.781999945640564,106.80144192650914,156.0,1788658420000.0,-6.219334853813052,0.0,29.600000381469727,2430.0,2429.0,26.200000762939453,4677.5400390625,76.0,152.0,2430.0,-0.07199999690055847,2430.0
26.0,1.781999945640564,106.80145022459328,156.0,1788658421000.0,-6.219342816621065,0.0,29.600000381469727,2431.0,2430.0,26.0,4678.419921875,76.0,152.0,2431.0,-0.027000000700354576,2431.0
26.0,1.7640000581741333,106.8014714308083,155.0,1788658423000.0,-6.219362514093518,0.0,29.600000381469727,2433.0,2432.0,26.0,4681.5,76.0,152.0,2433.0,-0.032999999821186066,2433.0
25.0,1.7640000581741333,106.80150068365037,155.0,1788658426000.0,-6.219403920695186,0.0,29.799999237060547,2436.0,2435.0,25.0,4687.08984375,75.0,150.0,2436.0,-0.32199999690055847,2436.0
23.399999618530273,1.7730000019073486,106.80152339860797,154.0,1788658431000.0,-6.219465779140592,0.5,30.799999237060547,2441.0,2440.0,23.399999618530273,4694.169921875,74.0,149.0,2441.0,-0.31200000643730164,2441.0
23.200000762939453,1.7730000019073486,106.80152683518827,154.0,1788658432000.0,-6.219477681443095,0.0,31.0,2442.0,2441.0,23.200000762939453,4695.5400390625,75.0,150.0,2442.0,-0.30000001192092896,2442.0
21.600000381469727,1.7359999418258667,106.80156623013318,153.0,1788658438000.0,-6.2195418030023575,0.0,31.399999618530273,2448.0,2447.0,21.600000381469727,4703.93994140625,73.0,146.0,2448.0,-0.26899999380111694,2448.0
20.200000762939453,1.6519999504089355,106.80161249823868,153.0,1788658445000.0,-6.2196163181215525,0.5,31.0,2455.0,2454.0,20.200000762939453,4713.8701171875,74.0,149.0,2455.0,-0.210999995470047,2455.0
19.0,1.6050000190734863,106.80167921818793,152.0,1788658455000.0,-6.21973542496562,0.5,30.0,2465.0,2464.0,19.0,4728.89013671875,74.0,149.0,2465.0,-0.10199999809265137,2465.0
19.0,1.6050000190734863,106.80169623345137,149.0,1788658457000.0,-6.21975839138031,0.5,30.200000762939453,2467.0,2466.0,19.0,4732.009765625,74.0,149.0,2467.0,-0.052000001072883606,2467.0
19.399999618530273,1.5770000219345093,106.80179606191814,147.0,1788658467000.0,-6.2198554538190365,0.0,31.0,2477.0,2476.0,19.399999618530273,4747.4501953125,73.0,146.0,2477.0,0.04800000041723251,2477.0
19.799999237060547,1.5679999589920044,106.80187904275954,147.0,1788658475000.0,-6.219924436882138,0.0,32.0,2485.0,2484.0,19.799999237060547,4759.43017578125,73.0,146.0,2485.0,0.05000000074505806,2485.0
20.799999237060547,1.5490000247955322,106.80192774161696,147.0,1788658480000.0,-6.21997045353055,0.0,32.79999923706055,2490.0,2489.0,20.799999237060547,4766.89990234375,73.0,146.0,2490.0,0.20600000023841858,2490.0
21.200000762939453,1.5399999618530273,106.80194031447172,147.0,1788658482000.0,-6.219979086890817,0.0,33.400001525878906,2492.0,2491.0,21.200000762939453,4768.25,72.0,144.0,2492.0,0.12200000137090683,2492.0
21.399999618530273,1.5299999713897705,106.80199060589075,147.0,1788658485000.0,-6.220006914809346,0.0,34.20000076293945,2495.0,2494.0,21.399999618530273,4774.22998046875,72.0,144.0,2495.0,0.08299999684095383,2495.0
21.200000762939453,1.5119999647140503,106.80206218734384,146.0,1788658489000.0,-6.220046645030379,0.0,36.79999923706055,2499.0,2498.0,21.200000762939453,4782.93994140625,74.0,148.0,2499.0,-0.04100000113248825,2499.0
21.200000762939453,1.5119999647140503,106.80207123979926,146.0,1788658490000.0,-6.220055529847741,0.5,38.0,2500.0,2499.0,21.200000762939453,4784.330078125,74.0,149.0,2500.0,-0.03099999949336052,2500.0
21.200000762939453,1.5019999742507935,106.80210652761161,145.0,1788658494000.0,-6.220076736062765,0.5,41.79999923706055,2504.0,2503.0,21.200000762939453,4789.06982421875,74.0,149.0,2504.0,-0.006000000052154064,2504.0
20.399999618530273,1.4739999771118164,106.80218875408173,142.0,1788658501000.0,-6.22012878768146,0.0,43.79999923706055,2511.0,2510.0,20.399999618530273,4799.8798828125,72.0,144.0,2511.0,-0.10300000011920929,2511.0
20.399999618530273,1.4739999771118164,106.80220006965101,141.0,1788658502000.0,-6.22013314627111,0.0,44.0,2512.0,2511.0,20.399999618530273,4801.2001953125,73.0,146.0,2512.0,-0.10300000011920929,2512.0
20.200000762939453,1.465000033378601,106.8022383749485,140.0,1788658505000.0,-6.220140354707837,0.0,44.400001525878906,2515.0,2514.0,20.200000762939453,4805.7099609375,72.0,144.0,2515.0,-0.08100000023841858,2515.0
19.799999237060547,1.4559999704360962,106.80226662196219,140.0,1788658508000.0,-6.220152676105499,0.0,45.0,2518.0,2517.0,19.799999237060547,4809.0498046875,74.0,148.0,2518.0,-0.09300000220537186,2518.0
19.600000381469727,1.437000036239624,106.8023247923702,139.0,1788658515000.0,-6.220164159312844,0.0,48.599998474121094,2525.0,2524.0,19.600000381469727,4815.60009765625,74.0,148.0,2525.0,-0.04399999976158142,2525.0
20.200000762939453,1.315999984741211,106.80243518203497,141.0,1788658525000.0,-6.220175810158253,0.5,47.20000076293945,2535.0,2534.0,20.200000762939453,4827.93994140625,74.0,149.0,2535.0,0.05900000035762787,2535.0
20.799999237060547,1.3339999914169312,106.80254154838622,141.0,1788658533000.0,-6.220171703025699,0.5,44.20000076293945,2543.0,2542.0,20.799999237060547,4839.91015625,75.0,151.0,2543.0,0.0989999994635582,2543.0
21.399999618530273,1.343999981880188,106.80262117646635,141.0,1788658539000.0,-6.220178073272109,0.5,42.0,2549.0,2548.0,21.399999618530273,4848.81982421875,75.0,151.0,2549.0,0.08799999952316284,2549.0
22.799999237060547,1.409000039100647,106.80278194136918,140.0,1788658550000.0,-6.220154771581292,0.5,39.0,2560.0,2559.0,22.799999237060547,4866.66015625,74.0,149.0,2560.0,0.11999999731779099,2560.0
23.399999618530273,1.437000036239624,106.80289006792009,140.0,1788658558000.0,-6.2201364152133465,0.5,38.20000076293945,2568.0,2567.0,23.399999618530273,4878.81005859375,72.0,145.0,2568.0,0.08799999952316284,2568.0
24.0,1.5119999647140503,106.80303901433945,141.0,1788658567000.0,-6.22008235193789,0.0,37.0,2577.0,2576.0,24.0,4896.4501953125,78.0,156.0,2577.0,0.06700000166893005,2577.0
24.200000762939453,1.5399999618530273,106.80307187139988,145.0,1788658570000.0,-6.220067599788308,0.5,36.400001525878906,2580.0,2579.0,24.200000762939453,4900.3798828125,77.0,155.0,2580.0,0.05700000002980232,2580.0
24.399999618530273,1.5490000247955322,106.80312920361757,146.0,1788658575000.0,-6.220063576474786,0.0,36.400001525878906,2585.0,2584.0,24.399999618530273,4906.64990234375,75.0,150.0,2585.0,0.04399999976158142,2585.0
24.200000762939453,1.5490000247955322,106.80316373705864,146.0,1788658578000.0,-6.220047734677792,0.5,36.400001525878906,2588.0,2587.0,24.200000762939453,4910.97021484375,77.0,155.0,2588.0,-0.08399999886751175,2588.0
23.600000381469727,1.5399999618530273,106.8032088316977,147.0,1788658581000.0,-6.2200274504721165,0.5,36.0,2591.0,2590.0,23.600000381469727,4916.4501953125,76.0,153.0,2591.0,-0.19200000166893005,2591.0
21.799999237060547,1.5399999618530273,106.80334319360554,146.0,1788658591000.0,-6.219971878454089,0.5,37.0,2601.0,2600.0,21.799999237060547,4932.6298828125,76.0,153.0,2601.0,-0.17299999296665192,2601.0
20.600000381469727,1.5679999589920044,106.8034440279007,146.0,1788658599000.0,-6.219907673075795,0.5,38.79999923706055,2609.0,2608.0,20.600000381469727,4945.83984375,75.0,151.0,2609.0,-0.17100000381469727,2609.0
18.600000381469727,1.5770000219345093,106.80354704149067,146.0,1788658608000.0,-6.2198239378631115,0.0,40.0,2618.0,2617.0,18.600000381469727,4960.58984375,75.0,150.0,2618.0,-0.20600000023841858,2618.0
17.399999618530273,1.5770000219345093,106.80361929349601,146.0,1788658616000.0,-6.219735257327557,0.0,40.599998474121094,2626.0,2625.0,17.399999618530273,4973.259765625,74.0,148.0,2626.0,-0.16300000250339508,2626.0
16.0,1.5859999656677246,106.80369137786329,144.0,1788658623000.0,-6.219719415530562,0.5,41.0,2633.0,2632.0,16.0,4981.64990234375,77.0,155.0,2633.0,-0.1850000023841858,2633.0
16.0,1.5019999742507935,106.8037025257945,144.0,1788658628000.0,-6.219739532098174,0.5,40.79999923706055,2638.0,2637.0,16.0,4984.2001953125,68.0,137.0,2638.0,-0.02500000037252903,2638.0
15.800000190734863,0.9800000190734863,106.80373462848365,142.0,1788658633000.0,-6.219777753576636,0.5,40.79999923706055,2643.0,2642.0,15.800000190734863,4989.9599609375,74.0,149.0,2643.0,-0.04600000008940697,2643.0
15.600000381469727,0.9800000190734863,106.80374627932906,141.0,1788658634000.0,-6.219791332259774,0.5,40.599998474121094,2644.0,2643.0,15.600000381469727,4991.919921875,74.0,149.0,2644.0,-0.08399999886751175,2644.0
15.600000381469727,1.0640000104904175,106.8037529848516,141.0,1788658635000.0,-6.2198021449148655,0.5,40.599998474121094,2645.0,2644.0,15.600000381469727,4993.2998046875,74.0,149.0,2645.0,-0.04800000041723251,2645.0
15.600000381469727,1.315999984741211,106.80375080555677,140.0,1788658639000.0,-6.21985511854291,0.0,40.0,2649.0,2648.0,15.600000381469727,4999.2001953125,74.0,148.0,2649.0,0.004000000189989805,2649.0
15.399999618530273,1.437000036239624,106.80374686606228,140.0,1788658645000.0,-6.219938350841403,0.5,37.599998474121094,2655.0,2654.0,15.399999618530273,5009.16015625,74.0,149.0,2655.0,-0.04500000178813934,2655.0
15.199999809265137,1.4279999732971191,106.80375566706061,140.0,1788658646000.0,-6.219953270629048,0.5,37.20000076293945,2656.0,2655.0,15.199999809265137,5011.06982421875,75.0,151.0,2656.0,-0.20200000703334808,2656.0
14.800000190734863,1.437000036239624,106.80377100594342,143.0,1788658648000.0,-6.2199879717081785,0.0,36.400001525878906,2658.0,2657.0,14.800000190734863,5015.259765625,74.0,148.0,2658.0,-0.20800000429153442,2658.0
14.399999618530273,1.4179999828338623,106.80378383025527,146.0,1788658651000.0,-6.220023175701499,0.0,35.79999923706055,2661.0,2660.0,14.399999618530273,5019.39990234375,74.0,148.0,2661.0,-0.13099999725818634,2661.0
13.800000190734863,1.399999976158142,106.80380051024258,147.0,1788658654000.0,-6.220062235370278,0.0,35.599998474121094,2664.0,2663.0,13.800000190734863,5024.06982421875,74.0,148.0,2664.0,-0.15399999916553497,2664.0
11.800000190734863,1.4179999828338623,106.80388122797012,143.0,1788658664000.0,-6.220164494588971,0.5,36.20000076293945,2674.0,2673.0,11.800000190734863,5038.4599609375,72.0,145.0,2674.0,-0.2150000035762787,2674.0
11.600000381469727,1.409000039100647,106.80388156324625,141.0,1788658665000.0,-6.220170697197318,0.5,36.0,2675.0,2674.0,11.600000381469727,5039.10009765625,72.0,145.0,2675.0,-0.07199999690055847,2675.0
11.399999618530273,1.399999976158142,106.80388634093106,139.0,1788658667000.0,-6.220187712460756,0.5,35.599998474121094,2677.0,2676.0,11.399999618530273,5041.009765625,72.0,145.0,2677.0,-0.12600000202655792,2677.0
10.800000190734863,1.3899999856948853,106.80390913970768,139.0,1788658670000.0,-6.220213444903493,0.0,35.20000076293945,2680.0,2679.0,10.800000190734863,5044.830078125,73.0,146.0,2680.0,-0.20200000703334808,2680.0
10.600000381469727,1.3339999914169312,106.80395364761353,140.0,1788658678000.0,-6.220292402431369,0.0,34.20000076293945,2688.0,2687.0,10.600000381469727,5055.0,71.0,142.0,2688.0,-0.023000000044703484,2688.0
11.0,1.2690000534057617,106.80398139171302,140.0,1788658684000.0,-6.220325343310833,0.5,34.20000076293945,2694.0,2693.0,11.0,5059.85009765625,68.0,137.0,2694.0,0.0560000017285347,2694.0
11.399999618530273,1.194000005722046,106.80401592515409,140.0,1788658690000.0,-6.2203778978437185,0.0,34.79999923706055,2700.0,2699.0,11.399999618530273,5065.85009765625,69.0,138.0,2700.0,0.08399999886751175,2700.0
