directTimestamp,directRunCadence,directDoubleCadence,directLongitude,directFractionalCadence,directElevation,directSpeed,directCorrectedElevation,directHeartRate,directUncorrectedElevation,directLatitude,sumDuration,sumMovingDuration,sumElapsedDuration,sumDistance,directVerticalSpeed,elapsed_s
1789513243000.0,0.0,0.0,106.89386364072561,0.0,81.80000305175781,0.0,81.80000305175781,132.0,125.4000015258789,-6.4293675776571035,0.0,0.0,0.0,0.03999999910593033,,0.0
1789513247000.0,0.0,0.0,106.89386162906885,0.0,81.80000305175781,0.0,81.80000305175781,129.0,125.19999694824219,-6.429367326200008,4.0,0.0,4.0,0.25,-0.007000000216066837,4.0
1789513252000.0,79.0,158.0,106.89382826909423,0.0,81.4000015258789,0.0,81.4000015258789,129.0,124.5999984741211,-6.429409738630056,9.0,0.0,9.0,6.300000190734863,-0.06599999964237213,9.0
1789513256000.0,77.0,155.0,106.89380429685116,0.5,81.0,1.6050000190734863,81.0,126.0,124.19999694824219,-6.42947880551219,13.0,4.0,13.0,14.239999771118164,-0.12099999934434891,13.0
1789513259000.0,77.0,154.0,106.89379474148154,0.0,80.5999984741211,1.5399999618530273,80.5999984741211,122.0,124.0,-6.429536724463105,16.0,7.0,16.0,20.670000076293945,-0.11500000208616257,16.0
1789513260000.0,77.0,154.0,106.89379105344415,0.0,80.5999984741211,1.5490000247955322,80.5999984741211,121.0,124.0,-6.42955306917429,17.0,8.0,17.0,22.530000686645508,-0.1120000034570694,17.0
1789513269000.0,78.0,157.0,106.8937520775944,0.5,79.5999984741211,1.5299999713897705,79.5999984741211,119.0,123.19999694824219,-6.429666392505169,26.0,17.0,26.0,35.790000915527344,-0.1080000028014183,26.0
1789513271000.0,79.0,158.0,106.89374143257737,0.0,79.4000015258789,1.5299999713897705,79.4000015258789,116.0,123.0,-6.429689861834049,28.0,19.0,28.0,38.4900016784668,-0.07500000298023224,28.0
1789513275000.0,80.0,160.0,106.89371134154499,0.0,79.19999694824219,1.5299999713897705,79.19999694824219,113.0,122.5999984741211,-6.429747110232711,32.0,23.0,32.0,44.88999938964844,-0.07699999958276749,32.0
1789513276000.0,80.0,160.0,106.89368686638772,0.0,79.0,1.5299999713897705,79.0,113.0,122.4000015258789,-6.429755408316851,33.0,24.0,33.0,47.7400016784668,-0.057999998331069946,33.0
1789513280000.0,78.0,156.0,106.89363431185484,0.0,79.0,1.5679999589920044,79.0,114.0,122.0,-6.429804023355246,37.0,28.0,37.0,55.15999984741211,-0.004000000189989805,37.0
1789513282000.0,76.0,153.0,106.89363372512162,0.5,79.19999694824219,1.5679999589920044,79.19999694824219,115.0,122.0,-6.429825145751238,39.0,30.0,39.0,57.279998779296875,0.03700000047683716,39.0
1789513286000.0,77.0,154.0,106.89360648393631,0.0,79.19999694824219,1.5579999685287476,79.19999694824219,117.0,122.0,-6.429872587323189,43.0,34.0,43.0,60.790000915527344,0.017999999225139618,43.0
1789513289000.0,78.0,157.0,106.8935829307884,0.5,79.19999694824219,1.5490000247955322,79.19999694824219,118.0,121.80000305175781,-6.429914999753237,46.0,37.0,46.0,64.87999725341797,0.023000000044703484,46.0
1789513291000.0,78.0,157.0,106.8935602158308,0.5,79.19999694824219,1.5770000219345093,79.19999694824219,120.0,121.80000305175781,-6.429933523759246,48.0,39.0,48.0,66.44000244140625,-0.00800000037997961,48.0
1789513293000.0,79.0,159.0,106.89353976398706,0.5,79.19999694824219,1.5770000219345093,79.19999694824219,122.0,121.80000305175781,-6.429958837106824,50.0,41.0,50.0,70.06999969482422,0.008999999612569809,50.0
1789513296000.0,78.0,157.0,106.89353783614933,0.5,79.5999984741211,1.5679999589920044,79.5999984741211,125.0,121.80000305175781,-6.429998902603984,53.0,44.0,53.0,74.19999694824219,0.1120000034570694,53.0
1789513299000.0,77.0,154.0,106.89352040179074,0.0,80.0,1.5299999713897705,80.0,126.0,121.5999984741211,-6.43002949655056,56.0,47.0,56.0,77.77999877929688,0.12600000202655792,56.0
1789513303000.0,76.0,152.0,106.89350380562246,0.0,80.5999984741211,1.465000033378601,80.5999984741211,126.0,120.19999694824219,-6.430079368874431,60.0,51.0,60.0,83.68000030517578,0.16500000655651093,60.0
1789513304000.0,76.0,152.0,106.89350464381278,0.0,80.80000305175781,1.465000033378601,80.80000305175781,126.0,120.0,-6.430089930072427,61.0,52.0,61.0,84.79000091552734,0.1550000011920929,61.0
1789513307000.0,73.0,147.0,106.89348947256804,0.5,81.19999694824219,1.4279999732971191,81.19999694824219,127.0,119.19999694824219,-6.430119853466749,64.0,55.0,64.0,88.56999969482422,0.125,64.0
1789513309000.0,73.0,146.0,106.89348729327321,0.0,81.5999984741211,1.399999976158142,81.5999984741211,128.0,119.0,-6.430149106308818,66.0,57.0,66.0,91.45999908447266,0.2070000022649765,66.0
1789513316000.0,74.0,149.0,106.89345560967922,0.5,82.80000305175781,1.3530000448226929,82.80000305175781,129.0,118.80000305175781,-6.43023518845439,73.0,64.0,73.0,101.13999938964844,0.16099999845027924,73.0
1789513318000.0,73.0,147.0,106.89344965852797,0.5,83.0,1.3530000448226929,83.0,128.0,118.4000015258789,-6.4302661176770926,75.0,66.0,75.0,104.73999786376953,0.15800000727176666,75.0
1789513320000.0,74.0,149.0,106.89344664104283,0.5,83.19999694824219,1.371999979019165,83.19999694824219,128.0,117.5999984741211,-6.430293023586273,77.0,68.0,77.0,108.0999984741211,0.04800000041723251,77.0
1789513322000.0,74.0,149.0,106.8934396840632,0.5,83.19999694824219,1.371999979019165,83.19999694824219,128.0,117.0,-6.430321270599961,79.0,70.0,79.0,111.05999755859375,0.050999999046325684,79.0
1789513323000.0,74.0,149.0,106.8934428691864,0.5,83.19999694824219,1.371999979019165,83.19999694824219,129.0,116.5999984741211,-6.430335519835353,80.0,71.0,80.0,112.4800033569336,0.050999999046325684,80.0
1789513325000.0,74.0,149.0,106.89344940707088,0.5,83.4000015258789,1.371999979019165,83.4000015258789,129.0,115.80000305175781,-6.4303680416196585,82.0,73.0,82.0,116.01000213623047,0.05900000035762787,82.0
1789513326000.0,74.0,149.0,106.89345175400376,0.5,83.4000015258789,1.371999979019165,83.4000015258789,129.0,115.19999694824219,-6.430385643616319,83.0,74.0,83.0,117.7300033569336,0.06300000101327896,83.0
1789513327000.0,74.0,149.0,106.89344404265285,0.5,83.5999984741211,1.3899999856948853,83.5999984741211,129.0,114.80000305175781,-6.430399641394615,84.0,75.0,84.0,119.30999755859375,0.05000000074505806,84.0
1789513330000.0,73.0,147.0,106.89341998659074,0.5,83.5999984741211,1.4279999732971191,83.5999984741211,129.0,113.19999694824219,-6.43043308518827,87.0,78.0,87.0,122.44999694824219,0.03999999910593033,87.0
1789513334000.0,73.0,146.0,106.89342954196036,0.0,83.80000305175781,1.4459999799728394,83.80000305175781,129.0,112.0,-6.430504415184259,91.0,82.0,91.0,130.00999450683594,0.06400000303983688,91.0
1789513337000.0,75.0,151.0,106.89340154640377,0.5,84.0,1.465000033378601,84.0,129.0,111.80000305175781,-6.43054255284369,94.0,85.0,94.0,133.9600067138672,0.03799999877810478,94.0
1789513340000.0,75.0,151.0,106.89338084310293,0.5,84.0,1.4739999771118164,84.0,128.0,111.5999984741211,-6.430574571713805,97.0,88.0,97.0,137.99000549316406,0.0,97.0
1789513343000.0,75.0,151.0,106.89335242845118,0.5,84.0,1.4559999704360962,84.0,127.0,111.5999984741211,-6.430602734908462,100.0,91.0,100.0,141.80999755859375,0.0,100.0
1789513347000.0,77.0,154.0,106.89334756694734,0.0,84.0,1.4459999799728394,84.0,124.0,111.5999984741211,-6.430679010227323,104.0,95.0,104.0,149.75999450683594,0.0,104.0
1789513349000.0,77.0,154.0,106.89335712231696,0.0,84.0,1.4559999704360962,84.0,124.0,111.5999984741211,-6.4307241048663855,106.0,97.0,106.0,154.41000366210938,0.0,106.0
1789513359000.0,75.0,150.0,106.89331613481045,0.0,84.19999694824219,1.4930000305175781,84.19999694824219,125.0,112.0,-6.430870117619634,116.0,107.0,116.0,171.14999389648438,0.019999999552965164,116.0
1789513366000.0,75.0,150.0,106.8933136202395,0.0,84.80000305175781,1.5579999685287476,84.80000305175781,122.0,110.5999984741211,-6.43097790889442,123.0,114.0,123.0,182.27000427246094,0.0729999989271164,123.0
1789513370000.0,72.0,144.0,106.89329601824284,0.0,85.0,1.6139999628067017,85.0,122.0,108.19999694824219,-6.431024763733149,127.0,118.0,127.0,187.82000732421875,0.06800000369548798,127.0
1789513381000.0,74.0,149.0,106.89323499798775,0.5,85.80000305175781,1.5210000276565552,85.80000305175781,122.0,105.5999984741211,-6.431168345734477,138.0,129.0,138.0,205.07000732421875,0.07400000095367432,138.0
1789513389000.0,72.0,145.0,106.89319225028157,0.5,86.19999694824219,1.5210000276565552,86.19999694824219,124.0,104.80000305175781,-6.431252248585224,146.0,137.0,146.0,215.49000549316406,0.0560000017285347,146.0
1789513398000.0,72.0,144.0,106.89315511845052,0.0,87.0,1.5019999742507935,87.0,121.0,104.80000305175781,-6.4313561003655195,155.0,146.0,155.0,227.67999267578125,0.07599999755620956,155.0
1789513402000.0,72.0,145.0,106.89314095303416,0.5,87.19999694824219,1.4930000305175781,87.19999694824219,121.0,105.0,-6.431399350985885,159.0,150.0,159.0,232.69000244140625,0.05900000035762787,159.0
1789513415000.0,72.0,144.0,106.89309175126255,0.0,87.5999984741211,1.4559999704360962,87.5999984741211,119.0,107.80000305175781,-6.431540586054325,172.0,163.0,172.0,249.2100067138672,0.027000000700354576,172.0
1789513425000.0,76.0,152.0,106.89304925501347,0.0,87.5999984741211,1.409000039100647,87.5999984741211,117.0,110.4000015258789,-6.431677546352148,182.0,173.0,182.0,265.3699951171875,0.008999999612569809,182.0
1789513433000.0,76.0,152.0,106.89301053062081,0.0,87.19999694824219,1.4279999732971191,87.19999694824219,116.0,109.0,-6.431785002350807,190.0,181.0,190.0,277.95001220703125,-0.06199999898672104,190.0
1789513442000.0,76.0,152.0,106.89297423698008,0.0,86.80000305175781,1.409000039100647,86.80000305175781,114.0,107.0,-6.431892290711403,199.0,190.0,199.0,290.42999267578125,-0.03500000014901161,199.0
1789513453000.0,76.0,152.0,106.89292034134269,0.0,87.19999694824219,1.4279999732971191,87.19999694824219,114.0,104.4000015258789,-6.432027239352465,210.0,201.0,210.0,306.5799865722656,0.03999999910593033,210.0
1789513465000.0,77.0,155.0,106.89286828972399,0.5,88.0,1.4279999732971191,88.0,114.0,104.80000305175781,-6.432180628180504,222.0,213.0,222.0,324.5199890136719,0.06700000166893005,222.0
1789513473000.0,76.0,153.0,106.89282780513167,0.5,88.19999694824219,1.4279999732971191,88.19999694824219,114.0,105.0,-6.432285401970148,230.0,221.0,230.0,336.9599914550781,0.029999999329447746,230.0
1789513479000.0,76.0,153.0,106.89280492253602,0.5,88.5999984741211,1.437000036239624,88.5999984741211,117.0,104.5999984741211,-6.432370478287339,236.0,227.0,236.0,346.67999267578125,0.050999999046325684,236.0
1789513482000.0,76.0,153.0,106.89278933219612,0.5,88.80000305175781,1.4459999799728394,88.80000305175781,116.0,104.19999694824219,-6.432409370318055,239.0,230.0,239.0,351.32000732421875,0.04699999839067459,239.0
1789513489000.0,76.0,153.0,106.89275454729795,0.5,89.0,1.4459999799728394,89.0,116.0,103.80000305175781,-6.432488244026899,246.0,237.0,246.0,360.82000732421875,0.04399999976158142,246.0
1789513491000.0,77.0,155.0,106.8927401304245,0.5,89.19999694824219,1.4459999799728394,89.19999694824219,117.0,103.80000305175781,-6.432510120794177,248.0,239.0,248.0,363.67999267578125,0.07900000363588333,248.0
1789513495000.0,77.0,155.0,106.89271733164787,0.5,89.5999984741211,1.437000036239624,89.5999984741211,118.0,104.19999694824219,-6.432569799944758,252.0,243.0,252.0,370.760009765625,0.10700000077486038,252.0
1789513497000.0,77.0,154.0,106.89271003939211,0.0,89.80000305175781,1.437000036239624,89.80000305175781,118.0,104.4000015258789,-6.4325957000255585,254.0,245.0,254.0,373.7099914550781,0.09300000220537186,254.0
1789513507000.0,77.0,155.0,106.89265823923051,0.5,91.19999694824219,1.4739999771118164,91.19999694824219,119.0,106.0,-6.43273551017046,264.0,255.0,264.0,390.2300109863281,0.12800000607967377,264.0
1789513511000.0,77.0,155.0,106.89263963140547,0.5,91.4000015258789,1.4839999675750732,91.4000015258789,122.0,106.80000305175781,-6.432779598981142,268.0,259.0,268.0,395.489990234375,0.07400000095367432,268.0
1789513516000.0,77.0,155.0,106.89262169413269,0.5,91.4000015258789,1.4839999675750732,91.4000015258789,123.0,106.19999694824219,-6.432850761339068,273.0,264.0,273.0,403.5899963378906,0.012000000104308128,273.0
1789513521000.0,77.0,155.0,106.89259520731866,0.5,91.4000015258789,1.4839999675750732,91.4000015258789,120.0,105.19999694824219,-6.432918068021536,278.0,269.0,278.0,411.5799865722656,0.0010000000474974513,278.0
1789513526000.0,77.0,154.0,106.89257819205523,0.0,91.5999984741211,1.5019999742507935,91.5999984741211,119.0,105.4000015258789,-6.432990655303001,283.0,274.0,283.0,419.8599853515625,0.02800000086426735,283.0
1789513535000.0,78.0,157.0,106.89257986843586,0.5,91.4000015258789,1.5490000247955322,91.4000015258789,121.0,104.5999984741211,-6.433126609772444,292.0,283.0,292.0,434.8599853515625,-0.01600000075995922,292.0
1789513544000.0,77.0,154.0,106.89258439466357,0.0,91.0,1.6050000190734863,91.0,124.0,104.19999694824219,-6.43326130695641,301.0,292.0,301.0,449.79998779296875,-0.05000000074505806,301.0
1789513549000.0,77.0,154.0,106.89259252510965,0.0,90.80000305175781,1.6330000162124634,90.80000305175781,127.0,104.19999694824219,-6.4333463832736015,306.0,297.0,306.0,459.2200012207031,-0.027000000700354576,306.0
1789513554000.0,78.0,157.0,106.89259202219546,0.5,90.80000305175781,1.6799999475479126,90.80000305175781,128.0,104.4000015258789,-6.433440009132028,311.0,302.0,311.0,469.6000061035156,-0.0010000000474974513,311.0
1789513565000.0,79.0,158.0,106.892593447119,0.0,91.0,1.809999942779541,91.0,127.0,104.0,-6.433631870895624,322.0,313.0,322.0,490.82000732421875,0.006000000052154064,322.0
1789513566000.0,79.0,158.0,106.892593447119,0.0,91.0,1.819000005722046,91.0,127.0,104.0,-6.433649556711316,323.0,314.0,323.0,492.7799987792969,0.0,323.0
1789513571000.0,78.0,157.0,106.89258271828294,0.5,91.0,1.8660000562667847,91.0,131.0,104.80000305175781,-6.4337357226759195,328.0,319.0,328.0,502.3999938964844,-0.00800000037997961,328.0
1789513573000.0,78.0,157.0,106.89257609657943,0.5,90.80000305175781,1.875,90.80000305175781,134.0,104.80000305175781,-6.433773022145033,330.0,321.0,330.0,506.5899963378906,-0.012000000104308128,330.0
1789513576000.0,78.0,157.0,106.8925567343831,0.5,90.80000305175781,1.902999997138977,90.80000305175781,135.0,105.19999694824219,-6.433834545314312,333.0,324.0,333.0,513.719970703125,-0.023000000044703484,333.0
1789513583000.0,79.0,158.0,106.89252748154104,0.0,92.19999694824219,1.940999984741211,92.19999694824219,138.0,107.5999984741211,-6.433952059596777,340.0,331.0,340.0,527.1300048828125,0.19499999284744263,340.0
1789513584000.0,79.0,158.0,106.89252144657075,0.0,92.19999694824219,1.940999984741211,92.19999694824219,138.0,107.80000305175781,-6.433968236669898,341.0,332.0,341.0,529.030029296875,0.08699999749660492,341.0
1789513594000.0,81.0,163.0,106.89246914349496,0.5,93.0,1.9869999885559082,93.0,139.0,108.5999984741211,-6.434144759550691,351.0,342.0,351.0,549.4400024414062,0.07500000298023224,351.0
1789513599000.0,78.0,157.0,106.89243637025356,0.5,94.0,1.996999979019165,94.0,143.0,108.5999984741211,-6.434210976585746,356.0,347.0,356.0,557.5900268554688,0.18400000035762787,356.0
1789513603000.0,79.0,158.0,106.89241172745824,0.0,94.80000305175781,2.00600004196167,94.80000305175781,146.0,108.5999984741211,-6.434269649907947,360.0,351.0,360.0,564.6900024414062,0.1940000057220459,360.0
1789513612000.0,80.0,161.0,106.89231835305691,0.5,96.80000305175781,1.9869999885559082,96.80000305175781,146.0,107.4000015258789,-6.434389427304268,369.0,360.0,369.0,581.510009765625,0.23999999463558197,369.0
1789513622000.0,76.0,153.0,106.89222640357912,0.5,98.19999694824219,1.9129999876022339,98.19999694824219,145.0,108.4000015258789,-6.434478024020791,379.0,370.0,379.0,595.6699829101562,0.12600000202655792,379.0
1789513633000.0,77.0,155.0,106.8921269942075,0.5,99.19999694824219,1.6419999599456787,99.19999694824219,145.0,111.80000305175781,-6.434591850265861,390.0,381.0,390.0,612.3099975585938,0.09799999743700027,390.0
1789513643000.0,76.0,152.0,106.89203311689198,0.0,100.0,1.5959999561309814,100.0,145.0,111.19999694824219,-6.434708023443818,400.0,391.0,400.0,628.8099975585938,0.07400000095367432,400.0
1789513654000.0,80.0,161.0,106.89192649908364,0.5,100.0,1.7359999418258667,100.0,144.0,112.5999984741211,-6.4348433911800385,411.0,402.0,411.0,647.8900146484375,0.004999999888241291,411.0
1789513659000.0,77.0,155.0,106.89188341610134,0.5,100.0,1.753999948501587,100.0,141.0,113.0,-6.4348972868174314,416.0,407.0,416.0,655.510009765625,0.0,416.0
1789513662000.0,76.0,153.0,106.89185005612671,0.5,100.0,1.753999948501587,100.0,138.0,112.80000305175781,-6.434936681762338,419.0,410.0,419.0,661.219970703125,0.0,419.0
1789513664000.0,78.0,157.0,106.8918336275965,0.5,100.0,1.753999948501587,100.0,137.0,113.0,-6.434958642348647,421.0,412.0,421.0,664.219970703125,0.0,421.0
1789513674000.0,80.0,161.0,106.89171879552305,0.5,100.80000305175781,1.7910000085830688,100.80000305175781,139.0,113.80000305175781,-6.435068948194385,431.0,422.0,431.0,681.9500122070312,0.08399999886751175,431.0
1789513677000.0,78.0,157.0,106.8916853517294,0.5,101.19999694824219,1.7910000085830688,101.19999694824219,142.0,113.5999984741211,-6.435105744749308,434.0,425.0,434.0,687.5499877929688,0.09600000083446503,434.0
1789513682000.0,79.0,159.0,106.89162340946496,0.5,101.19999694824219,1.781999945640564,101.19999694824219,144.0,113.4000015258789,-6.435147570446134,439.0,430.0,439.0,695.8300170898438,0.03099999949336052,439.0
1789513685000.0,79.0,159.0,106.89158803783357,0.5,101.4000015258789,1.781999945640564,101.4000015258789,144.0,113.4000015258789,-6.435166513547301,442.0,433.0,442.0,700.030029296875,0.006000000052154064,442.0
1789513688000.0,78.0,157.0,106.8915590364486,0.5,101.4000015258789,1.7730000019073486,101.4000015258789,144.0,113.19999694824219,-6.4351920783519745,445.0,436.0,445.0,704.1300048828125,0.05299999937415123,445.0
1789513696000.0,78.0,157.0,106.89145686104894,0.5,101.19999694824219,1.7259999513626099,101.19999694824219,143.0,111.80000305175781,-6.4352391846477985,453.0,444.0,453.0,716.4299926757812,-0.04399999976158142,453.0
1789513706000.0,74.0,149.0,106.89131990075111,0.5,99.80000305175781,1.6890000104904175,99.80000305175781,145.0,110.19999694824219,-6.435285117477179,463.0,454.0,463.0,732.3699951171875,-0.14000000059604645,463.0
1789513718000.0,77.0,154.0,106.89116919413209,0.0,98.19999694824219,1.6610000133514404,98.19999694824219,143.0,109.0,-6.435354771092534,475.0,466.0,475.0,750.72998046875,-0.13300000131130219,475.0
1789513726000.0,75.0,150.0,106.89107246696949,0.0,96.80000305175781,1.6419999599456787,96.80000305175781,141.0,108.19999694824219,-6.435389555990696,483.0,474.0,483.0,762.1099853515625,-0.16300000250339508,483.0
1789513738000.0,78.0,157.0,106.8909112829715,0.5,95.4000015258789,1.6239999532699585,95.4000015258789,138.0,107.5999984741211,-6.435455773025751,495.0,486.0,495.0,781.4199829101562,-0.12600000202655792,495.0
1789513741000.0,78.0,157.0,106.8908684514463,0.5,95.19999694824219,1.6239999532699585,95.19999694824219,135.0,107.4000015258789,-6.435476979240775,498.0,489.0,498.0,786.7000122070312,-0.0010000000474974513,498.0
1789513750000.0,79.0,159.0,106.89073668792844,0.5,95.19999694824219,1.6419999599456787,95.19999694824219,134.0,107.0,-6.435527689754963,507.0,498.0,507.0,802.3300170898438,-0.012000000104308128,507.0
1789513755000.0,79.0,159.0,106.89065404236317,0.5,95.0,1.6519999504089355,95.0,137.0,107.0,-6.435552584007382,512.0,503.0,512.0,811.8200073242188,-0.027000000700354576,512.0
1789513760000.0,80.0,161.0,106.89057382754982,0.5,95.0,1.6699999570846558,95.0,136.0,107.19999694824219,-6.435587368905544,517.0,508.0,517.0,821.47998046875,-0.004000000189989805,517.0
1789513767000.0,80.0,161.0,106.89047064632177,0.5,95.0,1.6979999542236328,95.0,135.0,106.80000305175781,-6.435624249279499,524.0,515.0,524.0,833.6199951171875,-0.014999999664723873,524.0
1789513775000.0,81.0,163.0,106.8903538864106,0.5,95.0,1.7170000076293945,95.0,135.0,106.5999984741211,-6.435667499899864,532.0,523.0,532.0,847.4600219726562,0.014999999664723873,532.0
1789513784000.0,80.0,161.0,106.89025623723865,0.5,96.0,1.7259999513626099,96.0,136.0,108.0,-6.435763305053115,541.0,532.0,541.0,862.8400268554688,0.11599999666213989,541.0
1789513792000.0,82.0,165.0,106.89020049758255,0.5,97.19999694824219,1.7640000581741333,97.19999694824219,135.0,108.80000305175781,-6.435902779921889,549.0,540.0,549.0,879.510009765625,0.1509999930858612,549.0
1789513799000.0,82.0,165.0,106.89016973599792,0.5,98.4000015258789,1.8009999990463257,98.4000015258789,138.0,109.80000305175781,-6.436032531782985,556.0,547.0,556.0,894.239990234375,0.15000000596046448,556.0
1789513800000.0,82.0,164.0,106.89016252756119,0.0,98.5999984741211,1.809999942779541,98.5999984741211,139.0,110.0,-6.436049044132233,557.0,548.0,557.0,896.22998046875,0.17800000309944153,557.0
1789513808000.0,82.0,165.0,106.89011584036052,0.5,99.0,1.875,99.0,139.0,111.4000015258789,-6.436203187331557,565.0,556.0,565.0,914.1400146484375,0.05999999865889549,565.0
1789513817000.0,82.0,165.0,106.89006261527538,0.5,98.5999984741211,1.9129999876022339,98.5999984741211,140.0,111.19999694824219,-6.436349451541901,574.0,565.0,574.0,931.3599853515625,-0.054999999701976776,574.0
1789513826000.0,79.0,159.0,106.89001768827438,0.5,97.5999984741211,1.930999994277954,97.5999984741211,141.0,111.4000015258789,-6.436485573649406,583.0,574.0,583.0,947.2999877929688,-0.09000000357627869,583.0
1789513834000.0,80.0,161.0,106.88997460529208,0.5,97.0,1.940999984741211,97.0,141.0,111.5999984741211,-6.436609290540218,591.0,582.0,591.0,961.8200073242188,-0.07800000160932541,591.0
1789513841000.0,78.0,157.0,106.88994543626904,0.5,96.80000305175781,1.8940000534057617,96.80000305175781,140.0,111.80000305175781,-6.436704592779279,598.0,589.0,598.0,972.8900146484375,-0.03099999949336052,598.0
1789513849000.0,81.0,163.0,106.88988919369876,0.5,96.4000015258789,1.8289999961853027,96.4000015258789,140.0,112.19999694824219,-6.436807690188289,606.0,597.0,606.0,985.8900146484375,-0.054999999701976776,606.0
1789513860000.0,81.0,163.0,106.88979087397456,0.5,95.80000305175781,1.809999942779541,95.80000305175781,143.0,113.0,-6.436950098723173,617.0,608.0,617.0,1005.1300048828125,-0.052000001072883606,617.0
1789513866000.0,78.0,157.0,106.88972742296755,0.5,96.0,1.809999942779541,96.0,144.0,113.5999984741211,-6.437004916369915,623.0,614.0,623.0,1014.5,0.012000000104308128,623.0
1789513870000.0,80.0,161.0,106.88968115486205,0.5,96.0,1.8009999990463257,96.0,141.0,113.19999694824219,-6.4370412938296795,627.0,618.0,627.0,1021.010009765625,-0.003000000026077032,627.0
1789513874000.0,81.0,162.0,106.88962700776756,0.0,96.0,1.7910000085830688,96.0,138.0,112.4000015258789,-6.4370872266590595,631.0,622.0,631.0,1028.8599853515625,0.012000000104308128,631.0
1789513875000.0,83.0,167.0,106.88961896114051,0.5,96.0,1.7910000085830688,96.0,139.0,112.19999694824219,-6.437100470066071,632.0,623.0,632.0,1030.5699462890625,0.12200000137090683,632.0
1789513880000.0,82.0,164.0,106.88957512378693,0.0,96.5999984741211,1.809999942779541,96.5999984741211,142.0,111.19999694824219,-6.437163753435016,637.0,628.0,637.0,1039.0899658203125,0.10199999809265137,637.0
1789513883000.0,78.0,157.0,106.88955140300095,0.5,97.0,1.809999942779541,97.0,144.0,110.5999984741211,-6.437210189178586,640.0,631.0,640.0,1044.9000244140625,0.1469999998807907,640.0
1789513893000.0,79.0,159.0,106.88949775882065,0.5,97.5999984741211,1.819000005722046,97.5999984741211,143.0,108.5999984741211,-6.437366595491767,650.0,641.0,650.0,1063.2099609375,0.054999999701976776,650.0
1789513897000.0,79.0,159.0,106.88947789371014,0.5,97.80000305175781,1.8289999961853027,97.80000305175781,140.0,108.80000305175781,-6.437429962679744,654.0,645.0,654.0,1070.550048828125,0.05999999865889549,654.0
1789513904000.0,79.0,158.0,106.88944419845939,0.0,97.5999984741211,1.8289999961853027,97.5999984741211,138.0,109.19999694824219,-6.437521744519472,661.0,652.0,661.0,1081.3599853515625,-0.017999999225139618,661.0
1789513914000.0,81.0,163.0,106.88938544131815,0.5,96.5999984741211,1.7730000019073486,96.5999984741211,136.0,109.5999984741211,-6.437665997073054,671.0,662.0,671.0,1098.5799560546875,-0.10999999940395355,671.0
1789513926000.0,80.0,161.0,106.88932559452951,0.5,95.4000015258789,1.7359999418258667,95.4000015258789,136.0,110.19999694824219,-6.437843861058354,683.0,674.0,683.0,1119.3299560546875,-0.09700000286102295,683.0
1789513927000.0,80.0,161.0,106.88931989483535,0.5,95.19999694824219,1.7359999418258667,95.19999694824219,136.0,110.19999694824219,-6.437859535217285,684.0,675.0,684.0,1121.1700439453125,-0.1379999965429306,684.0
1789513937000.0,80.0,161.0,106.88926231116056,0.5,93.80000305175781,1.7730000019073486,93.80000305175781,135.0,111.19999694824219,-6.438033962622285,694.0,685.0,694.0,1141.5,-0.14100000262260437,694.0
1789513945000.0,81.0,163.0,106.88919550739229,0.5,94.19999694824219,1.8940000534057617,94.19999694824219,138.0,111.19999694824219,-6.438200259581208,702.0,693.0,702.0,1161.300048828125,0.052000001072883606,702.0
1789513946000.0,81.0,163.0,106.88918855041265,0.5,94.4000015258789,1.9500000476837158,94.4000015258789,139.0,111.19999694824219,-6.438219118863344,703.0,694.0,703.0,1163.52001953125,0.0430000014603138,703.0
1789513955000.0,80.0,161.0,106.88913750462234,0.5,94.80000305175781,2.2669999599456787,94.80000305175781,141.0,111.5999984741211,-6.438401425257325,712.0,703.0,712.0,1184.43994140625,0.052000001072883606,712.0
1789513956000.0,80.0,161.0,106.88913054764271,0.5,94.80000305175781,2.2769999504089355,94.80000305175781,142.0,111.80000305175781,-6.438420871272683,713.0,704.0,713.0,1186.72998046875,0.04500000178813934,713.0
1789513958000.0,80.0,161.0,106.88911629840732,0.5,95.0,2.2669999599456787,95.0,145.0,111.80000305175781,-6.438454231247306,715.0,706.0,715.0,1190.739990234375,0.03400000184774399,715.0
1789513963000.0,80.0,161.0,106.8890861235559,0.5,95.19999694824219,2.2300000190734863,95.19999694824219,147.0,113.0,-6.438544420525432,720.0,711.0,720.0,1201.25,0.07199999690055847,720.0
1789513973000.0,79.0,159.0,106.88903868198395,0.5,96.19999694824219,2.0250000953674316,96.19999694824219,148.0,114.19999694824219,-6.438686577603221,730.0,721.0,730.0,1217.8499755859375,0.10100000351667404,730.0
1789513986000.0,78.0,157.0,106.88897967338562,0.5,97.5999984741211,1.902999997138977,97.5999984741211,146.0,114.0,-6.438868464902043,743.0,734.0,743.0,1239.02001953125,0.10400000214576721,743.0
1789513987000.0,78.0,157.0,106.88897254876792,0.5,97.80000305175781,1.8940000534057617,97.80000305175781,146.0,114.19999694824219,-6.4388819597661495,744.0,735.0,744.0,1240.719970703125,0.09000000357627869,744.0
1789513994000.0,78.0,156.0,106.88893566839397,0.0,98.80000305175781,1.8009999990463257,98.80000305175781,144.0,114.5999984741211,-6.438966365531087,751.0,742.0,751.0,1250.97998046875,0.13899999856948853,751.0
1789514003000.0,80.0,161.0,106.888890825212,0.5,100.4000015258789,1.7640000581741333,100.4000015258789,144.0,116.4000015258789,-6.43909159116447,760.0,751.0,760.0,1265.68994140625,0.19300000369548798,760.0
1789514012000.0,80.0,160.0,106.88885218463838,0.0,102.19999694824219,1.7259999513626099,102.19999694824219,146.0,117.4000015258789,-6.439227545633912,769.0,760.0,769.0,1281.300048828125,0.20200000703334808,769.0
1789514024000.0,78.0,157.0,106.88879317604005,0.5,103.4000015258789,1.6699999570846558,103.4000015258789,148.0,118.4000015258789,-6.439396105706692,781.0,772.0,781.0,1301.06005859375,0.0949999988079071,781.0
1789514032000.0,79.0,159.0,106.88875076361,0.5,103.80000305175781,1.6519999504089355,103.80000305175781,147.0,118.4000015258789,-6.43951085396111,789.0,780.0,789.0,1314.5699462890625,0.050999999046325684,789.0
1789514040000.0,81.0,163.0,106.88872419297695,0.5,104.4000015258789,1.6330000162124634,104.4000015258789,149.0,117.80000305175781,-6.439613196998835,797.0,788.0,797.0,1326.27001953125,0.06800000369548798,797.0
1789514049000.0,78.0,157.0,106.8886886537075,0.5,105.0,1.5770000219345093,105.0,149.0,116.0,-6.439716126769781,806.0,797.0,806.0,1338.22998046875,0.07800000160932541,806.0
1789514053000.0,78.0,157.0,106.88867105171084,0.5,105.4000015258789,1.5299999713897705,105.4000015258789,146.0,115.0,-6.439772872254252,810.0,801.0,810.0,1344.800048828125,0.08500000089406967,810.0
1789514060000.0,80.0,160.0,106.88864598982036,0.0,105.80000305175781,1.4739999771118164,105.80000305175781,144.0,114.5999984741211,-6.43987244926393,817.0,808.0,817.0,1356.1199951171875,0.06400000303983688,817.0
1789514067000.0,77.0,155.0,106.88859670422971,0.5,106.4000015258789,1.4739999771118164,106.4000015258789,141.0,114.5999984741211,-6.4399793185293674,824.0,815.0,824.0,1369.1600341796875,0.07999999821186066,824.0
1789514069000.0,77.0,154.0,106.88858128152788,0.0,106.4000015258789,1.4839999675750732,106.4000015258789,141.0,114.5999984741211,-6.440003039315343,826.0,817.0,826.0,1372.2900390625,-0.035999998450279236,826.0
1789514076000.0,78.0,157.0,106.8885525316,0.5,105.80000305175781,1.4930000305175781,105.80000305175781,140.0,115.5999984741211,-6.440085265785456,833.0,824.0,833.0,1381.969970703125,-0.07000000029802322,833.0
1789514082000.0,77.0,154.0,106.88853367231786,0.0,105.4000015258789,1.4839999675750732,105.4000015258789,137.0,115.80000305175781,-6.440164390951395,839.0,830.0,839.0,1390.9200439453125,-0.08399999886751175,839.0
1789514083000.0,77.0,154.0,106.88852906227112,0.0,105.4000015258789,1.4739999771118164,105.4000015258789,136.0,115.5999984741211,-6.440175119787455,840.0,831.0,840.0,1392.2099609375,-0.05400000140070915,840.0
1789514090000.0,77.0,155.0,106.88850358128548,0.5,105.0,1.465000033378601,105.0,138.0,115.4000015258789,-6.440270505845547,847.0,838.0,847.0,1403.0400390625,-0.05400000140070915,847.0
1789514097000.0,78.0,157.0,106.88847407698631,0.5,104.19999694824219,1.437000036239624,104.19999694824219,141.0,115.19999694824219,-6.4403686579316854,854.0,845.0,854.0,1414.3299560546875,-0.10100000351667404,854.0
1789514099000.0,77.0,155.0,106.88846728764474,0.5,104.0,1.437000036239624,104.0,141.0,114.80000305175781,-6.440400257706642,856.0,847.0,856.0,1417.8699951171875,-0.11400000005960464,856.0
1789514109000.0,78.0,157.0,106.88841515220702,0.5,102.5999984741211,1.4559999704360962,102.5999984741211,139.0,114.80000305175781,-6.440535876899958,866.0,857.0,866.0,1433.969970703125,-0.13500000536441803,866.0
1789514117000.0,77.0,155.0,106.8883714824915,0.5,101.80000305175781,1.5019999742507935,101.80000305175781,137.0,116.4000015258789,-6.440644757822156,874.0,865.0,874.0,1446.949951171875,-0.11299999803304672,874.0
1789514118000.0,77.0,154.0,106.88836611807346,0.0,101.5999984741211,1.5019999742507935,101.5999984741211,137.0,116.5999984741211,-6.4406560733914375,875.0,866.0,875.0,1448.3299560546875,-0.09700000286102295,875.0
1789514129000.0,80.0,160.0,106.88831825740635,0.0,100.80000305175781,1.5399999618530273,100.80000305175781,137.0,117.19999694824219,-6.440813988447189,886.0,877.0,886.0,1466.5899658203125,-0.07800000160932541,886.0
1789514137000.0,77.0,154.0,106.8883088696748,0.0,101.4000015258789,1.5959999561309814,101.4000015258789,140.0,117.4000015258789,-6.440931586548686,894.0,885.0,894.0,1479.68994140625,0.0820000022649765,894.0
1789514138000.0,77.0,154.0,106.88831037841737,0.0,101.5999984741211,1.5959999561309814,101.5999984741211,141.0,117.4000015258789,-6.440946003422141,895.0,886.0,895.0,1481.27001953125,0.13099999725818634,895.0
1789514146000.0,78.0,157.0,106.88833384774625,0.5,101.4000015258789,1.6139999628067017,101.4000015258789,144.0,118.4000015258789,-6.441065110266209,903.0,894.0,903.0,1494.77001953125,-0.029999999329447746,903.0
1789514148000.0,78.0,157.0,106.88834751024842,0.5,101.4000015258789,1.6139999628067017,101.4000015258789,143.0,118.5999984741211,-6.441092602908611,905.0,896.0,905.0,1498.1099853515625,0.0,905.0
1789514156000.0,78.0,157.0,106.88839939422905,0.5,101.19999694824219,1.6239999532699585,101.19999694824219,142.0,120.19999694824219,-6.4411847200244665,913.0,904.0,913.0,1509.81005859375,-0.01600000075995922,913.0
1789514166000.0,76.0,152.0,106.88846762292087,0.0,100.5999984741211,1.6139999628067017,100.5999984741211,143.0,121.19999694824219,-6.4413034077733755,923.0,914.0,923.0,1524.97998046875,-0.050999999046325684,923.0
1789514177000.0,76.0,152.0,106.88855856657028,0.0,99.80000305175781,1.6050000190734863,99.80000305175781,143.0,122.19999694824219,-6.441421005874872,934.0,925.0,934.0,1541.5,-0.07199999690055847,934.0
1789514185000.0,76.0,152.0,106.88862302340567,0.0,99.19999694824219,1.5859999656677246,99.19999694824219,141.0,122.19999694824219,-6.441504405811429,942.0,933.0,942.0,1553.1600341796875,-0.08399999886751175,942.0
1789514194000.0,75.0,150.0,106.88868496567011,0.0,98.4000015258789,1.5579999685287476,98.4000015258789,140.0,121.5999984741211,-6.441605240106583,951.0,942.0,951.0,1566.239990234375,-0.09600000083446503,951.0
1789514203000.0,78.0,157.0,106.88875839114189,0.5,98.80000305175781,1.5490000247955322,98.80000305175781,140.0,122.19999694824219,-6.441719485446811,960.0,951.0,960.0,1581.260009765625,0.05000000074505806,960.0
1789514210000.0,77.0,155.0,106.88883315771818,0.5,100.19999694824219,1.5770000219345093,100.19999694824219,141.0,123.4000015258789,-6.441808249801397,967.0,958.0,967.0,1594.1700439453125,0.19900000095367432,967.0
1789514221000.0,77.0,154.0,106.88892024569213,0.0,102.0,1.6050000190734863,102.0,141.0,126.0,-6.441936157643795,978.0,969.0,978.0,1611.31005859375,0.164000004529953,978.0
1789514231000.0,76.0,152.0,106.8889862112701,0.0,103.4000015258789,1.5959999561309814,103.4000015258789,140.0,126.4000015258789,-6.442055432125926,988.0,979.0,988.0,1626.489990234375,0.14100000262260437,988.0
1789514238000.0,77.0,155.0,106.88904237002134,0.5,104.19999694824219,1.5859999656677246,104.19999694824219,140.0,127.0,-6.442134138196707,995.0,986.0,995.0,1637.1600341796875,0.11599999666213989,995.0
1789514248000.0,77.0,154.0,106.88912610523403,0.0,105.0,1.5859999656677246,105.0,138.0,128.8000030517578,-6.442241929471493,1005.0,996.0,1005.0,1652.300048828125,0.08299999684095383,1005.0
1789514258000.0,78.0,157.0,106.88922266475856,0.5,105.80000305175781,1.5959999561309814,105.80000305175781,138.0,128.60000610351562,-6.442357264459133,1015.0,1006.0,1015.0,1669.050048828125,0.07500000298023224,1015.0
1789514262000.0,78.0,156.0,106.88925669528544,0.0,106.0,1.6050000190734863,106.0,141.0,128.39999389648438,-6.442405041307211,1019.0,1010.0,1019.0,1675.530029296875,0.03099999949336052,1019.0
1789514266000.0,79.0,159.0,106.88929944299161,0.5,106.0,1.6139999628067017,106.0,144.0,128.1999969482422,-6.442452482879162,1023.0,1014.0,1023.0,1682.5799560546875,0.01600000075995922,1023.0
1789514271000.0,79.0,158.0,106.88933087512851,0.0,106.0,1.6239999532699585,106.0,147.0,128.0,-6.44251006655395,1028.0,1019.0,1028.0,1689.8900146484375,0.0,1028.0
1789514272000.0,79.0,158.0,106.88933808356524,0.0,106.0,1.6239999532699585,106.0,147.0,127.80000305175781,-6.4425167720764875,1029.0,1020.0,1029.0,1690.969970703125,0.0,1029.0
1789514279000.0,58.0,117.0,106.88939206302166,0.5,106.0,1.5119999647140503,106.0,144.0,127.80000305175781,-6.442591203376651,1036.0,1027.0,1036.0,1701.1800537109375,0.0,1036.0
1789514290000.0,56.0,113.0,106.88948376104236,0.5,106.4000015258789,1.371999979019165,106.4000015258789,145.0,127.5999984741211,-6.442669071257114,1047.0,1038.0,1047.0,1714.5699462890625,0.03799999877810478,1047.0
1789514294000.0,58.0,117.0,106.88952131196856,0.5,106.5999984741211,1.343999981880188,106.5999984741211,148.0,126.80000305175781,-6.442694636061788,1051.0,1042.0,1051.0,1719.5999755859375,0.05700000002980232,1051.0
1789514302000.0,56.0,113.0,106.88961334526539,0.5,107.19999694824219,1.3530000448226929,107.19999694824219,146.0,126.4000015258789,-6.442777197808027,1059.0,1050.0,1059.0,1733.2900390625,0.07199999690055847,1059.0
1789514310000.0,79.0,159.0,106.88967872411013,0.5,107.4000015258789,1.6890000104904175,107.4000015258789,144.0,126.5999984741211,-6.442888928577304,1067.0,1058.0,1067.0,1748.010009765625,0.028999999165534973,1067.0
1789514318000.0,76.0,152.0,106.88974100165069,0.0,108.19999694824219,1.6610000133514404,108.19999694824219,141.0,127.0,-6.442973669618368,1075.0,1066.0,1075.0,1759.9000244140625,0.08299999684095383,1075.0
1789514319000.0,76.0,152.0,106.88974888063967,0.0,108.19999694824219,1.6519999504089355,108.19999694824219,138.0,127.0,-6.442984566092491,1076.0,1067.0,1076.0,1761.3800048828125,0.09600000083446503,1076.0
1789514321000.0,77.0,154.0,106.88975114375353,0.0,108.19999694824219,1.6419999599456787,108.19999694824219,136.0,127.19999694824219,-6.443003676831722,1078.0,1069.0,1078.0,1763.5899658203125,0.0430000014603138,1078.0
1789514323000.0,76.0,152.0,106.88972968608141,0.0,108.19999694824219,1.6139999628067017,108.19999694824219,136.0,127.4000015258789,-6.443014657124877,1080.0,1071.0,1080.0,1766.239990234375,-0.05700000002980232,1080.0
1789514329000.0,0.0,0.0,106.88967688009143,0.0,107.80000305175781,1.5579999685287476,107.80000305175781,133.0,127.5999984741211,-6.4430298283696175,1086.0,1077.0,1086.0,1772.31005859375,-0.05400000140070915,1086.0
1789514330000.0,0.0,0.0,106.8896762933582,0.0,107.80000305175781,1.5210000276565552,107.80000305175781,132.0,127.4000015258789,-6.443029744550586,1087.0,1078.0,1087.0,1772.3800048828125,-0.004999999888241291,1087.0
1789514335000.0,0.0,0.0,106.88961954787374,0.0,107.4000015258789,0.0,107.4000015258789,131.0,127.0,-6.443013986572623,1092.0,1078.0,1092.0,1779.219970703125,-0.09300000220537186,1092.0
1789514339000.0,81.0,163.0,106.88956020399928,0.5,107.0,0.652999997138977,107.0,128.0,127.4000015258789,-6.442967215552926,1096.0,1082.0,1096.0,1787.5699462890625,-0.09000000357627869,1096.0
1789514343000.0,83.0,166.0,106.88950010575354,0.0,106.80000305175781,1.8940000534057617,106.80000305175781,129.0,127.5999984741211,-6.44291658885777,1100.0,1086.0,1100.0,1796.260009765625,-0.05400000140070915,1100.0
1789514353000.0,81.0,163.0,106.88935744576156,0.5,106.19999694824219,2.00600004196167,106.19999694824219,129.0,126.19999694824219,-6.442793207243085,1110.0,1096.0,1110.0,1817.1400146484375,-0.050999999046325684,1110.0
1789514355000.0,81.0,163.0,106.8893316294998,0.5,106.19999694824219,1.9869999885559082,106.19999694824219,129.0,125.80000305175781,-6.4427730068564415,1112.0,1098.0,1112.0,1820.760009765625,-0.04600000008940697,1112.0
1789514361000.0,82.0,164.0,106.8892447091639,0.0,105.80000305175781,1.968999981880188,105.80000305175781,132.0,125.0,-6.442691283300519,1118.0,1104.0,1118.0,1833.969970703125,-0.052000001072883606,1118.0
1789514365000.0,82.0,164.0,106.88918863423169,0.0,105.5999984741211,2.062000036239624,105.5999984741211,133.0,124.5999984741211,-6.442631185054779,1122.0,1108.0,1122.0,1843.0899658203125,-0.05000000074505806,1122.0
1789514373000.0,80.0,161.0,106.8891088385135,0.5,105.4000015258789,2.052999973297119,105.4000015258789,133.0,124.4000015258789,-6.442529931664467,1130.0,1116.0,1130.0,1857.3399658203125,-0.035999998450279236,1130.0
1789514382000.0,81.0,163.0,106.8890100158751,0.5,104.80000305175781,1.968999981880188,104.80000305175781,133.0,123.80000305175781,-6.442407639697194,1139.0,1125.0,1139.0,1874.760009765625,-0.06499999761581421,1139.0
1789514390000.0,79.0,159.0,106.8889045715332,0.5,103.5999984741211,1.9869999885559082,103.5999984741211,136.0,123.0,-6.442273445427418,1147.0,1133.0,1147.0,1893.6400146484375,-0.14399999380111694,1147.0
1789514394000.0,80.0,161.0,106.88885285519063,0.5,103.4000015258789,2.0429999828338623,103.4000015258789,139.0,122.5999984741211,-6.442197673022747,1151.0,1137.0,1151.0,1903.780029296875,-0.05400000140070915,1151.0
1789514397000.0,81.0,163.0,106.88881346024573,0.5,103.19999694824219,2.0989999771118164,103.19999694824219,142.0,122.4000015258789,-6.442146124318242,1154.0,1140.0,1154.0,1910.949951171875,-0.10899999737739563,1154.0
1789514401000.0,81.0,163.0,106.88876551575959,0.5,101.80000305175781,2.1549999713897705,101.80000305175781,145.0,122.5999984741211,-6.442076051607728,1158.0,1144.0,1158.0,1920.3499755859375,-0.3319999873638153,1158.0
1789514404000.0,81.0,163.0,106.88874405808747,0.5,100.80000305175781,2.183000087738037,100.80000305175781,146.0,122.5999984741211,-6.442029280588031,1161.0,1147.0,1161.0,1926.0400390625,-0.3269999921321869,1161.0
1789514410000.0,82.0,165.0,106.88869829289615,0.5,99.0,2.1740000247955322,99.0,149.0,121.80000305175781,-6.441937163472176,1167.0,1153.0,1167.0,1937.4599609375,-0.3109999895095825,1167.0
1789514414000.0,80.0,160.0,106.88865311443806,0.0,98.4000015258789,2.1459999084472656,98.4000015258789,150.0,120.80000305175781,-6.441877651959658,1171.0,1157.0,1171.0,1945.75,-0.1509999930858612,1171.0
1789514420000.0,79.0,158.0,106.88858681358397,0.0,97.5999984741211,2.1089999675750732,97.5999984741211,147.0,119.80000305175781,-6.441784780472517,1177.0,1163.0,1177.0,1958.3800048828125,-0.13500000536441803,1177.0
1789514426000.0,79.0,159.0,106.8885298166424,0.5,97.4000015258789,2.0810000896453857,97.4000015258789,144.0,119.4000015258789,-6.441708505153656,1183.0,1169.0,1183.0,1968.9100341796875,-0.03500000014901161,1183.0
1789514428000.0,79.0,158.0,106.88851514831185,0.0,97.19999694824219,2.071000099182129,97.19999694824219,143.0,119.4000015258789,-6.4416771568357944,1185.0,1171.0,1185.0,1972.719970703125,-0.026000000536441803,1185.0
1789514437000.0,77.0,155.0,106.88843820244074,0.5,98.0,2.0250000953674316,98.0,143.0,119.5999984741211,-6.441563330590725,1194.0,1180.0,1194.0,1987.93994140625,0.07400000095367432,1194.0
1789514443000.0,77.0,155.0,106.88839444890618,0.5,98.5999984741211,1.930999994277954,98.5999984741211,139.0,118.80000305175781,-6.441490743309259,1200.0,1186.0,1200.0,1997.4000244140625,0.10400000214576721,1200.0
1789514444000.0,77.0,155.0,106.88839059323072,0.5,98.5999984741211,1.902999997138977,98.5999984741211,138.0,118.5999984741211,-6.441480852663517,1201.0,1187.0,1201.0,1998.5799560546875,0.09300000220537186,1201.0
1789514448000.0,78.0,157.0,106.88835631124675,0.5,99.0,1.7730000019073486,99.0,135.0,118.4000015258789,-6.441436428576708,1205.0,1191.0,1205.0,2004.81005859375,0.08900000154972076,1205.0
1789514452000.0,77.0,155.0,106.88832085579634,0.5,99.4000015258789,1.6979999542236328,99.4000015258789,135.0,117.80000305175781,-6.441387813538313,1209.0,1195.0,1209.0,2011.469970703125,0.0989999994635582,1209.0
1789514461000.0,76.0,152.0,106.88823980279267,0.0,100.0,1.5959999561309814,100.0,133.0,117.4000015258789,-6.441271053627133,1218.0,1204.0,1218.0,2027.2099609375,0.05700000002980232,1218.0
1789514469000.0,79.0,159.0,106.8881637789309,0.5,100.0,2.118000030517578,100.0,133.0,117.4000015258789,-6.441108277067542,1226.0,1212.0,1226.0,2047.1400146484375,0.004999999888241291,1226.0
1789514475000.0,79.0,159.0,106.88813779503107,0.5,98.80000305175781,2.2109999656677246,98.80000305175781,136.0,116.5999984741211,-6.440973244607449,1232.0,1218.0,1232.0,2062.5,-0.18400000035762787,1232.0
1789514478000.0,82.0,165.0,106.88813687302172,0.5,98.4000015258789,2.249000072479248,98.4000015258789,137.0,116.4000015258789,-6.44090392626822,1235.0,1221.0,1235.0,2070.159912109375,-0.17000000178813934,1235.0
1789514483000.0,81.0,163.0,106.88815020024776,0.5,98.0,2.3329999446868896,98.0,141.0,115.19999694824219,-6.440786495804787,1240.0,1226.0,1240.0,2083.260009765625,-0.0560000017285347,1240.0
1789514486000.0,81.0,163.0,106.88816729933023,0.5,98.4000015258789,2.369999885559082,98.4000015258789,144.0,114.5999984741211,-6.440716926008463,1243.0,1229.0,1243.0,2091.18994140625,0.11800000071525574,1243.0
1789514487000.0,80.0,161.0,106.88817341811955,0.5,98.5999984741211,2.3889999389648438,98.5999984741211,144.0,114.4000015258789,-6.440693875774741,1244.0,1230.0,1244.0,2093.840087890625,0.17100000381469727,1244.0
1789514491000.0,81.0,163.0,106.88820007257164,0.5,99.19999694824219,2.4260001182556152,99.19999694824219,147.0,114.0,-6.440605111420155,1248.0,1234.0,1248.0,2104.080078125,0.17599999904632568,1248.0
1789514495000.0,81.0,163.0,106.88821884803474,0.5,100.0,2.4539999961853027,100.0,149.0,114.19999694824219,-6.440524980425835,1252.0,1238.0,1252.0,2113.199951171875,0.15199999511241913,1252.0
1789514501000.0,79.0,159.0,106.88825673423707,0.5,101.19999694824219,2.3889999389648438,101.19999694824219,149.0,114.80000305175781,-6.440430600196123,1258.0,1244.0,1258.0,2124.489990234375,0.22200000286102295,1258.0
1789514511000.0,78.0,157.0,106.88830560073256,0.5,103.80000305175781,1.996999979019165,103.80000305175781,148.0,114.80000305175781,-6.440279809758067,1268.0,1254.0,1268.0,2142.10009765625,0.25200000405311584,1268.0
1789514516000.0,78.0,157.0,106.88833921216428,0.5,104.5999984741211,1.9129999876022339,104.5999984741211,145.0,114.5999984741211,-6.440209820866585,1273.0,1259.0,1273.0,2150.679931640625,0.17599999904632568,1273.0
1789514519000.0,77.0,155.0,106.88834742642939,0.5,105.0,1.8660000562667847,105.0,144.0,114.0,-6.440171850845218,1276.0,1262.0,1276.0,2154.969970703125,0.11100000143051147,1276.0
1789514528000.0,79.0,159.0,106.88839780166745,0.5,106.4000015258789,1.7640000581741333,106.4000015258789,143.0,113.0,-6.4400361478328705,1285.0,1271.0,1285.0,2170.949951171875,0.14900000393390656,1285.0
1789514537000.0,80.0,161.0,106.88843208365142,0.5,106.19999694824219,1.819000005722046,106.19999694824219,141.0,112.5999984741211,-6.439882926642895,1294.0,1280.0,1294.0,2188.330078125,-0.007000000216066837,1294.0
1789514546000.0,78.0,157.0,106.88847583718598,0.5,105.19999694824219,1.8380000591278076,105.19999694824219,142.0,113.5999984741211,-6.439742362126708,1303.0,1289.0,1303.0,2204.610107421875,-0.10899999737739563,1303.0
1789514553000.0,79.0,159.0,106.88850877806544,0.5,104.4000015258789,1.8289999961853027,104.4000015258789,142.0,114.19999694824219,-6.439629457890987,1310.0,1296.0,1310.0,2217.639892578125,-0.13300000131130219,1310.0
1789514562000.0,79.0,159.0,106.88856820575893,0.5,102.4000015258789,1.809999942779541,102.4000015258789,141.0,113.5999984741211,-6.439496269449592,1319.0,1305.0,1319.0,2233.75,-0.22499999403953552,1319.0
1789514572000.0,79.0,159.0,106.88863744027913,0.5,100.0,1.809999942779541,100.0,140.0,112.80000305175781,-6.439328128471971,1329.0,1315.0,1329.0,2253.8798828125,-0.2280000001192093,1329.0
1789514576000.0,81.0,163.0,106.88866409473121,0.5,99.19999694824219,1.8289999961853027,99.19999694824219,137.0,112.4000015258789,-6.439257133752108,1333.0,1319.0,1333.0,2262.27001953125,-0.22300000488758087,1333.0
1789514583000.0,80.0,161.0,106.88870776444674,0.5,97.5999984741211,1.8660000562667847,97.5999984741211,137.0,110.5999984741211,-6.439139200374484,1340.0,1326.0,1340.0,2276.18994140625,-0.23100000619888306,1340.0
1789514592000.0,80.0,161.0,106.88876618631184,0.5,95.4000015258789,1.9129999876022339,95.4000015258789,138.0,108.4000015258789,-6.438958905637264,1349.0,1335.0,1349.0,2297.139892578125,-0.23499999940395355,1349.0
1789514599000.0,80.0,161.0,106.8888133764267,0.5,94.19999694824219,1.9780000448226929,94.19999694824219,141.0,107.19999694824219,-6.4388171676546335,1356.0,1342.0,1356.0,2313.679931640625,-0.18700000643730164,1356.0
1789514601000.0,79.0,159.0,106.88883039169014,0.5,94.0,1.9869999885559082,94.0,142.0,106.5999984741211,-6.438777688890696,1358.0,1344.0,1358.0,2318.429931640625,-0.05999999865889549,1358.0
1789514607000.0,82.0,165.0,106.88887565396726,0.5,94.19999694824219,2.0429999828338623,94.19999694824219,145.0,105.80000305175781,-6.438650451600552,1364.0,1350.0,1364.0,2333.409912109375,0.024000000208616257,1364.0
1789514608000.0,82.0,165.0,106.88888043165207,0.5,94.19999694824219,2.052999973297119,94.19999694824219,145.0,105.80000305175781,-6.43862983211875,1365.0,1351.0,1365.0,2335.739990234375,0.03400000184774399,1365.0
1789514615000.0,81.0,163.0,106.8889204133302,0.5,94.0,2.13700008392334,94.0,147.0,106.0,-6.438494548201561,1372.0,1358.0,1372.0,2351.340087890625,-0.009999999776482582,1372.0
1789514624000.0,80.0,161.0,106.88896760344505,0.5,94.0,2.127000093460083,94.0,146.0,107.19999694824219,-6.438332609832287,1381.0,1367.0,1381.0,2370.06005859375,-0.017000000923871994,1381.0
1789514628000.0,79.0,158.0,106.88898906111717,0.0,93.5999984741211,2.118000030517578,93.5999984741211,143.0,107.80000305175781,-6.4382729306817055,1385.0,1371.0,1385.0,2377.070068359375,-0.10199999809265137,1385.0
1789514634000.0,79.0,159.0,106.88901521265507,0.5,92.80000305175781,2.0810000896453857,92.80000305175781,140.0,107.4000015258789,-6.438187267631292,1391.0,1377.0,1391.0,2386.989990234375,-0.12099999934434891,1391.0
1789514640000.0,81.0,162.0,106.88903314992785,0.0,92.5999984741211,1.7170000076293945,92.5999984741211,139.0,106.4000015258789,-6.438153237104416,1397.0,1383.0,1397.0,2391.929931640625,-0.028999999165534973,1397.0
1789514644000.0,0.0,0.0,106.8890829384327,0.0,93.0,1.5119999647140503,93.0,137.0,106.0,-6.438129348680377,1401.0,1387.0,1401.0,2397.97998046875,0.07000000029802322,1401.0
1789514646000.0,74.0,149.0,106.88909165561199,0.5,92.80000305175781,1.5210000276565552,92.80000305175781,135.0,105.80000305175781,-6.4381026942282915,1403.0,1389.0,1403.0,2401.27001953125,-0.09700000286102295,1403.0
1789514655000.0,79.0,158.0,106.8891278654337,0.0,92.80000305175781,1.8660000562667847,92.80000305175781,134.0,107.80000305175781,-6.43794821575284,1412.0,1398.0,1412.0,2418.739990234375,0.0020000000949949026,1412.0
1789514656000.0,80.0,160.0,106.88913364894688,0.0,92.80000305175781,1.8940000534057617,92.80000305175781,134.0,107.80000305175781,-6.437933798879385,1413.0,1399.0,1413.0,2420.4599609375,0.11400000005960464,1413.0
1789514657000.0,80.0,160.0,106.88913599587977,0.0,93.0,1.8940000534057617,93.0,134.0,108.0,-6.437917118892074,1414.0,1400.0,1414.0,2422.2900390625,0.08500000089406967,1414.0
1789514660000.0,79.0,159.0,106.88914052210748,0.5,93.0,1.9129999876022339,93.0,135.0,108.0,-6.437868336215615,1417.0,1403.0,1417.0,2427.72998046875,0.010999999940395355,1417.0
1789514661000.0,80.0,161.0,106.88912836834788,0.5,92.5999984741211,1.9220000505447388,92.5999984741211,136.0,108.19999694824219,-6.437850398942828,1418.0,1404.0,1418.0,2430.1201171875,-0.28299999237060547,1418.0
1789514664000.0,79.0,158.0,,0.0,108.19999694824219,1.9500000476837158,,139.0,,,1421.0,1407.0,1421.0,2434.090087890625,5.170000076293945,1421.0
1789514672000.0,79.0,158.0,,0.0,108.19999694824219,1.9129999876022339,,139.0,,,1429.0,1415.0,1429.0,2449.570068359375,0.0,1429.0
1789514674000.0,80.0,160.0,106.88914974220097,0.0,93.0,1.9129999876022339,93.0,139.0,120.4000015258789,-6.437716707587242,1431.0,1417.0,1431.0,2453.39990234375,-7.645999908447266,1431.0
1789514676000.0,80.0,160.0,106.88918226398528,0.0,93.80000305175781,1.9220000505447388,93.80000305175781,140.0,115.19999694824219,-6.437624841928482,1433.0,1419.0,1433.0,2457.239990234375,0.4580000042915344,1433.0
1789514684000.0,80.0,160.0,106.88927597366273,0.0,96.0,2.015000104904175,96.0,140.0,112.5999984741211,-6.437497604638338,1441.0,1427.0,1441.0,2478.300048828125,0.2669999897480011,1441.0
1789514685000.0,80.0,160.0,106.88928083516657,0.0,96.0,2.0250000953674316,96.0,140.0,112.19999694824219,-6.4374765660613775,1442.0,1428.0,1442.0,2480.669921875,0.06300000101327896,1442.0
1789514694000.0,83.0,166.0,106.8893279414624,0.0,95.19999694824219,2.062000036239624,95.19999694824219,142.0,109.19999694824219,-6.437301132827997,1451.0,1437.0,1451.0,2500.719970703125,-0.08399999886751175,1451.0
1789514695000.0,82.0,165.0,106.88933372497559,0.5,95.19999694824219,2.071000099182129,95.19999694824219,143.0,109.0,-6.437281100079417,1452.0,1438.0,1452.0,2503.02001953125,-0.0820000022649765,1452.0
1789514698000.0,83.0,166.0,106.88935786485672,0.0,95.0,2.071000099182129,95.0,143.0,108.4000015258789,-6.4372282940894365,1455.0,1441.0,1455.0,2509.39990234375,-0.03999999910593033,1455.0
1789514701000.0,84.0,168.0,106.88937739469111,0.0,94.5999984741211,2.071000099182129,94.5999984741211,143.0,108.0,-6.437178086489439,1458.0,1444.0,1458.0,2515.35009765625,-0.1459999978542328,1458.0
1789514710000.0,80.0,160.0,106.88946465030313,0.0,93.19999694824219,1.996999979019165,93.19999694824219,143.0,107.4000015258789,-6.437049424275756,1467.0,1453.0,1467.0,2532.679931640625,-0.15299999713897705,1467.0
1789514718000.0,80.0,160.0,106.88955727033317,0.0,92.5999984741211,1.930999994277954,92.5999984741211,140.0,107.19999694824219,-6.436961330473423,1475.0,1461.0,1475.0,2546.81005859375,-0.07100000232458115,1475.0
1789514719000.0,80.0,161.0,106.88956984318793,0.5,92.5999984741211,1.9220000505447388,92.5999984741211,140.0,107.0,-6.436951356008649,1476.0,1462.0,1476.0,2548.570068359375,0.0020000000949949026,1476.0
1789514729000.0,80.0,160.0,106.88968400470912,0.0,93.5999984741211,1.847000002861023,93.5999984741211,139.0,106.4000015258789,-6.436839457601309,1486.0,1472.0,1486.0,2566.22998046875,0.08900000154972076,1486.0
1789514737000.0,79.0,159.0,106.88974619843066,0.5,94.0,1.819000005722046,94.0,141.0,107.0,-6.436723284423351,1494.0,1480.0,1494.0,2580.7900390625,0.050999999046325684,1494.0
1789514746000.0,77.0,154.0,106.88978215679526,0.0,94.19999694824219,1.8009999990463257,94.19999694824219,142.0,106.80000305175781,-6.436596550047398,1503.0,1489.0,1503.0,2595.360107421875,0.017999999225139618,1503.0
1789514755000.0,75.0,151.0,106.88982306048274,0.5,95.4000015258789,1.753999948501587,95.4000015258789,142.0,107.4000015258789,-6.436484903097153,1512.0,1498.0,1512.0,2608.550048828125,0.14300000667572021,1512.0
1789514765000.0,79.0,159.0,106.88986823894083,0.5,96.4000015258789,1.7079999446868896,96.4000015258789,141.0,107.19999694824219,-6.436340315267444,1522.0,1508.0,1522.0,2625.35009765625,0.09799999743700027,1522.0
1789514775000.0,80.0,161.0,106.8899220507592,0.5,97.80000305175781,1.809999942779541,97.80000305175781,140.0,106.4000015258789,-6.436155075207353,1532.0,1518.0,1532.0,2646.68994140625,0.14800000190734863,1532.0
1789514781000.0,83.0,166.0,106.88996681012213,0.0,98.0,1.8940000534057617,98.0,143.0,107.19999694824219,-6.436031861230731,1538.0,1524.0,1538.0,2661.169921875,0.027000000700354576,1538.0
1789514783000.0,81.0,163.0,106.88998147845268,0.5,97.80000305175781,1.940999984741211,97.80000305175781,144.0,107.4000015258789,-6.4359931368380785,1540.0,1526.0,1540.0,2665.760009765625,-0.11299999803304672,1540.0
1789514789000.0,80.0,161.0,106.89003671519458,0.5,97.19999694824219,2.062000036239624,97.19999694824219,147.0,107.4000015258789,-6.435876376926899,1546.0,1532.0,1546.0,2680.070068359375,-0.11299999803304672,1546.0
1789514792000.0,82.0,165.0,106.89005943015218,0.5,96.5999984741211,2.0989999771118164,96.5999984741211,148.0,107.4000015258789,-6.435816111043096,1549.0,1535.0,1549.0,2687.179931640625,-0.16200000047683716,1549.0
1789514800000.0,81.0,163.0,106.89012128859758,0.5,96.0,2.1459999084472656,96.0,149.0,107.0,-6.435684096068144,1557.0,1543.0,1557.0,2703.31005859375,-0.08100000023841858,1557.0
1789514806000.0,81.0,162.0,106.89019035547972,0.0,95.19999694824219,2.1089999675750732,95.19999694824219,149.0,106.19999694824219,-6.4356158673763275,1563.0,1549.0,1563.0,2713.989990234375,-0.12300000339746475,1563.0
1789514813000.0,79.0,159.0,106.89028331078589,0.5,94.5999984741211,2.0429999828338623,94.5999984741211,149.0,105.80000305175781,-6.435556104406714,1570.0,1556.0,1570.0,2726.52001953125,-0.10899999737739563,1570.0
1789514820000.0,80.0,161.0,106.89038439653814,0.5,94.0,1.9869999885559082,94.0,149.0,105.0,-6.435518302023411,1577.0,1563.0,1577.0,2738.489990234375,-0.07100000232458115,1577.0
1789514829000.0,78.0,157.0,106.8905225303024,0.5,94.0,1.930999994277954,94.0,149.0,104.19999694824219,-6.435457952320576,1586.0,1572.0,1586.0,2755.1298828125,-0.009999999776482582,1586.0
1789514839000.0,78.0,156.0,106.89065580256283,0.0,94.0,1.875,94.0,147.0,104.80000305175781,-6.435397183522582,1596.0,1582.0,1596.0,2771.31005859375,0.004000000189989805,1596.0
1789514843000.0,78.0,157.0,106.8907178286463,0.5,94.0,1.8660000562667847,94.0,144.0,105.0,-6.435369187965989,1600.0,1586.0,1600.0,2778.81005859375,0.004999999888241291,1600.0
1789514847000.0,78.0,157.0,106.89077599905431,0.5,94.0,1.847000002861023,94.0,145.0,105.4000015258789,-6.435339013114572,1604.0,1590.0,1604.0,2786.010009765625,-0.0020000000949949026,1604.0
1789514857000.0,80.0,160.0,106.89094883389771,0.0,94.19999694824219,1.8569999933242798,94.19999694824219,145.0,105.19999694824219,-6.435282854363322,1614.0,1600.0,1614.0,2806.18994140625,0.028999999165534973,1614.0
1789514866000.0,79.0,159.0,106.8910878058523,0.5,95.5999984741211,1.8660000562667847,95.5999984741211,144.0,101.80000305175781,-6.435235245153308,1623.0,1609.0,1623.0,2822.489990234375,0.14499999582767487,1623.0
1789514875000.0,79.0,159.0,106.89123021438718,0.5,96.19999694824219,1.8660000562667847,96.19999694824219,145.0,104.19999694824219,-6.435170117765665,1632.0,1618.0,1632.0,2839.800048828125,0.07999999821186066,1632.0
1789514881000.0,67.0,135.0,106.89129726961255,0.5,96.80000305175781,1.847000002861023,96.80000305175781,142.0,106.0,-6.435128124430776,1638.0,1624.0,1638.0,2848.56005859375,0.09000000357627869,1638.0
1789514882000.0,63.0,127.0,106.89130808226764,0.5,97.0,1.847000002861023,97.0,141.0,106.19999694824219,-6.435123849660158,1639.0,1625.0,1639.0,2849.830078125,0.14100000262260437,1639.0
1789514891000.0,61.0,122.0,106.89140858128667,0.0,98.19999694824219,1.5770000219345093,98.19999694824219,142.0,107.4000015258789,-6.435079760849476,1648.0,1634.0,1648.0,2861.969970703125,0.12800000607967377,1648.0
1789514899000.0,60.0,121.0,106.89148988574743,0.5,98.4000015258789,1.4839999675750732,98.4000015258789,140.0,106.4000015258789,-6.435011280700564,1656.0,1642.0,1656.0,2873.989990234375,0.023000000044703484,1656.0
1789514907000.0,78.0,157.0,106.89160857349634,0.5,98.5999984741211,1.5019999742507935,98.5999984741211,140.0,103.4000015258789,-6.434923522174358,1664.0,1650.0,1664.0,2890.300048828125,0.03500000014901161,1664.0
1789514914000.0,79.0,159.0,106.89169901423156,0.5,98.80000305175781,1.7170000076293945,98.80000305175781,138.0,104.4000015258789,-6.4348171558231115,1671.0,1657.0,1671.0,2905.780029296875,0.03799999877810478,1671.0
1789514921000.0,79.0,159.0,106.89178392291069,0.5,99.19999694824219,1.930999994277954,99.19999694824219,138.0,107.0,-6.434736605733633,1678.0,1664.0,1678.0,2918.77001953125,0.041999999433755875,1678.0
1789514922000.0,79.0,159.0,106.89179339446127,0.5,99.19999694824219,1.9500000476837158,99.19999694824219,138.0,107.4000015258789,-6.434723949059844,1679.0,1665.0,1679.0,2920.510009765625,-0.010999999940395355,1679.0
1789514926000.0,80.0,160.0,106.8918386567384,0.0,99.19999694824219,1.8569999933242798,99.19999694824219,138.0,108.5999984741211,-6.4346634317189455,1683.0,1669.0,1683.0,2928.860107421875,0.023000000044703484,1683.0
1789514933000.0,79.0,159.0,106.89190998673439,0.5,99.4000015258789,1.847000002861023,99.4000015258789,137.0,110.0,-6.434577852487564,1690.0,1676.0,1690.0,2941.02001953125,0.03700000047683716,1690.0
1789514935000.0,79.0,159.0,106.89193739555776,0.5,99.5999984741211,1.8660000562667847,99.5999984741211,137.0,110.19999694824219,-6.434558071196079,1692.0,1678.0,1692.0,2944.77001953125,0.04899999871850014,1692.0
1789514938000.0,80.0,160.0,106.89198173582554,0.0,99.80000305175781,1.847000002861023,99.80000305175781,137.0,110.4000015258789,-6.434527561068535,1695.0,1681.0,1695.0,2950.510009765625,0.05299999937415123,1695.0
1789514945000.0,80.0,161.0,106.89207427203655,0.5,99.5999984741211,1.8660000562667847,99.5999984741211,139.0,110.4000015258789,-6.4344013296067715,1702.0,1688.0,1702.0,2968.030029296875,-0.02500000037252903,1702.0
1789514951000.0,81.0,163.0,106.89217820763588,0.5,97.80000305175781,2.062000036239624,97.80000305175781,142.0,110.80000305175781,-6.434299824759364,1708.0,1694.0,1708.0,2984.050048828125,-0.3059999942779541,1708.0
1789514957000.0,81.0,163.0,106.89226504415274,0.5,96.0,2.257999897003174,96.0,143.0,110.4000015258789,-6.434196475893259,1714.0,1700.0,1714.0,2998.9599609375,-0.30000001192092896,1714.0
1789514962000.0,80.0,161.0,106.89230184070766,0.5,94.4000015258789,2.1459999084472656,94.4000015258789,144.0,107.80000305175781,-6.434109304100275,1719.0,1705.0,1719.0,3009.1201171875,-0.3059999942779541,1719.0
1789514966000.0,80.0,161.0,106.89232405275106,0.5,93.19999694824219,2.1089999675750732,93.19999694824219,147.0,105.19999694824219,-6.43404308706522,1723.0,1709.0,1723.0,3016.85009765625,-0.3179999887943268,1723.0
1789514973000.0,80.0,161.0,106.89235196448863,0.5,91.0,2.062000036239624,91.0,146.0,103.19999694824219,-6.433924650773406,1730.0,1716.0,1730.0,3030.320068359375,-0.296999990940094,1730.0
1789514982000.0,79.0,159.0,106.8923949636519,0.5,90.19999694824219,2.0810000896453857,90.19999694824219,145.0,101.0,-6.433772770687938,1739.0,1725.0,1739.0,3047.72998046875,-0.10499999672174454,1739.0
1789514993000.0,80.0,160.0,106.8924224562943,0.0,89.5999984741211,2.0339999198913574,89.5999984741211,142.0,100.19999694824219,-6.433596834540367,1750.0,1736.0,1750.0,3067.489990234375,-0.03999999910593033,1750.0
1789514994000.0,79.0,158.0,106.8924206122756,0.0,89.5999984741211,2.0339999198913574,89.5999984741211,141.0,100.19999694824219,-6.433582752943039,1751.0,1737.0,1751.0,3069.06005859375,-0.02800000086426735,1751.0
1789514997000.0,76.0,152.0,106.89241088926792,0.0,89.5999984741211,2.015000104904175,89.5999984741211,138.0,100.0,-6.4335354790091515,1754.0,1740.0,1754.0,3074.39990234375,-0.023000000044703484,1754.0
1789515003000.0,74.0,149.0,106.89240694977343,0.5,89.5999984741211,1.9220000505447388,89.5999984741211,136.0,100.0,-6.433452917262912,1760.0,1746.0,1760.0,3083.52001953125,-0.004999999888241291,1760.0
1789515009000.0,78.0,156.0,106.89240284264088,0.0,89.5999984741211,1.847000002861023,89.5999984741211,133.0,100.0,-6.433338588103652,1766.0,1752.0,1766.0,3096.219970703125,-0.004999999888241291,1766.0
1789515011000.0,80.0,161.0,106.89239965751767,0.5,89.5999984741211,1.847000002861023,89.5999984741211,133.0,100.0,-6.433296259492636,1768.0,1754.0,1768.0,3100.919921875,0.02199999988079071,1768.0
1789515019000.0,81.0,163.0,106.89239244908094,0.5,90.19999694824219,2.0339999198913574,90.19999694824219,134.0,100.80000305175781,-6.433115042746067,1776.0,1762.0,1776.0,3120.9599609375,0.07500000298023224,1776.0
1789515020000.0,81.0,163.0,106.8923933710903,0.5,90.19999694824219,2.052999973297119,90.19999694824219,134.0,100.80000305175781,-6.433091321960092,1777.0,1763.0,1777.0,3123.580078125,0.09200000017881393,1777.0
1789515027000.0,80.0,161.0,106.89241952262819,0.5,90.19999694824219,2.193000078201294,90.19999694824219,137.0,100.4000015258789,-6.432937765493989,1784.0,1770.0,1784.0,3140.929931640625,-0.0020000000949949026,1784.0
1789515028000.0,80.0,161.0,106.89242756925523,0.5,90.19999694824219,2.2019999027252197,90.19999694824219,138.0,100.19999694824219,-6.4329152181744576,1785.0,1771.0,1785.0,3143.570068359375,-0.07500000298023224,1785.0
1789515032000.0,81.0,163.0,106.89245715737343,0.5,89.80000305175781,2.249000072479248,89.80000305175781,141.0,99.19999694824219,-6.432823687791824,1789.0,1775.0,1789.0,3154.199951171875,-0.08500000089406967,1789.0
1789515035000.0,83.0,166.0,106.89248037524521,0.0,89.5999984741211,2.2769999504089355,89.5999984741211,144.0,98.4000015258789,-6.432760572060943,1792.0,1778.0,1792.0,3161.639892578125,-0.06800000369548798,1792.0
1789515036000.0,83.0,166.0,106.89248565584421,0.0,89.4000015258789,2.2769999504089355,89.4000015258789,144.0,98.4000015258789,-6.4327355939894915,1793.0,1779.0,1793.0,3164.449951171875,-0.12300000339746475,1793.0
1789515043000.0,80.0,161.0,106.89254424534738,0.5,89.19999694824219,2.313999891281128,89.19999694824219,147.0,99.5999984741211,-6.432602321729064,1800.0,1786.0,1800.0,3180.56005859375,-0.04699999839067459,1800.0
1789515045000.0,80.0,161.0,106.89255178906024,0.5,89.0,2.313999891281128,89.0,147.0,100.4000015258789,-6.432576002553105,1802.0,1788.0,1802.0,3183.580078125,-0.05400000140070915,1802.0
1789515051000.0,80.0,161.0,106.8926090374589,0.5,89.0,2.257999897003174,89.0,144.0,102.80000305175781,-6.432493692263961,1808.0,1794.0,1808.0,3194.68994140625,0.004000000189989805,1808.0
1789515054000.0,79.0,159.0,106.89263024367392,0.5,89.0,2.127000093460083,89.0,144.0,103.80000305175781,-6.432453040033579,1811.0,1797.0,1811.0,3199.75,-0.04699999839067459,1811.0
1789515063000.0,78.0,157.0,106.89266695640981,0.5,89.19999694824219,1.8289999961853027,89.19999694824219,143.0,108.80000305175781,-6.432329658418894,1820.0,1806.0,1820.0,3213.9599609375,0.019999999552965164,1820.0
1789515065000.0,77.0,155.0,106.89268548041582,0.5,89.19999694824219,1.781999945640564,89.19999694824219,143.0,109.5999984741211,-6.432299567386508,1822.0,1808.0,1822.0,3217.97998046875,-0.013000000268220901,1822.0
1789515068000.0,79.0,158.0,106.89272202551365,0.0,89.0,1.781999945640564,89.0,143.0,110.0,-6.432269057258964,1825.0,1811.0,1825.0,3222.989990234375,-0.050999999046325684,1825.0
1789515069000.0,79.0,158.0,106.89273208379745,0.0,89.0,1.7910000085830688,89.0,143.0,109.5999984741211,-6.43225472420454,1826.0,1812.0,1826.0,3224.929931640625,-0.020999999716877937,1826.0
1789515070000.0,79.0,158.0,106.89273199997842,0.0,89.0,1.7910000085830688,89.0,143.0,109.19999694824219,-6.432238630950451,1827.0,1813.0,1827.0,3226.639892578125,0.05900000035762787,1827.0
1789515075000.0,77.0,155.0,106.8927401304245,0.5,88.80000305175781,1.819000005722046,88.80000305175781,143.0,107.4000015258789,-6.432143831625581,1832.0,1818.0,1832.0,3237.1201171875,-0.028999999165534973,1832.0
1789515083000.0,76.0,152.0,106.89277960918844,0.0,88.19999694824219,1.809999942779541,88.19999694824219,143.0,108.0,-6.432043919339776,1840.0,1826.0,1840.0,3249.14990234375,-0.07999999821186066,1840.0
1789515091000.0,0.0,0.0,106.89282143488526,0.0,88.0,1.7640000581741333,88.0,143.0,107.80000305175781,-6.431914167478681,1848.0,1834.0,1848.0,3264.280029296875,-0.02199999988079071,1848.0
1789515102000.0,78.0,157.0,106.89286703243852,0.5,88.4000015258789,1.819000005722046,88.4000015258789,142.0,105.5999984741211,-6.431757342070341,1859.0,1845.0,1859.0,3282.239990234375,0.0430000014603138,1859.0
1789515106000.0,79.0,158.0,106.89288346096873,0.0,88.5999984741211,1.7910000085830688,88.5999984741211,145.0,103.80000305175781,-6.4317092299461365,1863.0,1849.0,1863.0,3287.860107421875,0.027000000700354576,1863.0
1789515111000.0,78.0,157.0,106.89291413873434,0.5,88.80000305175781,1.753999948501587,88.80000305175781,144.0,102.19999694824219,-6.431645108386874,1868.0,1854.0,1868.0,3295.77001953125,0.03999999910593033,1868.0
1789515119000.0,77.0,155.0,106.89295688644052,0.5,88.4000015258789,1.7079999446868896,88.4000015258789,143.0,102.5999984741211,-6.431545028463006,1876.0,1862.0,1876.0,3307.909912109375,-0.05299999937415123,1876.0
1789515127000.0,77.0,155.0,106.89300541765988,0.5,87.80000305175781,1.6699999570846558,87.80000305175781,141.0,103.5999984741211,-6.431430950760841,1884.0,1870.0,1884.0,3321.64990234375,-0.0729999989271164,1884.0
1789515136000.0,81.0,163.0,106.89305922947824,0.5,87.0,1.6610000133514404,87.0,139.0,102.80000305175781,-6.431306144222617,1893.0,1879.0,1893.0,3336.77001953125,-0.09700000286102295,1893.0
1789515145000.0,80.0,161.0,106.89313265495002,0.5,85.4000015258789,1.7359999418258667,85.4000015258789,137.0,104.0,-6.431143619120121,1902.0,1888.0,1902.0,3357.89990234375,-0.1589999943971634,1902.0
1789515150000.0,82.0,164.0,106.89322846010327,0.0,86.0,1.9220000505447388,86.0,137.0,105.5999984741211,-6.431205393746495,1907.0,1893.0,1907.0,3371.219970703125,0.1120000034570694,1907.0
1789515151000.0,82.0,164.0,106.89323147758842,0.0,86.19999694824219,1.996999979019165,86.19999694824219,137.0,106.0,-6.431230623275042,1908.0,1894.0,1908.0,3374.02001953125,0.19200000166893005,1908.0
1789515155000.0,81.0,163.0,106.89320515841246,0.5,87.0,2.2860000133514404,87.0,139.0,105.80000305175781,-6.431337827816606,1912.0,1898.0,1912.0,3386.239990234375,0.16899999976158142,1912.0
1789515163000.0,81.0,163.0,106.89312762580812,0.5,87.19999694824219,2.369999885559082,87.19999694824219,141.0,102.0,-6.431516949087381,1920.0,1906.0,1920.0,3407.800048828125,0.04399999976158142,1920.0
1789515170000.0,82.0,165.0,106.89307599328458,0.5,87.5999984741211,2.305000066757202,87.5999984741211,144.0,100.80000305175781,-6.431651478633285,1927.0,1913.0,1927.0,3423.719970703125,0.04899999871850014,1927.0
1789515174000.0,82.0,165.0,106.89305076375604,0.5,87.19999694824219,2.249000072479248,87.19999694824219,142.0,100.4000015258789,-6.43172943033278,1931.0,1917.0,1931.0,3432.760009765625,-0.0949999988079071,1931.0
1789515180000.0,81.0,163.0,106.89301094971597,0.5,86.80000305175781,2.1459999084472656,86.80000305175781,139.0,99.19999694824219,-6.431839903816581,1937.0,1923.0,1937.0,3445.72998046875,-0.06199999898672104,1937.0
1789515181000.0,81.0,163.0,106.89300508238375,0.5,86.80000305175781,2.1459999084472656,86.80000305175781,142.0,99.0,-6.431857086718082,1938.0,1924.0,1938.0,3447.739990234375,-0.04100000113248825,1938.0
1789515182000.0,81.0,163.0,106.89299552701414,0.5,86.80000305175781,2.13700008392334,86.80000305175781,142.0,99.0,-6.431878628209233,1939.0,1925.0,1939.0,3450.35009765625,-0.0430000014603138,1939.0
1789515187000.0,80.0,161.0,106.8929542042315,0.5,87.0,2.118000030517578,87.0,142.0,99.0,-6.431972086429596,1944.0,1930.0,1944.0,3461.6298828125,0.028999999165534973,1944.0
1789515192000.0,82.0,165.0,106.89291204325855,0.5,87.4000015258789,2.118000030517578,87.4000015258789,145.0,99.0,-6.432069065049291,1949.0,1935.0,1949.0,3473.340087890625,0.10000000149011612,1949.0
1789515196000.0,84.0,169.0,106.89288572408259,0.5,87.80000305175781,2.13700008392334,87.80000305175781,147.0,98.80000305175781,-6.432149782776833,1953.0,1939.0,1953.0,3482.72998046875,0.09700000286102295,1953.0
1789515199000.0,82.0,164.0,106.89287524670362,0.0,88.0,2.13700008392334,88.0,151.0,98.5999984741211,-6.432196218520403,1956.0,1942.0,1956.0,3488.0,0.08100000023841858,1956.0
1789515200000.0,81.0,163.0,106.89287021756172,0.5,88.0,2.13700008392334,88.0,147.0,98.5999984741211,-6.4322122279554605,1957.0,1943.0,1957.0,3489.840087890625,0.029999999329447746,1957.0
1789515203000.0,80.0,161.0,106.8928503524512,0.5,88.19999694824219,2.118000030517578,88.19999694824219,148.0,98.80000305175781,-6.432257574051619,1960.0,1946.0,1960.0,3495.320068359375,0.035999998450279236,1960.0
1789515213000.0,79.0,159.0,106.89279779791832,0.5,88.80000305175781,1.9869999885559082,88.80000305175781,150.0,98.4000015258789,-6.4324174169451,1970.0,1956.0,1970.0,3513.97998046875,0.057999998331069946,1970.0
1789515223000.0,78.0,157.0,106.89274650067091,0.5,89.5999984741211,1.9220000505447388,89.5999984741211,152.0,98.5999984741211,-6.432559406384826,1980.0,1966.0,1980.0,3530.7099609375,0.07900000363588333,1980.0
1789515231000.0,77.0,155.0,106.8927057646215,0.5,90.19999694824219,1.875,90.19999694824219,150.0,98.80000305175781,-6.432661497965455,1988.0,1974.0,1988.0,3542.8701171875,0.09200000017881393,1988.0
1789515238000.0,76.0,152.0,106.89266486093402,0.0,91.5999984741211,1.8289999961853027,91.5999984741211,147.0,99.0,-6.432757470756769,1995.0,1981.0,1995.0,3554.43994140625,0.18199999630451202,1995.0
1789515242000.0,75.0,150.0,106.8926399666816,0.0,91.5999984741211,1.8009999990463257,91.5999984741211,144.0,99.19999694824219,-6.432806169614196,1999.0,1985.0,1999.0,3560.489990234375,-0.017000000923871994,1999.0
1789515243000.0,75.0,150.0,106.89263770356774,0.0,91.5999984741211,1.8009999990463257,91.5999984741211,144.0,99.4000015258789,-6.432820167392492,2000.0,1986.0,2000.0,3562.0400390625,0.026000000536441803,2000.0
1789515251000.0,76.0,152.0,106.89256804995239,0.0,91.19999694824219,1.753999948501587,91.19999694824219,142.0,100.4000015258789,-6.43290800973773,2008.0,1994.0,2008.0,3575.070068359375,-0.035999998450279236,2008.0
1789515257000.0,77.0,155.0,106.89246721565723,0.5,90.4000015258789,1.7259999513626099,90.4000015258789,139.0,100.4000015258789,-6.432887809351087,2014.0,2000.0,2014.0,3586.8798828125,-0.14100000262260437,2014.0
1789515260000.0,78.0,157.0,106.89244978129864,0.5,89.80000305175781,1.7359999418258667,89.80000305175781,138.0,100.4000015258789,-6.432840367779136,2017.0,2003.0,2017.0,3592.77001953125,-0.1770000010728836,2017.0
1789515262000.0,78.0,157.0,106.89245849847794,0.5,89.80000305175781,1.7359999418258667,89.80000305175781,138.0,100.5999984741211,-6.432811785489321,2019.0,2005.0,2019.0,3596.10009765625,-0.0560000017285347,2019.0
1789515271000.0,79.0,159.0,106.89251599833369,0.5,89.19999694824219,1.7450000047683716,89.19999694824219,139.0,99.80000305175781,-6.432653954252601,2028.0,2014.0,2028.0,3614.699951171875,-0.05700000002980232,2028.0
1789515279000.0,81.0,163.0,106.89258271828294,0.5,88.80000305175781,1.781999945640564,88.80000305175781,142.0,100.4000015258789,-6.432493859902024,2036.0,2022.0,2036.0,3633.860107421875,-0.04800000041723251,2036.0
1789515282000.0,80.0,161.0,106.89259856007993,0.5,89.0,1.902999997138977,89.0,145.0,101.19999694824219,-6.432435689494014,2039.0,2025.0,2039.0,3640.5,0.07800000160932541,2039.0
1789515287000.0,82.0,164.0,106.89264784567058,0.0,89.19999694824219,2.0899999141693115,89.19999694824219,148.0,103.0,-6.432327227666974,2044.0,2030.0,2044.0,3653.75,0.03700000047683716,2044.0
1789515289000.0,82.0,164.0,106.89266167581081,0.0,89.19999694824219,2.127000093460083,89.19999694824219,147.0,104.4000015258789,-6.432294454425573,2046.0,2032.0,2046.0,3657.679931640625,0.008999999612569809,2046.0
1789515297000.0,79.0,159.0,106.89271230250597,0.5,89.0,2.0339999198913574,89.0,149.0,106.0,-6.432159170508385,2054.0,2040.0,2054.0,3673.659912109375,-0.024000000208616257,2054.0
1789515306000.0,79.0,158.0,106.89275111071765,0.0,88.5999984741211,1.8380000591278076,88.5999984741211,147.0,107.80000305175781,-6.432029418647289,2063.0,2049.0,2063.0,3688.760009765625,-0.05700000002980232,2063.0
1789515316000.0,79.0,158.0,106.89279645681381,0.0,88.5999984741211,1.753999948501587,88.5999984741211,144.0,107.4000015258789,-6.43189555965364,2073.0,2059.0,2073.0,3704.360107421875,-0.006000000052154064,2073.0
1789515317000.0,79.0,158.0,106.89280291087925,0.0,88.5999984741211,1.7450000047683716,88.5999984741211,144.0,107.4000015258789,-6.431879801675677,2074.0,2060.0,2074.0,3706.22998046875,0.020999999716877937,2074.0
1789515321000.0,78.0,157.0,106.8928283918649,0.5,88.5999984741211,1.7259999513626099,88.5999984741211,141.0,107.4000015258789,-6.431831186637282,2078.0,2064.0,2078.0,3712.27001953125,-0.004000000189989805,2078.0
1789515325000.0,77.0,154.0,106.89284808933735,0.0,88.5999984741211,1.6979999542236328,88.5999984741211,140.0,106.80000305175781,-6.431779470294714,2082.0,2068.0,2082.0,3718.419921875,0.02199999988079071,2082.0
1789515333000.0,79.0,158.0,106.8928987160325,0.0,88.80000305175781,1.6519999504089355,88.80000305175781,139.0,102.5999984741211,-6.4316685777157545,2090.0,2076.0,2090.0,3732.0,0.01899999938905239,2090.0
1789515337000.0,78.0,157.0,106.89292151480913,0.5,88.80000305175781,1.6419999599456787,88.80000305175781,138.0,101.80000305175781,-6.431615436449647,2094.0,2080.0,2094.0,3738.4599609375,-0.003000000026077032,2094.0
1789515339000.0,77.0,154.0,106.89293710514903,0.0,88.5999984741211,1.6419999599456787,88.5999984741211,137.0,101.4000015258789,-6.431582914665341,2096.0,2082.0,2096.0,3742.469970703125,-0.0820000022649765,2096.0
1789515344000.0,81.0,163.0,106.8929666094482,0.5,88.19999694824219,1.6610000133514404,88.19999694824219,137.0,101.19999694824219,-6.431499850004911,2101.0,2087.0,2101.0,3752.280029296875,-0.08100000023841858,2101.0
1789515347000.0,81.0,163.0,106.89298756420612,0.5,87.80000305175781,1.6890000104904175,87.80000305175781,137.0,101.19999694824219,-6.431429861113429,2104.0,2090.0,2104.0,3760.360107421875,-0.10899999737739563,2104.0
1789515351000.0,80.0,161.0,106.89302863553166,0.5,87.4000015258789,1.7910000085830688,87.4000015258789,138.0,102.19999694824219,-6.4313508197665215,2108.0,2094.0,2108.0,3770.239990234375,-0.125,2108.0
1789515353000.0,80.0,161.0,106.89305285923183,0.5,87.0,1.8660000562667847,87.0,139.0,102.5999984741211,-6.431307317689061,2110.0,2096.0,2110.0,3775.75,-0.20000000298023224,2110.0
1789515356000.0,81.0,163.0,106.89308621920645,0.5,86.4000015258789,2.015000104904175,86.4000015258789,142.0,103.5999984741211,-6.431249398738146,2113.0,2099.0,2113.0,3783.10009765625,-0.17900000512599945,2113.0
1789515361000.0,81.0,163.0,106.89315805211663,0.5,85.4000015258789,2.1649999618530273,85.4000015258789,144.0,105.19999694824219,-6.4311570301651955,2118.0,2104.0,2118.0,3796.31005859375,-0.1850000023841858,2118.0
1789515363000.0,82.0,164.0,106.89319124445319,0.0,85.80000305175781,2.239000082015991,85.80000305175781,145.0,105.4000015258789,-6.431177565827966,2120.0,2106.0,2120.0,3800.7099609375,0.10999999940395355,2120.0
1789515364000.0,82.0,165.0,106.8932010512799,0.5,85.80000305175781,2.2950000762939453,85.80000305175781,145.0,105.4000015258789,-6.431197514757514,2121.0,2107.0,2121.0,3803.159912109375,0.17900000512599945,2121.0
1789515368000.0,82.0,165.0,106.89319216646254,0.5,86.5999984741211,2.2860000133514404,86.5999984741211,148.0,105.0,-6.431289715692401,2125.0,2111.0,2125.0,3813.639892578125,0.15800000727176666,2125.0
1789515369000.0,82.0,165.0,106.89318554475904,0.5,86.5999984741211,2.2860000133514404,86.5999984741211,149.0,105.0,-6.431309999898076,2126.0,2112.0,2126.0,3816.0,0.12200000137090683,2126.0
1789515377000.0,80.0,161.0,106.89314732328057,0.5,87.19999694824219,2.13700008392334,87.19999694824219,150.0,105.4000015258789,-6.431452659890056,2134.0,2120.0,2134.0,3832.260009765625,0.05999999865889549,2134.0
1789515389000.0,78.0,157.0,106.89308605156839,0.5,87.5999984741211,1.8849999904632568,87.5999984741211,148.0,105.19999694824219,-6.431627171114087,2146.0,2132.0,2146.0,3852.760009765625,0.03700000047683716,2146.0
1789515390000.0,78.0,157.0,106.89308077096939,0.5,87.5999984741211,1.875,87.5999984741211,148.0,105.19999694824219,-6.431638654321432,2147.0,2133.0,2147.0,3854.1298828125,0.03799999877810478,2147.0
1789515400000.0,60.0,120.0,106.89302855171263,0.0,87.0,1.7359999418258667,87.0,147.0,106.19999694824219,-6.431772345677018,2157.0,2143.0,2157.0,3869.93994140625,-0.052000001072883606,2157.0
1789515407000.0,61.0,123.0,106.8929959461093,0.5,87.0,1.6139999628067017,87.0,150.0,106.19999694824219,-6.431831605732441,2164.0,2150.0,2164.0,3877.530029296875,-0.019999999552965164,2164.0
1789515408000.0,62.0,124.0,106.89299644902349,0.0,87.0,1.6050000190734863,87.0,150.0,106.19999694824219,-6.431842669844627,2165.0,2151.0,2165.0,3878.610107421875,-0.041999999433755875,2165.0
1789515416000.0,78.0,157.0,106.8929542042315,0.5,87.0,1.5579999685287476,87.0,148.0,104.4000015258789,-6.43197669647634,2173.0,2159.0,2173.0,3894.030029296875,0.004999999888241291,2173.0
1789515425000.0,78.0,157.0,106.89290089532733,0.5,87.5999984741211,1.6979999542236328,87.5999984741211,146.0,103.19999694824219,-6.432097563520074,2182.0,2168.0,2182.0,3908.64990234375,0.07000000029802322,2182.0
1789515434000.0,78.0,156.0,106.89285102300346,0.0,88.19999694824219,1.6799999475479126,88.19999694824219,145.0,103.4000015258789,-6.43222781829536,2191.0,2177.0,2191.0,3924.030029296875,0.06700000166893005,2191.0
1789515437000.0,79.0,158.0,106.89283258281648,0.0,88.19999694824219,1.6890000104904175,88.19999694824219,142.0,104.0,-6.4322723262012005,2194.0,2180.0,2194.0,3929.320068359375,0.026000000536441803,2194.0
1789515443000.0,78.0,156.0,106.89278841018677,0.0,88.5999984741211,1.6979999542236328,88.5999984741211,140.0,105.5999984741211,-6.432364275678992,2200.0,2186.0,2200.0,3940.610107421875,0.054999999701976776,2200.0
1789515451000.0,79.0,159.0,106.89273845404387,0.5,89.0,1.7259999513626099,89.0,138.0,107.80000305175781,-6.432487992569804,2208.0,2194.0,2208.0,3955.409912109375,0.05900000035762787,2208.0
1789515458000.0,82.0,165.0,106.89263870939612,0.5,90.0,1.809999942779541,90.0,139.0,107.5999984741211,-6.432612044736743,2215.0,2201.0,2215.0,3973.0,0.12800000607967377,2215.0
1789515465000.0,83.0,167.0,106.89256863668561,0.5,90.5999984741211,2.118000030517578,90.5999984741211,140.0,107.19999694824219,-6.43276434391737,2222.0,2208.0,2222.0,3991.56005859375,0.09399999678134918,2222.0
1789515468000.0,83.0,167.0,106.89254273660481,0.5,90.80000305175781,2.305000066757202,90.80000305175781,143.0,108.4000015258789,-6.432830393314362,2225.0,2211.0,2225.0,3999.39990234375,0.05900000035762787,2225.0
1789515471000.0,82.0,165.0,106.89249864779413,0.5,90.5999984741211,2.3980000019073486,90.5999984741211,144.0,110.4000015258789,-6.432887893170118,2228.0,2214.0,2228.0,4007.659912109375,-0.03700000047683716,2228.0
1789515472000.0,82.0,165.0,106.89247392117977,0.5,90.4000015258789,2.444999933242798,90.4000015258789,145.0,110.80000305175781,-6.432887390255928,2229.0,2215.0,2229.0,4010.2900390625,-0.20399999618530273,2229.0
1789515475000.0,82.0,165.0,106.89242597669363,0.5,89.5999984741211,2.500999927520752,89.5999984741211,145.0,111.5999984741211,-6.432841792702675,2232.0,2218.0,2232.0,4017.949951171875,-0.28200000524520874,2232.0
1789515476000.0,82.0,165.0,106.89242580905557,0.5,89.4000015258789,2.509999990463257,89.4000015258789,146.0,111.80000305175781,-6.4328215923160315,2233.0,2219.0,2233.0,4020.169921875,-0.1469999998807907,2233.0
1789515481000.0,83.0,167.0,106.89246637746692,0.5,89.19999694824219,2.5290000438690186,89.19999694824219,149.0,110.0,-6.432725703343749,2238.0,2224.0,2238.0,4031.77001953125,-0.05000000074505806,2238.0
1789515490000.0,80.0,161.0,106.89253519289196,0.5,88.80000305175781,2.239000082015991,88.80000305175781,152.0,104.5999984741211,-6.4325464982539415,2247.0,2233.0,2247.0,4053.1298828125,-0.05700000002980232,2247.0
1789515492000.0,80.0,161.0,106.89255966804922,0.5,88.80000305175781,2.2209999561309814,88.80000305175781,152.0,104.0,-6.432520765811205,2249.0,2235.0,2249.0,4056.860107421875,0.041999999433755875,2249.0
1789515502000.0,79.0,159.0,106.89261993393302,0.5,89.19999694824219,2.0339999198913574,89.19999694824219,153.0,103.4000015258789,-6.43238908611238,2259.0,2245.0,2259.0,4072.949951171875,0.04699999839067459,2259.0
1789515508000.0,0.0,0.0,106.89265932887793,0.0,89.19999694824219,1.819000005722046,89.19999694824219,149.0,105.0,-6.432319516316056,2265.0,2251.0,2265.0,4081.669921875,-0.006000000052154064,2265.0
1789515510000.0,80.0,160.0,106.8926724884659,0.0,89.19999694824219,1.7259999513626099,89.19999694824219,146.0,105.5999984741211,-6.432296130806208,2267.0,2253.0,2267.0,4084.639892578125,-0.004999999888241291,2267.0
1789515511000.0,79.0,159.0,106.89267693087459,0.5,89.19999694824219,1.6979999542236328,89.19999694824219,145.0,105.80000305175781,-6.432283641770482,2268.0,2254.0,2268.0,4086.10009765625,0.013000000268220901,2268.0
1789515519000.0,78.0,157.0,106.89271523617208,0.5,89.19999694824219,1.6699999570846558,89.19999694824219,146.0,108.4000015258789,-6.432170821353793,2276.0,2262.0,2276.0,4099.330078125,-0.013000000268220901,2276.0
1789515528000.0,79.0,159.0,106.89275722950697,0.5,88.4000015258789,1.7730000019073486,88.4000015258789,146.0,110.80000305175781,-6.432029418647289,2285.0,2271.0,2285.0,4115.58984375,-0.07000000029802322,2285.0
1789515537000.0,79.0,159.0,106.89282168634236,0.5,88.4000015258789,1.7730000019073486,88.4000015258789,148.0,111.5999984741211,-6.431874269619584,2294.0,2280.0,2294.0,4134.169921875,-0.020999999716877937,2294.0
1789515544000.0,78.0,157.0,106.89284783788025,0.5,88.5999984741211,1.781999945640564,88.5999984741211,149.0,110.19999694824219,-6.431782068684697,2301.0,2287.0,2301.0,4144.5400390625,0.04100000113248825,2301.0
1789515551000.0,77.0,155.0,106.89287759363651,0.5,89.0,1.7359999418258667,89.0,145.0,105.5999984741211,-6.431677965447307,2308.0,2294.0,2308.0,4156.4599609375,0.04600000008940697,2308.0
1789515553000.0,79.0,159.0,106.89289402216673,0.5,89.0,1.7259999513626099,89.0,142.0,104.5999984741211,-6.4316491317003965,2310.0,2296.0,2310.0,4160.14013671875,0.010999999940395355,2310.0
1789515561000.0,78.0,157.0,106.89294305630028,0.5,88.4000015258789,1.753999948501587,88.4000015258789,139.0,103.19999694824219,-6.431537317112088,2318.0,2304.0,2318.0,4173.77978515625,-0.06700000166893005,2318.0
1789515569000.0,81.0,163.0,106.89298991113901,0.5,87.80000305175781,1.8009999990463257,87.80000305175781,139.0,104.0,-6.43139080144465,2326.0,2312.0,2326.0,4190.7900390625,-0.08699999749660492,2326.0
1789515576000.0,80.0,161.0,106.89305579289794,0.5,86.80000305175781,1.8380000591278076,86.80000305175781,137.0,104.5999984741211,-6.431275634095073,2333.0,2319.0,2333.0,4205.33984375,-0.1420000046491623,2333.0
1789515586000.0,81.0,163.0,106.89311262220144,0.5,85.4000015258789,1.8940000534057617,85.4000015258789,138.0,103.5999984741211,-6.431087544187903,2343.0,2329.0,2343.0,4227.009765625,-0.13500000536441803,2343.0
1789515587000.0,81.0,163.0,106.89311949536204,0.5,85.19999694824219,1.902999997138977,85.19999694824219,138.0,103.19999694824219,-6.431075893342495,2344.0,2330.0,2344.0,4228.39990234375,-0.09099999815225601,2344.0
1789515590000.0,81.0,163.0,106.89314153976738,0.5,85.0,1.902999997138977,85.0,138.0,101.80000305175781,-6.431025434285402,2347.0,2333.0,2347.0,4234.490234375,-0.11299999803304672,2347.0
1789515594000.0,81.0,163.0,106.89317272044718,0.5,84.4000015258789,1.9129999876022339,84.4000015258789,142.0,100.4000015258789,-6.430949242785573,2351.0,2337.0,2351.0,4243.6201171875,-0.10999999940395355,2351.0
1789515596000.0,81.0,163.0,106.89318378455937,0.5,84.4000015258789,1.9220000505447388,84.4000015258789,145.0,100.0,-6.430906495079398,2353.0,2339.0,2353.0,4248.47998046875,-0.07699999958276749,2353.0
1789515599000.0,82.0,164.0,106.89320750534534,0.0,84.19999694824219,1.9500000476837158,84.19999694824219,147.0,99.4000015258789,-6.430842122063041,2356.0,2342.0,2356.0,4256.06982421875,-0.07699999958276749,2356.0
1789515604000.0,81.0,163.0,106.89324170351028,0.5,84.0,1.996999979019165,84.0,150.0,99.4000015258789,-6.43076341599226,2361.0,2347.0,2361.0,4265.56005859375,-0.019999999552965164,2361.0
1789515605000.0,81.0,163.0,106.8932457268238,0.5,84.0,1.9869999885559082,84.0,150.0,99.5999984741211,-6.43074975349009,2362.0,2348.0,2362.0,4267.1201171875,0.0,2362.0
1789515615000.0,78.0,157.0,106.89328554086387,0.5,84.0,1.902999997138977,84.0,149.0,101.4000015258789,-6.4305998012423515,2372.0,2358.0,2372.0,4284.2900390625,0.0,2372.0
1789515621000.0,79.0,159.0,106.89330683089793,0.5,83.80000305175781,1.875,83.80000305175781,146.0,102.4000015258789,-6.430496033281088,2378.0,2364.0,2378.0,4295.93994140625,-0.024000000208616257,2378.0
1789515627000.0,78.0,157.0,106.89334153197706,0.5,83.5999984741211,1.875,83.5999984741211,144.0,102.80000305175781,-6.43040869385004,2384.0,2370.0,2384.0,4306.31982421875,-0.052000001072883606,2384.0
1789515633000.0,79.0,159.0,106.89337983727455,0.5,83.19999694824219,1.847000002861023,83.19999694824219,144.0,102.19999694824219,-6.430335603654385,2390.0,2376.0,2390.0,4315.5498046875,-0.04399999976158142,2390.0
1789515638000.0,78.0,157.0,106.89340439625084,0.5,83.0,1.8289999961853027,83.0,141.0,102.4000015258789,-6.430244660004973,2395.0,2381.0,2395.0,4325.85986328125,-0.06800000369548798,2395.0
1789515643000.0,80.0,160.0,106.89343633130193,0.0,81.5999984741211,1.847000002861023,81.5999984741211,142.0,103.4000015258789,-6.430153883993626,2400.0,2386.0,2400.0,4336.509765625,-0.2840000092983246,2400.0
1789515647000.0,82.0,165.0,106.89345829188824,0.5,80.5999984741211,1.875,80.5999984741211,143.0,105.4000015258789,-6.430087247863412,2404.0,2390.0,2404.0,4344.31005859375,-0.23100000619888306,2404.0
1789515650000.0,82.0,165.0,106.89348201267421,0.5,80.0,1.902999997138977,80.0,145.0,106.19999694824219,-6.430033603683114,2407.0,2393.0,2407.0,4350.85986328125,-0.2290000021457672,2407.0
1789515653000.0,82.0,165.0,106.89350640401244,0.5,79.19999694824219,1.9220000505447388,79.19999694824219,146.0,106.5999984741211,-6.429984653368592,2410.0,2396.0,2410.0,4356.7099609375,-0.20600000023841858,2410.0
1789515655000.0,82.0,165.0,106.89351143315434,0.5,79.19999694824219,1.930999994277954,79.19999694824219,145.0,107.19999694824219,-6.429952885955572,2412.0,2398.0,2412.0,4360.10986328125,-0.07000000029802322,2412.0
1789515657000.0,81.0,163.0,106.8935049790889,0.5,79.0,1.940999984741211,79.0,145.0,107.80000305175781,-6.4299088809639215,2414.0,2400.0,2414.0,4364.830078125,-0.09099999815225601,2414.0
1789515661000.0,81.0,163.0,106.89352920278907,0.5,78.80000305175781,1.940999984741211,78.80000305175781,144.0,110.0,-6.429849956184626,2418.0,2404.0,2418.0,4371.8798828125,-0.03099999949336052,2418.0
1789515665000.0,80.0,161.0,106.89355795271695,0.5,78.80000305175781,1.9220000505447388,78.80000305175781,143.0,112.19999694824219,-6.429792959243059,2422.0,2408.0,2422.0,4378.97998046875,-0.02500000037252903,2422.0
1789515667000.0,79.0,159.0,106.89357069320977,0.5,78.5999984741211,1.9220000505447388,78.5999984741211,142.0,112.80000305175781,-6.429760940372944,2424.0,2410.0,2424.0,4382.759765625,-0.03500000014901161,2424.0
1789515669000.0,80.0,161.0,106.8935826793313,0.5,78.5999984741211,1.9129999876022339,78.5999984741211,141.0,113.0,-6.429734034463763,2426.0,2412.0,2426.0,4385.97998046875,-0.027000000700354576,2426.0
1789515671000.0,79.0,159.0,106.89358653500676,0.5,78.5999984741211,1.902999997138977,78.5999984741211,140.0,112.80000305175781,-6.429709643125534,2428.0,2414.0,2428.0,4388.66015625,-0.03700000047683716,2428.0
1789515673000.0,78.0,157.0,106.89359064213932,0.5,78.5999984741211,1.8940000534057617,78.5999984741211,140.0,112.0,-6.429680725559592,2430.0,2416.0,2430.0,4391.8798828125,0.03400000184774399,2430.0
1789515680000.0,78.0,157.0,106.89353062771261,0.5,78.5999984741211,1.8289999961853027,78.5999984741211,140.0,108.5999984741211,-6.429607551544905,2437.0,2423.0,2437.0,4402.919921875,-0.0010000000474974513,2437.0
1789515687000.0,80.0,161.0,106.89342652447522,0.5,77.5999984741211,1.781999945640564,77.5999984741211,138.0,105.0,-6.429566480219364,2444.0,2430.0,2444.0,4415.31005859375,-0.15700000524520874,2444.0
1789515696000.0,80.0,161.0,106.89323692582548,0.5,77.19999694824219,1.8289999961853027,77.19999694824219,138.0,103.80000305175781,-6.429500347003341,2453.0,2439.0,2453.0,4437.58984375,-0.026000000536441803,2453.0
1789515705000.0,81.0,163.0,106.89305679872632,0.5,77.0,2.249000072479248,77.0,140.0,105.0,-6.4294362254440784,2462.0,2448.0,2462.0,4458.7900390625,-0.020999999716877937,2462.0
1789515709000.0,82.0,164.0,106.89297549426556,0.0,77.0,2.2860000133514404,77.0,143.0,105.19999694824219,-6.429406302049756,2466.0,2452.0,2466.0,4468.39990234375,-0.03700000047683716,2466.0
1789515711000.0,82.0,165.0,106.8929349258542,0.5,76.80000305175781,2.305000066757202,76.80000305175781,145.0,105.0,-6.429391885176301,2468.0,2454.0,2468.0,4473.16015625,-0.026000000536441803,2468.0
1789515715000.0,83.0,167.0,106.89285353757441,0.5,76.80000305175781,2.2769999504089355,76.80000305175781,149.0,105.19999694824219,-6.429351065307856,2472.0,2458.0,2472.0,4483.22998046875,-0.007000000216066837,2472.0
1789515719000.0,82.0,165.0,106.89279654063284,0.5,76.80000305175781,2.322999954223633,76.80000305175781,151.0,105.4000015258789,-6.42929214052856,2476.0,2462.0,2476.0,4492.2998046875,-0.0020000000949949026,2476.0
1789515722000.0,81.0,163.0,106.89276108518243,0.5,76.80000305175781,2.313999891281128,76.80000305175781,151.0,105.4000015258789,-6.429250733926892,2479.0,2465.0,2479.0,4498.08984375,-0.03400000184774399,2479.0
1789515724000.0,80.0,161.0,106.8927591573447,0.5,76.5999984741211,2.127000093460083,76.5999984741211,151.0,104.5999984741211,-6.4292218163609505,2481.0,2467.0,2481.0,4500.97998046875,-0.10400000214576721,2481.0
1789515730000.0,80.0,161.0,106.89283090643585,0.5,76.19999694824219,2.015000104904175,76.19999694824219,150.0,103.0,-6.4291817508637905,2487.0,2473.0,2487.0,4510.27978515625,-0.04800000041723251,2487.0
1789515735000.0,79.0,159.0,106.8929076846689,0.5,76.19999694824219,1.9780000448226929,76.19999694824219,147.0,102.0,-6.429201029241085,2492.0,2478.0,2492.0,4519.1298828125,-0.010999999940395355,2492.0
1789515736000.0,79.0,159.0,106.89291782677174,0.5,76.19999694824219,1.9589999914169312,76.19999694824219,147.0,101.80000305175781,-6.429207650944591,2493.0,2479.0,2493.0,4520.41015625,0.024000000208616257,2493.0
1789515738000.0,79.0,159.0,106.89293400384486,0.5,76.19999694824219,1.9220000505447388,76.19999694824219,146.0,101.4000015258789,-6.429220978170633,2495.0,2481.0,2495.0,4522.77978515625,0.024000000208616257,2495.0
1789515741000.0,79.0,159.0,106.89297599717975,0.5,76.4000015258789,1.847000002861023,76.4000015258789,146.0,101.19999694824219,-6.429234892129898,2498.0,2484.0,2498.0,4527.68017578125,0.017000000923871994,2498.0
1789515743000.0,79.0,159.0,106.89300659112632,0.5,76.4000015258789,1.809999942779541,76.4000015258789,147.0,101.19999694824219,-6.429248554632068,2500.0,2486.0,2500.0,4531.41015625,0.02500000037252903,2500.0
1789515747000.0,80.0,160.0,106.89306174404919,0.0,76.4000015258789,1.7730000019073486,76.4000015258789,148.0,101.19999694824219,-6.429277136921883,2504.0,2490.0,2504.0,4538.22021484375,0.026000000536441803,2504.0
1789515753000.0,78.0,156.0,106.89317992888391,0.0,76.5999984741211,1.753999948501587,76.5999984741211,148.0,101.0,-6.429301779717207,2510.0,2496.0,2510.0,4551.5,0.024000000208616257,2510.0
1789515755000.0,79.0,158.0,106.89320490695536,0.0,76.80000305175781,1.875,76.80000305175781,148.0,100.5999984741211,-6.429311167448759,2512.0,2498.0,2512.0,4554.31982421875,0.06199999898672104,2512.0
1789515757000.0,78.0,157.0,106.89322913065553,0.5,76.80000305175781,1.8380000591278076,76.80000305175781,149.0,100.0,-6.429327931255102,2514.0,2500.0,2514.0,4557.5498046875,0.07400000095367432,2514.0
1789515758000.0,77.0,155.0,106.89324790611863,0.5,77.0,1.809999942779541,77.0,149.0,99.80000305175781,-6.429325919598341,2515.0,2501.0,2515.0,4559.52978515625,0.05999999865889549,2515.0
1789515762000.0,77.0,154.0,106.89331479370594,0.0,77.0,1.7640000581741333,77.0,149.0,99.5999984741211,-6.429348718374968,2519.0,2505.0,2519.0,4567.2001953125,0.014000000432133675,2519.0
1789515771000.0,77.0,154.0,106.89342292025685,0.0,77.0,1.7450000047683716,77.0,148.0,100.5999984741211,-6.429391968995333,2528.0,2514.0,2528.0,4579.81982421875,0.0,2528.0
1789515781000.0,79.0,158.0,106.89356683753431,0.0,78.4000015258789,1.6050000190734863,78.4000015258789,145.0,101.5999984741211,-6.429444691166282,2538.0,2524.0,2538.0,4596.7998046875,0.14100000262260437,2538.0
1789515784000.0,80.0,160.0,106.8936014547944,0.0,78.80000305175781,1.5770000219345093,78.80000305175781,144.0,102.19999694824219,-6.429449804127216,2541.0,2527.0,2541.0,4600.6201171875,0.13099999725818634,2541.0
1789515787000.0,77.0,155.0,106.89363808371127,0.5,79.19999694824219,1.5399999618530273,79.19999694824219,144.0,102.0,-6.429436141625047,2544.0,2530.0,2544.0,4604.68017578125,0.11500000208616257,2544.0
1789515792000.0,76.0,152.0,106.89367890357971,0.0,79.19999694824219,1.3899999856948853,79.19999694824219,143.0,101.4000015258789,-6.429372355341911,2549.0,2535.0,2549.0,4613.56005859375,0.004000000189989805,2549.0
1789515793000.0,76.0,152.0,106.89367840066552,0.0,79.0,1.409000039100647,79.0,142.0,101.4000015258789,-6.4293566811829805,2550.0,2536.0,2550.0,4615.25,-0.11800000071525574,2550.0
1789515798000.0,77.0,155.0,106.89371109008789,0.5,79.0,1.399999976158142,79.0,138.0,100.0,-6.429290799424052,2555.0,2541.0,2555.0,4623.39013671875,-0.024000000208616257,2555.0
1789515801000.0,78.0,157.0,106.89372919499874,0.5,79.0,1.437000036239624,79.0,136.0,99.0,-6.429256098344922,2558.0,2544.0,2558.0,4627.9501953125,0.003000000026077032,2558.0
1789515802000.0,78.0,157.0,106.89372483640909,0.5,78.80000305175781,1.4559999704360962,78.80000305175781,136.0,98.80000305175781,-6.429239166900516,2559.0,2545.0,2559.0,4629.8798828125,-0.20000000298023224,2559.0
1789515809000.0,79.0,158.0,106.89376867376268,0.0,78.5999984741211,1.5679999589920044,78.5999984741211,135.0,97.0,-6.429103463888168,2566.0,2552.0,2566.0,4645.8701171875,-0.027000000700354576,2566.0
1789515816000.0,81.0,162.0,106.89385634846985,0.0,79.4000015258789,2.118000030517578,79.4000015258789,136.0,97.4000015258789,-6.428968850523233,2573.0,2559.0,2573.0,4664.08984375,0.10899999737739563,2573.0
1789515819000.0,83.0,167.0,106.89390990883112,0.5,79.80000305175781,2.2860000133514404,79.80000305175781,139.0,97.0,-6.4289116859436035,2576.0,2562.0,2576.0,4672.740234375,0.18799999356269836,2576.0
1789515823000.0,84.0,169.0,106.89394829794765,0.5,80.0,2.4730000495910645,80.0,141.0,96.80000305175781,-6.428812779486179,2580.0,2566.0,2580.0,4684.56005859375,0.04899999871850014,2580.0
1789515827000.0,83.0,167.0,106.89397956244648,0.5,80.19999694824219,2.63100004196167,80.19999694824219,144.0,96.5999984741211,-6.428695265203714,2584.0,2570.0,2584.0,4697.89013671875,0.007000000216066837,2584.0
1789515830000.0,82.0,165.0,106.89401535317302,0.5,80.4000015258789,2.687000036239624,80.4000015258789,147.0,96.5999984741211,-6.4286283776164055,2587.0,2573.0,2587.0,4706.27001953125,0.09200000017881393,2587.0
1789515831000.0,82.0,165.0,106.89403362572193,0.5,80.5999984741211,2.6589999198913574,80.5999984741211,147.0,96.5999984741211,-6.428613290190697,2588.0,2574.0,2588.0,4708.89013671875,0.20900000631809235,2588.0
1789515832000.0,81.0,163.0,106.89405298791826,0.5,80.80000305175781,2.6410000324249268,80.80000305175781,148.0,96.5999984741211,-6.428604489192367,2589.0,2575.0,2589.0,4711.22021484375,0.24699999392032623,2589.0
1789515833000.0,81.0,163.0,106.89406681805849,0.5,81.0,2.575000047683716,81.0,148.0,96.5999984741211,-6.428606081753969,2590.0,2576.0,2590.0,4712.72998046875,0.20499999821186066,2590.0
1789515836000.0,80.0,161.0,106.8940798100084,0.5,81.4000015258789,2.257999897003174,81.4000015258789,150.0,96.80000305175781,-6.428639693185687,2593.0,2579.0,2593.0,4716.7099609375,0.10300000011920929,2593.0
1789515839000.0,80.0,161.0,106.89408819191158,0.5,81.5999984741211,2.0810000896453857,81.5999984741211,151.0,97.19999694824219,-6.42868478782475,2596.0,2582.0,2596.0,4721.68017578125,0.09399999678134918,2596.0
1789515840000.0,80.0,161.0,106.89408869482577,0.5,81.5999984741211,2.0250000953674316,81.5999984741211,151.0,97.19999694824219,-6.428699288517237,2597.0,2583.0,2597.0,4723.18994140625,0.05900000035762787,2597.0
1789515841000.0,79.0,159.0,106.89408366568387,0.5,81.5999984741211,1.996999979019165,81.5999984741211,150.0,97.4000015258789,-6.428712364286184,2598.0,2584.0,2598.0,4724.6298828125,-0.02500000037252903,2598.0
1789515846000.0,78.0,157.0,106.89405608922243,0.5,81.4000015258789,1.7730000019073486,81.4000015258789,149.0,97.5999984741211,-6.428769277408719,2603.0,2589.0,2603.0,4731.60009765625,-0.03799999877810478,2603.0
1789515854000.0,78.0,157.0,106.89399582333863,0.5,81.0,1.6050000190734863,81.0,147.0,99.19999694824219,-6.4288681000471115,2611.0,2597.0,2611.0,4744.60009765625,-0.06400000303983688,2611.0
1789515857000.0,80.0,160.0,106.89397654496133,0.0,81.0,1.6050000190734863,81.0,147.0,100.19999694824219,-6.428927443921566,2614.0,2600.0,2614.0,4751.4501953125,0.023000000044703484,2614.0
1789515862000.0,78.0,157.0,106.89396598376334,0.5,81.5999984741211,1.6519999504089355,81.5999984741211,146.0,102.19999694824219,-6.429022243246436,2619.0,2605.0,2619.0,4761.5498046875,0.09799999743700027,2619.0
1789515864000.0,78.0,157.0,106.89395961351693,0.5,81.5999984741211,1.6519999504089355,81.5999984741211,146.0,102.4000015258789,-6.429060632362962,2621.0,2607.0,2621.0,4765.77978515625,0.08100000023841858,2621.0
1789515873000.0,78.0,157.0,106.89393463544548,0.5,82.19999694824219,1.7359999418258667,82.19999694824219,146.0,100.80000305175781,-6.429200358688831,2630.0,2616.0,2630.0,4781.4501953125,0.06199999898672104,2630.0
1789515881000.0,79.0,158.0,106.89390135928988,0.0,82.19999694824219,1.7079999446868896,82.19999694824219,145.0,99.0,-6.429299348965287,2638.0,2624.0,2638.0,4793.02001953125,-0.010999999940395355,2638.0
1789515889000.0,78.0,157.0,106.89386012032628,0.5,82.0,1.6799999475479126,82.0,144.0,94.80000305175781,-6.429412756115198,2646.0,2632.0,2646.0,4806.4501953125,-0.023000000044703484,2646.0
1789515896000.0,76.0,152.0,106.89382365904748,0.0,81.19999694824219,1.6799999475479126,81.19999694824219,141.0,94.4000015258789,-6.429499005898833,2653.0,2639.0,2653.0,4816.81005859375,-0.10700000077486038,2653.0
1789515900000.0,74.0,149.0,106.89381544478238,0.5,81.0,1.6699999570846558,81.0,138.0,94.5999984741211,-6.429551308974624,2657.0,2643.0,2657.0,4822.64013671875,-0.07699999958276749,2657.0
1789515902000.0,75.0,150.0,106.8938089068979,0.0,80.80000305175781,1.6610000133514404,80.80000305175781,138.0,94.5999984741211,-6.429576957598329,2659.0,2645.0,2659.0,4825.5400390625,-0.09300000220537186,2659.0
1789515904000.0,75.0,150.0,106.89378619194031,0.0,80.4000015258789,1.6519999504089355,80.4000015258789,138.0,94.5999984741211,-6.429602857679129,2661.0,2647.0,2661.0,4829.39013671875,-0.20999999344348907,2661.0
1789515909000.0,81.0,163.0,106.89369457773864,0.5,79.0,1.7259999513626099,79.0,137.0,93.5999984741211,-6.429650969803333,2666.0,2652.0,2666.0,4840.93994140625,-0.24300000071525574,2666.0
1789515915000.0,79.0,159.0,106.8935432843864,0.5,78.80000305175781,2.015000104904175,78.80000305175781,138.0,93.19999694824219,-6.429606545716524,2672.0,2658.0,2672.0,4858.7900390625,-0.06400000303983688,2672.0
1789515917000.0,82.0,164.0,106.89350900240242,0.0,78.19999694824219,2.1740000247955322,78.19999694824219,139.0,93.5999984741211,-6.429569749161601,2674.0,2660.0,2674.0,4864.39990234375,-0.23499999940395355,2674.0
1789515919000.0,83.0,167.0,106.89351746812463,0.5,78.19999694824219,2.2209999561309814,78.19999694824219,140.0,94.0,-6.429517362266779,2676.0,2662.0,2676.0,4870.18994140625,-0.04899999871850014,2676.0
1789515923000.0,82.0,165.0,106.89358242787421,0.5,78.5999984741211,2.509999990463257,78.5999984741211,143.0,94.80000305175781,-6.4294335432350636,2680.0,2666.0,2680.0,4881.97021484375,0.10000000149011612,2680.0
1789515926000.0,82.0,165.0,106.893653254956,0.5,79.19999694824219,2.509999990463257,79.19999694824219,145.0,96.0,-6.42941577360034,2683.0,2669.0,2683.0,4889.9599609375,0.22300000488758087,2683.0
1789515932000.0,81.0,163.0,106.89372860826552,0.5,79.5999984741211,2.3510000705718994,79.5999984741211,148.0,96.5999984741211,-6.429336480796337,2689.0,2675.0,2689.0,4902.2998046875,0.05000000074505806,2689.0
1789515940000.0,82.0,165.0,106.89377420581877,0.5,79.19999694824219,2.1649999618530273,79.19999694824219,150.0,95.19999694824219,-6.429181080311537,2697.0,2683.0,2697.0,4920.240234375,-0.03700000047683716,2697.0
1789515944000.0,81.0,163.0,106.89379633404315,0.5,79.0,2.13700008392334,79.0,150.0,95.19999694824219,-6.429104385897517,2701.0,2687.0,2701.0,4929.080078125,-0.03799999877810478,2701.0
1789515950000.0,80.0,161.0,106.89382885582745,0.5,79.0,2.052999973297119,79.0,152.0,96.4000015258789,-6.429008496925235,2707.0,2693.0,2707.0,4940.2900390625,0.0010000000474974513,2707.0
1789515956000.0,81.0,163.0,106.8938675802201,0.5,79.4000015258789,2.0250000953674316,79.4000015258789,152.0,94.80000305175781,-6.428929455578327,2713.0,2699.0,2713.0,4950.08984375,0.04600000008940697,2713.0
1789515962000.0,78.0,156.0,106.8939024489373,0.0,79.5999984741211,1.9780000448226929,79.5999984741211,151.0,94.0,-6.4288457203656435,2719.0,2705.0,2719.0,4960.06005859375,0.032999999821186066,2719.0
1789515964000.0,75.0,150.0,106.89390144310892,0.0,79.4000015258789,1.9589999914169312,79.4000015258789,152.0,94.19999694824219,-6.4288204070180655,2721.0,2707.0,2721.0,4962.85986328125,-0.05299999937415123,2721.0
1789515966000.0,73.0,147.0,106.8939006049186,0.5,79.4000015258789,1.9220000505447388,79.4000015258789,149.0,94.5999984741211,-6.428794087842107,2723.0,2709.0,2723.0,4965.759765625,-0.05299999937415123,2723.0
1789515971000.0,60.0,120.0,106.89392264932394,0.0,79.4000015258789,1.8569999933242798,79.4000015258789,148.0,95.80000305175781,-6.428721752017736,2728.0,2714.0,2728.0,4974.18994140625,0.010999999940395355,2728.0
1789515976000.0,62.0,124.0,106.8939399998635,0.0,79.4000015258789,1.6699999570846558,79.4000015258789,147.0,97.4000015258789,-6.4286581333726645,2733.0,2719.0,2733.0,4981.22021484375,0.004000000189989805,2733.0
1789515979000.0,62.0,125.0,106.89395701512694,0.5,79.5999984741211,1.6139999628067017,79.5999984741211,146.0,98.0,-6.428627874702215,2736.0,2722.0,2736.0,4985.08984375,0.050999999046325684,2736.0
1789515988000.0,78.0,157.0,106.89399825409055,0.5,80.0,1.7259999513626099,80.0,146.0,98.0,-6.428494686260819,2745.0,2731.0,2745.0,5000.509765625,0.04899999871850014,2745.0
1789515992000.0,80.0,160.0,106.89402122050524,0.0,80.19999694824219,1.7450000047683716,80.19999694824219,147.0,97.80000305175781,-6.428439617156982,2749.0,2735.0,2749.0,5007.10009765625,0.04100000113248825,2749.0
1789515996000.0,78.0,157.0,106.89404577948153,0.5,80.4000015258789,1.753999948501587,80.4000015258789,148.0,97.80000305175781,-6.428372813388705,2753.0,2739.0,2753.0,5014.9599609375,0.04399999976158142,2753.0
1789516002000.0,78.0,157.0,106.89407151192427,0.5,80.4000015258789,1.7640000581741333,80.4000015258789,148.0,99.0,-6.428286395967007,2759.0,2745.0,2759.0,5024.97998046875,-0.0020000000949949026,2759.0
1789516010000.0,73.0,146.0,106.89411392435431,0.0,80.0,1.7170000076293945,80.0,145.0,101.80000305175781,-6.428176509216428,2767.0,2753.0,2767.0,5037.97998046875,-0.050999999046325684,2767.0
1789516011000.0,73.0,146.0,106.89412079751492,0.0,79.80000305175781,1.7079999446868896,79.80000305175781,145.0,102.0,-6.428161421790719,2768.0,2754.0,2768.0,5039.81982421875,-0.029999999329447746,2768.0
1789516013000.0,73.0,147.0,106.89412993378937,0.5,79.80000305175781,1.6890000104904175,79.80000305175781,142.0,102.19999694824219,-6.428137449547648,2770.0,2756.0,2770.0,5042.66015625,-0.027000000700354576,2770.0
1789516016000.0,75.0,150.0,106.89414510503411,0.0,79.80000305175781,1.6610000133514404,79.80000305175781,139.0,102.5999984741211,-6.428094701841474,2773.0,2759.0,2773.0,5047.68017578125,-0.032999999821186066,2773.0
1789516019000.0,74.0,149.0,106.89414644613862,0.5,79.5999984741211,1.6519999504089355,79.5999984741211,137.0,102.5999984741211,-6.428050948306918,2776.0,2762.0,2776.0,5052.52978515625,-0.050999999046325684,2776.0
1789516021000.0,74.0,149.0,106.8941355496645,0.5,79.4000015258789,1.6419999599456787,79.4000015258789,137.0,102.4000015258789,-6.428036028519273,2778.0,2764.0,2778.0,5054.64013671875,-0.04600000008940697,2778.0
1789516025000.0,73.0,147.0,106.89408408477902,0.5,79.19999694824219,1.6139999628067017,79.19999694824219,136.0,101.80000305175781,-6.428000908344984,2782.0,2768.0,2782.0,5061.509765625,-0.07800000160932541,2782.0
1789516032000.0,77.0,154.0,106.893994146958,0.0,79.0,1.6050000190734863,79.0,137.0,102.19999694824219,-6.427963273599744,2789.0,2775.0,2789.0,5072.5400390625,-0.03099999949336052,2789.0
1789516039000.0,75.0,151.0,106.89388208091259,0.5,78.19999694824219,1.5679999589920044,78.19999694824219,134.0,106.19999694824219,-6.427937792614102,2796.0,2782.0,2796.0,5085.27001953125,-0.11500000208616257,2796.0
1789516041000.0,75.0,151.0,106.8938572704792,0.5,78.0,1.5679999589920044,78.0,132.0,106.80000305175781,-6.427938127890229,2798.0,2784.0,2798.0,5087.9501953125,-0.08900000154972076,2798.0
1789516050000.0,74.0,149.0,106.8937275186181,0.5,78.0,1.6050000190734863,78.0,131.0,111.0,-6.427884064614773,2807.0,2793.0,2807.0,5103.35009765625,0.012000000104308128,2807.0
1789516059000.0,76.0,152.0,106.89366817474365,0.0,78.80000305175781,1.6139999628067017,78.80000305175781,131.0,112.4000015258789,-6.427768059074879,2816.0,2802.0,2816.0,5117.919921875,0.08900000154972076,2816.0
1789516067000.0,75.0,150.0,106.8936809990555,0.0,79.0,1.6139999628067017,79.0,129.0,109.0,-6.427659345790744,2824.0,2810.0,2824.0,5130.39990234375,0.014000000432133675,2824.0
1789516068000.0,75.0,150.0,106.8936931528151,0.0,79.0,1.6139999628067017,79.0,127.0,108.4000015258789,-6.427653897553682,2825.0,2811.0,2825.0,5131.85009765625,0.0,2825.0
1789516070000.0,74.0,149.0,106.89371502958238,0.5,79.0,1.6050000190734863,79.0,127.0,107.4000015258789,-6.427668984979391,2827.0,2813.0,2827.0,5134.8701171875,0.0,2827.0
1789516073000.0,73.0,146.0,106.89372098073363,0.0,79.0,1.6050000190734863,79.0,127.0,105.4000015258789,-6.427707960829139,2830.0,2816.0,2830.0,5139.5498046875,0.0,2830.0
1789516078000.0,74.0,149.0,106.893724584952,0.5,78.80000305175781,1.5959999561309814,78.80000305175781,126.0,101.80000305175781,-6.427782392129302,2835.0,2821.0,2835.0,5147.93994140625,-0.035999998450279236,2835.0
1789516080000.0,74.0,149.0,106.89374981448054,0.5,78.5999984741211,1.5959999561309814,78.5999984741211,126.0,99.80000305175781,-6.427802843973041,2837.0,2823.0,2837.0,5151.5498046875,-0.07400000095367432,2837.0
1789516084000.0,74.0,149.0,106.8937917239964,0.5,78.4000015258789,1.6050000190734863,78.4000015258789,124.0,96.0,-6.427835449576378,2841.0,2827.0,2841.0,5157.509765625,-0.05900000035762787,2841.0
1789516086000.0,74.0,149.0,106.89381192438304,0.5,78.4000015258789,1.5959999561309814,78.4000015258789,125.0,94.80000305175781,-6.427837796509266,2843.0,2829.0,2843.0,5159.75,-0.00800000037997961,2843.0
1789516090000.0,74.0,149.0,106.89384863711894,0.5,78.19999694824219,1.5859999656677246,78.19999694824219,125.0,94.0,-6.427855817601085,2847.0,2833.0,2847.0,5164.3701171875,-0.03200000151991844,2847.0
1789516093000.0,75.0,150.0,106.89389264211059,0.0,78.19999694824219,1.5679999589920044,78.19999694824219,125.0,94.0,-6.427867887541652,2850.0,2836.0,2850.0,5169.419921875,-0.017999999225139618,2850.0
1789516095000.0,78.0,156.0,106.89391502179205,0.0,78.4000015258789,1.5579999685287476,78.4000015258789,125.0,94.0,-6.427866546437144,2852.0,2838.0,2852.0,5171.39990234375,0.08100000023841858,2852.0
1789516099000.0,78.0,157.0,106.89395466819406,0.5,78.5999984741211,1.5490000247955322,78.5999984741211,127.0,94.5999984741211,-6.427889680489898,2856.0,2842.0,2856.0,5176.4599609375,0.07100000232458115,2856.0
1789516104000.0,77.0,154.0,106.89402608200908,0.0,79.0,1.5399999618530273,79.0,129.0,97.5999984741211,-6.427915496751666,2861.0,2847.0,2861.0,5185.080078125,0.06300000101327896,2861.0
1789516111000.0,80.0,160.0,106.89412297680974,0.0,79.0,1.5299999713897705,79.0,130.0,97.19999694824219,-6.427932344377041,2868.0,2854.0,2868.0,5196.02001953125,0.010999999940395355,2868.0
1789516120000.0,79.0,159.0,106.89423118717968,0.5,79.5999984741211,1.5019999742507935,79.5999984741211,131.0,94.5999984741211,-6.427990514785051,2877.0,2863.0,2877.0,5210.06005859375,0.06700000166893005,2877.0
1789516124000.0,77.0,155.0,106.894253147766,0.5,80.0,1.5019999742507935,80.0,131.0,94.5999984741211,-6.428039968013763,2881.0,2867.0,2881.0,5216.06982421875,0.06400000303983688,2881.0
1789516126000.0,78.0,157.0,106.89426966011524,0.5,80.19999694824219,1.4930000305175781,80.19999694824219,130.0,94.80000305175781,-6.428070897236466,2883.0,2869.0,2883.0,5219.83984375,0.13699999451637268,2883.0
1789516132000.0,77.0,154.0,106.89426119439304,0.0,80.80000305175781,1.5019999742507935,80.80000305175781,130.0,95.0,-6.428152536973357,2889.0,2875.0,2889.0,5229.27978515625,0.08799999952316284,2889.0
1789516143000.0,80.0,161.0,106.89422599039972,0.5,81.5999984741211,1.5210000276565552,81.5999984741211,133.0,92.4000015258789,-6.428328640758991,2900.0,2886.0,2900.0,5249.169921875,0.0820000022649765,2900.0
1789516147000.0,80.0,161.0,106.89420009031892,0.5,81.4000015258789,1.5579999685287476,81.4000015258789,136.0,93.0,-6.428391421213746,2904.0,2890.0,2904.0,5256.7099609375,-0.0430000014603138,2904.0
1789516151000.0,80.0,161.0,106.89419346861541,0.5,81.80000305175781,1.5679999589920044,81.80000305175781,136.0,93.0,-6.428439952433109,2908.0,2894.0,2908.0,5262.10986328125,0.06400000303983688,2908.0
1789516158000.0,78.0,156.0,106.8941564206034,0.0,81.80000305175781,1.5679999589920044,81.80000305175781,136.0,90.80000305175781,-6.4285344164818525,2915.0,2901.0,2915.0,5273.33984375,0.020999999716877937,2915.0
1789516166000.0,79.0,159.0,106.89419841393828,0.5,83.0,1.5579999685287476,83.0,134.0,90.19999694824219,-6.428649835288525,2923.0,2909.0,2923.0,5286.990234375,0.15299999713897705,2923.0
1789516170000.0,80.0,161.0,106.89421517774463,0.5,83.5999984741211,1.5490000247955322,83.5999984741211,131.0,90.80000305175781,-6.428715717047453,2927.0,2913.0,2927.0,5294.47021484375,0.11999999731779099,2927.0
1789516172000.0,79.0,159.0,106.89421333372593,0.5,83.5999984741211,1.5490000247955322,83.5999984741211,131.0,91.19999694824219,-6.428739940747619,2929.0,2915.0,2929.0,5297.16015625,0.029999999329447746,2929.0
1789516174000.0,78.0,157.0,106.89420579001307,0.5,83.5999984741211,1.5399999618530273,83.5999984741211,131.0,91.4000015258789,-6.42875611782074,2931.0,2917.0,2931.0,5299.1201171875,-0.02500000037252903,2931.0
1789516175000.0,78.0,157.0,106.89419095404446,0.5,83.4000015258789,1.5299999713897705,83.4000015258789,131.0,91.4000015258789,-6.428767601028085,2932.0,2918.0,2932.0,5300.919921875,-0.1720000058412552,2932.0
1789516176000.0,78.0,157.0,106.89417947083712,0.5,83.19999694824219,1.5299999713897705,83.19999694824219,131.0,91.4000015258789,-6.4287797547876835,2933.0,2919.0,2933.0,5302.759765625,-0.12200000137090683,2933.0
1789516182000.0,79.0,159.0,106.89408592879772,0.5,82.19999694824219,1.5210000276565552,82.19999694824219,131.0,92.0,-6.428831471130252,2939.0,2925.0,2939.0,5314.509765625,-0.19300000369548798,2939.0
1789516185000.0,80.0,160.0,106.89403085969388,0.0,81.4000015258789,1.5299999713897705,81.4000015258789,131.0,92.4000015258789,-6.4288474805653095,2942.0,2928.0,2942.0,5320.740234375,-0.24500000476837158,2942.0
1789516188000.0,78.0,157.0,106.89400127157569,0.5,81.19999694824219,1.5399999618530273,81.19999694824219,132.0,92.19999694824219,-6.42888025380671,2945.0,2931.0,2945.0,5325.68994140625,-0.08900000154972076,2945.0
1789516196000.0,79.0,158.0,106.89398626796901,0.0,81.80000305175781,1.5579999685287476,81.80000305175781,134.0,91.80000305175781,-6.429012520238757,2953.0,2939.0,2953.0,5340.5498046875,0.08699999749660492,2953.0
1789516203000.0,79.0,159.0,106.89396539703012,0.5,82.19999694824219,1.5679999589920044,82.19999694824219,137.0,88.19999694824219,-6.429123831912875,2960.0,2946.0,2960.0,5352.740234375,0.061000000685453415,2960.0
1789516204000.0,79.0,159.0,106.89396439120173,0.5,82.4000015258789,1.5679999589920044,82.4000015258789,137.0,87.80000305175781,-6.429141350090504,2961.0,2947.0,2961.0,5354.68017578125,0.1080000028014183,2961.0
1789516211000.0,80.0,161.0,106.89394569955766,0.5,82.5999984741211,1.5859999656677246,82.5999984741211,136.0,86.80000305175781,-6.42925257794559,2968.0,2954.0,2968.0,5367.240234375,0.039000000804662704,2968.0
1789516219000.0,79.0,158.0,106.89390094019473,0.0,82.4000015258789,1.6239999532699585,82.4000015258789,137.0,85.5999984741211,-6.429371600970626,2976.0,2962.0,2976.0,5381.10009765625,-0.027000000700354576,2976.0
1789516226000.0,82.0,165.0,106.89387931488454,0.5,82.0,1.6419999599456787,82.0,138.0,86.5999984741211,-6.429478218778968,2983.0,2969.0,2983.0,5393.18994140625,-0.04500000178813934,2983.0
1789516228000.0,82.0,165.0,106.89389591105282,0.5,82.19999694824219,1.6519999504089355,82.19999694824219,138.0,86.5999984741211,-6.429511411115527,2985.0,2971.0,2985.0,5397.35009765625,0.05999999865889549,2985.0
1789516233000.0,81.0,163.0,106.89390261657536,0.5,82.80000305175781,1.6890000104904175,82.80000305175781,139.0,86.80000305175781,-6.429591039195657,2990.0,2976.0,2990.0,5406.9599609375,0.11400000005960464,2990.0
1789516234000.0,81.0,163.0,106.89388778060675,0.5,82.5999984741211,1.6890000104904175,82.5999984741211,139.0,86.80000305175781,-6.429604450240731,2991.0,2977.0,2991.0,5409.169921875,-0.2770000100135803,2991.0
1789516237000.0,80.0,161.0,106.89383556134999,0.5,81.4000015258789,1.7170000076293945,81.4000015258789,141.0,87.0,-6.429623058065772,2994.0,2980.0,2994.0,5415.4501953125,-0.39399999380111694,2994.0
1789516239000.0,80.0,161.0,106.89381326548755,0.5,80.80000305175781,1.7359999418258667,80.80000305175781,141.0,87.4000015258789,-6.4295952301472425,2996.0,2982.0,2996.0,5418.81982421875,-0.3019999861717224,2996.0
1789516244000.0,80.0,161.0,106.89385106787086,0.5,81.5999984741211,1.7730000019073486,81.5999984741211,141.0,88.5999984741211,-6.429509734734893,3001.0,2987.0,3001.0,5426.759765625,0.17000000178813934,3001.0
