directUncorrectedElevation,sumMovingDuration,directRunCadence,directElevation,directLongitude,sumDuration,directDoubleCadence,sumDistance,directCorrectedElevation,directFractionalCadence,directHeartRate,directSpeed,sumElapsedDuration,directLatitude,directTimestamp,directVerticalSpeed,elapsed_s
98.0,0.0,0.0,82.80000305175781,106.89391326159239,0.0,0.0,0.019999999552965164,82.80000305175781,0.0,80.0,0.0,0.0,-6.429408313706517,1789985352000.0,,0.0
98.0,0.0,0.0,82.80000305175781,106.8939127586782,1.0,0.0,0.029999999329447746,82.80000305175781,0.0,81.0,0.0,1.0,-6.429408313706517,1789985353000.0,-0.007000000216066837,1.0
98.19999694824219,0.0,0.0,82.4000015258789,106.89388208091259,6.0,0.0,3.559999942779541,82.4000015258789,0.0,82.0,0.0,6.0,-6.429420383647084,1789985358000.0,-0.07999999821186066,6.0
98.19999694824219,0.0,78.0,81.80000305175781,106.89385333098471,8.0,156.0,7.449999809265137,81.80000305175781,0.0,87.0,0.0,8.0,-6.429440835490823,1789985360000.0,-0.2280000001192093,8.0
98.19999694824219,1.0,78.0,81.5999984741211,106.89384528435767,9.0,156.0,9.050000190734863,81.5999984741211,0.0,92.0,0.7559999823570251,9.0,-6.429453492164612,1789985361000.0,-0.16099999845027924,9.0
97.80000305175781,3.0,80.0,81.4000015258789,106.89383195713162,11.0,161.0,11.960000038146973,81.4000015258789,0.5,97.0,1.371999979019165,11.0,-6.429476961493492,1789985363000.0,-0.1379999965429306,11.0
97.0,5.0,80.0,81.19999694824219,106.89382357522845,13.0,161.0,14.65999984741211,81.19999694824219,0.5,103.0,1.4839999675750732,13.0,-6.429500430822372,1789985365000.0,-0.10300000011920929,13.0
96.4000015258789,6.0,80.0,81.19999694824219,106.89382332377136,14.0,161.0,16.40999984741211,81.19999694824219,0.5,102.0,1.5210000276565552,14.0,-6.42951644025743,1789985366000.0,-0.061000000685453415,14.0
93.5999984741211,12.0,80.0,81.0,106.89381510950625,20.0,160.0,29.6299991607666,81.0,0.0,103.0,1.6330000162124634,20.0,-6.429636301472783,1789985372000.0,-0.04100000113248825,20.0
94.19999694824219,18.0,79.0,80.0,106.89375828020275,26.0,159.0,39.540000915527344,80.0,0.5,106.0,1.6330000162124634,26.0,-6.429704362526536,1789985378000.0,-0.15800000727176666,26.0
94.4000015258789,19.0,79.0,79.80000305175781,106.89375098794699,27.0,159.0,41.70000076293945,79.80000305175781,0.5,107.0,1.6239999532699585,27.0,-6.429722718894482,1789985379000.0,-0.11800000071525574,27.0
95.19999694824219,22.0,80.0,79.80000305175781,106.89374067820609,30.0,161.0,48.70000076293945,79.80000305175781,0.5,110.0,1.6239999532699585,30.0,-6.429786588996649,1789985382000.0,-0.009999999776482582,30.0
96.0,25.0,81.0,80.0,106.89373095519841,33.0,163.0,60.61000061035156,80.0,0.5,113.0,1.6330000162124634,33.0,-6.429892368614674,1789985385000.0,0.04500000178813934,33.0
96.80000305175781,28.0,80.0,80.0,106.89371980726719,36.0,161.0,68.55000305175781,80.0,0.5,116.0,1.6890000104904175,36.0,-6.429966799914837,1789985388000.0,0.0,36.0
98.80000305175781,34.0,80.0,81.0,106.8936791550368,42.0,161.0,81.22000122070312,81.0,0.5,118.0,1.6799999475479126,42.0,-6.430073585361242,1789985394000.0,0.17599999904632568,42.0
99.4000015258789,39.0,80.0,81.80000305175781,106.89365954138339,47.0,161.0,90.37999725341797,81.80000305175781,0.5,121.0,1.6979999542236328,47.0,-6.430153800174594,1789985399000.0,0.17299999296665192,47.0
99.5999984741211,43.0,81.0,82.5999984741211,106.89365199767053,51.0,163.0,97.43000030517578,82.5999984741211,0.5,123.0,1.7170000076293945,51.0,-6.430218173190951,1789985403000.0,0.17399999499320984,51.0
99.5999984741211,45.0,81.0,83.0,106.89363137818873,53.0,163.0,101.5999984741211,83.0,0.5,126.0,1.7170000076293945,53.0,-6.430251868441701,1789985405000.0,0.18199999630451202,53.0
99.5999984741211,48.0,80.0,83.19999694824219,106.8936035502702,56.0,161.0,108.4800033569336,83.19999694824219,0.5,129.0,1.7359999418258667,56.0,-6.430307189002633,1789985408000.0,0.0820000022649765,56.0
99.5999984741211,50.0,80.0,83.4000015258789,106.8935985211283,58.0,161.0,112.33000183105469,83.4000015258789,0.5,132.0,1.753999948501587,58.0,-6.430341973900795,1789985410000.0,0.06300000101327896,58.0
102.80000305175781,57.0,81.0,83.80000305175781,106.89353079535067,65.0,163.0,127.01000213623047,83.80000305175781,0.5,135.0,1.875,65.0,-6.430461667478085,1789985417000.0,0.07599999755620956,65.0
103.80000305175781,66.0,80.0,84.19999694824219,106.89346893690526,74.0,161.0,144.9199981689453,84.19999694824219,0.5,138.0,1.8940000534057617,74.0,-6.430611116811633,1789985426000.0,0.03999999910593033,74.0
103.80000305175781,75.0,77.0,84.0,106.89341437071562,83.0,155.0,160.6300048828125,84.0,0.5,138.0,1.7640000581741333,83.0,-6.430741874501109,1789985435000.0,-0.020999999716877937,83.0
104.19999694824219,85.0,77.0,84.19999694824219,106.89335586503148,93.0,154.0,177.60000610351562,84.19999694824219,0.0,138.0,1.6239999532699585,93.0,-6.430883696302772,1789985445000.0,0.02500000037252903,93.0
105.19999694824219,97.0,75.0,85.0,106.89328210428357,105.0,150.0,196.83999633789062,85.0,0.0,135.0,1.6330000162124634,105.0,-6.431042114272714,1789985457000.0,0.06800000369548798,105.0
104.5999984741211,108.0,76.0,85.80000305175781,106.89322871156037,116.0,152.0,213.24000549316406,85.80000305175781,0.0,135.0,1.6330000162124634,116.0,-6.431180415675044,1789985468000.0,0.0729999989271164,116.0
104.19999694824219,116.0,76.0,86.4000015258789,106.89319962635636,124.0,152.0,223.05999755859375,86.4000015258789,0.0,134.0,1.5959999561309814,124.0,-6.4312642347067595,1789985476000.0,0.06199999898672104,124.0
103.19999694824219,125.0,77.0,87.0,106.893161656335,133.0,154.0,237.17999267578125,87.0,0.0,132.0,1.5299999713897705,133.0,-6.431386526674032,1789985485000.0,0.0729999989271164,133.0
102.80000305175781,129.0,74.0,87.19999694824219,106.89314204268157,137.0,149.0,240.82000732421875,87.19999694824219,0.5,129.0,1.5019999742507935,137.0,-6.43141477368772,1789985489000.0,0.03500000014901161,137.0
102.19999694824219,132.0,73.0,87.19999694824219,106.89313642680645,140.0,147.0,243.14999389648438,87.19999694824219,0.5,127.0,1.465000033378601,140.0,-6.431435141712427,1789985492000.0,0.013000000268220901,140.0
102.0,134.0,63.0,87.19999694824219,106.89313827082515,142.0,127.0,246.07000732421875,87.19999694824219,0.5,126.0,1.4459999799728394,142.0,-6.431459952145815,1789985494000.0,-0.007000000216066837,142.0
101.80000305175781,137.0,73.0,87.4000015258789,106.89311823807657,145.0,147.0,250.82000732421875,87.4000015258789,0.5,125.0,1.3619999885559082,145.0,-6.431498173624277,1789985497000.0,0.04800000041723251,145.0
102.0,139.0,76.0,87.4000015258789,106.89310725778341,147.0,152.0,254.16000366210938,87.4000015258789,0.0,122.0,1.3339999914169312,147.0,-6.431526252999902,1789985499000.0,0.03999999910593033,147.0
102.0,144.0,77.0,87.80000305175781,106.89306233078241,152.0,154.0,262.3800048828125,87.80000305175781,0.0,123.0,1.3339999914169312,152.0,-6.431587357074022,1789985504000.0,0.06499999761581421,152.0
102.0,147.0,76.0,87.80000305175781,106.89304422587156,155.0,152.0,267.1700134277344,87.80000305175781,0.0,120.0,1.2879999876022339,155.0,-6.431628260761499,1789985507000.0,0.0430000014603138,155.0
101.5999984741211,150.0,76.0,87.80000305175781,106.8930350895971,158.0,152.0,272.0199890136719,87.80000305175781,0.0,120.0,1.2599999904632568,158.0,-6.431671008467674,1789985510000.0,-0.03400000184774399,158.0
103.0,157.0,76.0,87.0,106.89300307072699,165.0,152.0,289.3399963378906,87.0,0.0,122.0,1.3339999914169312,165.0,-6.431823056191206,1789985517000.0,-0.11599999666213989,165.0
105.19999694824219,164.0,78.0,86.80000305175781,106.89296057447791,172.0,157.0,301.8500061035156,86.80000305175781,0.5,122.0,1.5019999742507935,172.0,-6.431927243247628,1789985524000.0,-0.029999999329447746,172.0
105.19999694824219,167.0,78.0,87.0,106.89294565469027,175.0,157.0,306.2900085449219,87.0,0.5,119.0,1.5019999742507935,175.0,-6.431964626535773,1789985527000.0,0.06300000101327896,175.0
104.80000305175781,171.0,79.0,87.19999694824219,106.89291791059077,179.0,158.0,313.6300048828125,87.19999694824219,0.0,121.0,1.5019999742507935,179.0,-6.43202506005764,1789985531000.0,0.07900000363588333,179.0
104.80000305175781,173.0,79.0,87.4000015258789,106.89290257170796,181.0,158.0,317.1499938964844,87.4000015258789,0.0,123.0,1.5210000276565552,181.0,-6.432052217423916,1789985533000.0,0.07599999755620956,181.0
104.4000015258789,179.0,79.0,87.80000305175781,106.8928730674088,187.0,158.0,327.760009765625,87.80000305175781,0.0,125.0,1.5770000219345093,187.0,-6.432143831625581,1789985539000.0,0.08100000023841858,187.0
105.5999984741211,190.0,78.0,88.4000015258789,106.8928054254502,198.0,157.0,347.6400146484375,88.4000015258789,0.5,126.0,1.6330000162124634,198.0,-6.432310212403536,1789985550000.0,0.04500000178813934,198.0
106.5999984741211,200.0,75.0,88.80000305175781,106.89272806048393,208.0,150.0,365.0299987792969,88.80000305175781,0.0,128.0,1.6330000162124634,208.0,-6.4324467536062,1789985560000.0,0.04899999871850014,208.0
107.0,203.0,75.0,89.0,106.89272328279912,211.0,150.0,368.760009765625,89.0,0.0,128.0,1.6330000162124634,211.0,-6.432480867952108,1789985563000.0,0.04100000113248825,211.0
107.0,206.0,76.0,89.19999694824219,106.89271288923919,214.0,152.0,372.0899963378906,89.19999694824219,0.0,127.0,1.6239999532699585,214.0,-6.432509534060955,1789985566000.0,0.06800000369548798,214.0
105.4000015258789,210.0,77.0,89.5999984741211,106.89269553869963,218.0,154.0,377.6000061035156,89.5999984741211,0.0,124.0,1.6050000190734863,218.0,-6.432555885985494,1789985570000.0,0.08299999684095383,218.0
103.19999694824219,215.0,76.0,90.0,106.8926777690649,223.0,152.0,384.80999755859375,90.0,0.0,122.0,1.5859999656677246,223.0,-6.43261875025928,1789985575000.0,0.09000000357627869,223.0
100.80000305175781,225.0,78.0,91.19999694824219,106.89263175241649,233.0,157.0,401.1000061035156,91.19999694824219,0.5,122.0,1.5579999685287476,233.0,-6.432757470756769,1789985585000.0,0.12300000339746475,233.0
103.19999694824219,236.0,78.0,91.4000015258789,106.89257525838912,244.0,157.0,421.8999938964844,91.4000015258789,0.5,121.0,1.5679999589920044,244.0,-6.432937178760767,1789985596000.0,0.017000000923871994,244.0
107.0,244.0,78.0,91.5999984741211,106.8925620149821,252.0,157.0,436.44000244140625,91.5999984741211,0.5,120.0,1.5859999656677246,252.0,-6.433069193735719,1789985604000.0,0.017999999225139618,252.0
107.80000305175781,250.0,79.0,91.19999694824219,106.89256343990564,258.0,158.0,447.8800048828125,91.19999694824219,0.0,123.0,1.753999948501587,258.0,-6.433172458782792,1789985610000.0,-0.05999999865889549,258.0
107.80000305175781,254.0,79.0,91.0,106.89257131889462,262.0,158.0,454.8599853515625,91.0,0.0,124.0,1.809999942779541,262.0,-6.43323490396142,1789985614000.0,-0.041999999433755875,262.0
108.5999984741211,265.0,80.0,90.80000305175781,106.8925865739584,273.0,160.0,472.55999755859375,90.80000305175781,0.0,126.0,1.875,273.0,-6.433394160121679,1789985625000.0,-0.01600000075995922,273.0
108.4000015258789,275.0,78.0,91.0,106.8926154077053,283.0,157.0,488.5799865722656,91.0,0.5,125.0,1.8660000562667847,283.0,-6.433536820113659,1789985635000.0,0.017999999225139618,283.0
108.0,284.0,77.0,91.0,106.89261113293469,292.0,155.0,502.6499938964844,91.0,0.5,125.0,1.8380000591278076,292.0,-6.433663135394454,1789985644000.0,-0.003000000026077032,292.0
108.5999984741211,288.0,78.0,91.0,106.89260912127793,296.0,157.0,509.3900146484375,91.0,0.5,128.0,1.8289999961853027,296.0,-6.433724071830511,1789985648000.0,0.0,296.0
110.0,295.0,76.0,90.80000305175781,106.89257911406457,303.0,153.0,520.3499755859375,90.80000305175781,0.5,130.0,1.8289999961853027,303.0,-6.433818619698286,1789985655000.0,-0.014999999664723873,303.0
109.4000015258789,305.0,77.0,92.0,106.8925331812352,313.0,155.0,535.5999755859375,92.0,0.5,129.0,1.7910000085830688,313.0,-6.433948120102286,1789985665000.0,0.11999999731779099,313.0
107.0,317.0,78.0,93.0,106.8924724124372,325.0,157.0,556.3699951171875,93.0,0.5,131.0,1.8009999990463257,325.0,-6.434125564992428,1789985677000.0,0.0729999989271164,325.0
106.5999984741211,319.0,79.0,93.19999694824219,106.89246243797243,327.0,158.0,559.6799926757812,93.19999694824219,0.0,131.0,1.809999942779541,327.0,-6.434153728187084,1789985679000.0,0.09099999815225601,327.0
106.4000015258789,326.0,78.0,94.4000015258789,106.89242161810398,334.0,157.0,571.5800170898438,94.4000015258789,0.5,134.0,1.8289999961853027,334.0,-6.43425322137773,1789985686000.0,0.1860000044107437,334.0
106.4000015258789,328.0,77.0,94.80000305175781,106.89240929670632,336.0,155.0,574.6900024414062,94.80000305175781,0.5,135.0,1.819000005722046,336.0,-6.434278534725308,1789985688000.0,0.18000000715255737,336.0
107.0,340.0,76.0,97.19999694824219,106.8923103902489,348.0,152.0,593.22998046875,97.19999694824219,0.0,136.0,1.753999948501587,348.0,-6.434413734823465,1789985700000.0,0.1940000057220459,348.0
106.80000305175781,349.0,72.0,98.0,106.89224769361317,357.0,145.0,604.6500244140625,98.0,0.5,136.0,1.6050000190734863,357.0,-6.434495458379388,1789985709000.0,0.08500000089406967,357.0
105.4000015258789,358.0,75.0,98.5999984741211,106.89218080602586,366.0,150.0,616.530029296875,98.5999984741211,0.0,137.0,1.4739999771118164,366.0,-6.434579025954008,1789985718000.0,0.07999999821186066,366.0
105.19999694824219,363.0,74.0,99.19999694824219,106.89213512465358,371.0,148.0,623.5800170898438,99.19999694824219,0.0,134.0,1.409000039100647,371.0,-6.434622695669532,1789985723000.0,0.0989999994635582,371.0
105.4000015258789,366.0,74.0,99.4000015258789,106.89210721291602,374.0,148.0,628.4400024414062,99.4000015258789,0.0,133.0,1.409000039100647,374.0,-6.434656642377377,1789985726000.0,0.10000000149011612,374.0
105.80000305175781,374.0,77.0,100.0,106.8920284230262,382.0,154.0,641.8400268554688,100.0,0.0,130.0,1.4179999828338623,382.0,-6.434748591855168,1789985734000.0,0.0729999989271164,382.0
106.0,376.0,76.0,100.0,106.89200914464891,384.0,152.0,645.5,100.0,0.0,129.0,1.4279999732971191,384.0,-6.434775497764349,1789985736000.0,0.0,384.0
107.4000015258789,387.0,77.0,100.0,106.8918904569,395.0,154.0,665.239990234375,100.0,0.0,129.0,1.4739999771118164,395.0,-6.434908015653491,1789985747000.0,0.0,395.0
110.0,398.0,77.0,100.5999984741211,106.89177570864558,406.0,154.0,683.5399780273438,100.5999984741211,0.0,129.0,1.5399999618530273,406.0,-6.435025027021766,1789985758000.0,0.0560000017285347,406.0
110.4000015258789,404.0,76.0,101.0,106.89171049743891,412.0,152.0,693.22998046875,101.0,0.0,129.0,1.5399999618530273,412.0,-6.4350825268775225,1789985764000.0,0.05999999865889549,412.0
110.80000305175781,409.0,77.0,101.0,106.89165224321187,417.0,154.0,700.6199951171875,101.0,0.0,129.0,1.5399999618530273,417.0,-6.4351158030331135,1789985769000.0,0.012000000104308128,417.0
111.0,412.0,77.0,101.0,106.89161301590502,420.0,155.0,705.4000244140625,101.0,0.5,130.0,1.5399999618530273,420.0,-6.4351358357816935,1789985772000.0,0.0020000000949949026,420.0
110.0,421.0,77.0,101.19999694824219,106.89149541780353,429.0,155.0,720.25,101.19999694824219,0.5,133.0,1.5399999618530273,429.0,-6.4352035615593195,1789985781000.0,0.013000000268220901,429.0
110.19999694824219,431.0,77.0,100.19999694824219,106.89136365428567,439.0,155.0,736.239990234375,100.19999694824219,0.5,135.0,1.5399999618530273,439.0,-6.435266928747296,1789985791000.0,-0.10100000351667404,439.0
107.5999984741211,439.0,77.0,99.19999694824219,106.89125586301088,447.0,155.0,749.3900146484375,99.19999694824219,0.5,132.0,1.5399999618530273,447.0,-6.435320153832436,1789985799000.0,-0.12200000137090683,447.0
107.5999984741211,442.0,77.0,98.80000305175781,106.89121747389436,450.0,155.0,754.0900268554688,98.80000305175781,0.5,131.0,1.5490000247955322,450.0,-6.435338258743286,1789985802000.0,-0.12200000137090683,450.0
107.80000305175781,447.0,75.0,98.0,106.8911599740386,455.0,150.0,760.8400268554688,98.0,0.0,129.0,1.5579999685287476,455.0,-6.435360051691532,1789985807000.0,-0.1599999964237213,455.0
107.80000305175781,450.0,76.0,97.4000015258789,106.8911205790937,458.0,152.0,765.2999877929688,97.4000015258789,0.0,129.0,1.5490000247955322,458.0,-6.435372205451131,1789985810000.0,-0.19300000369548798,458.0
106.80000305175781,459.0,80.0,96.0,106.89099392853677,467.0,161.0,780.3699951171875,96.0,0.5,129.0,1.5490000247955322,467.0,-6.435426352545619,1789985819000.0,-0.16500000655651093,467.0
106.19999694824219,467.0,78.0,95.4000015258789,106.89088462851942,475.0,157.0,793.2899780273438,95.4000015258789,0.5,132.0,1.5679999589920044,475.0,-6.435472536832094,1789985827000.0,-0.07800000160932541,475.0
107.4000015258789,477.0,78.0,95.19999694824219,106.89074490219355,485.0,157.0,809.510009765625,95.19999694824219,0.5,131.0,1.5679999589920044,485.0,-6.435523498803377,1789985837000.0,-0.014000000432133675,485.0
107.4000015258789,487.0,78.0,95.0,106.89060308039188,495.0,157.0,826.280029296875,95.0,0.5,131.0,1.5959999561309814,495.0,-6.435579992830753,1789985847000.0,-0.009999999776482582,495.0
107.5999984741211,494.0,78.0,95.0,106.89049269072711,502.0,157.0,839.25,95.0,0.5,134.0,1.6139999628067017,502.0,-6.43562282435596,1789985854000.0,-0.013000000268220901,502.0
107.4000015258789,497.0,76.0,95.0,106.89045522361994,505.0,152.0,843.5999755859375,95.0,0.0,133.0,1.6139999628067017,505.0,-6.435637576505542,1789985857000.0,-0.009999999776482582,505.0
105.80000305175781,504.0,76.0,95.19999694824219,106.89036319032311,512.0,152.0,855.1699829101562,95.19999694824219,0.0,130.0,1.6239999532699585,512.0,-6.435687951743603,1789985864000.0,0.02800000086426735,512.0
105.19999694824219,508.0,76.0,95.5999984741211,106.89031038433313,516.0,153.0,862.5900268554688,95.5999984741211,0.5,130.0,1.6330000162124634,516.0,-6.435729106888175,1789985868000.0,0.12200000137090683,516.0
105.5999984741211,517.0,78.0,96.80000305175781,106.89023938961327,525.0,156.0,878.8900146484375,96.80000305175781,0.0,133.0,1.6519999504089355,525.0,-6.435857517644763,1789985877000.0,0.13099999725818634,525.0
105.80000305175781,518.0,77.0,97.0,106.8902310077101,526.0,155.0,881.0999755859375,97.0,0.5,133.0,1.6519999504089355,526.0,-6.4358756225556135,1789985878000.0,0.1599999964237213,526.0
108.19999694824219,527.0,77.0,98.19999694824219,106.8901723343879,535.0,155.0,897.2100219726562,98.19999694824219,0.5,132.0,1.6799999475479126,535.0,-6.436008643358946,1789985887000.0,0.12999999523162842,535.0
107.80000305175781,536.0,78.0,99.0,106.8901308439672,544.0,156.0,913.530029296875,99.0,0.0,132.0,1.6979999542236328,544.0,-6.436150129884481,1789985896000.0,0.09300000220537186,544.0
109.19999694824219,543.0,78.0,98.80000305175781,106.89009572379291,551.0,157.0,926.5,98.80000305175781,0.5,132.0,1.7170000076293945,551.0,-6.436261273920536,1789985903000.0,-0.01899999938905239,551.0
109.4000015258789,545.0,78.0,98.80000305175781,106.89008474349976,553.0,156.0,929.5399780273438,98.80000305175781,0.0,132.0,1.7259999513626099,553.0,-6.4362867549061775,1789985905000.0,-0.05900000035762787,553.0
109.4000015258789,552.0,78.0,98.4000015258789,106.89005549065769,560.0,157.0,941.4400024414062,98.4000015258789,0.5,129.0,1.7359999418258667,560.0,-6.436389684677124,1789985912000.0,-0.054999999701976776,560.0
109.4000015258789,553.0,78.0,98.19999694824219,106.89005163498223,561.0,157.0,943.25,98.19999694824219,0.5,129.0,1.7359999418258667,561.0,-6.436405694112182,1789985913000.0,-0.0989999994635582,561.0
109.4000015258789,560.0,77.0,97.80000305175781,106.89001911319792,568.0,154.0,953.7999877929688,97.80000305175781,0.0,132.0,1.7259999513626099,568.0,-6.436495715752244,1789985920000.0,-0.07800000160932541,568.0
108.80000305175781,563.0,77.0,97.4000015258789,106.88999983482063,571.0,155.0,960.0999755859375,97.4000015258789,0.5,134.0,1.7259999513626099,571.0,-6.436550030484796,1789985923000.0,-0.09300000220537186,571.0
108.4000015258789,573.0,77.0,96.80000305175781,106.8899508845061,581.0,155.0,975.4600219726562,96.80000305175781,0.5,133.0,1.7079999446868896,581.0,-6.436680285260081,1789985933000.0,-0.05900000035762787,581.0
106.80000305175781,580.0,77.0,96.80000305175781,106.88992381095886,588.0,155.0,984.739990234375,96.80000305175781,0.5,131.0,1.6699999570846558,588.0,-6.436759578064084,1789985940000.0,-0.014999999664723873,588.0
105.80000305175781,588.0,77.0,96.19999694824219,106.88985030166805,596.0,155.0,1000.2999877929688,96.19999694824219,0.5,132.0,1.6519999504089355,596.0,-6.436878684908152,1789985948000.0,-0.07900000363588333,596.0
105.80000305175781,589.0,78.0,96.0,106.88984032720327,597.0,157.0,1002.2999877929688,96.0,0.5,132.0,1.6519999504089355,597.0,-6.43689377233386,1789985949000.0,-0.08900000154972076,597.0
105.5999984741211,597.0,77.0,95.5999984741211,106.88975332304835,605.0,155.0,1015.3099975585938,95.5999984741211,0.5,133.0,1.6799999475479126,605.0,-6.436971137300134,1789985957000.0,-0.041999999433755875,605.0
105.19999694824219,603.0,78.0,96.19999694824219,106.889688950032,611.0,157.0,1026.1099853515625,96.19999694824219,0.5,134.0,1.6979999542236328,611.0,-6.437054369598627,1789985963000.0,0.0949999988079071,611.0
105.4000015258789,606.0,78.0,96.5999984741211,106.88965005800128,614.0,157.0,1032.449951171875,96.5999984741211,0.5,134.0,1.7079999446868896,614.0,-6.437100134789944,1789985966000.0,0.08799999952316284,614.0
107.0,609.0,77.0,96.5999984741211,106.88961594365537,617.0,155.0,1037.25,96.5999984741211,0.5,134.0,1.6979999542236328,617.0,-6.437127711251378,1789985969000.0,0.0020000000949949026,617.0
109.80000305175781,617.0,75.0,97.0,106.88953841105103,625.0,150.0,1051.3299560546875,97.0,0.0,134.0,1.7170000076293945,625.0,-6.4372282940894365,1789985977000.0,0.061000000685453415,625.0
110.80000305175781,624.0,77.0,97.19999694824219,106.88949935138226,632.0,155.0,1062.300048828125,97.19999694824219,0.5,134.0,1.7170000076293945,632.0,-6.4373193215578794,1789985984000.0,0.032999999821186066,632.0
110.5999984741211,633.0,77.0,97.5999984741211,106.88945702277124,641.0,155.0,1075.8800048828125,97.5999984741211,0.5,134.0,1.7359999418258667,641.0,-6.437434488907456,1789985993000.0,0.04100000113248825,641.0
110.0,643.0,76.0,97.19999694824219,106.88941134139895,651.0,153.0,1093.02001953125,97.19999694824219,0.5,133.0,1.7450000047683716,651.0,-6.437582513317466,1789986003000.0,-0.050999999046325684,651.0
110.0,654.0,77.0,96.19999694824219,106.88936138525605,662.0,155.0,1112.1500244140625,96.19999694824219,0.5,131.0,1.7910000085830688,662.0,-6.437747972086072,1789986014000.0,-0.07900000363588333,662.0
110.19999694824219,666.0,78.0,94.80000305175781,106.88929667696357,674.0,157.0,1132.3299560546875,94.80000305175781,0.5,131.0,1.819000005722046,674.0,-6.437918459996581,1789986026000.0,-0.125,674.0
109.19999694824219,678.0,79.0,94.0,106.88923330977559,686.0,158.0,1153.239990234375,94.0,0.0,130.0,1.8380000591278076,686.0,-6.438096659258008,1789986038000.0,-0.05700000002980232,686.0
109.19999694824219,679.0,79.0,94.19999694824219,106.88922861590981,687.0,158.0,1155.0999755859375,94.19999694824219,0.0,130.0,1.8380000591278076,687.0,-6.438112752512097,1789986039000.0,0.04100000113248825,687.0
108.0,688.0,79.0,94.4000015258789,106.88918880186975,696.0,158.0,1170.780029296875,94.4000015258789,0.0,132.0,1.8569999933242798,696.0,-6.438248958438635,1789986048000.0,0.039000000804662704,696.0
107.4000015258789,698.0,78.0,94.80000305175781,106.88914337195456,706.0,157.0,1188.510009765625,94.80000305175781,0.5,133.0,1.8569999933242798,706.0,-6.438402347266674,1789986058000.0,0.039000000804662704,706.0
108.80000305175781,710.0,79.0,95.4000015258789,106.88907883130014,718.0,159.0,1208.8699951171875,95.4000015258789,0.5,134.0,1.8569999933242798,718.0,-6.438574343919754,1789986070000.0,0.050999999046325684,718.0
109.5999984741211,722.0,62.0,96.80000305175781,106.88903130590916,730.0,124.0,1227.9200439453125,96.80000305175781,0.0,134.0,1.5959999561309814,730.0,-6.438739970326424,1789986082000.0,0.11500000208616257,730.0
110.19999694824219,727.0,79.0,97.5999984741211,106.88900280743837,735.0,158.0,1238.489990234375,97.5999984741211,0.0,137.0,1.753999948501587,735.0,-6.438831333070993,1789986087000.0,0.15600000321865082,735.0
111.0,730.0,79.0,98.0,106.88898797146976,738.0,158.0,1244.3399658203125,98.0,0.0,139.0,1.9129999876022339,738.0,-6.438882043585181,1789986090000.0,0.14000000059604645,738.0
112.19999694824219,742.0,78.0,100.5999984741211,106.88892829231918,750.0,156.0,1265.0,100.5999984741211,0.0,140.0,1.940999984741211,750.0,-6.439058985561132,1789986102000.0,0.210999995470047,750.0
112.0,745.0,77.0,100.80000305175781,106.88891404308379,753.0,155.0,1268.6500244140625,100.80000305175781,0.5,140.0,1.902999997138977,753.0,-6.43908865749836,1789986105000.0,0.11100000143051147,753.0
111.80000305175781,748.0,61.0,101.19999694824219,106.88890264369547,756.0,122.0,1272.2099609375,101.19999694824219,0.0,138.0,1.847000002861023,756.0,-6.439118580892682,1789986108000.0,0.13300000131130219,756.0
112.0,756.0,0.0,102.4000015258789,106.88887624070048,764.0,0.0,1282.3299560546875,102.4000015258789,0.0,136.0,1.4179999828338623,764.0,-6.439206339418888,1789986116000.0,0.14000000059604645,764.0
112.0,757.0,0.0,102.5999984741211,106.88887028954923,765.0,0.0,1283.93994140625,102.5999984741211,0.0,133.0,1.4179999828338623,765.0,-6.4392197504639626,1789986117000.0,0.11299999803304672,765.0
112.19999694824219,765.0,76.0,103.4000015258789,106.88883391208947,773.0,152.0,1296.8499755859375,103.4000015258789,0.0,130.0,1.5399999618530273,773.0,-6.43933055922389,1789986125000.0,0.11900000274181366,773.0
112.80000305175781,771.0,73.0,103.5999984741211,106.88880516216159,779.0,147.0,1305.5699462890625,103.5999984741211,0.5,134.0,1.5490000247955322,779.0,-6.439404068514705,1789986131000.0,0.009999999776482582,779.0
112.80000305175781,781.0,74.0,104.0,106.88875545747578,789.0,149.0,1320.72998046875,104.0,0.5,134.0,1.5579999685287476,789.0,-6.439531221985817,1789986141000.0,0.04699999839067459,789.0
112.80000305175781,790.0,74.0,104.5999984741211,106.88871723599732,798.0,148.0,1333.489990234375,104.5999984741211,0.0,132.0,1.5119999647140503,798.0,-6.439640186727047,1789986150000.0,0.057999998331069946,798.0
114.0,802.0,72.0,105.5999984741211,106.88866895623505,810.0,144.0,1351.989990234375,105.5999984741211,0.0,132.0,1.465000033378601,810.0,-6.439799526706338,1789986162000.0,0.0820000022649765,810.0
114.19999694824219,803.0,72.0,105.5999984741211,106.88866099342704,811.0,144.0,1353.5,105.5999984741211,0.0,132.0,1.465000033378601,811.0,-6.439810674637556,1789986163000.0,0.0689999982714653,811.0
113.5999984741211,811.0,73.0,106.0,106.88862637616694,819.0,146.0,1364.3299560546875,106.0,0.0,132.0,1.4559999704360962,819.0,-6.439901702105999,1789986171000.0,0.05700000002980232,819.0
113.5999984741211,812.0,74.0,106.19999694824219,106.88861849717796,820.0,148.0,1365.8800048828125,106.19999694824219,0.0,132.0,1.4559999704360962,820.0,-6.439913352951407,1789986172000.0,0.07000000029802322,820.0
113.80000305175781,817.0,74.0,106.5999984741211,106.88855982385576,825.0,148.0,1374.6700439453125,106.5999984741211,0.0,129.0,1.4459999799728394,825.0,-6.439966410398483,1789986177000.0,0.07999999821186066,825.0
114.19999694824219,820.0,74.0,106.5999984741211,106.88851824961603,828.0,149.0,1379.260009765625,106.5999984741211,0.5,127.0,1.4459999799728394,828.0,-6.439970098435879,1789986180000.0,0.05400000140070915,828.0
115.0,827.0,73.0,106.4000015258789,106.88846200704575,835.0,147.0,1390.02001953125,106.4000015258789,0.5,125.0,1.4739999771118164,835.0,-6.4398986008018255,1789986187000.0,-0.04100000113248825,835.0
116.0,838.0,75.0,105.19999694824219,106.88848723657429,846.0,151.0,1407.7099609375,105.19999694824219,0.5,125.0,1.5019999742507935,846.0,-6.43974051810801,1789986198000.0,-0.10300000011920929,846.0
113.80000305175781,849.0,76.0,103.5999984741211,106.88853107392788,857.0,152.0,1426.31005859375,103.5999984741211,0.0,126.0,1.5299999713897705,857.0,-6.43957925029099,1789986209000.0,-0.15299999713897705,857.0
111.0,858.0,76.0,101.5999984741211,106.88858287408948,866.0,152.0,1441.3699951171875,101.5999984741211,0.0,128.0,1.5679999589920044,866.0,-6.439453354105353,1789986218000.0,-0.21899999678134918,866.0
110.4000015258789,862.0,76.0,100.80000305175781,106.88860357739031,870.0,152.0,1448.280029296875,100.80000305175781,0.0,131.0,1.5770000219345093,870.0,-6.439394513145089,1789986222000.0,-0.21299999952316284,870.0
110.4000015258789,869.0,75.0,99.4000015258789,106.88863878138363,877.0,151.0,1459.9599609375,99.4000015258789,0.5,130.0,1.6050000190734863,877.0,-6.439295019954443,1789986229000.0,-0.18299999833106995,877.0
109.80000305175781,879.0,77.0,97.4000015258789,106.88869351521134,887.0,154.0,1477.2099609375,97.4000015258789,0.0,129.0,1.6239999532699585,887.0,-6.439149510115385,1789986239000.0,-0.210999995470047,887.0
108.5999984741211,891.0,77.0,95.4000015258789,106.8887544516474,899.0,155.0,1498.489990234375,95.4000015258789,0.5,129.0,1.6519999504089355,899.0,-6.438967622816563,1789986251000.0,-0.16599999368190765,899.0
108.5999984741211,892.0,77.0,95.19999694824219,106.8887597322464,900.0,155.0,1500.4100341796875,95.19999694824219,0.5,129.0,1.6519999504089355,900.0,-6.438951110467315,1789986252000.0,-0.20200000703334808,900.0
109.0,896.0,77.0,94.4000015258789,106.88877649605274,904.0,155.0,1506.97998046875,94.4000015258789,0.5,128.0,1.6699999570846558,904.0,-6.4388946164399385,1789986256000.0,-0.17900000512599945,904.0
109.5999984741211,899.0,63.0,94.0,106.88878454267979,907.0,127.0,1511.239990234375,94.0,0.5,128.0,1.6799999475479126,907.0,-6.438856897875667,1789986259000.0,-0.1420000046491623,907.0
110.0,909.0,57.0,93.80000305175781,106.88882578164339,917.0,115.0,1524.9599609375,93.80000305175781,0.5,128.0,1.4559999704360962,917.0,-6.438739970326424,1789986269000.0,-0.02500000037252903,917.0
109.5999984741211,914.0,57.0,94.0,106.88886006362736,922.0,115.0,1536.9300537109375,94.0,0.5,131.0,1.465000033378601,922.0,-6.438637794926763,1789986274000.0,0.04899999871850014,922.0
109.5999984741211,915.0,89.0,94.0,106.88886827789247,923.0,179.0,1541.0,94.0,0.5,132.0,1.5299999713897705,923.0,-6.43860200420022,1789986275000.0,0.05900000035762787,923.0
109.0,919.0,92.0,94.0,106.88891923986375,927.0,184.0,1556.550048828125,94.0,0.0,135.0,3.7980000972747803,927.0,-6.438471078872681,1789986279000.0,-0.01899999938905239,927.0
108.80000305175781,921.0,95.0,94.0,106.88894388265908,929.0,190.0,1564.22998046875,94.0,0.0,138.0,3.4709999561309814,929.0,-6.438406202942133,1789986281000.0,-0.02800000086426735,929.0
108.4000015258789,924.0,93.0,93.80000305175781,106.8889719620347,932.0,186.0,1576.5999755859375,93.80000305175781,0.0,141.0,3.7320001125335693,932.0,-6.438297908753157,1789986284000.0,-0.04699999839067459,932.0
108.5999984741211,927.0,94.0,92.80000305175781,106.88900465145707,935.0,188.0,1588.5799560546875,92.80000305175781,0.0,144.0,3.881999969482422,935.0,-6.438194559887052,1789986287000.0,-0.3440000116825104,935.0
108.80000305175781,929.0,95.0,92.19999694824219,106.88902443274856,937.0,191.0,1596.5799560546875,92.19999694824219,0.5,146.0,3.9189999103546143,937.0,-6.438124906271696,1789986289000.0,-0.26899999380111694,937.0
109.0,930.0,95.0,92.0,106.889030886814,938.0,191.0,1600.469970703125,92.0,0.5,147.0,3.9189999103546143,938.0,-6.438090372830629,1789986290000.0,-0.30300000309944153,938.0
109.4000015258789,933.0,94.0,91.80000305175781,106.88905418850482,941.0,188.0,1609.239990234375,91.80000305175781,0.0,150.0,3.7139999866485596,941.0,-6.438014432787895,1789986293000.0,-0.07500000298023224,941.0
109.5999984741211,935.0,94.0,92.0,106.88906542025506,943.0,188.0,1612.469970703125,92.0,0.0,153.0,3.5460000038146973,943.0,-6.437987443059683,1789986295000.0,0.10899999737739563,943.0
109.80000305175781,942.0,94.0,92.4000015258789,106.88909769058228,950.0,188.0,1621.4100341796875,92.4000015258789,0.0,156.0,1.8849999904632568,950.0,-6.43791301175952,1789986302000.0,0.06300000101327896,950.0
109.0,945.0,58.0,92.4000015258789,106.88911051489413,953.0,117.0,1625.4300537109375,92.4000015258789,0.5,155.0,1.6699999570846558,953.0,-6.43787881359458,1789986305000.0,0.035999998450279236,953.0
107.4000015258789,950.0,58.0,92.80000305175781,106.88913851045072,958.0,117.0,1632.2099609375,92.80000305175781,0.5,152.0,1.4279999732971191,958.0,-6.43782458268106,1789986310000.0,0.06199999898672104,958.0
107.4000015258789,951.0,59.0,92.80000305175781,106.88913968391716,959.0,119.0,1633.3699951171875,92.80000305175781,0.5,151.0,1.409000039100647,959.0,-6.437814189121127,1789986311000.0,-0.01600000075995922,959.0
107.19999694824219,953.0,58.0,92.80000305175781,106.88914446160197,961.0,117.0,1636.0400390625,92.80000305175781,0.5,150.0,1.38100004196167,961.0,-6.437790468335152,1789986313000.0,0.0,961.0
107.5999984741211,957.0,0.0,93.19999694824219,106.88916591927409,965.0,0.0,1642.0899658203125,93.19999694824219,0.0,147.0,1.371999979019165,965.0,-6.437740009278059,1789986317000.0,0.08799999952316284,965.0
107.80000305175781,959.0,0.0,93.4000015258789,106.88917907886207,967.0,0.0,1645.260009765625,93.4000015258789,0.0,144.0,1.371999979019165,967.0,-6.437714276835322,1789986319000.0,0.16500000655651093,967.0
108.5999984741211,962.0,58.0,94.0,106.88920238055289,970.0,117.0,1650.300048828125,94.0,0.5,144.0,1.3899999856948853,970.0,-6.437675133347511,1789986322000.0,0.18700000643730164,970.0
109.80000305175781,968.0,56.0,94.80000305175781,106.88922769390047,976.0,113.0,1659.75,94.80000305175781,0.5,141.0,1.465000033378601,976.0,-6.437593409791589,1789986328000.0,0.125,976.0
110.0,971.0,56.0,95.19999694824219,106.88924420624971,979.0,113.0,1664.6700439453125,95.19999694824219,0.5,139.0,1.5019999742507935,979.0,-6.437552003189921,1789986331000.0,0.14900000393390656,979.0
110.0,973.0,58.0,95.4000015258789,106.88924822956324,981.0,116.0,1667.1199951171875,95.4000015258789,0.0,138.0,1.5119999647140503,981.0,-6.437530629336834,1789986333000.0,0.07500000298023224,981.0
110.0,974.0,58.0,95.5999984741211,106.88925577327609,982.0,116.0,1668.239990234375,95.5999984741211,0.0,138.0,1.5210000276565552,982.0,-6.43752358853817,1789986334000.0,0.16099999845027924,982.0
109.4000015258789,977.0,0.0,96.0,106.88927396200597,985.0,0.0,1673.75,96.0,0.0,137.0,1.5210000276565552,985.0,-6.437477068975568,1789986337000.0,0.14499999582767487,985.0
108.5999984741211,981.0,96.0,95.4000015258789,106.88932282850146,989.0,193.0,1690.1700439453125,95.4000015258789,0.5,136.0,3.5920000076293945,989.0,-6.437336839735508,1789986341000.0,-0.11900000274181366,989.0
108.19999694824219,986.0,94.0,94.4000015258789,106.88938954845071,994.0,188.0,1711.52001953125,94.4000015258789,0.0,140.0,4.301000118255615,994.0,-6.437155706807971,1789986346000.0,-0.22300000488758087,994.0
108.0,987.0,94.0,93.80000305175781,106.88940329477191,995.0,188.0,1715.5799560546875,93.80000305175781,0.0,143.0,4.301000118255615,995.0,-6.4371216762810946,1789986347000.0,-0.46399998664855957,995.0
107.80000305175781,988.0,95.0,93.4000015258789,106.88941980712116,996.0,190.0,1719.719970703125,93.4000015258789,0.0,146.0,4.339000225067139,996.0,-6.437088064849377,1789986348000.0,-0.4269999861717224,996.0
107.4000015258789,990.0,95.0,92.80000305175781,106.8894624710083,998.0,190.0,1727.8699951171875,92.80000305175781,0.0,150.0,4.2270002365112305,998.0,-6.4370280504226685,1789986350000.0,-0.3100000023841858,998.0
107.19999694824219,992.0,94.0,92.4000015258789,106.88951309770346,1000.0,188.0,1736.1700439453125,92.4000015258789,0.0,153.0,4.086999893188477,1000.0,-6.436972562223673,1789986352000.0,-0.22599999606609344,1000.0
107.0,994.0,94.0,92.19999694824219,106.8895713519305,1002.0,188.0,1744.68994140625,92.19999694824219,0.0,155.0,4.021999835968018,1002.0,-6.43692210316658,1789986354000.0,-0.07100000232458115,1002.0
107.19999694824219,996.0,94.0,92.80000305175781,106.88962114043534,1004.0,188.0,1752.27001953125,92.80000305175781,0.0,158.0,3.9839999675750732,1004.0,-6.436874913051724,1789986356000.0,0.27300000190734863,1004.0
107.80000305175781,998.0,94.0,93.19999694824219,106.88966078683734,1006.0,188.0,1758.280029296875,93.19999694824219,0.0,161.0,3.947000026702881,1006.0,-6.436837697401643,1789986358000.0,0.21799999475479126,1006.0
108.0,1000.0,94.0,93.5999984741211,106.88968962058425,1008.0,188.0,1763.1300048828125,93.5999984741211,0.0,163.0,3.6760001182556152,1008.0,-6.436804756522179,1789986360000.0,0.14800000190734863,1008.0
108.0,1004.0,88.0,93.80000305175781,106.88973270356655,1012.0,176.0,1772.0,93.80000305175781,0.0,166.0,2.2109999656677246,1012.0,-6.436737030744553,1789986364000.0,0.07599999755620956,1012.0
108.0,1007.0,88.0,94.0,106.88975734636188,1015.0,176.0,1777.300048828125,94.0,0.0,168.0,2.2209999561309814,1015.0,-6.43669587559998,1789986367000.0,0.028999999165534973,1015.0
108.0,1013.0,58.0,94.19999694824219,106.88979053869843,1021.0,117.0,1788.010009765625,94.19999694824219,0.5,166.0,1.8940000534057617,1021.0,-6.436605015769601,1789986373000.0,0.06199999898672104,1021.0
108.80000305175781,1017.0,62.0,94.80000305175781,106.88980638049543,1025.0,125.0,1794.5699462890625,94.80000305175781,0.5,163.0,1.781999945640564,1025.0,-6.436547599732876,1789986377000.0,0.13699999451637268,1025.0
110.0,1023.0,61.0,95.80000305175781,106.88983504660428,1031.0,123.0,1805.1199951171875,95.80000305175781,0.5,161.0,1.753999948501587,1031.0,-6.436456488445401,1789986383000.0,0.15000000596046448,1031.0
110.19999694824219,1026.0,61.0,96.0,106.88984208740294,1034.0,123.0,1809.8800048828125,96.0,0.5,158.0,1.7359999418258667,1034.0,-6.436413824558258,1789986386000.0,0.07699999958276749,1034.0
109.80000305175781,1029.0,61.0,96.19999694824219,106.8898507207632,1037.0,123.0,1814.9000244140625,96.19999694824219,0.5,157.0,1.7259999513626099,1037.0,-6.4363692328333855,1789986389000.0,0.0820000022649765,1037.0
110.0,1038.0,61.0,97.19999694824219,106.88989128917456,1046.0,122.0,1829.949951171875,97.19999694824219,0.0,154.0,1.7259999513626099,1046.0,-6.436239564791322,1789986398000.0,0.10499999672174454,1046.0
110.19999694824219,1039.0,61.0,97.4000015258789,106.88989791087806,1047.0,122.0,1831.93994140625,97.4000015258789,0.0,153.0,1.7170000076293945,1047.0,-6.436222800984979,1789986399000.0,0.14499999582767487,1047.0
110.4000015258789,1041.0,124.0,97.5999984741211,106.88991668634117,1049.0,248.0,1836.68994140625,97.5999984741211,0.0,150.0,1.7170000076293945,1049.0,-6.436184160411358,1789986401000.0,0.17299999296665192,1049.0
110.5999984741211,1043.0,95.0,98.19999694824219,106.88994334079325,1051.0,190.0,1844.6700439453125,98.19999694824219,0.0,149.0,1.753999948501587,1051.0,-6.436117021366954,1789986403000.0,0.28999999165534973,1051.0
111.0,1048.0,94.0,97.5999984741211,106.89001291058958,1056.0,188.0,1864.8800048828125,97.5999984741211,0.0,151.0,3.9560000896453857,1056.0,-6.435948209837079,1789986408000.0,-0.125,1056.0
111.0,1049.0,94.0,97.4000015258789,106.89002682454884,1057.0,188.0,1869.0999755859375,97.4000015258789,0.0,152.0,3.9560000896453857,1057.0,-6.435912670567632,1789986409000.0,-0.20600000023841858,1057.0
111.0,1051.0,93.0,96.80000305175781,106.89005800522864,1059.0,186.0,1878.4300537109375,96.80000305175781,0.0,155.0,3.8440001010894775,1059.0,-6.435834215953946,1789986411000.0,-0.28299999237060547,1059.0
111.0,1054.0,93.0,96.4000015258789,106.89010486006737,1062.0,186.0,1891.010009765625,96.4000015258789,0.0,159.0,3.947000026702881,1062.0,-6.435730615630746,1789986414000.0,-0.1589999943971634,1062.0
111.19999694824219,1057.0,93.0,95.5999984741211,106.89016797579825,1065.0,186.0,1903.530029296875,95.5999984741211,0.0,161.0,4.050000190734863,1065.0,-6.4356370735913515,1789986417000.0,-0.2879999876022339,1065.0
111.19999694824219,1059.0,93.0,95.0,106.89022329635918,1067.0,186.0,1912.0899658203125,95.0,0.0,163.0,4.059000015258789,1067.0,-6.435582926496863,1789986419000.0,-0.2939999997615814,1067.0
111.5999984741211,1061.0,92.0,94.4000015258789,106.89028590917587,1069.0,184.0,1920.27001953125,94.4000015258789,0.0,166.0,4.067999839782715,1069.0,-6.435543531551957,1789986421000.0,-0.2540000081062317,1069.0
112.5999984741211,1063.0,91.0,94.19999694824219,106.89032848924398,1071.0,183.0,1926.18994140625,94.19999694824219,0.5,169.0,4.059000015258789,1071.0,-6.43551092594862,1789986423000.0,-0.09799999743700027,1071.0
113.19999694824219,1065.0,91.0,94.0,106.89036143012345,1073.0,183.0,1930.260009765625,94.0,0.5,172.0,2.9760000705718994,1073.0,-6.435495167970657,1789986425000.0,-0.05900000035762787,1073.0
113.5999984741211,1068.0,91.0,94.0,106.89040828496218,1076.0,183.0,1935.6400146484375,94.0,0.5,175.0,2.239000082015991,1076.0,-6.435482343658805,1789986428000.0,-0.0560000017285347,1076.0
113.19999694824219,1073.0,60.0,93.5999984741211,106.89047458581626,1081.0,120.0,1943.8599853515625,93.5999984741211,0.0,172.0,1.8009999990463257,1081.0,-6.435448732227087,1789986433000.0,-0.04800000041723251,1081.0
113.0,1075.0,58.0,93.5999984741211,106.89049830660224,1083.0,116.0,1946.8699951171875,93.5999984741211,0.0,170.0,1.6979999542236328,1083.0,-6.435435488820076,1789986435000.0,-0.007000000216066837,1083.0
113.4000015258789,1082.0,56.0,93.80000305175781,106.89058128744364,1090.0,113.0,1956.6099853515625,93.80000305175781,0.5,167.0,1.5679999589920044,1090.0,-6.435407409444451,1789986442000.0,0.014000000432133675,1090.0
113.4000015258789,1085.0,56.0,93.80000305175781,106.89060970209539,1093.0,113.0,1959.969970703125,93.80000305175781,0.5,166.0,1.5579999685287476,1093.0,-6.435397183522582,1789986445000.0,0.009999999776482582,1093.0
111.4000015258789,1095.0,56.0,93.80000305175781,106.89072612673044,1103.0,113.0,1974.06005859375,93.80000305175781,0.5,163.0,1.4179999828338623,1103.0,-6.435346640646458,1789986455000.0,0.006000000052154064,1103.0
111.4000015258789,1096.0,56.0,93.80000305175781,106.89073928631842,1104.0,113.0,1975.5799560546875,93.80000305175781,0.5,163.0,1.4179999828338623,1104.0,-6.435342449694872,1789986456000.0,0.017000000923871994,1104.0
110.5999984741211,1100.0,56.0,94.0,106.89079343341291,1108.0,113.0,1981.969970703125,94.0,0.5,160.0,1.437000036239624,1108.0,-6.435322500765324,1789986460000.0,0.013000000268220901,1108.0
109.4000015258789,1104.0,58.0,94.0,106.89084213227034,1112.0,116.0,1987.8499755859375,94.0,0.0,157.0,1.465000033378601,1112.0,-6.43530179746449,1789986464000.0,0.007000000216066837,1112.0
107.80000305175781,1110.0,0.0,94.5999984741211,106.89099543727934,1118.0,0.0,2005.739990234375,94.5999984741211,0.0,154.0,2.9670000076293945,1118.0,-6.435249745845795,1789986470000.0,0.10199999809265137,1118.0
107.4000015258789,1115.0,94.0,96.0,106.89119542948902,1123.0,188.0,2029.030029296875,96.0,0.0,155.0,3.8259999752044678,1123.0,-6.435184450820088,1789986475000.0,0.2939999997615814,1123.0
107.19999694824219,1118.0,93.0,97.19999694824219,106.89129198901355,1126.0,186.0,2040.5,97.19999694824219,0.0,156.0,3.7980000972747803,1126.0,-6.435146816074848,1789986478000.0,0.3659999966621399,1126.0
107.19999694824219,1120.0,93.0,98.0,106.89135518856347,1128.0,186.0,2048.10009765625,98.0,0.0,160.0,3.8259999752044678,1128.0,-6.435119826346636,1789986480000.0,0.39100000262260437,1128.0
107.4000015258789,1123.0,95.0,98.5999984741211,106.89145593903959,1131.0,190.0,2060.780029296875,98.5999984741211,0.0,163.0,3.871999979019165,1131.0,-6.435065092518926,1789986483000.0,0.23199999332427979,1131.0
107.4000015258789,1124.0,94.0,98.5999984741211,106.89147639088333,1132.0,188.0,2064.090087890625,98.5999984741211,0.0,166.0,3.927999973297119,1132.0,-6.43504329957068,1789986484000.0,-0.01899999938905239,1132.0
107.4000015258789,1125.0,94.0,98.4000015258789,106.89150572754443,1133.0,188.0,2068.800048828125,98.4000015258789,0.0,167.0,3.927999973297119,1133.0,-6.435012370347977,1789986485000.0,-0.08100000023841858,1133.0
107.5999984741211,1127.0,92.0,98.19999694824219,106.8915447872132,1135.0,184.0,2075.139892578125,98.19999694824219,0.0,170.0,3.9100000858306885,1135.0,-6.434970460832119,1789986487000.0,-0.0989999994635582,1135.0
108.19999694824219,1130.0,91.0,98.4000015258789,106.89158636145294,1138.0,182.0,2081.570068359375,98.4000015258789,0.0,172.0,2.7249999046325684,1138.0,-6.434929808601737,1789986490000.0,0.050999999046325684,1138.0
108.4000015258789,1132.0,91.0,98.5999984741211,106.89161100424826,1140.0,182.0,2085.360107421875,98.5999984741211,0.0,175.0,2.0810000896453857,1140.0,-6.434906087815762,1789986492000.0,0.04600000008940697,1140.0
109.4000015258789,1138.0,59.0,98.80000305175781,106.8916800711304,1146.0,118.0,2095.18994140625,98.80000305175781,0.0,174.0,1.6519999504089355,1146.0,-6.434851102530956,1789986498000.0,0.05000000074505806,1146.0
110.5999984741211,1140.0,0.0,98.80000305175781,106.89169691875577,1148.0,0.0,2098.360107421875,98.80000305175781,0.0,171.0,1.5679999589920044,1148.0,-6.434827214106917,1789986500000.0,0.017999999225139618,1148.0
112.4000015258789,1145.0,53.0,99.0,106.8917421810329,1153.0,106.0,2105.60009765625,99.0,0.0,169.0,1.4559999704360962,1153.0,-6.434781448915601,1789986505000.0,0.03200000151991844,1153.0
112.19999694824219,1153.0,0.0,99.19999694824219,106.89181057736278,1161.0,0.0,2115.989990234375,99.19999694824219,0.0,166.0,1.409000039100647,1161.0,-6.434716489166021,1789986513000.0,0.017000000923871994,1161.0
110.80000305175781,1160.0,0.0,99.4000015258789,106.89186740666628,1168.0,0.0,2124.5400390625,99.4000015258789,0.0,163.0,1.3619999885559082,1168.0,-6.434663264080882,1789986520000.0,0.023000000044703484,1168.0
110.80000305175781,1162.0,57.0,99.4000015258789,106.89188182353973,1170.0,114.0,2126.9599609375,99.4000015258789,0.0,163.0,1.3530000448226929,1170.0,-6.434647589921951,1789986522000.0,0.026000000536441803,1170.0
112.80000305175781,1169.0,58.0,99.5999984741211,106.89195457845926,1177.0,116.0,2137.239990234375,99.5999984741211,0.0,162.0,1.343999981880188,1177.0,-6.434589754790068,1789986529000.0,0.03700000047683716,1177.0
113.0,1170.0,58.0,99.5999984741211,106.89196329563856,1178.0,116.0,2138.699951171875,99.5999984741211,0.0,162.0,1.3530000448226929,1178.0,-6.434579864144325,1789986530000.0,0.03099999949336052,1178.0
113.19999694824219,1174.0,99.0,100.0,106.89205951988697,1182.0,198.0,2154.3701171875,100.0,0.0,162.0,1.4279999732971191,1182.0,-6.434475928544998,1789986534000.0,0.06400000303983688,1182.0
113.4000015258789,1179.0,94.0,98.0,106.89216747879982,1187.0,188.0,2174.8798828125,98.0,0.0,162.0,3.6760001182556152,1187.0,-6.43432647921145,1789986539000.0,-0.37700000405311584,1187.0
113.0,1184.0,96.0,95.19999694824219,106.89228440634906,1192.0,192.0,2197.969970703125,95.19999694824219,0.0,163.0,4.189000129699707,1192.0,-6.434153309091926,1789986544000.0,-0.5619999766349792,1192.0
112.0,1187.0,95.0,93.0,106.89233209937811,1195.0,190.0,2211.64990234375,93.0,0.0,166.0,4.1519999504089355,1195.0,-6.4340390637516975,1789986547000.0,-0.734000027179718,1195.0
111.4000015258789,1189.0,96.0,91.5999984741211,106.89235908910632,1197.0,192.0,2221.840087890625,91.5999984741211,0.0,168.0,4.2829999923706055,1197.0,-6.433950886130333,1789986549000.0,-0.7450000047683716,1197.0
111.0,1191.0,95.0,90.19999694824219,106.89237484708428,1199.0,190.0,2230.989990234375,90.19999694824219,0.0,171.0,4.320000171661377,1199.0,-6.433869581669569,1789986551000.0,-0.6949999928474426,1199.0
110.4000015258789,1194.0,94.0,90.19999694824219,106.89239504747093,1202.0,188.0,2238.919921875,90.19999694824219,0.0,174.0,4.2729997634887695,1202.0,-6.433801017701626,1789986554000.0,0.017000000923871994,1202.0
110.19999694824219,1195.0,94.0,90.19999694824219,106.89240259118378,1203.0,188.0,2240.080078125,90.19999694824219,0.0,174.0,2.9860000610351562,1203.0,-6.433793557807803,1789986555000.0,0.027000000700354576,1203.0
109.80000305175781,1196.0,94.0,90.19999694824219,106.89241407439113,1204.0,188.0,2241.429931640625,90.19999694824219,0.0,175.0,2.3329999446868896,1204.0,-6.433789115399122,1789986556000.0,0.061000000685453415,1204.0
108.4000015258789,1199.0,94.0,90.4000015258789,106.89245221205056,1207.0,188.0,2245.75,90.4000015258789,0.0,178.0,1.6610000133514404,1207.0,-6.433789869770408,1789986559000.0,0.04600000008940697,1207.0
107.80000305175781,1201.0,94.0,90.5999984741211,106.89247182570398,1209.0,188.0,2247.93994140625,90.5999984741211,0.0,177.0,1.875,1209.0,-6.433794479817152,1789986561000.0,0.03500000014901161,1209.0
107.0,1204.0,0.0,90.5999984741211,106.89250904135406,1212.0,0.0,2252.050048828125,90.5999984741211,0.0,176.0,1.4739999771118164,1212.0,-6.433793641626835,1789986564000.0,0.04500000178813934,1212.0
106.5999984741211,1208.0,0.0,90.80000305175781,106.89254776574671,1216.0,0.0,2259.550048828125,90.80000305175781,0.0,175.0,1.3530000448226929,1216.0,-6.433846028521657,1789986568000.0,0.03500000014901161,1216.0
106.0,1212.0,59.0,91.4000015258789,106.89253997057676,1220.0,119.0,2266.97998046875,91.4000015258789,0.5,172.0,1.38100004196167,1220.0,-6.433911910280585,1789986572000.0,0.17900000512599945,1220.0
105.4000015258789,1215.0,54.0,92.0,106.89252672716975,1223.0,109.0,2270.89990234375,92.0,0.5,172.0,1.4179999828338623,1223.0,-6.433945270255208,1789986575000.0,0.18400000035762787,1223.0
105.0,1216.0,54.0,92.19999694824219,106.89252890646458,1224.0,109.0,2271.97998046875,92.19999694824219,0.5,172.0,1.4179999828338623,1224.0,-6.4339563343673944,1789986576000.0,0.10499999672174454,1224.0
103.5999984741211,1222.0,54.0,92.5999984741211,106.89250451512635,1230.0,109.0,2280.419921875,92.5999984741211,0.5,169.0,1.4179999828338623,1230.0,-6.434028502553701,1789986582000.0,0.05900000035762787,1230.0
103.80000305175781,1228.0,0.0,92.5999984741211,106.8924911879003,1236.0,0.0,2288.830078125,92.5999984741211,0.0,167.0,1.4179999828338623,1236.0,-6.434102598577738,1789986588000.0,0.03200000151991844,1236.0
104.4000015258789,1234.0,0.0,93.4000015258789,106.89246620982885,1242.0,0.0,2298.429931640625,93.4000015258789,0.0,164.0,1.437000036239624,1242.0,-6.434185663238168,1789986594000.0,0.10499999672174454,1242.0
104.80000305175781,1237.0,0.0,94.4000015258789,106.89242832362652,1245.0,0.0,2306.360107421875,94.4000015258789,0.0,164.0,1.4459999799728394,1245.0,-6.434246515855193,1789986597000.0,0.328000009059906,1245.0
104.5999984741211,1243.0,93.0,97.0,106.89230888150632,1251.0,186.0,2326.719970703125,97.0,0.0,163.0,3.490000009536743,1251.0,-6.43438657745719,1789986603000.0,0.4410000145435333,1251.0
103.4000015258789,1249.0,91.0,98.5999984741211,106.89218994230032,1257.0,182.0,2348.330078125,98.5999984741211,0.0,166.0,3.1070001125335693,1257.0,-6.434541307389736,1789986609000.0,0.2619999945163727,1257.0
102.80000305175781,1250.0,91.0,98.80000305175781,106.89217091538012,1258.0,182.0,2351.18994140625,98.80000305175781,0.0,168.0,3.1070001125335693,1258.0,-6.434558657929301,1789986610000.0,0.20499999821186066,1258.0
100.5999984741211,1254.0,91.0,99.80000305175781,106.89207259565592,1262.0,182.0,2366.820068359375,99.80000305175781,0.0,171.0,3.125999927520752,1262.0,-6.43465974368155,1789986614000.0,0.26499998569488525,1262.0
99.5999984741211,1256.0,90.0,100.0,106.89203672111034,1264.0,180.0,2373.7900390625,100.0,0.0,174.0,3.1540000438690186,1264.0,-6.434711627662182,1789986616000.0,0.08799999952316284,1264.0
99.0,1257.0,90.0,100.0,106.89201710745692,1265.0,180.0,2377.3701171875,100.0,0.0,175.0,3.1540000438690186,1265.0,-6.434737276285887,1789986617000.0,0.02199999988079071,1265.0
98.19999694824219,1260.0,89.0,100.0,106.89197570085526,1268.0,178.0,2384.1298828125,100.0,0.0,178.0,3.003999948501587,1268.0,-6.434782287105918,1789986620000.0,0.004000000189989805,1268.0
98.0,1262.0,89.0,100.0,106.89195449464023,1270.0,178.0,2387.81005859375,100.0,0.0,181.0,2.127000093460083,1270.0,-6.434807935729623,1789986622000.0,0.0,1270.0
99.80000305175781,1269.0,57.0,100.0,106.89187729731202,1277.0,115.0,2399.6298828125,100.0,0.5,180.0,1.5399999618530273,1277.0,-6.434882115572691,1789986629000.0,0.0,1277.0
102.0,1275.0,55.0,100.0,106.89182482659817,1283.0,111.0,2407.989990234375,100.0,0.5,177.0,1.5019999742507935,1283.0,-6.434936011210084,1789986635000.0,0.0,1283.0
102.80000305175781,1280.0,0.0,100.0,106.89178333617747,1288.0,0.0,2415.22998046875,100.0,0.0,175.0,1.4839999675750732,1288.0,-6.43498613499105,1789986640000.0,0.012000000104308128,1288.0
103.4000015258789,1283.0,0.0,100.19999694824219,106.89175081439316,1291.0,0.0,2419.280029296875,100.19999694824219,0.0,172.0,1.4739999771118164,1291.0,-6.435003569349647,1789986643000.0,0.02500000037252903,1291.0
103.5999984741211,1285.0,0.0,100.19999694824219,106.89172617159784,1293.0,0.0,2422.409912109375,100.19999694824219,0.0,171.0,1.465000033378601,1293.0,-6.43501840531826,1789986645000.0,0.017999999225139618,1293.0
103.4000015258789,1287.0,53.0,100.19999694824219,106.89170739613473,1295.0,107.0,2425.050048828125,100.19999694824219,0.5,170.0,1.465000033378601,1295.0,-6.435033660382032,1789986647000.0,0.041999999433755875,1295.0
104.0,1295.0,57.0,100.80000305175781,106.89164319075644,1303.0,114.0,2435.8798828125,100.80000305175781,0.0,169.0,1.4839999675750732,1303.0,-6.435107504948974,1789986655000.0,0.07500000298023224,1303.0
104.4000015258789,1299.0,56.0,101.0,106.8916039634496,1307.0,112.0,2441.070068359375,101.0,0.0,168.0,1.4559999704360962,1307.0,-6.435133907943964,1789986659000.0,0.024000000208616257,1307.0
104.5999984741211,1302.0,56.0,101.0,106.89154990017414,1310.0,112.0,2447.590087890625,101.0,0.0,166.0,1.4559999704360962,1310.0,-6.435158383101225,1789986662000.0,-0.012000000104308128,1310.0
105.19999694824219,1306.0,95.0,100.4000015258789,106.89143422991037,1314.0,190.0,2461.820068359375,100.4000015258789,0.0,163.0,3.2190001010894775,1314.0,-6.435214960947633,1789986666000.0,-0.11900000274181366,1314.0
105.19999694824219,1307.0,93.0,100.19999694824219,106.89141000621021,1315.0,186.0,2464.7099609375,100.19999694824219,0.0,163.0,3.443000078201294,1315.0,-6.435224683955312,1789986667000.0,-0.20900000631809235,1315.0
103.80000305175781,1313.0,91.0,98.80000305175781,106.89123180694878,1321.0,182.0,2486.570068359375,98.80000305175781,0.0,164.0,3.0139999389648438,1321.0,-6.4353119395673275,1789986673000.0,-0.24899999797344208,1321.0
103.5999984741211,1316.0,91.0,97.5999984741211,106.89114178530872,1324.0,182.0,2497.139892578125,97.5999984741211,0.0,165.0,3.2839999198913574,1324.0,-6.435344461351633,1789986676000.0,-0.40799999237060547,1324.0
103.5999984741211,1319.0,91.0,96.19999694824219,106.89103994518518,1327.0,182.0,2509.080078125,96.19999694824219,0.0,166.0,3.38700008392334,1327.0,-6.435381341725588,1789986679000.0,-0.40799999237060547,1327.0
103.80000305175781,1321.0,89.0,95.4000015258789,106.89097255468369,1329.0,178.0,2517.0400390625,95.4000015258789,0.0,169.0,3.443000078201294,1329.0,-6.435406403616071,1789986681000.0,-0.39500001072883606,1329.0
103.5999984741211,1323.0,89.0,95.19999694824219,106.89093550667167,1331.0,178.0,2521.68994140625,95.19999694824219,0.0,173.0,3.434000015258789,1331.0,-6.435426855459809,1789986683000.0,-0.1589999943971634,1331.0
103.19999694824219,1325.0,89.0,95.19999694824219,106.8909062538296,1333.0,179.0,2525.2900390625,95.19999694824219,0.5,176.0,2.490999937057495,1333.0,-6.435441272333264,1789986685000.0,-0.0010000000474974513,1333.0
102.5999984741211,1329.0,59.0,95.19999694824219,106.89085269346833,1337.0,119.0,2531.800048828125,95.19999694824219,0.5,179.0,2.0899999141693115,1337.0,-6.435467340052128,1789986689000.0,-0.0010000000474974513,1337.0
102.5999984741211,1331.0,58.0,95.19999694824219,106.89082503318787,1339.0,117.0,2535.110107421875,95.19999694824219,0.5,179.0,1.8940000534057617,1339.0,-6.435480415821075,1789986691000.0,-0.003000000026077032,1339.0
102.4000015258789,1338.0,57.0,95.0,106.89073015004396,1346.0,115.0,2546.10009765625,95.0,0.5,176.0,1.6050000190734863,1346.0,-6.435510003939271,1789986698000.0,-0.017999999225139618,1346.0
102.4000015258789,1339.0,57.0,95.0,106.89072059467435,1347.0,115.0,2547.31005859375,95.0,0.5,175.0,1.6050000190734863,1347.0,-6.435515955090523,1789986699000.0,0.00800000037997961,1347.0
103.4000015258789,1346.0,55.0,95.0,106.89065471291542,1354.0,111.0,2555.530029296875,95.0,0.5,172.0,1.5399999618530273,1354.0,-6.4355516619980335,1789986706000.0,0.0,1354.0
104.4000015258789,1354.0,54.0,95.0,106.890555806458,1362.0,109.0,2567.06005859375,95.0,0.5,169.0,1.465000033378601,1362.0,-6.435584854334593,1789986714000.0,-0.013000000268220901,1362.0
105.19999694824219,1361.0,56.0,95.0,106.89047768712044,1369.0,113.0,2576.35009765625,95.0,0.5,166.0,1.465000033378601,1369.0,-6.435617795214057,1789986721000.0,-0.006000000052154064,1369.0
105.0,1362.0,57.0,95.0,106.89046461135149,1370.0,115.0,2577.969970703125,95.0,0.5,166.0,1.465000033378601,1370.0,-6.435624752193689,1789986722000.0,0.003000000026077032,1370.0
104.80000305175781,1364.0,57.0,95.0,106.89043703489006,1372.0,115.0,2581.340087890625,95.0,0.5,166.0,1.465000033378601,1372.0,-6.4356379956007,1789986724000.0,-0.0020000000949949026,1372.0
104.5999984741211,1368.0,87.0,95.19999694824219,106.89034692943096,1376.0,175.0,2591.969970703125,95.19999694824219,0.5,163.0,1.4930000305175781,1376.0,-6.4356726966798306,1789986728000.0,0.052000001072883606,1376.0
104.80000305175781,1369.0,89.0,95.4000015258789,106.89031424000859,1377.0,179.0,2596.1298828125,95.4000015258789,0.5,163.0,1.5210000276565552,1377.0,-6.435691304504871,1789986729000.0,0.25200000405311584,1377.0
105.19999694824219,1373.0,92.0,96.5999984741211,106.89023670740426,1381.0,184.0,2612.679931640625,96.5999984741211,0.0,165.0,3.4149999618530273,1381.0,-6.435817368328571,1789986733000.0,0.296999990940094,1381.0
105.80000305175781,1377.0,98.0,97.80000305175781,106.89016009680927,1385.0,196.0,2630.25,97.80000305175781,0.0,167.0,3.507999897003174,1385.0,-6.435956424102187,1789986737000.0,0.3190000057220459,1385.0
105.80000305175781,1378.0,98.0,98.19999694824219,106.89014417119324,1386.0,196.0,2634.580078125,98.19999694824219,0.0,167.0,3.630000114440918,1386.0,-6.43599221482873,1789986738000.0,0.3149999976158142,1386.0
105.0,1382.0,96.0,98.80000305175781,106.8900896050036,1390.0,192.0,2651.4599609375,98.80000305175781,0.0,170.0,3.759999990463257,1390.0,-6.436134539544582,1789986742000.0,0.164000004529953,1390.0
104.80000305175781,1383.0,96.0,98.5999984741211,106.89007803797722,1391.0,192.0,2655.39990234375,98.5999984741211,0.0,171.0,3.759999990463257,1391.0,-6.436168234795332,1789986743000.0,-0.125,1391.0
104.4000015258789,1384.0,95.0,98.5999984741211,106.89006990753114,1392.0,190.0,2658.43994140625,98.5999984741211,0.0,172.0,3.7039999961853027,1392.0,-6.436194470152259,1789986744000.0,-0.08799999952316284,1392.0
103.80000305175781,1387.0,91.0,98.19999694824219,106.89003654755652,1395.0,182.0,2669.909912109375,98.19999694824219,0.0,175.0,3.7230000495910645,1395.0,-6.436293041333556,1789986747000.0,-0.11999999731779099,1395.0
103.80000305175781,1389.0,91.0,98.0,106.89002271741629,1397.0,182.0,2674.510009765625,98.0,0.0,177.0,3.5739998817443848,1397.0,-6.436332184821367,1789986749000.0,-0.07500000298023224,1397.0
105.0,1397.0,91.0,97.4000015258789,106.88998835161328,1405.0,182.0,2688.669921875,97.4000015258789,0.0,179.0,2.062000036239624,1405.0,-6.43645690754056,1789986757000.0,-0.08500000089406967,1405.0
106.4000015258789,1406.0,57.0,97.19999694824219,106.88997871242464,1414.0,114.0,2704.610107421875,97.19999694824219,0.0,178.0,1.6610000133514404,1414.0,-6.436600238084793,1789986766000.0,-0.028999999165534973,1414.0
106.80000305175781,1407.0,57.0,97.0,106.88997485674918,1415.0,114.0,2706.219970703125,97.0,0.0,177.0,1.6699999570846558,1415.0,-6.436614319682121,1789986767000.0,-0.0560000017285347,1415.0
107.4000015258789,1411.0,0.0,96.80000305175781,106.88995029777288,1419.0,0.0,2712.75,96.80000305175781,0.0,176.0,1.6610000133514404,1419.0,-6.436668047681451,1789986771000.0,-0.07100000232458115,1419.0
107.4000015258789,1416.0,58.0,96.5999984741211,106.88992196694016,1424.0,117.0,2719.659912109375,96.5999984741211,0.5,173.0,1.6699999570846558,1424.0,-6.436723954975605,1789986776000.0,-0.04100000113248825,1424.0
107.19999694824219,1418.0,59.0,96.4000015258789,106.889908304438,1426.0,118.0,2722.550048828125,96.4000015258789,0.0,172.0,1.6519999504089355,1426.0,-6.436746250838041,1789986778000.0,-0.057999998331069946,1426.0
107.19999694824219,1427.0,57.0,96.0,106.88984644599259,1435.0,115.0,2736.429931640625,96.0,0.5,169.0,1.5679999589920044,1435.0,-6.436854964122176,1789986787000.0,-0.054999999701976776,1435.0
107.4000015258789,1428.0,57.0,95.80000305175781,106.88983814790845,1436.0,115.0,2737.669921875,95.80000305175781,0.5,169.0,1.5579999685287476,1436.0,-6.436862759292126,1789986788000.0,-0.09099999815225601,1436.0
107.5999984741211,1429.0,0.0,95.80000305175781,106.88983152620494,1437.0,0.0,2739.080078125,95.80000305175781,0.0,169.0,1.5579999685287476,1437.0,-6.436873571947217,1789986789000.0,-0.0560000017285347,1437.0
108.0,1434.0,91.0,95.19999694824219,106.88974343240261,1442.0,182.0,2752.239990234375,95.19999694824219,0.0,167.0,2.3510000705718994,1442.0,-6.436954038217664,1789986794000.0,-0.11800000071525574,1442.0
106.80000305175781,1439.0,90.0,95.5999984741211,106.88960747793317,1447.0,180.0,2772.580078125,95.5999984741211,0.0,166.0,3.4059998989105225,1447.0,-6.437078844755888,1789986799000.0,0.057999998331069946,1447.0
106.4000015258789,1440.0,91.0,95.80000305175781,106.88958685845137,1448.0,182.0,2776.6201171875,95.80000305175781,0.0,167.0,3.5269999504089355,1448.0,-6.437109103426337,1789986800000.0,0.24799999594688416,1448.0
105.4000015258789,1446.0,90.0,97.0,106.88949038274586,1454.0,180.0,2800.280029296875,97.0,0.0,169.0,3.4519999027252197,1454.0,-6.437298199161887,1789986806000.0,0.20499999821186066,1454.0
104.5999984741211,1449.0,90.0,97.5999984741211,106.88946205191314,1457.0,180.0,2813.340087890625,97.5999984741211,0.0,171.0,3.4519999027252197,1457.0,-6.437412779778242,1789986809000.0,0.17299999296665192,1457.0
104.4000015258789,1452.0,90.0,97.5999984741211,106.88942877575755,1460.0,180.0,2823.7900390625,97.5999984741211,0.0,174.0,3.6389999389648438,1460.0,-6.437501292675734,1789986812000.0,0.02500000037252903,1460.0
105.19999694824219,1456.0,90.0,97.0,106.88940136693418,1464.0,180.0,2831.840087890625,97.0,0.0,177.0,2.490999937057495,1464.0,-6.437568683177233,1789986816000.0,-0.13500000536441803,1464.0
105.5999984741211,1458.0,0.0,96.80000305175781,106.88938736915588,1466.0,0.0,2835.320068359375,96.80000305175781,0.0,177.0,1.996999979019165,1466.0,-6.437596762552857,1789986818000.0,-0.12600000202655792,1466.0
106.4000015258789,1462.0,62.0,96.5999984741211,106.88938468694687,1470.0,125.0,2841.739990234375,96.5999984741211,0.5,175.0,1.781999945640564,1470.0,-6.437654681503773,1789986822000.0,-0.0560000017285347,1470.0
107.19999694824219,1472.0,58.0,96.0,106.88934763893485,1480.0,116.0,2856.419921875,96.0,0.0,176.0,1.6519999504089355,1480.0,-6.437781667336822,1789986832000.0,-0.061000000685453415,1480.0
106.5999984741211,1479.0,0.0,95.0,106.88930774107575,1487.0,0.0,2866.669921875,95.0,0.0,173.0,1.5959999561309814,1487.0,-6.437865486368537,1789986839000.0,-0.125,1487.0
106.5999984741211,1482.0,0.0,94.80000305175781,106.8892949167639,1490.0,0.0,2871.22998046875,94.80000305175781,0.0,172.0,1.5859999656677246,1490.0,-6.437904629856348,1789986842000.0,-0.1080000028014183,1490.0
107.80000305175781,1489.0,0.0,93.80000305175781,106.88922920264304,1497.0,0.0,2882.239990234375,93.80000305175781,0.0,170.0,1.5770000219345093,1497.0,-6.437979144975543,1789986849000.0,-0.15000000596046448,1497.0
109.4000015258789,1494.0,0.0,93.19999694824219,106.88918377272785,1502.0,0.0,2891.18994140625,93.19999694824219,0.0,168.0,1.5859999656677246,1502.0,-6.438046116381884,1789986854000.0,-0.12399999797344208,1502.0
109.80000305175781,1495.0,0.0,93.0,106.88916633836925,1503.0,0.0,2893.320068359375,93.0,0.0,168.0,1.5959999561309814,1503.0,-6.438056258484721,1789986855000.0,-0.07900000363588333,1503.0
110.80000305175781,1497.0,0.0,92.4000015258789,106.88912660814822,1505.0,0.0,2898.5,92.4000015258789,0.0,167.0,1.6139999628067017,1505.0,-6.4380366448313,1789986857000.0,-0.30799999833106995,1505.0
111.19999694824219,1498.0,0.0,92.4000015258789,106.88911487348378,1506.0,0.0,2902.820068359375,92.4000015258789,0.0,166.0,1.6239999532699585,1506.0,-6.437998674809933,1789986858000.0,0.009999999776482582,1506.0
111.80000305175781,1503.0,93.0,93.19999694824219,106.88916315324605,1511.0,186.0,2925.1201171875,93.19999694824219,0.0,168.0,4.35699987411499,1511.0,-6.437803460285068,1789986863000.0,0.1459999978542328,1511.0
111.80000305175781,1508.0,95.0,94.5999984741211,106.88922241330147,1516.0,190.0,2947.159912109375,94.5999984741211,0.0,170.0,4.291999816894531,1516.0,-6.43761302344501,1789986868000.0,0.2879999876022339,1516.0
112.0,1510.0,93.0,95.19999694824219,106.88924697227776,1518.0,186.0,2955.3798828125,95.19999694824219,0.0,171.0,4.291999816894531,1518.0,-6.437542866915464,1789986870000.0,0.34700000286102295,1518.0
112.5999984741211,1514.0,90.0,95.5999984741211,106.88928896561265,1522.0,180.0,2972.25,95.5999984741211,0.0,174.0,4.244999885559082,1522.0,-6.437396267428994,1789986874000.0,0.06199999898672104,1522.0
112.80000305175781,1516.0,89.0,95.19999694824219,106.88930648379028,1524.0,178.0,2979.3701171875,95.19999694824219,0.0,177.0,4.208000183105469,1524.0,-6.4373343251645565,1789986876000.0,-0.12800000607967377,1524.0
112.80000305175781,1518.0,88.0,95.19999694824219,106.88932282850146,1526.0,176.0,2984.0400390625,95.19999694824219,0.0,179.0,3.9660000801086426,1526.0,-6.437295349314809,1789986878000.0,-0.052000001072883606,1526.0
112.80000305175781,1520.0,0.0,95.0,106.88933447934687,1528.0,0.0,2987.47998046875,95.0,0.0,182.0,2.546999931335449,1528.0,-6.4372665993869305,1789986880000.0,-0.04100000113248825,1528.0
113.0,1524.0,0.0,95.0,106.88935560174286,1532.0,0.0,2992.989990234375,95.0,0.0,184.0,1.5579999685287476,1532.0,-6.437221588566899,1789986884000.0,-0.024000000208616257,1532.0
113.0,1528.0,57.0,94.4000015258789,106.88937135972083,1536.0,114.0,2998.6201171875,94.4000015258789,0.0,181.0,1.5679999589920044,1536.0,-6.437172889709473,1789986888000.0,-0.13099999725818634,1536.0
113.19999694824219,1533.0,0.0,93.80000305175781,106.88939625397325,1541.0,0.0,3004.679931640625,93.80000305175781,0.0,181.0,1.465000033378601,1541.0,-6.437123939394951,1789986893000.0,-0.12200000137090683,1541.0
113.19999694824219,1534.0,0.0,93.5999984741211,106.8894006125629,1542.0,0.0,3006.139892578125,93.5999984741211,0.0,181.0,1.4459999799728394,1542.0,-6.437111450359225,1789986894000.0,-0.17800000309944153,1542.0
112.0,1540.0,52.0,93.0,106.88943196088076,1548.0,105.0,3013.550048828125,93.0,0.5,178.0,1.399999976158142,1548.0,-6.437053866684437,1789986900000.0,-0.11599999666213989,1548.0
110.5999984741211,1545.0,0.0,92.5999984741211,106.88945794478059,1553.0,0.0,3019.14990234375,92.5999984741211,0.0,175.0,1.371999979019165,1553.0,-6.43701103515923,1789986905000.0,-0.09000000357627869,1553.0
110.0,1548.0,0.0,92.4000015258789,106.88948426395655,1556.0,0.0,3023.2900390625,92.4000015258789,0.0,174.0,1.3619999885559082,1556.0,-6.436984296888113,1789986908000.0,-0.06499999761581421,1556.0
108.80000305175781,1554.0,55.0,92.19999694824219,106.8895491398871,1562.0,111.0,3032.06005859375,92.19999694824219,0.5,171.0,1.3619999885559082,1562.0,-6.436938950791955,1789986914000.0,-0.026000000536441803,1562.0
108.80000305175781,1556.0,55.0,92.19999694824219,106.88956732861698,1564.0,111.0,3035.260009765625,92.19999694824219,0.5,171.0,1.371999979019165,1564.0,-6.436916068196297,1789986916000.0,-0.003000000026077032,1564.0
109.0,1559.0,55.0,92.5999984741211,106.88959892839193,1567.0,110.0,3040.070068359375,92.5999984741211,0.0,171.0,1.38100004196167,1567.0,-6.436886144801974,1789986919000.0,0.11599999666213989,1567.0
109.19999694824219,1563.0,55.0,93.19999694824219,106.88966556452215,1571.0,110.0,3049.909912109375,93.19999694824219,0.0,168.0,1.409000039100647,1571.0,-6.436827890574932,1789986923000.0,0.18700000643730164,1571.0
109.19999694824219,1564.0,87.0,93.5999984741211,106.88969112932682,1572.0,175.0,3054.139892578125,93.5999984741211,0.5,167.0,1.4279999732971191,1572.0,-6.436799308285117,1789986924000.0,0.26499998569488525,1572.0
108.5999984741211,1570.0,90.0,94.4000015258789,106.88980118371546,1578.0,180.0,3077.050048828125,94.4000015258789,0.0,167.0,3.434000015258789,1578.0,-6.436625132337213,1789986930000.0,0.15299999713897705,1578.0
108.4000015258789,1573.0,89.0,95.5999984741211,106.88983672298491,1581.0,178.0,3088.9599609375,95.5999984741211,0.0,170.0,3.4619998931884766,1581.0,-6.436523208394647,1789986933000.0,0.35600000619888306,1581.0
108.5999984741211,1578.0,90.0,96.5999984741211,106.8898874334991,1586.0,180.0,3109.9599609375,96.5999984741211,0.0,171.0,3.6579999923706055,1586.0,-6.436340315267444,1789986938000.0,0.21899999678134918,1586.0
108.5999984741211,1579.0,89.0,96.80000305175781,106.88989439047873,1587.0,178.0,3113.89990234375,96.80000305175781,0.0,172.0,3.686000108718872,1587.0,-6.436305195093155,1789986939000.0,0.09000000357627869,1587.0
109.80000305175781,1584.0,87.0,97.80000305175781,106.88993160612881,1592.0,175.0,3129.10009765625,97.80000305175781,0.5,175.0,3.5920000076293945,1592.0,-6.43617301248014,1789986944000.0,0.21699999272823334,1592.0
110.80000305175781,1590.0,79.0,98.4000015258789,106.88995230942965,1598.0,158.0,3137.5,98.4000015258789,0.0,177.0,1.7450000047683716,1598.0,-6.436099922284484,1789986950000.0,0.10000000149011612,1598.0
111.0,1593.0,57.0,98.19999694824219,106.88996521756053,1601.0,115.0,3141.860107421875,98.19999694824219,0.5,178.0,1.6239999532699585,1601.0,-6.436062203720212,1789986953000.0,-0.04399999976158142,1601.0
110.80000305175781,1597.0,57.0,98.0,106.88997770659626,1605.0,115.0,3147.110107421875,98.0,0.5,176.0,1.4739999771118164,1605.0,-6.436016522347927,1789986957000.0,-0.07100000232458115,1605.0
110.19999694824219,1605.0,57.0,97.4000015258789,106.89000603742898,1613.0,115.0,3158.0400390625,97.4000015258789,0.5,177.0,1.4279999732971191,1613.0,-6.435921723023057,1789986965000.0,-0.0729999989271164,1613.0
110.19999694824219,1607.0,57.0,97.19999694824219,106.89001810736954,1615.0,115.0,3160.93994140625,97.19999694824219,0.5,177.0,1.4179999828338623,1615.0,-6.43589842133224,1789986967000.0,-0.07500000298023224,1615.0
109.80000305175781,1613.0,58.0,96.5999984741211,106.89004182815552,1621.0,117.0,3170.35009765625,96.5999984741211,0.5,174.0,1.409000039100647,1621.0,-6.435815691947937,1789986973000.0,-0.11999999731779099,1621.0
109.80000305175781,1616.0,58.0,96.4000015258789,106.89005834050477,1624.0,117.0,3174.929931640625,96.4000015258789,0.5,171.0,1.4179999828338623,1624.0,-6.4357775542885065,1789986976000.0,-0.052000001072883606,1624.0
109.5999984741211,1620.0,57.0,96.19999694824219,106.89008122310042,1628.0,115.0,3181.56005859375,96.19999694824219,0.5,168.0,1.4459999799728394,1628.0,-6.435722233727574,1789986980000.0,-0.057999998331069946,1628.0
110.19999694824219,1624.0,59.0,96.0,106.89010938629508,1632.0,118.0,3187.639892578125,96.0,0.0,165.0,1.465000033378601,1632.0,-6.435674875974655,1789986984000.0,-0.03700000047683716,1632.0
110.4000015258789,1625.0,59.0,95.80000305175781,106.89012120477855,1633.0,118.0,3189.68994140625,95.80000305175781,0.0,165.0,1.4739999771118164,1633.0,-6.4356606267392635,1789986985000.0,-0.14499999582767487,1633.0
110.5999984741211,1629.0,89.0,95.0,106.89021768048406,1637.0,179.0,3203.669921875,95.0,0.5,164.0,2.76200008392334,1637.0,-6.435579992830753,1789986989000.0,-0.23199999332427979,1637.0
111.19999694824219,1633.0,97.0,94.0,106.8903724104166,1641.0,194.0,3223.75,94.0,0.0,164.0,4.664999961853027,1641.0,-6.435485277324915,1789986993000.0,-0.2150000035762787,1641.0
111.4000015258789,1634.0,97.0,94.0,106.89040602184832,1642.0,195.0,3227.6201171875,94.0,0.5,164.0,4.675000190734863,1642.0,-6.435475554317236,1789986994000.0,-0.12099999934434891,1642.0
111.5999984741211,1636.0,100.0,93.5999984741211,106.89048045314848,1644.0,200.0,3236.570068359375,93.5999984741211,0.0,165.0,4.7870001792907715,1644.0,-6.435444373637438,1789986996000.0,-0.12999999523162842,1644.0
112.19999694824219,1640.0,100.0,93.80000305175781,106.8906348478049,1648.0,200.0,3255.1201171875,93.80000305175781,0.0,168.0,4.815000057220459,1648.0,-6.435378743335605,1789987000000.0,0.020999999716877937,1648.0
112.4000015258789,1643.0,97.0,93.80000305175781,106.89074347727001,1651.0,194.0,3268.179931640625,93.80000305175781,0.0,172.0,4.7870001792907715,1651.0,-6.435332642868161,1789987003000.0,0.019999999552965164,1651.0
112.4000015258789,1644.0,97.0,93.80000305175781,106.89078764989972,1652.0,194.0,3273.489990234375,93.80000305175781,0.0,173.0,4.76800012588501,1652.0,-6.435313615947962,1789987004000.0,0.02199999988079071,1652.0
112.80000305175781,1647.0,97.0,93.80000305175781,106.89087473787367,1655.0,194.0,3283.909912109375,93.80000305175781,0.0,175.0,4.563000202178955,1655.0,-6.435277825221419,1789987007000.0,0.01899999938905239,1655.0
113.0,1649.0,91.0,94.0,106.89090407453477,1657.0,183.0,3287.2099609375,94.0,0.5,178.0,3.115999937057495,1657.0,-6.435271203517914,1789987009000.0,0.028999999165534973,1657.0
113.19999694824219,1651.0,91.0,94.0,106.89093290828168,1659.0,183.0,3290.56005859375,94.0,0.5,181.0,2.0429999828338623,1659.0,-6.435262067243457,1789987011000.0,0.01899999938905239,1659.0
112.80000305175781,1657.0,58.0,94.19999694824219,106.89099979586899,1665.0,116.0,3298.72998046875,94.19999694824219,0.0,182.0,1.7450000047683716,1665.0,-6.435230048373342,1789987017000.0,0.03500000014901161,1665.0
112.0,1664.0,57.0,94.5999984741211,106.89108369871974,1672.0,115.0,3308.760009765625,94.5999984741211,0.5,180.0,1.343999981880188,1672.0,-6.435197191312909,1789987024000.0,0.07100000232458115,1672.0
112.0,1677.0,55.0,95.80000305175781,106.89124194905162,1685.0,110.0,3327.31005859375,95.80000305175781,0.0,179.0,1.399999976158142,1685.0,-6.435139607638121,1789987037000.0,0.09200000017881393,1685.0
111.5999984741211,1680.0,55.0,96.4000015258789,106.89127866178751,1688.0,110.0,3331.7099609375,96.4000015258789,0.0,175.0,1.3899999856948853,1688.0,-6.435124184936285,1789987040000.0,0.15299999713897705,1688.0
110.80000305175781,1683.0,56.0,96.80000305175781,106.89130917191505,1691.0,113.0,3335.35009765625,96.80000305175781,0.5,171.0,1.3899999856948853,1691.0,-6.435111109167337,1789987043000.0,0.125,1691.0
110.4000015258789,1685.0,56.0,97.19999694824219,106.89133364707232,1693.0,113.0,3338.159912109375,97.19999694824219,0.5,168.0,1.3899999856948853,1693.0,-6.4351043198257685,1789987045000.0,0.19099999964237213,1693.0
110.0,1687.0,56.0,97.4000015258789,106.89135585911572,1695.0,113.0,3340.820068359375,97.4000015258789,0.5,165.0,1.3899999856948853,1695.0,-6.4350951835513115,1789987047000.0,0.14100000262260437,1695.0
109.80000305175781,1689.0,56.0,97.5999984741211,106.89137312583625,1697.0,113.0,3342.860107421875,97.5999984741211,0.5,161.0,1.3899999856948853,1697.0,-6.435088729485869,1789987049000.0,0.11699999868869781,1697.0
109.4000015258789,1694.0,0.0,98.19999694824219,106.89142542891204,1702.0,0.0,3349.1298828125,98.19999694824219,0.0,158.0,1.3899999856948853,1702.0,-6.435066852718592,1789987054000.0,0.11299999803304672,1702.0
109.19999694824219,1700.0,57.0,98.4000015258789,106.8914760556072,1708.0,114.0,3356.360107421875,98.4000015258789,0.0,157.0,1.3619999885559082,1708.0,-6.435025110840797,1789987060000.0,0.020999999716877937,1708.0
109.4000015258789,1703.0,56.0,98.19999694824219,106.8914998602122,1711.0,113.0,3360.300048828125,98.19999694824219,0.5,156.0,1.3530000448226929,1711.0,-6.434998959302902,1789987063000.0,-0.017000000923871994,1711.0
109.5999984741211,1705.0,58.0,98.0,106.89150606282055,1713.0,117.0,3362.590087890625,98.0,0.5,156.0,1.3530000448226929,1713.0,-6.434978675097227,1789987065000.0,-0.10599999874830246,1713.0
109.5999984741211,1707.0,58.0,98.0,106.89151737838984,1715.0,117.0,3365.159912109375,98.0,0.5,156.0,1.3530000448226929,1715.0,-6.434958726167679,1789987067000.0,-0.00800000037997961,1715.0
108.4000015258789,1711.0,0.0,98.19999694824219,106.89155082218349,1719.0,0.0,3369.85009765625,98.19999694824219,0.0,155.0,1.343999981880188,1719.0,-6.434933412820101,1789987071000.0,0.04399999976158142,1719.0
107.80000305175781,1715.0,58.0,98.4000015258789,106.89159407280385,1723.0,117.0,3374.7900390625,98.4000015258789,0.5,155.0,1.3339999914169312,1723.0,-6.434917319566011,1789987075000.0,0.06300000101327896,1723.0
108.19999694824219,1717.0,57.0,98.5999984741211,106.89161125570536,1725.0,114.0,3377.300048828125,98.5999984741211,0.0,155.0,1.3339999914169312,1725.0,-6.434901813045144,1789987077000.0,0.03400000184774399,1725.0
109.19999694824219,1719.0,57.0,98.5999984741211,106.89162936061621,1727.0,114.0,3379.93994140625,98.5999984741211,0.0,152.0,1.3250000476837158,1727.0,-6.434884797781706,1789987079000.0,0.03500000014901161,1727.0
110.5999984741211,1722.0,57.0,98.80000305175781,106.89165961928666,1730.0,114.0,3384.7900390625,98.80000305175781,0.0,149.0,1.3250000476837158,1730.0,-6.434852695092559,1789987082000.0,0.03400000184774399,1730.0
112.4000015258789,1725.0,58.0,98.80000305175781,106.8916898779571,1733.0,117.0,3390.39990234375,98.80000305175781,0.5,146.0,1.3250000476837158,1733.0,-6.434812126681209,1789987085000.0,0.024000000208616257,1733.0
113.4000015258789,1728.0,57.0,98.80000305175781,106.89171485602856,1736.0,114.0,3395.1201171875,98.80000305175781,0.0,145.0,1.3339999914169312,1736.0,-6.434778347611427,1789987088000.0,0.01899999938905239,1736.0
114.0,1731.0,55.0,99.0,106.891737151891,1739.0,111.0,3398.219970703125,99.0,0.5,144.0,1.343999981880188,1739.0,-6.434761332347989,1789987091000.0,0.032999999821186066,1739.0
114.19999694824219,1735.0,56.0,99.0,106.89176908694208,1743.0,113.0,3403.030029296875,99.0,0.5,144.0,1.343999981880188,1743.0,-6.4347317442297935,1789987095000.0,0.03099999949336052,1743.0
113.4000015258789,1743.0,55.0,99.19999694824219,106.89183999784291,1751.0,110.0,3414.43994140625,99.19999694824219,0.0,143.0,1.3530000448226929,1751.0,-6.434657564386725,1789987103000.0,0.02199999988079071,1751.0
114.4000015258789,1751.0,53.0,99.5999984741211,106.89191711135209,1759.0,107.0,3424.93994140625,99.5999984741211,0.5,143.0,1.343999981880188,1759.0,-6.434602998197079,1789987111000.0,0.03500000014901161,1759.0
115.0,1755.0,56.0,99.5999984741211,106.89195089042187,1763.0,112.0,3429.3798828125,99.5999984741211,0.0,143.0,1.3339999914169312,1763.0,-6.434580199420452,1789987115000.0,0.029999999329447746,1763.0
115.19999694824219,1759.0,57.0,99.80000305175781,106.89198014326394,1767.0,114.0,3433.909912109375,99.80000305175781,0.0,143.0,1.315999984741211,1767.0,-6.434552539139986,1789987119000.0,0.026000000536441803,1767.0
113.5999984741211,1766.0,0.0,100.0,106.89203764311969,1774.0,0.0,3442.239990234375,100.0,0.0,141.0,1.2879999876022339,1774.0,-6.434502499178052,1789987126000.0,0.029999999329447746,1774.0
112.80000305175781,1769.0,58.0,100.0,106.89205499365926,1777.0,117.0,3446.159912109375,100.0,0.5,140.0,1.2319999933242798,1777.0,-6.434471234679222,1789987129000.0,0.013000000268220901,1777.0
112.80000305175781,1771.0,58.0,99.80000305175781,106.89207066781819,1779.0,117.0,3449.139892578125,99.80000305175781,0.5,137.0,1.2319999933242798,1779.0,-6.434448938816786,1789987131000.0,-0.08500000089406967,1779.0
112.80000305175781,1772.0,56.0,99.80000305175781,106.89207787625492,1780.0,113.0,3450.449951171875,99.80000305175781,0.5,136.0,1.2410000562667847,1780.0,-6.43443938344717,1789987132000.0,-0.07800000160932541,1780.0
113.19999694824219,1776.0,56.0,99.19999694824219,106.8921010941267,1784.0,112.0,3455.6201171875,99.19999694824219,0.0,133.0,1.25,1784.0,-6.434397976845503,1789987136000.0,-0.11400000005960464,1784.0
113.19999694824219,1782.0,57.0,98.4000015258789,106.89213126897812,1790.0,114.0,3463.260009765625,98.4000015258789,0.0,132.0,1.2690000534057617,1790.0,-6.4343347772955894,1789987142000.0,-0.1459999978542328,1790.0
112.80000305175781,1790.0,0.0,97.0,106.89219924621284,1798.0,0.0,3475.2099609375,97.0,0.0,133.0,1.2690000534057617,1798.0,-6.434251461178064,1789987150000.0,-0.1809999942779541,1798.0
112.4000015258789,1795.0,77.0,95.80000305175781,106.89224719069898,1803.0,155.0,3485.080078125,95.80000305175781,0.5,136.0,1.315999984741211,1803.0,-6.43417744897306,1789987155000.0,-0.24799999594688416,1803.0
112.19999694824219,1798.0,79.0,95.0,106.89227283932269,1806.0,158.0,3490.3701171875,95.0,0.0,137.0,1.4279999732971191,1806.0,-6.434136880561709,1789987158000.0,-0.23899999260902405,1806.0
110.4000015258789,1804.0,76.0,93.4000015258789,106.89231106080115,1812.0,153.0,3500.25,93.4000015258789,0.5,140.0,1.6799999475479126,1812.0,-6.4340561628341675,1789987164000.0,-0.26499998569488525,1812.0
109.4000015258789,1807.0,76.0,92.5999984741211,106.89232287928462,1815.0,152.0,3504.85009765625,92.5999984741211,0.0,141.0,1.6799999475479126,1815.0,-6.434016348794103,1789987167000.0,-0.2529999911785126,1815.0
107.0,1817.0,66.0,90.4000015258789,106.89236151985824,1825.0,133.0,3519.5400390625,90.4000015258789,0.5,141.0,1.5579999685287476,1825.0,-6.433889362961054,1789987177000.0,-0.22100000083446503,1825.0
106.0,1825.0,62.0,90.19999694824219,106.89238976687193,1833.0,124.0,3530.31005859375,90.19999694824219,0.0,138.0,1.4930000305175781,1833.0,-6.433796240016818,1789987185000.0,-0.03700000047683716,1833.0
106.19999694824219,1828.0,58.0,90.19999694824219,106.89239932224154,1836.0,117.0,3533.639892578125,90.19999694824219,0.5,136.0,1.4559999704360962,1836.0,-6.4337678253650665,1789987188000.0,-0.010999999940395355,1836.0
106.4000015258789,1836.0,54.0,90.0,106.89241751097143,1844.0,108.0,3542.77001953125,90.0,0.0,135.0,1.315999984741211,1844.0,-6.433687694370747,1789987196000.0,-0.019999999552965164,1844.0
105.5999984741211,1844.0,73.0,89.5999984741211,106.8924227077514,1852.0,147.0,3555.14990234375,89.5999984741211,0.5,132.0,1.4279999732971191,1852.0,-6.433576215058565,1789987204000.0,-0.03799999877810478,1852.0
105.4000015258789,1848.0,74.0,89.5999984741211,106.89241868443787,1856.0,148.0,3561.68994140625,89.5999984741211,0.0,133.0,1.4739999771118164,1856.0,-6.4335172064602375,1789987208000.0,-0.007000000216066837,1856.0
104.5999984741211,1860.0,73.0,89.5999984741211,106.89241575077176,1868.0,147.0,3579.669921875,89.5999984741211,0.5,131.0,1.5490000247955322,1868.0,-6.433354848995805,1789987220000.0,-0.0020000000949949026,1868.0
104.4000015258789,1873.0,74.0,90.0,106.89240971580148,1881.0,148.0,3599.699951171875,90.0,0.0,133.0,1.5210000276565552,1881.0,-6.433173883706331,1789987233000.0,0.035999998450279236,1881.0
104.4000015258789,1875.0,74.0,90.19999694824219,106.89240745268762,1883.0,148.0,3602.9599609375,90.19999694824219,0.0,134.0,1.5210000276565552,1883.0,-6.433144463226199,1789987235000.0,0.04500000178813934,1883.0
104.5999984741211,1878.0,74.0,90.4000015258789,106.89240854233503,1886.0,148.0,3607.47998046875,90.4000015258789,0.0,137.0,1.5210000276565552,1886.0,-6.433103559538722,1789987238000.0,0.052000001072883606,1886.0
104.19999694824219,1885.0,0.0,90.5999984741211,106.8924100510776,1893.0,0.0,3616.81005859375,90.5999984741211,0.0,139.0,1.5210000276565552,1893.0,-6.433019572868943,1789987245000.0,0.027000000700354576,1893.0
102.80000305175781,1893.0,55.0,90.19999694824219,106.8924206122756,1901.0,111.0,3626.8701171875,90.19999694824219,0.5,137.0,1.465000033378601,1901.0,-6.432930724695325,1789987253000.0,-0.03799999877810478,1901.0
102.80000305175781,1894.0,55.0,90.19999694824219,106.89242413267493,1902.0,111.0,3627.679931640625,90.19999694824219,0.5,136.0,1.4559999704360962,1902.0,-6.432924102991819,1789987254000.0,-0.009999999776482582,1902.0
101.0,1905.0,0.0,89.5999984741211,106.8924462608993,1913.0,0.0,3640.47998046875,89.5999984741211,0.0,136.0,1.2599999904632568,1913.0,-6.432811366394162,1789987265000.0,-0.052000001072883606,1913.0
100.4000015258789,1915.0,72.0,89.19999694824219,106.89249194227159,1923.0,145.0,3655.580078125,89.19999694824219,0.5,138.0,1.3339999914169312,1923.0,-6.432682536542416,1789987275000.0,-0.0430000014603138,1923.0
100.5999984741211,1922.0,69.0,89.0,106.89252873882651,1930.0,138.0,3665.8798828125,89.0,0.0,135.0,1.399999976158142,1930.0,-6.432596957311034,1789987282000.0,-0.03099999949336052,1930.0
101.4000015258789,1925.0,69.0,88.80000305175781,106.89254189841449,1933.0,138.0,3670.409912109375,88.80000305175781,0.0,132.0,1.399999976158142,1933.0,-6.432558232918382,1789987285000.0,-0.04600000008940697,1933.0
101.80000305175781,1927.0,69.0,88.80000305175781,106.89254935830832,1935.0,138.0,3673.489990234375,88.80000305175781,0.0,132.0,1.399999976158142,1935.0,-6.432531327009201,1789987287000.0,-0.039000000804662704,1935.0
103.4000015258789,1938.0,74.0,89.19999694824219,106.8926156591624,1946.0,148.0,3689.860107421875,89.19999694824219,0.0,131.0,1.399999976158142,1946.0,-6.43239981494844,1789987298000.0,0.04500000178813934,1946.0
104.0,1948.0,78.0,89.5999984741211,106.89264717511833,1956.0,156.0,3705.610107421875,89.5999984741211,0.0,132.0,1.437000036239624,1956.0,-6.4322614297270775,1789987308000.0,0.027000000700354576,1956.0
103.80000305175781,1957.0,76.0,89.19999694824219,106.8926867377013,1965.0,152.0,3720.5,89.19999694824219,0.0,135.0,1.465000033378601,1965.0,-6.432132935151458,1789987317000.0,-0.03700000047683716,1965.0
104.0,1958.0,76.0,89.0,106.89269302412868,1966.0,152.0,3722.06005859375,89.0,0.0,135.0,1.465000033378601,1966.0,-6.432120194658637,1789987318000.0,-0.09099999815225601,1966.0
105.4000015258789,1966.0,74.0,88.80000305175781,106.8927385378629,1974.0,148.0,3734.199951171875,88.80000305175781,0.0,138.0,1.465000033378601,1974.0,-6.432020198553801,1789987326000.0,-0.03799999877810478,1974.0
105.80000305175781,1969.0,74.0,88.80000305175781,106.89274826087058,1977.0,148.0,3738.469970703125,88.80000305175781,0.0,137.0,1.465000033378601,1977.0,-6.4319828152656555,1789987329000.0,-0.0020000000949949026,1977.0
105.80000305175781,1972.0,74.0,88.80000305175781,106.89276066608727,1980.0,148.0,3742.9599609375,88.80000305175781,0.0,138.0,1.465000033378601,1980.0,-6.431943755596876,1789987332000.0,-0.013000000268220901,1980.0
105.0,1976.0,75.0,88.80000305175781,106.89277516677976,1984.0,150.0,3748.969970703125,88.80000305175781,0.0,138.0,1.465000033378601,1984.0,-6.431891368702054,1789987336000.0,0.026000000536441803,1984.0
104.4000015258789,1980.0,72.0,89.0,106.8927884940058,1988.0,145.0,3754.360107421875,89.0,0.5,137.0,1.465000033378601,1988.0,-6.431845184415579,1789987340000.0,0.03500000014901161,1988.0
104.19999694824219,1983.0,74.0,89.5999984741211,106.89276703633368,1991.0,149.0,3758.22998046875,89.5999984741211,0.5,137.0,1.4459999799728394,1991.0,-6.431817356497049,1789987343000.0,0.17000000178813934,1991.0
104.0,1990.0,72.0,89.80000305175781,106.89276368357241,1998.0,144.0,3767.419921875,89.80000305175781,0.0,136.0,1.4279999732971191,1998.0,-6.431737979874015,1789987350000.0,0.03799999877810478,1998.0
103.80000305175781,2001.0,70.0,89.0,106.89286367967725,2009.0,141.0,3783.110107421875,89.0,0.5,134.0,1.3899999856948853,2009.0,-6.431639324873686,1789987361000.0,-0.06499999761581421,2009.0
103.80000305175781,2005.0,72.0,88.80000305175781,106.89289846457541,2013.0,145.0,3788.2900390625,88.80000305175781,0.5,134.0,1.38100004196167,2013.0,-6.431609150022268,1789987365000.0,-0.057999998331069946,2013.0
104.0,2009.0,76.0,88.5999984741211,106.89291547983885,2017.0,152.0,3793.75,88.5999984741211,0.0,134.0,1.371999979019165,2017.0,-6.43156279809773,1789987369000.0,-0.05700000002980232,2017.0
105.0,2019.0,76.0,87.80000305175781,106.89296417869627,2027.0,153.0,3810.820068359375,87.80000305175781,0.5,135.0,1.3899999856948853,2027.0,-6.431416366249323,1789987379000.0,-0.07000000029802322,2027.0
104.19999694824219,2031.0,73.0,86.80000305175781,106.89301480539143,2039.0,147.0,3828.639892578125,86.80000305175781,0.5,135.0,1.437000036239624,2039.0,-6.431263061240315,1789987391000.0,-0.09300000220537186,2039.0
101.5999984741211,2042.0,72.0,85.80000305175781,106.89306953921914,2050.0,145.0,3842.97998046875,85.80000305175781,0.5,136.0,1.399999976158142,2050.0,-6.431145379319787,1789987402000.0,-0.08100000023841858,2050.0
102.19999694824219,2054.0,72.0,84.80000305175781,106.89313265495002,2062.0,145.0,3861.31005859375,84.80000305175781,0.5,137.0,1.371999979019165,2062.0,-6.430992325767875,1789987414000.0,-0.08399999886751175,2062.0
103.5999984741211,2060.0,73.0,84.4000015258789,106.8931685294956,2068.0,147.0,3870.169921875,84.4000015258789,0.5,140.0,1.3899999856948853,2068.0,-6.430920492857695,1789987420000.0,-0.0820000022649765,2068.0
104.19999694824219,2063.0,72.0,84.19999694824219,106.89318998716772,2071.0,145.0,3873.969970703125,84.19999694824219,0.5,141.0,1.3899999856948853,2071.0,-6.430894508957863,1789987423000.0,-0.03099999949336052,2071.0
104.4000015258789,2064.0,72.0,84.19999694824219,106.89319292083383,2072.0,145.0,3875.469970703125,84.19999694824219,0.5,142.0,1.3899999856948853,2072.0,-6.430881014093757,1789987424000.0,-0.04899999871850014,2072.0
103.80000305175781,2073.0,55.0,84.0,106.89322980120778,2081.0,111.0,3888.02001953125,84.0,0.5,143.0,1.399999976158142,2081.0,-6.430773474276066,1789987433000.0,-0.027000000700354576,2081.0
103.5999984741211,2079.0,53.0,84.0,106.89325947314501,2087.0,107.0,3894.820068359375,84.0,0.5,140.0,1.371999979019165,2087.0,-6.430721674114466,1789987439000.0,0.0,2087.0
103.4000015258789,2080.0,53.0,84.0,106.89326433464885,2088.0,107.0,3895.97998046875,84.0,0.5,139.0,1.371999979019165,2088.0,-6.430712370201945,1789987440000.0,0.0,2088.0
103.0,2085.0,56.0,84.0,106.89327321946621,2093.0,112.0,3902.429931640625,84.0,0.0,136.0,1.3530000448226929,2093.0,-6.430655624717474,1789987445000.0,0.0,2093.0
102.5999984741211,2089.0,54.0,84.0,106.89328503794968,2097.0,108.0,3907.169921875,84.0,0.0,135.0,1.3339999914169312,2097.0,-6.430614469572902,1789987449000.0,0.0,2097.0
101.5999984741211,2094.0,0.0,84.0,106.89330230467021,2102.0,0.0,3913.469970703125,84.0,0.0,132.0,1.3250000476837158,2102.0,-6.430559987202287,1789987454000.0,0.0,2102.0
101.4000015258789,2098.0,0.0,84.0,106.8933170568198,2106.0,0.0,3919.169921875,84.0,0.0,131.0,1.3250000476837158,2106.0,-6.430511707440019,1789987458000.0,-0.02199999988079071,2106.0
102.4000015258789,2104.0,58.0,83.5999984741211,106.8933482374996,2112.0,117.0,3928.6298828125,83.5999984741211,0.5,128.0,1.315999984741211,2112.0,-6.430432330816984,1789987464000.0,-0.04800000041723251,2112.0
103.4000015258789,2110.0,77.0,83.4000015258789,106.89337480813265,2118.0,154.0,3938.2099609375,83.4000015258789,0.0,128.0,1.4559999704360962,2118.0,-6.4303503558039665,1789987470000.0,-0.04899999871850014,2118.0
103.4000015258789,2111.0,76.0,83.4000015258789,106.89340263605118,2119.0,152.0,3939.5,83.4000015258789,0.0,128.0,1.4559999704360962,2119.0,-6.430345242843032,1789987471000.0,-0.017999999225139618,2119.0
104.19999694824219,2116.0,77.0,83.0,106.89343658275902,2124.0,154.0,3947.580078125,83.0,0.0,128.0,1.4459999799728394,2124.0,-6.430281288921833,1789987476000.0,-0.04600000008940697,2124.0
104.0,2125.0,77.0,82.0,106.8934690207243,2133.0,154.0,3959.090087890625,82.0,0.0,130.0,1.4179999828338623,2133.0,-6.430181879550219,1789987485000.0,-0.12099999934434891,2133.0
102.0,2135.0,76.0,80.19999694824219,106.89349936321378,2143.0,152.0,3974.31005859375,80.19999694824219,0.0,128.0,1.409000039100647,2143.0,-6.430045003071427,1789987495000.0,-0.1860000044107437,2143.0
101.19999694824219,2139.0,74.0,79.4000015258789,106.8935139477253,2147.0,149.0,3980.800048828125,79.4000015258789,0.5,131.0,1.399999976158142,2147.0,-6.4299878384917974,1789987499000.0,-0.19300000369548798,2147.0
101.0,2142.0,73.0,79.19999694824219,106.89352090470493,2150.0,147.0,3985.590087890625,79.19999694824219,0.5,134.0,1.399999976158142,2150.0,-6.429944755509496,1789987502000.0,-0.07000000029802322,2150.0
101.0,2144.0,74.0,79.0,106.89352945424616,2152.0,149.0,3988.4599609375,79.0,0.5,137.0,1.409000039100647,2152.0,-6.429920280352235,1789987504000.0,-0.028999999165534973,2152.0
101.0,2146.0,74.0,79.0,106.89353674650192,2154.0,149.0,3991.14990234375,79.0,0.5,137.0,1.409000039100647,2154.0,-6.429896978661418,1789987506000.0,-0.028999999165534973,2154.0
100.4000015258789,2156.0,69.0,78.80000305175781,106.8935895524919,2164.0,138.0,4005.110107421875,78.80000305175781,0.0,139.0,1.4179999828338623,2164.0,-6.429782649502158,1789987516000.0,-0.02199999988079071,2164.0
100.19999694824219,2157.0,69.0,78.80000305175781,106.8935932405293,2165.0,138.0,4006.72998046875,78.80000305175781,0.0,139.0,1.4179999828338623,2165.0,-6.4297684002667665,1789987517000.0,-0.03799999877810478,2165.0
100.0,2159.0,69.0,78.80000305175781,106.89360019750893,2167.0,138.0,4009.159912109375,78.80000305175781,0.0,138.0,1.4279999732971191,2167.0,-6.429748451337218,1789987519000.0,-0.023000000044703484,2167.0
99.5999984741211,2163.0,0.0,78.5999984741211,106.893613608554,2171.0,0.0,4014.56005859375,78.5999984741211,0.0,136.0,1.4179999828338623,2171.0,-6.429703943431377,1789987523000.0,-0.02800000086426735,2171.0
99.19999694824219,2166.0,54.0,78.80000305175781,106.89361059106886,2174.0,109.0,4017.989990234375,78.80000305175781,0.5,134.0,1.4279999732971191,2174.0,-6.429673433303833,1789987526000.0,0.029999999329447746,2174.0
99.0,2168.0,54.0,78.80000305175781,106.89359785057604,2176.0,109.0,4021.0400390625,78.80000305175781,0.5,131.0,1.399999976158142,2176.0,-6.429648958146572,1789987528000.0,0.020999999716877937,2176.0
98.5999984741211,2170.0,57.0,78.80000305175781,106.89357982948422,2178.0,114.0,4024.22998046875,78.80000305175781,0.0,130.0,1.38100004196167,2178.0,-6.429626494646072,1789987530000.0,0.00800000037997961,2178.0
97.5999984741211,2173.0,0.0,78.80000305175781,106.89355233684182,2181.0,0.0,4028.1298828125,78.80000305175781,0.0,129.0,1.3619999885559082,2181.0,-6.429603444412351,1789987533000.0,-0.004999999888241291,2181.0
96.4000015258789,2178.0,59.0,78.0,106.89348670653999,2186.0,119.0,4036.72998046875,78.0,0.5,130.0,1.343999981880188,2186.0,-6.4295590203255415,1789987538000.0,-0.1589999943971634,2186.0
99.19999694824219,2188.0,78.0,77.19999694824219,106.89333231188357,2196.0,157.0,4055.340087890625,77.19999694824219,0.5,131.0,1.6050000190734863,2196.0,-6.429488528519869,1789987548000.0,-0.0729999989271164,2196.0
102.80000305175781,2196.0,77.0,77.0,106.89322460442781,2204.0,155.0,4068.75,77.0,0.5,132.0,1.6239999532699585,2204.0,-6.429433124139905,1789987556000.0,-0.02500000037252903,2204.0
104.19999694824219,2202.0,77.0,77.0,106.89314656890929,2210.0,154.0,4077.7900390625,77.0,0.0,134.0,1.6239999532699585,2210.0,-6.429410073906183,1789987562000.0,-0.014000000432133675,2210.0
104.19999694824219,2203.0,77.0,77.0,106.89313299022615,2211.0,154.0,4079.31005859375,77.0,0.0,134.0,1.6239999532699585,2211.0,-6.429407140240073,1789987563000.0,-0.010999999940395355,2211.0
103.80000305175781,2206.0,77.0,77.0,106.8930908292532,2214.0,154.0,4084.050048828125,77.0,0.0,135.0,1.6139999628067017,2214.0,-6.429399764165282,1789987566000.0,-0.008999999612569809,2214.0
103.4000015258789,2208.0,76.0,76.80000305175781,106.89307834021747,2216.0,152.0,4085.919921875,76.80000305175781,0.0,136.0,1.6139999628067017,2216.0,-6.429388700053096,1789987568000.0,-0.019999999552965164,2216.0
103.0,2209.0,76.0,76.80000305175781,106.89307389780879,2217.0,152.0,4086.530029296875,76.80000305175781,0.0,136.0,1.6139999628067017,2217.0,-6.429385179653764,1789987569000.0,-0.013000000268220901,2217.0
101.4000015258789,2214.0,43.0,76.80000305175781,106.89302193000913,2222.0,86.0,4092.64990234375,76.80000305175781,0.0,136.0,1.5959999561309814,2222.0,-6.4293646439909935,1789987574000.0,-0.014999999664723873,2222.0
100.80000305175781,2216.0,0.0,76.80000305175781,106.8930078484118,2224.0,0.0,4094.14990234375,76.80000305175781,0.0,136.0,1.5679999589920044,2224.0,-6.42936497926712,1789987576000.0,0.0010000000474974513,2224.0
101.0,2223.0,54.0,76.5999984741211,106.89294297248125,2231.0,109.0,4103.35009765625,76.5999984741211,0.5,137.0,1.315999984741211,2231.0,-6.429312424734235,1789987583000.0,-0.027000000700354576,2231.0
101.4000015258789,2224.0,55.0,76.5999984741211,106.89293165691197,2232.0,111.0,4104.85986328125,76.5999984741211,0.5,137.0,1.2599999904632568,2232.0,-6.429304713383317,1789987584000.0,-0.02800000086426735,2232.0
104.80000305175781,2229.0,0.0,76.4000015258789,106.89286845736206,2237.0,0.0,4113.22998046875,76.4000015258789,0.0,134.0,1.277999997138977,2237.0,-6.429261295124888,1789987589000.0,-0.017999999225139618,2237.0
105.19999694824219,2230.0,0.0,76.4000015258789,106.89285554923117,2238.0,0.0,4114.93017578125,76.4000015258789,0.0,133.0,1.2970000505447388,2238.0,-6.429252326488495,1789987590000.0,0.014000000432133675,2238.0
105.4000015258789,2232.0,0.0,76.5999984741211,106.89283006824553,2240.0,0.0,4118.02001953125,76.5999984741211,0.0,132.0,1.3530000448226929,2240.0,-6.429238999262452,1789987592000.0,0.02199999988079071,2240.0
105.19999694824219,2236.0,0.0,76.5999984741211,106.89278497360647,2244.0,0.0,4123.18994140625,76.5999984741211,0.0,131.0,1.5119999647140503,2244.0,-6.429222654551268,1789987596000.0,0.0020000000949949026,2244.0
104.80000305175781,2238.0,0.0,76.4000015258789,106.89277525059879,2246.0,0.0,4124.830078125,76.4000015258789,0.0,130.0,1.5399999618530273,2246.0,-6.429209662601352,1789987598000.0,-0.04699999839067459,2246.0
104.4000015258789,2240.0,0.0,76.4000015258789,106.89278363250196,2248.0,0.0,4126.14990234375,76.4000015258789,0.0,130.0,1.5019999742507935,2248.0,-6.429200693964958,1789987600000.0,-0.03200000151991844,2248.0
104.4000015258789,2241.0,50.0,76.4000015258789,106.89278648234904,2249.0,101.0,4126.60986328125,76.4000015258789,0.5,130.0,1.4739999771118164,2249.0,-6.429203795269132,1789987601000.0,0.02199999988079071,2249.0
104.19999694824219,2244.0,0.0,76.4000015258789,106.89280207268894,2252.0,0.0,4128.43017578125,76.4000015258789,0.0,129.0,1.2879999876022339,2252.0,-6.429200107231736,1789987604000.0,-0.008999999612569809,2252.0
104.19999694824219,2245.0,0.0,76.4000015258789,106.89280341379344,2253.0,0.0,4129.16015625,76.4000015258789,0.0,129.0,1.2039999961853027,2253.0,-6.429191557690501,1789987605000.0,-0.06199999898672104,2253.0
104.5999984741211,2250.0,81.0,76.0,106.8928831256926,2258.0,162.0,4137.77001953125,76.0,0.0,128.0,1.4559999704360962,2258.0,-6.4291685074567795,1789987610000.0,-0.04600000008940697,2258.0
106.0,2256.0,76.0,76.19999694824219,106.89296518452466,2264.0,152.0,4147.89013671875,76.19999694824219,0.0,131.0,1.5490000247955322,2264.0,-6.429208321496844,1789987616000.0,0.02199999988079071,2264.0
107.0,2259.0,75.0,76.19999694824219,106.89299343153834,2267.0,150.0,4151.4501953125,76.19999694824219,0.0,130.0,1.5399999618530273,2267.0,-6.429224079474807,1789987619000.0,0.01899999938905239,2267.0
107.19999694824219,2269.0,74.0,76.4000015258789,106.89312209375203,2277.0,149.0,4166.7900390625,76.4000015258789,0.5,130.0,1.5019999742507935,2277.0,-6.429274035617709,1789987629000.0,0.017999999225139618,2277.0
105.5999984741211,2277.0,76.0,76.80000305175781,106.89322208985686,2285.0,152.0,4178.4599609375,76.80000305175781,0.0,129.0,1.465000033378601,2285.0,-6.429307563230395,1789987637000.0,0.04100000113248825,2285.0
103.19999694824219,2288.0,77.0,77.0,106.89338620752096,2296.0,154.0,4197.68017578125,77.0,0.0,132.0,1.5210000276565552,2296.0,-6.429364727810025,1789987648000.0,0.019999999552965164,2296.0
103.0,2289.0,77.0,77.0,106.89339869655669,2297.0,154.0,4199.1298828125,77.0,0.0,132.0,1.5299999713897705,2297.0,-6.429368918761611,1789987649000.0,0.0,2297.0
101.19999694824219,2300.0,77.0,78.19999694824219,106.89356247894466,2308.0,154.0,4217.97021484375,78.19999694824219,0.0,134.0,1.5959999561309814,2308.0,-6.42941577360034,1789987660000.0,0.1120000034570694,2308.0
100.5999984741211,2304.0,76.0,78.80000305175781,106.89361193217337,2312.0,152.0,4223.68017578125,78.80000305175781,0.0,137.0,1.6139999628067017,2312.0,-6.4294300228357315,1789987664000.0,0.15399999916553497,2312.0
100.5999984741211,2305.0,76.0,79.0,106.89362358301878,2313.0,152.0,4225.02978515625,79.0,0.0,137.0,1.6139999628067017,2313.0,-6.429426418617368,1789987665000.0,0.11299999803304672,2313.0
100.19999694824219,2307.0,75.0,79.0,106.89364177174866,2315.0,151.0,4227.52001953125,79.0,0.5,138.0,1.6139999628067017,2315.0,-6.429413175210357,1789987667000.0,0.05299999937415123,2315.0
99.0,2312.0,73.0,79.19999694824219,106.89368292689323,2320.0,147.0,4234.919921875,79.19999694824219,0.5,139.0,1.5859999656677246,2320.0,-6.429362464696169,1789987672000.0,0.01600000075995922,2320.0
98.4000015258789,2316.0,58.0,79.19999694824219,106.89371067099273,2324.0,117.0,4240.2900390625,79.19999694824219,0.5,138.0,1.5579999685287476,2324.0,-6.429323069751263,1789987676000.0,0.004000000189989805,2324.0
97.80000305175781,2326.0,58.0,79.19999694824219,106.89376615919173,2334.0,116.0,4256.2099609375,79.19999694824219,0.0,137.0,1.3899999856948853,2334.0,-6.429199771955609,1789987686000.0,0.004000000189989805,2334.0
97.5999984741211,2328.0,58.0,79.19999694824219,106.8937724456191,2336.0,116.0,4259.52001953125,79.19999694824219,0.0,136.0,1.399999976158142,2336.0,-6.4291726145893335,1789987688000.0,-0.04100000113248825,2336.0
97.0,2332.0,59.0,79.0,106.89378493465483,2340.0,119.0,4266.35009765625,79.0,0.5,133.0,1.409000039100647,2340.0,-6.429111426696181,1789987692000.0,-0.05400000140070915,2340.0
98.19999694824219,2339.0,84.0,79.19999694824219,106.89384737983346,2347.0,169.0,4282.89013671875,79.19999694824219,0.5,131.0,1.875,2347.0,-6.428975388407707,1789987699000.0,0.04399999976158142,2347.0
99.80000305175781,2345.0,84.0,79.4000015258789,106.89388585276902,2353.0,169.0,4294.509765625,79.4000015258789,0.5,131.0,2.13700008392334,2353.0,-6.428877487778664,1789987705000.0,0.03400000184774399,2353.0
99.5999984741211,2352.0,82.0,79.4000015258789,106.89391585998237,2360.0,165.0,4311.419921875,79.4000015258789,0.5,134.0,2.0989999771118164,2360.0,-6.428727367892861,1789987712000.0,-0.014999999664723873,2360.0
99.4000015258789,2353.0,81.0,79.19999694824219,106.89391887746751,2361.0,162.0,4313.4501953125,79.19999694824219,0.0,136.0,2.0989999771118164,2361.0,-6.428709095343947,1789987713000.0,-0.02199999988079071,2361.0
99.4000015258789,2358.0,80.0,79.5999984741211,106.89395357854664,2366.0,160.0,4321.240234375,79.5999984741211,0.0,139.0,2.062000036239624,2366.0,-6.428646733984351,1789987718000.0,0.054999999701976776,2366.0
100.0,2361.0,64.0,79.5999984741211,106.89396464265883,2369.0,129.0,4324.5,79.5999984741211,0.5,140.0,1.9869999885559082,2369.0,-6.428619073703885,1789987721000.0,0.027000000700354576,2369.0
100.4000015258789,2365.0,0.0,79.80000305175781,106.89397947862744,2373.0,0.0,4330.080078125,79.80000305175781,0.0,140.0,1.6239999532699585,2373.0,-6.428572218865156,1789987725000.0,0.03999999910593033,2373.0
100.5999984741211,2368.0,57.0,80.0,106.89399037510157,2376.0,115.0,4333.85986328125,80.0,0.5,139.0,1.5119999647140503,2376.0,-6.428539780899882,1789987728000.0,0.039000000804662704,2376.0
102.0,2373.0,56.0,80.0,106.8940044566989,2381.0,113.0,4340.1201171875,80.0,0.5,139.0,1.343999981880188,2381.0,-6.428484544157982,1789987733000.0,0.026000000536441803,2381.0
101.80000305175781,2375.0,58.0,80.0,106.89400839619339,2383.0,116.0,4341.7900390625,80.0,0.0,140.0,1.3339999914169312,2383.0,-6.428470546379685,1789987735000.0,0.014000000432133675,2383.0
101.5999984741211,2376.0,58.0,80.0,106.89401099458337,2384.0,116.0,4342.7099609375,80.0,0.0,139.0,1.3250000476837158,2384.0,-6.428462583571672,1789987736000.0,0.01899999938905239,2384.0
101.19999694824219,2380.0,56.0,80.19999694824219,106.8940245732665,2388.0,113.0,4347.31005859375,80.19999694824219,0.5,138.0,1.2879999876022339,2388.0,-6.42842385917902,1789987740000.0,0.024000000208616257,2388.0
100.80000305175781,2383.0,58.0,80.19999694824219,106.89402943477035,2391.0,116.0,4351.919921875,80.19999694824219,0.0,137.0,1.305999994277954,2391.0,-6.428379351273179,1789987743000.0,0.012000000104308128,2391.0
100.5999984741211,2384.0,58.0,80.19999694824219,106.8940372299403,2392.0,116.0,4354.4501953125,80.19999694824219,0.0,136.0,1.3250000476837158,2392.0,-6.428357642143965,1789987744000.0,0.0560000017285347,2392.0
99.5999984741211,2389.0,56.0,80.19999694824219,106.89405164681375,2397.0,113.0,4362.56005859375,80.19999694824219,0.5,134.0,1.399999976158142,2397.0,-6.428286228328943,1789987749000.0,-0.017999999225139618,2397.0
98.80000305175781,2398.0,55.0,79.80000305175781,106.8940832465887,2406.0,111.0,4373.60009765625,79.80000305175781,0.5,134.0,1.371999979019165,2406.0,-6.428195871412754,1789987758000.0,-0.03400000184774399,2406.0
99.0,2409.0,57.0,79.80000305175781,106.89414971508086,2417.0,114.0,4387.77978515625,79.80000305175781,0.0,132.0,1.3530000448226929,2417.0,-6.428087996318936,1789987769000.0,-0.014000000432133675,2417.0
99.19999694824219,2410.0,57.0,79.80000305175781,106.89415650442243,2418.0,114.0,4388.990234375,79.80000305175781,0.0,132.0,1.3530000448226929,2418.0,-6.428079195320606,1789987770000.0,-0.007000000216066837,2418.0
99.0,2414.0,57.0,79.5999984741211,106.89416128210723,2422.0,114.0,4394.16015625,79.5999984741211,0.0,129.0,1.3530000448226929,2422.0,-6.428034100681543,1789987774000.0,-0.035999998450279236,2422.0
99.0,2415.0,58.0,79.5999984741211,106.89416010864079,2423.0,116.0,4395.6298828125,79.5999984741211,0.0,128.0,1.3530000448226929,2423.0,-6.428020773455501,1789987775000.0,-0.052000001072883606,2423.0
98.80000305175781,2416.0,58.0,79.4000015258789,106.89416019245982,2424.0,116.0,4396.91015625,79.4000015258789,0.0,127.0,1.3530000448226929,2424.0,-6.428008619695902,1789987776000.0,-0.0430000014603138,2424.0
97.5999984741211,2420.0,80.0,79.4000015258789,106.89421148970723,2428.0,160.0,4405.8798828125,79.4000015258789,0.0,126.0,1.3619999885559082,2428.0,-6.427942654117942,1789987780000.0,-0.013000000268220901,2428.0
97.19999694824219,2426.0,80.0,79.19999694824219,106.89426865428686,2434.0,161.0,4419.75,79.19999694824219,0.5,127.0,1.8940000534057617,2434.0,-6.427832096815109,1789987786000.0,-0.03200000151991844,2434.0
97.19999694824219,2428.0,79.0,79.0,106.89428851939738,2436.0,158.0,4424.7900390625,79.0,0.0,131.0,1.940999984741211,2436.0,-6.427791025489569,1789987788000.0,-0.08299999684095383,2436.0
97.19999694824219,2430.0,79.0,78.80000305175781,106.89430897124112,2438.0,159.0,4429.759765625,78.80000305175781,0.5,134.0,1.9780000448226929,2438.0,-6.427750959992409,1789987790000.0,-0.10899999737739563,2438.0
97.19999694824219,2432.0,79.0,78.80000305175781,106.89431676641107,2440.0,159.0,4433.64013671875,78.80000305175781,0.5,137.0,2.015000104904175,2440.0,-6.427716175094247,1789987792000.0,-0.07699999958276749,2440.0
97.19999694824219,2434.0,79.0,78.5999984741211,106.89432766288519,2442.0,159.0,4438.02978515625,78.5999984741211,0.5,140.0,2.0250000953674316,2442.0,-6.427677785977721,1789987794000.0,-0.08900000154972076,2442.0
97.19999694824219,2437.0,79.0,78.19999694824219,106.8943393137306,2445.0,159.0,4444.22998046875,78.19999694824219,0.5,143.0,2.0429999828338623,2445.0,-6.427622465416789,1789987797000.0,-0.07999999821186066,2445.0
97.5999984741211,2440.0,79.0,78.19999694824219,106.89435792155564,2448.0,159.0,4447.68994140625,78.19999694824219,0.5,145.0,1.9129999876022339,2448.0,-6.427598157897592,1789987800000.0,-0.050999999046325684,2448.0
98.0,2441.0,0.0,78.0,106.8943686503917,2449.0,0.0,4448.85986328125,78.0,0.0,145.0,1.819000005722046,2449.0,-6.427598660811782,1789987801000.0,-0.03700000047683716,2449.0
99.0,2445.0,0.0,78.0,106.89439941197634,2453.0,0.0,4453.8701171875,78.0,0.0,142.0,1.6610000133514404,2453.0,-6.427630763500929,1789987805000.0,0.0010000000474974513,2453.0
99.19999694824219,2448.0,57.0,78.19999694824219,106.89440092071891,2456.0,115.0,4457.2099609375,78.19999694824219,0.5,142.0,1.5770000219345093,2456.0,-6.427659932523966,1789987808000.0,0.032999999821186066,2456.0
99.4000015258789,2453.0,54.0,78.4000015258789,106.89438524655998,2461.0,109.0,4460.330078125,78.4000015258789,0.5,139.0,1.4279999732971191,2461.0,-6.427686419337988,1789987813000.0,0.029999999329447746,2461.0
100.80000305175781,2461.0,54.0,78.80000305175781,106.89436169341207,2469.0,109.0,4469.56005859375,78.80000305175781,0.5,138.0,1.2690000534057617,2469.0,-6.427766717970371,1789987821000.0,0.04699999839067459,2469.0
101.19999694824219,2463.0,54.0,78.80000305175781,106.89436026848853,2471.0,109.0,4471.77978515625,78.80000305175781,0.5,137.0,1.25,2471.0,-6.427787002176046,1789987823000.0,0.039000000804662704,2471.0
102.4000015258789,2467.0,0.0,79.0,106.89432950690389,2475.0,0.0,4476.990234375,79.0,0.0,137.0,1.2319999933242798,2475.0,-6.427823798730969,1789987827000.0,0.061000000685453415,2475.0
102.19999694824219,2471.0,57.0,79.4000015258789,106.89429203979671,2479.0,115.0,4482.77001953125,79.4000015258789,0.5,135.0,1.2130000591278076,2479.0,-6.42786730080843,1789987831000.0,0.0729999989271164,2479.0
101.4000015258789,2475.0,55.0,79.5999984741211,106.89427988603711,2483.0,111.0,4488.39013671875,79.5999984741211,0.5,134.0,1.2599999904632568,2483.0,-6.427917340770364,1789987835000.0,0.0560000017285347,2483.0
100.4000015258789,2480.0,0.0,79.80000305175781,106.89427100121975,2488.0,0.0,4495.259765625,79.80000305175781,0.0,133.0,1.305999994277954,2488.0,-6.4279798697680235,1789987840000.0,0.04399999976158142,2488.0
100.0,2483.0,56.0,80.0,106.89427175559103,2491.0,113.0,4501.27978515625,80.0,0.5,132.0,1.305999994277954,2491.0,-6.428034519776702,1789987843000.0,0.06599999964237213,2491.0
99.80000305175781,2485.0,57.0,80.19999694824219,106.89426437951624,2493.0,114.0,4504.3798828125,80.19999694824219,0.0,132.0,1.315999984741211,2493.0,-6.428062850609422,1789987845000.0,0.06599999964237213,2493.0
99.5999984741211,2486.0,58.0,80.19999694824219,106.89425943419337,2494.0,116.0,4505.3701171875,80.19999694824219,0.0,132.0,1.315999984741211,2494.0,-6.428070897236466,1789987846000.0,0.02199999988079071,2494.0
99.4000015258789,2492.0,56.0,80.4000015258789,106.89424979500473,2500.0,113.0,4511.43994140625,80.4000015258789,0.5,130.0,1.277999997138977,2500.0,-6.428126553073525,1789987852000.0,0.054999999701976776,2500.0
96.4000015258789,2500.0,60.0,81.19999694824219,106.89424023963511,2508.0,120.0,4524.009765625,81.19999694824219,0.0,128.0,1.2879999876022339,2508.0,-6.428247168660164,1789987860000.0,0.10000000149011612,2508.0
95.19999694824219,2505.0,57.0,81.5999984741211,106.89422221854329,2513.0,114.0,4530.31005859375,81.5999984741211,0.0,125.0,1.315999984741211,2513.0,-6.4283008966594934,1789987865000.0,0.050999999046325684,2513.0
95.0,2509.0,0.0,81.5999984741211,106.8942116573453,2517.0,0.0,4535.5498046875,81.5999984741211,0.0,124.0,1.3250000476837158,2517.0,-6.428345404565334,1789987869000.0,0.004000000189989805,2517.0
95.5999984741211,2516.0,58.0,81.5999984741211,106.89418508671224,2524.0,117.0,4545.0498046875,81.5999984741211,0.5,122.0,1.343999981880188,2524.0,-6.428426876664162,1789987876000.0,-0.004000000189989805,2524.0
96.80000305175781,2523.0,62.0,82.19999694824219,106.89418357796967,2531.0,125.0,4555.4599609375,82.19999694824219,0.5,125.0,1.3899999856948853,2531.0,-6.42852159217,1789987883000.0,0.09399999678134918,2531.0
96.5999984741211,2527.0,62.0,82.80000305175781,106.89419866539538,2535.0,125.0,4562.60009765625,82.80000305175781,0.5,125.0,1.409000039100647,2535.0,-6.4285847917199135,1789987887000.0,0.1679999977350235,2535.0
96.19999694824219,2529.0,61.0,83.0,106.89419807866216,2537.0,122.0,4565.68017578125,83.0,0.0,125.0,1.4179999828338623,2537.0,-6.428612871095538,1789987889000.0,0.057999998331069946,2537.0
95.80000305175781,2531.0,61.0,83.0,106.89419162459671,2539.0,122.0,4568.0400390625,83.0,0.0,125.0,1.4279999732971191,2539.0,-6.428635083138943,1789987891000.0,-0.006000000052154064,2539.0
95.5999984741211,2533.0,58.0,83.0,106.89419045113027,2541.0,117.0,4569.68994140625,83.0,0.5,125.0,1.4279999732971191,2541.0,-6.428650338202715,1789987893000.0,0.01899999938905239,2541.0
95.5999984741211,2534.0,58.0,83.0,106.8941921275109,2542.0,117.0,4570.580078125,83.0,0.5,126.0,1.4279999732971191,2542.0,-6.42865888774395,1789987894000.0,0.054999999701976776,2542.0
95.80000305175781,2535.0,58.0,83.0,106.89418609254062,2543.0,117.0,4571.830078125,83.0,0.5,126.0,1.4279999732971191,2543.0,-6.428669448941946,1789987895000.0,-0.04899999871850014,2543.0
97.0,2539.0,61.0,82.5999984741211,106.89415373839438,2547.0,122.0,4577.06982421875,82.5999984741211,0.0,126.0,1.409000039100647,2547.0,-6.428708676248789,1789987899000.0,-0.08100000023841858,2547.0
98.19999694824219,2544.0,61.0,82.19999694824219,106.89410872757435,2552.0,122.0,4585.7900390625,82.19999694824219,0.0,127.0,1.38100004196167,2552.0,-6.428775312379003,1789987904000.0,-0.0820000022649765,2552.0
98.4000015258789,2546.0,0.0,82.4000015258789,106.89410604536533,2554.0,0.0,4588.85009765625,82.4000015258789,0.0,127.0,1.3899999856948853,2554.0,-6.4288033079355955,1789987906000.0,0.03099999949336052,2554.0
98.4000015258789,2547.0,58.0,82.19999694824219,106.89410001039505,2555.0,117.0,4590.14013671875,82.19999694824219,0.5,128.0,1.3899999856948853,2555.0,-6.428813366219401,1789987907000.0,-0.050999999046325684,2555.0
97.4000015258789,2552.0,60.0,82.0,106.89406706951559,2560.0,120.0,4596.43994140625,82.0,0.0,127.0,1.409000039100647,2560.0,-6.428859382867813,1789987912000.0,-0.06199999898672104,2560.0
96.5999984741211,2559.0,56.0,82.19999694824219,106.89404108561575,2567.0,113.0,4606.580078125,82.19999694824219,0.5,127.0,1.3899999856948853,2567.0,-6.428948482498527,1789987919000.0,0.032999999821186066,2567.0
97.19999694824219,2561.0,56.0,82.19999694824219,106.89403295516968,2569.0,113.0,4609.31005859375,82.19999694824219,0.5,127.0,1.38100004196167,2569.0,-6.4289723709225655,1789987921000.0,0.027000000700354576,2569.0
97.80000305175781,2563.0,57.0,82.4000015258789,106.89402566291392,2571.0,115.0,4612.47021484375,82.4000015258789,0.5,127.0,1.38100004196167,2571.0,-6.4290000312030315,1789987923000.0,0.04699999839067459,2571.0
98.19999694824219,2565.0,57.0,82.4000015258789,106.89401962794363,2573.0,115.0,4615.2001953125,82.4000015258789,0.5,126.0,1.38100004196167,2573.0,-6.429024590179324,1789987925000.0,0.04500000178813934,2573.0
98.0,2568.0,56.0,82.4000015258789,106.89400269649923,2576.0,113.0,4619.10009765625,82.4000015258789,0.5,128.0,1.38100004196167,2576.0,-6.429055519402027,1789987928000.0,-0.007000000216066837,2576.0
95.19999694824219,2572.0,56.0,82.0,106.89396791160107,2580.0,113.0,4625.14013671875,82.0,0.5,128.0,1.38100004196167,2580.0,-6.429097848013043,1789987932000.0,-0.07599999755620956,2580.0
94.0,2574.0,56.0,82.19999694824219,106.89395877532661,2582.0,113.0,4628.10009765625,82.19999694824219,0.5,128.0,1.38100004196167,2582.0,-6.42912307754159,1789987934000.0,0.008999999612569809,2582.0
92.80000305175781,2580.0,56.0,82.4000015258789,106.89394947141409,2588.0,113.0,4636.56982421875,82.4000015258789,0.5,127.0,1.38100004196167,2588.0,-6.429198514670134,1789987940000.0,0.061000000685453415,2588.0
93.4000015258789,2585.0,0.0,82.4000015258789,106.89392684027553,2593.0,0.0,4645.27978515625,82.4000015258789,0.0,124.0,1.3899999856948853,2593.0,-6.429274454712868,1789987945000.0,-0.009999999776482582,2593.0
93.80000305175781,2587.0,0.0,82.4000015258789,106.8939262535423,2595.0,0.0,4647.35009765625,82.4000015258789,0.0,122.0,1.399999976158142,2595.0,-6.429293733090162,1789987947000.0,0.029999999329447746,2595.0
94.19999694824219,2589.0,0.0,82.5999984741211,106.89393245615065,2597.0,0.0,4650.14013671875,82.5999984741211,0.0,123.0,1.399999976158142,2597.0,-6.429317956790328,1789987949000.0,0.08799999952316284,2597.0
