directLongitude,directFractionalCadence,directRunCadence,directCorrectedElevation,directHeartRate,directTimestamp,directUncorrectedElevation,directDoubleCadence,directElevation,directSpeed,sumMovingDuration,sumDistance,sumElapsedDuration,directLatitude,sumDuration,directVerticalSpeed,elapsed_s
106.89373665489256,0.5,58.0,79.80000305175781,90.0,1786403753000.0,77.0,117.0,79.80000305175781,1.399999976158142,0.0,0.800000011920929,0.0,-6.42979790456593,0.0,,0.0
106.89368938095868,0.0,0.0,79.5999984741211,91.0,1786403765000.0,80.0,0.0,79.5999984741211,1.2970000505447388,12.0,12.239999771118164,12.0,-6.429887590929866,12.0,-0.01600000075995922,12.0
106.89369558356702,0.0,0.0,79.5999984741211,92.0,1786403766000.0,80.4000015258789,0.0,79.5999984741211,1.2039999961853027,13.0,12.239999771118164,13.0,-6.429886920377612,13.0,0.019999999552965164,13.0
106.89369466155767,0.0,0.0,79.5999984741211,93.0,1786403773000.0,83.5999984741211,0.0,79.5999984741211,0.0,13.0,12.880000114440918,20.0,-6.429893039166927,20.0,0.003000000026077032,20.0
106.89370262436569,0.0,0.0,79.5999984741211,96.0,1786403776000.0,84.19999694824219,0.0,79.5999984741211,0.0,13.0,13.8100004196167,23.0,-6.429893709719181,23.0,0.009999999776482582,23.0
106.8937016185373,0.0,0.0,79.5999984741211,98.0,1786403781000.0,84.4000015258789,0.0,79.5999984741211,0.0,13.0,13.8100004196167,28.0,-6.4298950508236885,28.0,0.0,28.0
106.8936965893954,0.0,0.0,79.5999984741211,101.0,1786403797000.0,84.4000015258789,0.0,79.5999984741211,0.0,13.0,14.880000114440918,44.0,-6.429919525980949,44.0,0.004000000189989805,44.0
106.89368770457804,0.0,0.0,79.80000305175781,97.0,1786403799000.0,84.4000015258789,0.0,79.80000305175781,0.0,13.0,18.1299991607666,46.0,-6.429947605356574,46.0,0.03500000014901161,46.0
106.89367312006652,0.0,0.0,80.0,95.0,1786403802000.0,84.4000015258789,0.0,80.0,0.0,13.0,22.959999084472656,49.0,-6.4299913588911295,49.0,0.07400000095367432,49.0
106.89365308731794,0.0,0.0,81.0,98.0,1786403809000.0,85.80000305175781,0.0,81.0,0.0,13.0,31.799999237060547,56.0,-6.430070903152227,56.0,0.14100000262260437,56.0
106.89365149475634,0.0,0.0,81.0,98.0,1786403810000.0,86.0,0.0,81.0,0.0,13.0,32.630001068115234,57.0,-6.430078446865082,57.0,0.08100000023841858,57.0
106.89363422803581,0.5,52.0,81.5999984741211,101.0,1786403815000.0,86.4000015258789,105.0,81.5999984741211,0.0,13.0,38.97999954223633,62.0,-6.430133180692792,62.0,0.11800000071525574,62.0
106.89363162964582,0.5,52.0,81.80000305175781,101.0,1786403816000.0,86.4000015258789,105.0,81.80000305175781,0.0,13.0,40.75,63.0,-6.4301501121371984,63.0,0.18299999833106995,63.0
106.89362173900008,0.5,52.0,82.0,108.0,1786403818000.0,86.4000015258789,105.0,82.0,0.0,13.0,43.150001525878906,65.0,-6.430171318352222,65.0,0.11400000005960464,65.0
106.8936244212091,0.0,0.0,82.19999694824219,108.0,1786403819000.0,86.4000015258789,0.0,82.19999694824219,0.0,13.0,43.95000076293945,66.0,-6.430180203169584,66.0,0.09600000083446503,66.0
106.89362056553364,0.0,0.0,82.19999694824219,116.0,1786403820000.0,86.5999984741211,0.0,82.19999694824219,0.0,13.0,44.66999816894531,67.0,-6.430185567587614,67.0,0.057999998331069946,67.0
106.89361838623881,0.0,0.0,82.19999694824219,119.0,1786403821000.0,86.5999984741211,0.0,82.19999694824219,0.0,13.0,44.88999938964844,68.0,-6.430186573415995,68.0,0.010999999940395355,68.0
106.893618889153,0.0,0.0,82.19999694824219,120.0,1786403822000.0,86.5999984741211,0.0,82.19999694824219,0.0,13.0,44.95000076293945,69.0,-6.43018682487309,69.0,0.003000000026077032,69.0
106.89361603930593,0.0,0.0,82.4000015258789,121.0,1786403827000.0,86.4000015258789,0.0,82.4000015258789,0.0,13.0,47.060001373291016,74.0,-6.430195206776261,74.0,0.017999999225139618,74.0
106.8935911450535,0.0,0.0,82.4000015258789,120.0,1786403833000.0,87.19999694824219,0.0,82.4000015258789,0.0,13.0,49.88999938964844,80.0,-6.4302007388323545,80.0,0.009999999776482582,80.0
106.89356666989625,0.0,0.0,82.4000015258789,120.0,1786403839000.0,90.0,0.0,82.4000015258789,0.0,13.0,52.459999084472656,86.0,-6.430201744660735,86.0,0.0020000000949949026,86.0
106.8935588747263,0.0,0.0,82.4000015258789,121.0,1786403844000.0,92.4000015258789,0.0,82.4000015258789,0.0,13.0,53.9900016784668,91.0,-6.4302087016403675,91.0,0.014999999664723873,91.0
106.89358385279775,0.0,0.0,82.5999984741211,120.0,1786403850000.0,94.19999694824219,0.0,82.5999984741211,0.0,13.0,54.459999084472656,97.0,-6.4302190952003,97.0,0.01899999938905239,97.0
106.89358184114099,0.0,0.0,82.5999984741211,123.0,1786403860000.0,93.4000015258789,0.0,82.5999984741211,0.0,13.0,54.630001068115234,107.0,-6.430219346657395,107.0,0.0,107.0
106.8935808353126,0.0,0.0,82.5999984741211,126.0,1786403863000.0,93.4000015258789,0.0,82.5999984741211,0.0,13.0,54.70000076293945,110.0,-6.430219346657395,110.0,0.0,110.0
106.89357731491327,0.0,0.0,82.5999984741211,129.0,1786403868000.0,93.19999694824219,0.0,82.5999984741211,0.0,13.0,54.90999984741211,115.0,-6.43021808937192,115.0,-0.003000000026077032,115.0
106.8935794942081,0.0,0.0,82.5999984741211,126.0,1786403895000.0,93.80000305175781,0.0,82.5999984741211,0.0,13.0,55.83000183105469,142.0,-6.430229237303138,142.0,0.004000000189989805,142.0
106.89357563853264,0.0,0.0,82.80000305175781,123.0,1786403908000.0,93.4000015258789,0.0,82.80000305175781,0.0,13.0,57.11000061035156,155.0,-6.430241223424673,155.0,0.009999999776482582,155.0
106.89357505179942,0.0,0.0,82.80000305175781,120.0,1786403911000.0,93.19999694824219,0.0,82.80000305175781,0.0,13.0,57.150001525878906,158.0,-6.430241223424673,158.0,0.0,158.0
106.89359089359641,0.0,0.0,82.80000305175781,123.0,1786403923000.0,92.5999984741211,0.0,82.80000305175781,0.0,13.0,58.83000183105469,170.0,-6.430230662226677,170.0,-0.009999999776482582,170.0
106.89361788332462,0.0,0.0,82.4000015258789,124.0,1786403929000.0,91.5999984741211,0.0,82.4000015258789,0.0,13.0,61.439998626708984,176.0,-6.430210378021002,176.0,-0.03700000047683716,176.0
106.89361897297204,0.0,0.0,82.4000015258789,124.0,1786403934000.0,91.0,0.0,82.4000015258789,0.0,13.0,61.959999084472656,181.0,-6.430201912298799,181.0,-0.017999999225139618,181.0
106.89360296353698,0.0,0.0,82.4000015258789,123.0,1786403942000.0,91.80000305175781,0.0,82.4000015258789,0.0,13.0,63.47999954223633,189.0,-6.430209372192621,189.0,0.009999999776482582,189.0
106.8936014547944,0.0,0.0,82.4000015258789,121.0,1786403951000.0,95.0,0.0,82.4000015258789,0.0,13.0,64.18000030517578,198.0,-6.430211886763573,198.0,0.003000000026077032,198.0
106.89360816031694,0.0,0.0,82.4000015258789,118.0,1786403961000.0,95.5999984741211,0.0,82.4000015258789,0.0,13.0,64.18000030517578,208.0,-6.430211886763573,208.0,0.0,208.0
106.89359734766185,0.5,42.0,82.5999984741211,121.0,1786403994000.0,92.80000305175781,85.0,82.5999984741211,0.0,13.0,65.9000015258789,241.0,-6.430227644741535,241.0,0.004999999888241291,241.0
106.89358050003648,0.0,0.0,82.4000015258789,124.0,1786404014000.0,92.80000305175781,0.0,82.4000015258789,0.0,13.0,67.26000213623047,261.0,-6.430200235918164,261.0,-0.014999999664723873,261.0
106.89357832074165,0.0,0.0,82.19999694824219,127.0,1786404020000.0,93.19999694824219,0.0,82.19999694824219,0.0,13.0,67.4000015258789,267.0,-6.430186070501804,267.0,-0.02500000037252903,267.0
106.89361461438239,0.0,0.0,82.5999984741211,130.0,1786404056000.0,93.19999694824219,0.0,82.5999984741211,0.0,13.0,67.68000030517578,303.0,-6.430225297808647,303.0,0.012000000104308128,303.0
106.89358946867287,0.0,80.0,82.5999984741211,135.0,1786404081000.0,92.0,160.0,82.5999984741211,0.0,13.0,70.05000305175781,328.0,-6.430214652791619,328.0,-0.004999999888241291,328.0
106.89358854666352,0.0,80.0,82.5999984741211,138.0,1786404085000.0,92.19999694824219,160.0,82.5999984741211,0.0,13.0,70.08999633789062,332.0,-6.430212892591953,332.0,-0.004999999888241291,332.0
106.8935877084732,0.0,78.0,82.5999984741211,141.0,1786404087000.0,92.4000015258789,156.0,82.5999984741211,0.5130000114440918,15.0,70.18000030517578,334.0,-6.430212641134858,334.0,-0.0010000000474974513,334.0
106.89358712173998,0.0,77.0,82.5999984741211,145.0,1786404089000.0,92.5999984741211,154.0,82.5999984741211,0.699999988079071,17.0,70.2300033569336,336.0,-6.430212557315826,336.0,0.0,336.0
106.89358645118773,0.0,76.0,82.5999984741211,149.0,1786404096000.0,92.5999984741211,152.0,82.5999984741211,0.6159999966621399,24.0,70.3499984741211,343.0,-6.430213982239366,343.0,0.0020000000949949026,343.0
106.89358578063548,0.0,0.0,82.5999984741211,146.0,1786404099000.0,92.80000305175781,0.0,82.5999984741211,0.289000004529953,24.0,70.62000274658203,346.0,-6.430220436304808,346.0,0.023000000044703484,346.0
106.89357304014266,0.5,81.0,82.80000305175781,149.0,1786404109000.0,92.5999984741211,163.0,82.80000305175781,0.4480000138282776,34.0,72.62999725341797,356.0,-6.430242648348212,356.0,0.024000000208616257,356.0
106.89354714006186,0.5,53.0,83.19999694824219,149.0,1786404120000.0,92.80000305175781,107.0,83.19999694824219,0.5320000052452087,45.0,79.54000091552734,367.0,-6.430302411317825,367.0,0.029999999329447746,367.0
106.89350615255535,0.5,51.0,83.5999984741211,150.0,1786404128000.0,92.80000305175781,103.0,83.5999984741211,0.625,53.0,91.62000274658203,375.0,-6.430402575060725,375.0,0.04500000178813934,375.0
106.89348109066486,0.5,51.0,83.80000305175781,147.0,1786404136000.0,92.5999984741211,103.0,83.80000305175781,0.0,53.0,100.1500015258789,383.0,-6.430473737418652,383.0,0.03200000151991844,383.0
106.8934777379036,0.0,52.0,84.19999694824219,144.0,1786404141000.0,92.5999984741211,104.0,84.19999694824219,0.0,53.0,106.0,388.0,-6.430526962503791,388.0,0.07599999755620956,388.0
106.89348871819675,0.5,52.0,84.4000015258789,144.0,1786404144000.0,92.4000015258789,105.0,84.4000015258789,0.0,53.0,109.55999755859375,391.0,-6.430558394640684,391.0,0.05999999865889549,391.0
106.8934513349086,0.5,54.0,84.0,144.0,1786404151000.0,90.19999694824219,109.0,84.0,0.0,53.0,119.62000274658203,398.0,-6.430641375482082,398.0,-0.03799999877810478,398.0
106.89345552586019,0.0,0.0,84.0,141.0,1786404157000.0,90.0,0.0,84.0,0.6899999976158142,59.0,126.2300033569336,404.0,-6.43070625141263,404.0,0.004999999888241291,404.0
106.89344521611929,0.0,0.0,84.0,139.0,1786404159000.0,89.80000305175781,0.0,84.0,0.8960000276565552,61.0,129.6699981689453,406.0,-6.430735671892762,406.0,-0.03700000047683716,406.0
106.89341319724917,0.0,55.0,84.0,136.0,1786404166000.0,88.19999694824219,110.0,84.0,1.2879999876022339,68.0,139.19000244140625,413.0,-6.430815551429987,413.0,-0.0020000000949949026,413.0
106.89341110177338,0.5,52.0,84.19999694824219,134.0,1786404170000.0,87.80000305175781,105.0,84.19999694824219,1.1100000143051147,72.0,144.97999572753906,417.0,-6.43086894415319,417.0,0.0689999982714653,417.0
106.89337053336203,0.0,0.0,84.80000305175781,132.0,1786404179000.0,87.19999694824219,0.0,84.80000305175781,1.0640000104904175,81.0,155.94000244140625,426.0,-6.430958714336157,426.0,0.0560000017285347,426.0
106.89332887530327,0.0,0.0,85.0,129.0,1786404185000.0,89.19999694824219,0.0,85.0,1.3250000476837158,87.0,162.9499969482422,432.0,-6.431008335202932,432.0,0.03500000014901161,432.0
106.89331823028624,0.0,0.0,85.19999694824219,127.0,1786404188000.0,90.0,0.0,85.19999694824219,1.3619999885559082,90.0,166.52000427246094,435.0,-6.431038845330477,435.0,0.05999999865889549,435.0
106.89330020919442,0.0,0.0,85.4000015258789,125.0,1786404193000.0,91.4000015258789,0.0,85.4000015258789,1.371999979019165,95.0,171.5399932861328,440.0,-6.43107857555151,440.0,0.04399999976158142,440.0
106.89330255612731,0.0,0.0,85.5999984741211,125.0,1786404196000.0,91.80000305175781,0.0,85.5999984741211,1.3339999914169312,98.0,173.2100067138672,443.0,-6.4310939982533455,443.0,0.03999999910593033,443.0
106.89328252337873,0.0,0.0,85.5999984741211,125.0,1786404199000.0,91.80000305175781,0.0,85.5999984741211,1.305999994277954,101.0,176.38999938964844,446.0,-6.4311157912015915,446.0,0.02800000086426735,446.0
106.89325033687055,0.0,52.0,85.80000305175781,124.0,1786404203000.0,91.80000305175781,104.0,85.80000305175781,1.277999997138977,105.0,182.05999755859375,450.0,-6.4311567787081,450.0,0.04500000178813934,450.0
106.89323625527322,0.0,0.0,85.80000305175781,122.0,1786404211000.0,95.4000015258789,0.0,85.80000305175781,1.1200000047683716,113.0,185.0399932861328,458.0,-6.431178571656346,458.0,0.013000000268220901,458.0
106.89322753809392,0.0,0.0,85.80000305175781,125.0,1786404220000.0,99.0,0.0,85.80000305175781,0.0,113.0,186.05999755859375,467.0,-6.431182762607932,467.0,0.0,467.0
106.89319183118641,0.0,0.0,86.19999694824219,125.0,1786404243000.0,101.19999694824219,0.0,86.19999694824219,0.2240000069141388,113.0,193.42999267578125,490.0,-6.431238166987896,490.0,0.012000000104308128,490.0
106.8931645900011,0.0,52.0,86.5999984741211,123.0,1786404251000.0,105.80000305175781,104.0,86.5999984741211,1.1759999990463257,121.0,202.3000030517578,498.0,-6.431314358487725,498.0,0.0560000017285347,498.0
106.89314187504351,0.5,50.0,87.0,120.0,1786404258000.0,105.80000305175781,101.0,87.0,1.1480000019073486,128.0,208.1300048828125,505.0,-6.431362051516771,505.0,0.061000000685453415,505.0
106.89314095303416,0.0,51.0,87.0,120.0,1786404259000.0,105.5999984741211,102.0,87.0,1.1480000019073486,129.0,208.91000366210938,506.0,-6.431369259953499,506.0,0.054999999701976776,506.0
106.89313860610127,0.5,51.0,87.19999694824219,120.0,1786404261000.0,105.4000015258789,103.0,87.19999694824219,1.1480000019073486,131.0,210.64999389648438,508.0,-6.4313846826553345,508.0,0.032999999821186066,508.0
106.89313609153032,0.5,52.0,87.19999694824219,120.0,1786404262000.0,105.4000015258789,105.0,87.19999694824219,1.1380000114440918,132.0,211.86000061035156,509.0,-6.431395830586553,509.0,0.04899999871850014,509.0
106.8931249435991,0.5,52.0,87.19999694824219,119.0,1786404269000.0,105.0,105.0,87.19999694824219,1.1480000019073486,139.0,219.61000061035156,516.0,-6.4314656518399715,516.0,0.013000000268220901,516.0
106.89311069436371,0.0,55.0,87.4000015258789,119.0,1786404274000.0,106.19999694824219,110.0,87.4000015258789,1.1759999990463257,144.0,224.13999938964844,521.0,-6.431503789499402,521.0,0.020999999716877937,521.0
106.89309912733734,0.0,0.0,87.4000015258789,119.0,1786404277000.0,106.80000305175781,0.0,87.4000015258789,1.1759999990463257,147.0,227.38999938964844,524.0,-6.431530695408583,524.0,0.02800000086426735,524.0
106.89307875931263,0.5,50.0,87.5999984741211,116.0,1786404283000.0,107.80000305175781,101.0,87.5999984741211,1.1480000019073486,153.0,232.8699951171875,530.0,-6.431576376780868,530.0,0.024000000208616257,530.0
106.89306534826756,0.5,53.0,87.80000305175781,115.0,1786404287000.0,107.80000305175781,107.0,87.80000305175781,1.128999948501587,157.0,236.55999755859375,534.0,-6.431606216356158,534.0,0.024000000208616257,534.0
106.89304707571864,0.0,0.0,87.5999984741211,115.0,1786404296000.0,107.19999694824219,0.0,87.5999984741211,1.0729999542236328,166.0,246.32000732421875,543.0,-6.43169280141592,543.0,-0.020999999716877937,543.0
106.89301245845854,0.5,49.0,87.4000015258789,114.0,1786404303000.0,105.19999694824219,99.0,87.4000015258789,1.0729999542236328,173.0,254.6300048828125,550.0,-6.4317569229751825,550.0,-0.029999999329447746,550.0
106.89301371574402,0.0,49.0,87.0,114.0,1786404306000.0,104.80000305175781,98.0,87.0,1.0729999542236328,176.0,257.8699951171875,553.0,-6.431786008179188,553.0,-0.0729999989271164,553.0
106.89301799051464,0.0,49.0,87.0,111.0,1786404308000.0,104.5999984741211,98.0,87.0,1.0729999542236328,178.0,260.6700134277344,555.0,-6.431812243536115,555.0,-0.07800000160932541,555.0
106.89301296137273,0.0,49.0,86.80000305175781,110.0,1786404310000.0,104.19999694824219,98.0,86.80000305175781,1.0729999542236328,180.0,262.80999755859375,557.0,-6.431831186637282,557.0,-0.02500000037252903,557.0
106.89300910569727,0.0,0.0,86.80000305175781,110.0,1786404311000.0,103.5999984741211,0.0,86.80000305175781,1.0729999542236328,181.0,263.8500061035156,558.0,-6.431839819997549,558.0,-0.017000000923871994,558.0
106.89298018813133,0.0,0.0,86.80000305175781,113.0,1786404318000.0,100.4000015258789,0.0,86.80000305175781,1.0920000076293945,188.0,271.8599853515625,565.0,-6.431906204670668,565.0,-0.01899999938905239,565.0
106.89296971075237,0.0,0.0,86.80000305175781,114.0,1786404321000.0,99.80000305175781,0.0,86.80000305175781,1.1009999513626099,191.0,275.0899963378906,568.0,-6.431933781132102,568.0,-0.0010000000474974513,568.0
106.89292813651264,0.0,72.0,87.19999694824219,114.0,1786404330000.0,100.4000015258789,144.0,87.19999694824219,1.1480000019073486,200.0,286.5799865722656,577.0,-6.432028915733099,577.0,0.054999999701976776,577.0
106.8928955309093,0.0,72.0,87.5999984741211,114.0,1786404336000.0,100.5999984741211,144.0,87.5999984741211,1.2130000591278076,206.0,293.1400146484375,583.0,-6.432078620418906,583.0,0.04899999871850014,583.0
106.89286183565855,0.5,71.0,88.0,114.0,1786404344000.0,101.0,143.0,88.0,1.2319999933242798,214.0,303.2699890136719,591.0,-6.432163277640939,591.0,0.06499999761581421,591.0
106.89281774684787,0.5,70.0,88.4000015258789,114.0,1786404356000.0,101.19999694824219,141.0,88.4000015258789,1.277999997138977,226.0,319.54998779296875,603.0,-6.432304177433252,603.0,0.027000000700354576,603.0
106.89277516677976,0.0,74.0,88.80000305175781,116.0,1786404365000.0,101.80000305175781,148.0,88.80000305175781,1.3250000476837158,235.0,333.3299865722656,612.0,-6.4324219431728125,612.0,0.04699999839067459,612.0
106.89276066608727,0.0,72.0,89.19999694824219,119.0,1786404371000.0,102.5999984741211,144.0,89.19999694824219,1.3530000448226929,241.0,341.7900085449219,618.0,-6.432498469948769,618.0,0.0560000017285347,618.0
106.89275178126991,0.5,72.0,89.19999694824219,119.0,1786404373000.0,102.80000305175781,145.0,89.19999694824219,1.3619999885559082,243.0,344.239990234375,620.0,-6.432518754154444,620.0,0.0729999989271164,620.0
106.89271825365722,0.0,72.0,89.80000305175781,119.0,1786404381000.0,103.5999984741211,144.0,89.80000305175781,1.3530000448226929,251.0,354.04998779296875,628.0,-6.432600142434239,628.0,0.0729999989271164,628.0
106.89268372021616,0.5,71.0,91.0,118.0,1786404391000.0,104.0,143.0,91.0,1.3339999914169312,261.0,367.4200134277344,638.0,-6.432717656716704,638.0,0.11999999731779099,638.0
106.8926280643791,0.0,75.0,91.5999984741211,117.0,1786404403000.0,102.4000015258789,150.0,91.5999984741211,1.3619999885559082,273.0,385.17999267578125,650.0,-6.4328681118786335,650.0,0.04500000178813934,650.0
106.89260157756507,0.0,74.0,91.5999984741211,118.0,1786404410000.0,102.4000015258789,148.0,91.5999984741211,1.38100004196167,280.0,395.0799865722656,657.0,-6.4329541102051735,657.0,0.007000000216066837,657.0
106.892577605322,0.0,75.0,91.5999984741211,120.0,1786404419000.0,102.4000015258789,150.0,91.5999984741211,1.399999976158142,289.0,408.1199951171875,666.0,-6.433068355545402,666.0,0.0010000000474974513,666.0
106.8925900105387,0.5,72.0,91.4000015258789,121.0,1786404429000.0,102.19999694824219,145.0,91.4000015258789,1.4279999732971191,299.0,421.69000244140625,676.0,-6.433191318064928,676.0,-0.03500000014901161,676.0
106.8925895076245,0.5,72.0,91.19999694824219,121.0,1786404430000.0,102.19999694824219,145.0,91.19999694824219,1.437000036239624,300.0,422.95001220703125,677.0,-6.433202717453241,677.0,-0.04500000178813934,677.0
106.89259202219546,0.0,84.0,90.80000305175781,121.0,1786404440000.0,103.5999984741211,168.0,90.80000305175781,1.437000036239624,310.0,437.9100036621094,687.0,-6.433337666094303,687.0,-0.039000000804662704,687.0
106.89259881153703,0.5,73.0,91.0,123.0,1786404453000.0,103.80000305175781,147.0,91.0,1.437000036239624,323.0,455.1499938964844,700.0,-6.43349289894104,700.0,0.004000000189989805,700.0
106.89258523285389,0.0,72.0,90.80000305175781,125.0,1786404462000.0,104.19999694824219,144.0,90.80000305175781,1.3619999885559082,332.0,465.0,709.0,-6.433581076562405,709.0,-0.010999999940395355,709.0
106.89258967526257,0.5,70.0,91.0,126.0,1786404474000.0,105.5999984741211,141.0,91.0,1.2970000505447388,344.0,481.3399963378906,721.0,-6.433727340772748,721.0,0.00800000037997961,721.0
106.89257014542818,0.0,74.0,90.80000305175781,126.0,1786404483000.0,105.80000305175781,148.0,90.80000305175781,1.2690000534057617,353.0,491.7900085449219,730.0,-6.4338187873363495,730.0,-0.00800000037997961,730.0
106.8925464246422,0.5,72.0,91.19999694824219,125.0,1786404490000.0,106.5999984741211,145.0,91.19999694824219,1.2599999904632568,360.0,500.760009765625,737.0,-6.433896739035845,737.0,0.054999999701976776,737.0
106.89250443130732,0.5,75.0,92.5999984741211,122.0,1786404501000.0,105.5999984741211,151.0,92.5999984741211,1.2690000534057617,371.0,514.3499755859375,748.0,-6.434011906385422,748.0,0.11400000005960464,748.0
106.8924589175731,0.0,73.0,93.19999694824219,123.0,1786404514000.0,105.19999694824219,146.0,93.19999694824219,1.277999997138977,384.0,532.0499877929688,761.0,-6.434165295213461,761.0,0.05999999865889549,761.0
106.89244525507092,0.0,73.0,93.80000305175781,123.0,1786404518000.0,105.5999984741211,146.0,93.80000305175781,1.2879999876022339,388.0,537.2100219726562,765.0,-6.434209551662207,765.0,0.1289999932050705,765.0
106.8924256414175,0.5,72.0,94.4000015258789,123.0,1786404522000.0,106.0,145.0,94.4000015258789,1.2970000505447388,392.0,542.5800170898438,769.0,-6.434254227206111,769.0,0.1509999930858612,769.0
106.89235095866024,0.0,74.0,96.19999694824219,123.0,1786404532000.0,105.80000305175781,148.0,96.19999694824219,1.315999984741211,402.0,557.3099975585938,779.0,-6.434362940490246,779.0,0.1860000044107437,779.0
106.89224836416543,0.0,95.0,97.80000305175781,125.0,1786404543000.0,107.0,190.0,97.80000305175781,1.4459999799728394,413.0,574.3200073242188,790.0,-6.434476934373379,790.0,0.14900000393390656,790.0
106.89215540885925,0.0,91.0,98.80000305175781,129.0,1786404551000.0,108.5999984741211,182.0,98.80000305175781,1.9220000505447388,421.0,590.25,798.0,-6.434586904942989,798.0,0.125,798.0
106.89211819320917,0.0,90.0,99.19999694824219,132.0,1786404554000.0,109.0,180.0,99.19999694824219,2.00600004196167,424.0,596.4400024414062,801.0,-6.434628898277879,801.0,0.1340000033378601,801.0
106.8920823186636,0.0,88.0,99.5999984741211,135.0,1786404557000.0,109.5999984741211,176.0,99.5999984741211,2.052999973297119,427.0,602.4099731445312,804.0,-6.434669215232134,804.0,0.1289999932050705,804.0
106.89204476773739,0.0,89.0,100.0,136.0,1786404561000.0,109.80000305175781,178.0,100.0,2.062000036239624,431.0,609.0900268554688,808.0,-6.4347167406231165,808.0,0.07800000160932541,808.0
106.89202557317913,0.0,88.0,100.0,139.0,1786404563000.0,108.80000305175781,176.0,100.0,2.062000036239624,433.0,613.1699829101562,810.0,-6.434748591855168,810.0,0.0,810.0
106.89195927232504,0.0,88.0,100.0,142.0,1786404568000.0,106.5999984741211,176.0,100.0,2.052999973297119,438.0,623.3699951171875,815.0,-6.4348124619573355,815.0,0.0,815.0
106.89193437807262,0.0,88.0,100.0,142.0,1786404570000.0,106.4000015258789,176.0,100.0,2.062000036239624,440.0,627.4400024414062,817.0,-6.434839703142643,817.0,0.0,817.0
106.8918095715344,0.5,88.0,100.0,144.0,1786404580000.0,108.19999694824219,177.0,100.0,2.062000036239624,450.0,646.9099731445312,827.0,-6.434962917119265,827.0,0.0,827.0
106.89173120073974,0.5,91.0,100.5999984741211,147.0,1786404587000.0,107.80000305175781,183.0,100.5999984741211,2.0429999828338623,457.0,659.75,834.0,-6.435048915445805,834.0,0.09200000017881393,834.0
106.89169918186963,0.5,89.0,101.0,149.0,1786404590000.0,107.80000305175781,179.0,101.0,2.0339999198913574,460.0,665.0700073242188,837.0,-6.435084789991379,837.0,0.0949999988079071,837.0
106.89162014052272,0.0,0.0,101.5999984741211,150.0,1786404598000.0,108.0,0.0,101.5999984741211,1.940999984741211,468.0,677.469970703125,845.0,-6.435164250433445,845.0,0.07199999690055847,845.0
106.89157387241721,0.0,55.0,101.80000305175781,148.0,1786404605000.0,108.80000305175781,110.0,101.80000305175781,1.6330000162124634,475.0,684.5,852.0,-6.435207417234778,852.0,0.04100000113248825,852.0
106.89153699204326,0.5,51.0,102.0,145.0,1786404610000.0,108.5999984741211,103.0,102.0,1.2319999933242798,480.0,689.97998046875,857.0,-6.435240525752306,857.0,0.041999999433755875,857.0
106.8915106728673,0.0,0.0,102.0,142.0,1786404613000.0,108.4000015258789,0.0,102.0,1.1200000047683716,483.0,693.6199951171875,860.0,-6.435259971767664,860.0,0.029999999329447746,860.0
106.8914329726249,0.0,0.0,101.4000015258789,139.0,1786404620000.0,108.4000015258789,0.0,101.4000015258789,1.194000005722046,490.0,702.5499877929688,867.0,-6.435283189639449,867.0,-0.10999999940395355,867.0
106.8914073240012,0.0,0.0,101.0,140.0,1786404623000.0,109.19999694824219,0.0,101.0,1.2039999961853027,493.0,705.510009765625,870.0,-6.435289056971669,870.0,-0.10199999809265137,870.0
106.8913449626416,0.0,53.0,100.4000015258789,141.0,1786404630000.0,109.5999984741211,106.0,100.4000015258789,1.0920000076293945,500.0,712.8200073242188,877.0,-6.4353078324347734,877.0,-0.0989999994635582,877.0
106.89124370925128,0.0,55.0,99.19999694824219,138.0,1786404640000.0,108.80000305175781,110.0,99.19999694824219,1.0540000200271606,510.0,724.8800048828125,887.0,-6.435345131903887,887.0,-0.10499999672174454,887.0
106.89122317358851,0.0,55.0,99.0,134.0,1786404642000.0,108.80000305175781,110.0,99.0,1.0540000200271606,512.0,727.3200073242188,889.0,-6.4353530947119,889.0,-0.10499999672174454,889.0
106.89120238646865,0.0,54.0,98.80000305175781,131.0,1786404644000.0,108.5999984741211,108.0,98.80000305175781,1.0540000200271606,514.0,729.77001953125,891.0,-6.435361728072166,891.0,-0.1340000033378601,891.0
106.89114404842257,0.0,54.0,98.0,129.0,1786404650000.0,108.0,108.0,98.0,1.0640000104904175,520.0,736.5499877929688,897.0,-6.435380419716239,897.0,-0.14100000262260437,897.0
106.89111270010471,0.0,0.0,97.4000015258789,126.0,1786404653000.0,108.0,0.0,97.4000015258789,1.0729999542236328,523.0,740.2100219726562,900.0,-6.435390897095203,900.0,-0.15000000596046448,900.0
106.89110213890672,0.0,0.0,97.4000015258789,126.0,1786404654000.0,108.0,0.0,97.4000015258789,1.0729999542236328,524.0,741.510009765625,901.0,-6.435396261513233,901.0,-0.13199999928474426,901.0
106.89102116972208,0.0,0.0,96.4000015258789,124.0,1786404660000.0,107.19999694824219,0.0,96.4000015258789,1.0920000076293945,530.0,751.4299926757812,907.0,-6.435434818267822,907.0,-0.1589999943971634,907.0
106.89088043756783,0.0,84.0,95.4000015258789,125.0,1786404666000.0,106.0,168.0,95.4000015258789,2.687000036239624,536.0,768.3099975585938,913.0,-6.435493743047118,913.0,-0.15600000321865082,913.0
106.89076719805598,0.0,97.0,95.4000015258789,129.0,1786404671000.0,105.4000015258789,194.0,95.4000015258789,2.7990000247955322,541.0,781.6699829101562,918.0,-6.435535149648786,918.0,-0.02199999988079071,918.0
106.89072562381625,0.0,97.0,95.19999694824219,132.0,1786404673000.0,105.4000015258789,194.0,95.19999694824219,2.809000015258789,543.0,786.5800170898438,920.0,-6.435550823807716,920.0,-0.041999999433755875,920.0
106.89068354666233,0.0,97.0,95.19999694824219,135.0,1786404675000.0,105.4000015258789,194.0,95.19999694824219,2.7809998989105225,545.0,791.4500122070312,922.0,-6.435563983395696,922.0,-0.052000001072883606,922.0
106.89066116698086,0.5,93.0,95.19999694824219,138.0,1786404676000.0,105.4000015258789,187.0,95.19999694824219,2.7249999046325684,546.0,794.0399780273438,923.0,-6.4355711080133915,923.0,-0.04500000178813934,923.0
106.89061640761793,0.5,93.0,95.19999694824219,142.0,1786404678000.0,105.4000015258789,187.0,95.19999694824219,2.61299991607666,548.0,799.3800048828125,925.0,-6.435589296743274,925.0,0.032999999821186066,925.0
106.89058212563396,0.0,89.0,95.19999694824219,146.0,1786404680000.0,105.4000015258789,178.0,95.19999694824219,2.5190000534057617,550.0,803.47998046875,927.0,-6.43560329452157,927.0,-0.004000000189989805,927.0
106.89055706374347,0.0,89.0,95.19999694824219,147.0,1786404682000.0,105.4000015258789,178.0,95.19999694824219,2.3980000019073486,552.0,806.3900146484375,929.0,-6.435611424967647,929.0,-0.01600000075995922,929.0
106.89045648090541,0.5,52.0,95.0,145.0,1786404692000.0,105.80000305175781,105.0,95.0,1.2039999961853027,562.0,818.3400268554688,939.0,-6.435651574283838,939.0,-0.007000000216066837,939.0
106.89043125137687,0.0,53.0,95.0,142.0,1786404694000.0,105.80000305175781,106.0,95.0,1.184999942779541,562.0,819.8599853515625,941.0,-6.435664147138596,939.0,,941.0
106.89039680175483,0.0,54.0,95.0,140.0,1786404698000.0,105.80000305175781,108.0,95.0,1.128999948501587,566.0,823.77001953125,945.0,-6.435672864317894,943.0,-0.014999999664723873,945.0
106.89035212621093,0.0,0.0,95.19999694824219,137.0,1786404702000.0,105.80000305175781,0.0,95.19999694824219,1.0820000171661377,570.0,829.1599731445312,949.0,-6.435692561790347,947.0,0.05700000002980232,949.0
106.89030803740025,0.0,0.0,95.5999984741211,136.0,1786404704000.0,106.0,0.0,95.5999984741211,1.1660000085830688,572.0,834.8900146484375,951.0,-6.435719635337591,949.0,0.1770000010728836,951.0
106.8902085442096,0.0,99.0,97.0,137.0,1786404710000.0,106.0,198.0,97.0,3.302999973297119,578.0,854.5,957.0,-6.435864642262459,955.0,0.23399999737739563,957.0
106.8901913613081,0.0,99.0,97.4000015258789,140.0,1786404712000.0,105.80000305175781,198.0,97.4000015258789,2.865000009536743,580.0,860.8099975585938,959.0,-6.435919124633074,957.0,0.22699999809265137,959.0
106.89016655087471,0.0,100.0,98.0,143.0,1786404715000.0,105.0,200.0,98.0,2.818000078201294,583.0,869.3499755859375,962.0,-6.435992466285825,960.0,0.20600000023841858,962.0
106.89014635048807,0.0,100.0,98.4000015258789,144.0,1786404717000.0,104.4000015258789,200.0,98.4000015258789,2.8929998874664307,585.0,875.0499877929688,964.0,-6.4360402431339025,962.0,0.20800000429153442,964.0
106.89013478346169,0.0,98.0,98.5999984741211,145.0,1786404718000.0,104.19999694824219,196.0,98.5999984741211,2.9579999446868896,586.0,877.9000244140625,965.0,-6.436063544824719,963.0,0.20900000631809235,965.0
106.89011751674116,0.0,97.0,99.0,149.0,1786404720000.0,104.19999694824219,194.0,99.0,2.9860000610351562,588.0,883.47998046875,967.0,-6.436111321672797,965.0,0.1550000011920929,967.0
106.89010343514383,0.0,97.0,99.0,152.0,1786404722000.0,104.5999984741211,194.0,99.0,2.9579999446868896,590.0,887.5999755859375,969.0,-6.436146022751927,967.0,-0.026000000536441803,969.0
106.8900983221829,0.0,97.0,98.80000305175781,154.0,1786404723000.0,105.19999694824219,194.0,98.80000305175781,2.8269999027252197,591.0,889.3699951171875,970.0,-6.4361612778157,968.0,-0.054999999701976776,970.0
106.89009798690677,0.0,0.0,98.80000305175781,159.0,1786404725000.0,106.19999694824219,0.0,98.80000305175781,1.8940000534057617,593.0,892.6500244140625,972.0,-6.436191285029054,970.0,-0.0020000000949949026,972.0
106.89007485285401,0.5,58.0,98.5999984741211,159.0,1786404730000.0,107.4000015258789,117.0,98.5999984741211,1.465000033378601,598.0,900.0499877929688,977.0,-6.436253981664777,975.0,-0.05000000074505806,977.0
106.89005867578089,0.5,59.0,98.4000015258789,158.0,1786404733000.0,107.4000015258789,119.0,98.4000015258789,1.409000039100647,601.0,904.3800048828125,980.0,-6.436289353296161,978.0,-0.057999998331069946,980.0
106.89005071297288,0.5,59.0,98.4000015258789,156.0,1786404736000.0,107.19999694824219,119.0,98.4000015258789,1.305999994277954,604.0,908.530029296875,983.0,-6.4363262336701155,981.0,-0.028999999165534973,983.0
106.89004526473582,0.0,0.0,98.4000015258789,153.0,1786404739000.0,106.19999694824219,0.0,98.4000015258789,1.2690000534057617,607.0,912.1500244140625,986.0,-6.436358252540231,984.0,-0.019999999552965164,986.0
106.8900322727859,0.0,0.0,98.0,151.0,1786404743000.0,105.19999694824219,0.0,98.0,1.2410000562667847,611.0,917.6599731445312,990.0,-6.436406532302499,988.0,-0.06700000166893005,990.0
106.8900015950203,0.0,0.0,97.4000015258789,149.0,1786404752000.0,105.19999694824219,0.0,97.4000015258789,1.2690000534057617,620.0,930.25,999.0,-6.436515916138887,997.0,-0.06499999761581421,999.0
106.88998013734818,0.0,0.0,97.19999694824219,145.0,1786404757000.0,104.5999984741211,0.0,97.19999694824219,1.2690000534057617,625.0,940.22998046875,1004.0,-6.436603423207998,1002.0,-0.06199999898672104,1004.0
106.88995675183833,0.0,0.0,97.0,143.0,1786404763000.0,104.4000015258789,0.0,97.0,1.305999994277954,631.0,949.1400146484375,1010.0,-6.436680620536208,1008.0,-0.03700000047683716,1010.0
106.88994501717389,0.0,0.0,96.80000305175781,142.0,1786404765000.0,104.80000305175781,0.0,96.80000305175781,1.3339999914169312,633.0,951.780029296875,1012.0,-6.436701407656074,1010.0,-0.04699999839067459,1012.0
106.88991408795118,0.0,0.0,96.5999984741211,139.0,1786404768000.0,105.5999984741211,0.0,96.5999984741211,1.371999979019165,636.0,958.0700073242188,1015.0,-6.436749184504151,1013.0,-0.09099999815225601,1015.0
106.88986564055085,0.5,108.0,96.19999694824219,137.0,1786404772000.0,106.0,217.0,96.19999694824219,3.059999942779541,640.0,969.739990234375,1019.0,-6.436842810362577,1017.0,-0.09000000357627869,1019.0
106.88976514153183,0.0,100.0,96.0,139.0,1786404778000.0,104.5999984741211,200.0,96.0,3.246999979019165,646.0,988.4299926757812,1025.0,-6.436978513374925,1023.0,-0.035999998450279236,1025.0
106.88970739021897,0.0,97.0,96.19999694824219,142.0,1786404781000.0,104.4000015258789,194.0,96.19999694824219,3.190999984741211,649.0,997.469970703125,1028.0,-6.437036264687777,1026.0,0.0689999982714653,1028.0
106.88966422341764,0.0,96.0,96.19999694824219,144.0,1786404783000.0,104.5999984741211,192.0,96.19999694824219,3.2100000381469727,651.0,1003.719970703125,1030.0,-6.437072725966573,1028.0,0.017000000923871994,1030.0
106.8896020296961,0.0,96.0,96.19999694824219,148.0,1786404786000.0,104.80000305175781,192.0,96.19999694824219,3.1540000438690186,654.0,1012.469970703125,1033.0,-6.4371216762810946,1031.0,-0.004999999888241291,1033.0
106.88958124257624,0.0,96.0,96.4000015258789,152.0,1786404788000.0,105.0,192.0,96.4000015258789,3.0510001182556152,656.0,1016.1699829101562,1035.0,-6.437147995457053,1033.0,0.08699999749660492,1035.0
106.88954670913517,0.0,0.0,96.80000305175781,155.0,1786404793000.0,104.80000305175781,0.0,96.80000305175781,1.5859999656677246,661.0,1023.1900024414062,1040.0,-6.437201304361224,1038.0,0.09700000286102295,1040.0
106.8895280174911,0.0,61.0,97.0,157.0,1786404796000.0,104.5999984741211,122.0,97.0,1.4739999771118164,664.0,1027.8599853515625,1043.0,-6.4372391905635595,1041.0,0.035999998450279236,1043.0
106.88948627561331,0.0,60.0,97.4000015258789,154.0,1786404805000.0,107.19999694824219,120.0,97.4000015258789,1.437000036239624,673.0,1041.27001953125,1052.0,-6.437352430075407,1050.0,0.03999999910593033,1052.0
106.88946649432182,0.0,59.0,97.5999984741211,151.0,1786404810000.0,108.80000305175781,118.0,97.5999984741211,1.4559999704360962,678.0,1047.6300048828125,1057.0,-6.437405990436673,1055.0,0.03400000184774399,1057.0
106.88945995643735,0.0,59.0,97.5999984741211,151.0,1786404812000.0,109.4000015258789,118.0,97.5999984741211,1.4279999732971191,680.0,1049.800048828125,1059.0,-6.437424346804619,1057.0,0.03099999949336052,1059.0
106.8894558493048,0.0,59.0,97.5999984741211,150.0,1786404813000.0,109.5999984741211,118.0,97.5999984741211,1.4179999828338623,681.0,1050.989990234375,1060.0,-6.437434991821647,1058.0,0.03200000151991844,1060.0
106.88944277353585,0.0,54.0,97.80000305175781,147.0,1786404818000.0,110.0,108.0,97.80000305175781,1.38100004196167,686.0,1057.3599853515625,1065.0,-6.437491402029991,1063.0,0.03400000184774399,1065.0
106.88940832391381,0.5,58.0,97.0,147.0,1786404827000.0,110.4000015258789,117.0,97.0,1.3619999885559082,695.0,1068.7900390625,1074.0,-6.437588632106781,1072.0,-0.07999999821186066,1074.0
106.88940463587642,0.5,58.0,97.0,147.0,1786404828000.0,110.5999984741211,117.0,97.0,1.3619999885559082,696.0,1069.9599609375,1075.0,-6.437598606571555,1073.0,-0.07599999755620956,1075.0
106.88935593701899,0.5,102.0,96.19999694824219,148.0,1786404835000.0,111.19999694824219,205.0,96.19999694824219,2.3889999389648438,703.0,1086.97998046875,1082.0,-6.437744703143835,1080.0,-0.11699999868869781,1082.0
106.88926474191248,0.0,102.0,94.4000015258789,148.0,1786404841000.0,110.5999984741211,204.0,94.4000015258789,3.181999921798706,709.0,1105.97998046875,1088.0,-6.437887782230973,1086.0,-0.289000004529953,1088.0
106.8891720380634,0.0,95.0,93.0,148.0,1786404847000.0,110.0,190.0,93.0,3.4619998931884766,715.0,1126.219970703125,1094.0,-6.438043350353837,1092.0,-0.24799999594688416,1094.0
106.88915544189513,0.0,95.0,93.0,149.0,1786404848000.0,110.0,190.0,93.0,3.4800000190734863,716.0,1129.199951171875,1095.0,-6.438064640387893,1093.0,0.050999999046325684,1095.0
106.88913783989847,0.0,95.0,92.80000305175781,151.0,1786404849000.0,110.0,190.0,92.80000305175781,3.490000009536743,717.0,1131.18994140625,1096.0,-6.438070675358176,1094.0,-0.125,1096.0
106.88911831006408,0.0,95.0,92.5999984741211,152.0,1786404850000.0,110.0,190.0,92.5999984741211,3.490000009536743,718.0,1133.5699462890625,1097.0,-6.438061203807592,1095.0,-0.31299999356269836,1097.0
106.88907313160598,0.0,0.0,92.0,156.0,1786404853000.0,110.4000015258789,0.0,92.0,3.0230000019073486,721.0,1141.1700439453125,1100.0,-6.438010074198246,1098.0,-0.210999995470047,1100.0
106.8890721257776,0.0,0.0,92.0,157.0,1786404854000.0,110.4000015258789,0.0,92.0,2.9860000610351562,722.0,1142.6199951171875,1101.0,-6.437996914610267,1099.0,0.03700000047683716,1101.0
106.88907564617693,0.0,0.0,92.0,157.0,1786404855000.0,110.4000015258789,0.0,92.0,2.5940001010894775,723.0,1144.0699462890625,1102.0,-6.437984257936478,1100.0,0.08399999886751175,1102.0
106.88909190706909,0.0,0.0,92.4000015258789,160.0,1786404859000.0,109.80000305175781,0.0,92.4000015258789,1.5210000276565552,727.0,1149.75,1106.0,-6.437935642898083,1104.0,0.07400000095367432,1106.0
106.88911244273186,0.0,66.0,92.4000015258789,162.0,1786404864000.0,109.80000305175781,132.0,92.4000015258789,1.4930000305175781,732.0,1156.8399658203125,1111.0,-6.437874790281057,1109.0,0.029999999329447746,1111.0
106.88914337195456,0.5,64.0,92.5999984741211,159.0,1786404874000.0,110.0,129.0,92.5999984741211,1.3619999885559082,742.0,1170.3299560546875,1121.0,-6.4377563539892435,1119.0,0.01600000075995922,1121.0
106.88915418460965,0.5,64.0,93.0,158.0,1786404876000.0,110.0,129.0,93.0,1.3619999885559082,744.0,1173.52001953125,1123.0,-6.437729196622968,1121.0,0.1459999978542328,1123.0
106.88916130922735,0.5,58.0,93.19999694824219,155.0,1786404879000.0,110.0,117.0,93.19999694824219,1.371999979019165,747.0,1177.3800048828125,1126.0,-6.4376950822770596,1124.0,0.08399999886751175,1126.0
106.8891725409776,0.0,0.0,93.5999984741211,152.0,1786404882000.0,110.19999694824219,0.0,93.5999984741211,1.3619999885559082,750.0,1181.1500244140625,1129.0,-6.437663063406944,1127.0,0.10599999874830246,1129.0
106.88917455263436,0.0,0.0,93.5999984741211,151.0,1786404883000.0,110.19999694824219,0.0,93.5999984741211,1.3530000448226929,751.0,1182.56005859375,1130.0,-6.4376503229141235,1128.0,0.0820000022649765,1130.0
106.88919827342033,0.5,58.0,94.19999694824219,148.0,1786404887000.0,110.5999984741211,117.0,94.19999694824219,1.343999981880188,755.0,1188.8299560546875,1134.0,-6.437598522752523,1132.0,0.15299999713897705,1134.0
106.88922258093953,0.0,59.0,95.0,146.0,1786404892000.0,110.19999694824219,118.0,95.0,1.371999979019165,760.0,1197.5699462890625,1139.0,-6.437523337081075,1137.0,0.1420000046491623,1139.0
106.88922828063369,0.0,56.0,95.0,145.0,1786404893000.0,110.19999694824219,112.0,95.0,1.38100004196167,761.0,1199.0999755859375,1140.0,-6.437510680407286,1138.0,0.14800000190734863,1140.0
106.88929114490747,0.0,101.0,95.19999694824219,146.0,1786404901000.0,109.80000305175781,202.0,95.19999694824219,2.938999891281128,769.0,1218.9000244140625,1148.0,-6.4373428747057915,1146.0,0.014000000432133675,1148.0
106.88932341523468,0.0,100.0,95.0,143.0,1786404904000.0,109.80000305175781,200.0,95.0,3.134999990463257,772.0,1228.800048828125,1151.0,-6.437259390950203,1149.0,-0.08399999886751175,1151.0
106.8893451243639,0.0,101.0,94.80000305175781,141.0,1786404906000.0,109.80000305175781,202.0,94.80000305175781,3.115999937057495,774.0,1235.2099609375,1153.0,-6.437205662950873,1151.0,-0.07599999755620956,1153.0
106.88944017514586,0.0,98.0,92.80000305175781,143.0,1786404913000.0,110.4000015258789,196.0,92.80000305175781,3.2939999103546143,781.0,1256.969970703125,1160.0,-6.437035007402301,1158.0,-0.2879999876022339,1160.0
106.88945668749511,0.0,98.0,92.5999984741211,144.0,1786404914000.0,110.4000015258789,196.0,92.5999984741211,3.302999973297119,782.0,1259.56005859375,1161.0,-6.437018411234021,1159.0,-0.11999999731779099,1161.0
106.88947127200663,0.0,98.0,92.5999984741211,147.0,1786404915000.0,110.5999984741211,196.0,92.5999984741211,3.302999973297119,783.0,1261.9100341796875,1162.0,-6.437002904713154,1160.0,-0.11800000071525574,1162.0
106.88948275521398,0.0,98.0,92.4000015258789,150.0,1786404916000.0,110.5999984741211,196.0,92.4000015258789,3.2939999103546143,784.0,1263.8900146484375,1163.0,-6.4369891583919525,1161.0,-0.11500000208616257,1163.0
106.8895021174103,0.0,98.0,92.19999694824219,154.0,1786404918000.0,110.5999984741211,196.0,92.19999694824219,3.181999921798706,786.0,1266.9300537109375,1165.0,-6.436969544738531,1163.0,-0.07100000232458115,1165.0
106.88951008021832,0.0,98.0,92.19999694824219,156.0,1786404919000.0,110.80000305175781,196.0,92.19999694824219,3.0320000648498535,787.0,1268.25,1166.0,-6.436960743740201,1164.0,-0.0689999982714653,1166.0
106.88958526588976,0.5,58.0,92.19999694824219,156.0,1786404927000.0,112.0,117.0,92.19999694824219,1.409000039100647,795.0,1280.02001953125,1174.0,-6.436885893344879,1172.0,0.009999999776482582,1174.0
106.88965265639126,0.5,60.0,93.0,153.0,1786404934000.0,111.19999694824219,121.0,93.0,1.4179999828338623,802.0,1290.4000244140625,1181.0,-6.4368209335953,1179.0,0.1080000028014183,1181.0
106.889678388834,0.5,61.0,93.19999694824219,151.0,1786404937000.0,110.4000015258789,123.0,93.19999694824219,1.4279999732971191,805.0,1294.4100341796875,1184.0,-6.436795452609658,1182.0,0.09399999678134918,1184.0
106.88972742296755,0.5,56.0,93.5999984741211,148.0,1786404945000.0,109.0,113.0,93.5999984741211,1.437000036239624,813.0,1304.1700439453125,1192.0,-6.436722362414002,1190.0,0.03400000184774399,1192.0
106.88974142074585,0.5,56.0,93.5999984741211,144.0,1786404947000.0,109.4000015258789,113.0,93.5999984741211,1.409000039100647,815.0,1306.9100341796875,1194.0,-6.436701407656074,1192.0,0.03799999877810478,1194.0
106.88974670134485,0.5,57.0,93.5999984741211,143.0,1786404948000.0,109.5999984741211,115.0,93.5999984741211,1.399999976158142,816.0,1308.260009765625,1195.0,-6.436690343543887,1193.0,-0.004999999888241291,1195.0
106.88976950012147,0.0,58.0,93.80000305175781,143.0,1786404956000.0,110.80000305175781,116.0,93.80000305175781,1.3619999885559082,824.0,1319.3299560546875,1203.0,-6.436592945829034,1201.0,0.03099999949336052,1203.0
106.88978089950979,0.5,57.0,94.19999694824219,142.0,1786404958000.0,110.80000305175781,115.0,94.19999694824219,1.371999979019165,826.0,1322.3299560546875,1205.0,-6.4365683030337095,1203.0,0.16699999570846558,1205.0
106.88980168662965,0.0,0.0,95.0,139.0,1786404962000.0,110.80000305175781,0.0,95.0,1.399999976158142,830.0,1330.18994140625,1209.0,-6.436500241979957,1207.0,0.17299999296665192,1209.0
106.88982054591179,0.5,94.0,95.4000015258789,138.0,1786404964000.0,111.0,189.0,95.4000015258789,1.4739999771118164,832.0,1335.81005859375,1211.0,-6.436453135684133,1209.0,0.2879999876022339,1211.0
106.88988693058491,0.5,91.0,96.80000305175781,138.0,1786404971000.0,110.19999694824219,183.0,96.80000305175781,2.8459999561309814,839.0,1356.3499755859375,1218.0,-6.436279714107513,1216.0,0.19599999487400055,1218.0
106.88990470021963,0.5,91.0,97.19999694824219,139.0,1786404973000.0,109.4000015258789,183.0,97.19999694824219,2.818000078201294,841.0,1362.3199462890625,1220.0,-6.4362287521362305,1218.0,0.2150000035762787,1220.0
106.88992112874985,0.0,88.0,97.80000305175781,142.0,1786404975000.0,108.80000305175781,176.0,97.80000305175781,2.8269999027252197,843.0,1368.469970703125,1222.0,-6.436175610870123,1220.0,0.22100000083446503,1222.0
106.88994627445936,0.5,90.0,98.4000015258789,145.0,1786404978000.0,108.4000015258789,181.0,98.4000015258789,2.809000015258789,846.0,1377.760009765625,1225.0,-6.436095396056771,1223.0,0.22300000488758087,1225.0
106.88998265191913,0.5,88.0,97.80000305175781,148.0,1786404983000.0,108.5999984741211,177.0,97.80000305175781,2.8269999027252197,851.0,1390.0899658203125,1230.0,-6.435990035533905,1228.0,-0.11999999731779099,1230.0
106.8900100607425,0.0,59.0,97.19999694824219,151.0,1786404990000.0,110.0,118.0,97.19999694824219,1.5399999618530273,858.0,1399.739990234375,1237.0,-6.435907473787665,1235.0,-0.07400000095367432,1237.0
106.89001433551311,0.0,59.0,97.19999694824219,151.0,1786404991000.0,110.19999694824219,118.0,97.19999694824219,1.5119999647140503,859.0,1401.3399658203125,1238.0,-6.435893643647432,1236.0,-0.11900000274181366,1238.0
106.89005197025836,0.0,59.0,96.19999694824219,151.0,1786405004000.0,112.0,118.0,96.19999694824219,1.3339999914169312,872.0,1416.77001953125,1251.0,-6.435758862644434,1249.0,-0.07500000298023224,1251.0
106.89007937908173,0.0,58.0,96.0,147.0,1786405009000.0,112.5999984741211,116.0,96.0,1.3250000476837158,877.0,1423.989990234375,1256.0,-6.4356995187699795,1254.0,-0.04600000008940697,1256.0
106.89010368660092,0.5,54.0,96.0,145.0,1786405012000.0,113.0,109.0,96.0,1.3339999914169312,880.0,1428.3800048828125,1259.0,-6.435668421909213,1257.0,-0.01600000075995922,1259.0
106.89014333300292,0.0,57.0,95.5999984741211,142.0,1786405017000.0,112.4000015258789,114.0,95.5999984741211,1.3619999885559082,885.0,1434.8599853515625,1264.0,-6.435625171288848,1262.0,-0.08100000023841858,1264.0
106.89017099328339,0.0,58.0,95.19999694824219,140.0,1786405021000.0,112.0,116.0,95.19999694824219,1.3619999885559082,889.0,1439.260009765625,1268.0,-6.435596505180001,1266.0,-0.07599999755620956,1268.0
106.89019345678389,0.0,58.0,95.0,139.0,1786405023000.0,111.80000305175781,116.0,95.0,1.3339999914169312,891.0,1441.969970703125,1270.0,-6.435586530715227,1268.0,-0.07599999755620956,1270.0
106.89030736684799,0.5,94.0,94.19999694824219,137.0,1786405029000.0,111.19999694824219,189.0,94.19999694824219,1.399999976158142,897.0,1455.9100341796875,1276.0,-6.435532467439771,1274.0,-0.12700000405311584,1276.0
106.89049227163196,0.5,92.0,93.80000305175781,140.0,1786405037000.0,108.5999984741211,185.0,93.80000305175781,2.6410000324249268,905.0,1477.56005859375,1284.0,-6.43546792678535,1282.0,-0.05000000074505806,1284.0
106.89064004458487,0.5,93.0,94.0,140.0,1786405043000.0,108.0,187.0,94.0,2.7249999046325684,911.0,1495.219970703125,1290.0,-6.4354070741683245,1288.0,0.01600000075995922,1290.0
106.89070827327669,0.5,92.0,94.0,140.0,1786405046000.0,108.0,185.0,94.0,2.753000020980835,914.0,1503.2900390625,1293.0,-6.435381341725588,1291.0,0.019999999552965164,1293.0
106.89074859023094,0.0,0.0,94.0,144.0,1786405049000.0,108.19999694824219,0.0,94.0,2.7060000896453857,917.0,1507.989990234375,1296.0,-6.4353681821376085,1294.0,0.017000000923871994,1296.0
106.890769880265,0.5,94.0,94.19999694824219,145.0,1786405051000.0,108.4000015258789,189.0,94.19999694824219,1.7079999446868896,919.0,1510.449951171875,1298.0,-6.43536139279604,1296.0,0.014000000432133675,1298.0
106.89086124300957,0.0,57.0,94.19999694824219,148.0,1786405059000.0,108.0,114.0,94.19999694824219,1.4279999732971191,927.0,1521.5,1306.0,-6.435320992022753,1304.0,0.004999999888241291,1306.0
106.89087264239788,0.0,57.0,94.19999694824219,148.0,1786405060000.0,108.0,114.0,94.19999694824219,1.4279999732971191,928.0,1523.010009765625,1307.0,-6.435313364490867,1305.0,-0.014000000432133675,1307.0
106.89094548113644,0.5,57.0,94.19999694824219,145.0,1786405067000.0,108.80000305175781,115.0,94.19999694824219,1.437000036239624,935.0,1532.030029296875,1314.0,-6.435275645926595,1312.0,0.004000000189989805,1314.0
106.89096584916115,0.5,57.0,94.4000015258789,142.0,1786405069000.0,109.19999694824219,115.0,94.4000015258789,1.437000036239624,937.0,1534.469970703125,1316.0,-6.4352671802043915,1314.0,0.11599999666213989,1316.0
106.8909749854356,0.5,56.0,94.5999984741211,142.0,1786405070000.0,109.4000015258789,113.0,94.5999984741211,1.437000036239624,938.0,1535.56005859375,1317.0,-6.435263659805059,1315.0,0.10599999874830246,1317.0
106.89101270399988,0.5,53.0,94.80000305175781,139.0,1786405074000.0,109.5999984741211,107.0,94.80000305175781,1.3899999856948853,942.0,1539.9200439453125,1321.0,-6.435251506045461,1319.0,0.08399999886751175,1321.0
106.89107020385563,0.0,54.0,95.19999694824219,136.0,1786405080000.0,109.4000015258789,108.0,95.19999694824219,1.305999994277954,948.0,1546.72998046875,1327.0,-6.435229210183024,1325.0,0.057999998331069946,1327.0
106.89108059741557,0.0,56.0,95.19999694824219,136.0,1786405081000.0,109.4000015258789,112.0,95.19999694824219,1.305999994277954,949.0,1547.93994140625,1328.0,-6.435225689783692,1326.0,0.07400000095367432,1328.0
106.8911602254957,0.5,57.0,95.80000305175781,136.0,1786405088000.0,109.19999694824219,115.0,95.80000305175781,1.2879999876022339,956.0,1557.3599853515625,1335.0,-6.435195514932275,1333.0,0.07100000232458115,1335.0
106.89117179252207,0.5,57.0,95.80000305175781,136.0,1786405089000.0,109.4000015258789,115.0,95.80000305175781,1.2970000505447388,957.0,1558.780029296875,1336.0,-6.435190066695213,1334.0,0.04899999871850014,1336.0
106.89129827544093,0.5,94.0,97.19999694824219,135.0,1786405095000.0,110.19999694824219,189.0,97.19999694824219,1.399999976158142,963.0,1573.6600341796875,1342.0,-6.435145139694214,1340.0,0.23600000143051147,1342.0
106.89145468175411,0.5,94.0,98.80000305175781,137.0,1786405101000.0,110.4000015258789,189.0,98.80000305175781,2.7990000247955322,969.0,1592.489990234375,1348.0,-6.435079593211412,1346.0,0.26100000739097595,1348.0
106.89150815829635,0.5,90.0,98.80000305175781,140.0,1786405104000.0,110.4000015258789,181.0,98.80000305175781,2.8369998931884766,972.0,1600.5699462890625,1351.0,-6.435030307620764,1349.0,-0.004999999888241291,1351.0
106.89155459403992,0.5,86.0,98.4000015258789,143.0,1786405107000.0,110.0,173.0,98.4000015258789,2.7339999675750732,975.0,1608.1400146484375,1354.0,-6.4349800162017345,1352.0,-0.12300000339746475,1354.0
106.89157328568399,0.5,86.0,98.4000015258789,143.0,1786405108000.0,109.80000305175781,173.0,98.4000015258789,2.7339999675750732,976.0,1611.1800537109375,1355.0,-6.434959815815091,1353.0,0.06199999898672104,1355.0
106.89164847135544,0.0,87.0,98.5999984741211,147.0,1786405113000.0,108.80000305175781,174.0,98.5999984741211,2.677999973297119,981.0,1624.18994140625,1360.0,-6.4348692912608385,1358.0,0.0430000014603138,1360.0
106.89166959375143,0.0,87.0,98.80000305175781,149.0,1786405115000.0,108.80000305175781,174.0,98.80000305175781,2.565999984741211,983.0,1627.739990234375,1362.0,-6.434844983741641,1360.0,0.03200000151991844,1362.0
106.89168610610068,0.0,87.0,98.80000305175781,152.0,1786405118000.0,108.80000305175781,174.0,98.80000305175781,2.3610000610351562,986.0,1631.4000244140625,1365.0,-6.434816652908921,1363.0,0.006000000052154064,1365.0
106.891710748896,0.0,62.0,98.80000305175781,154.0,1786405121000.0,109.0,124.0,98.80000305175781,1.930999994277954,989.0,1634.75,1368.0,-6.434799050912261,1366.0,0.03799999877810478,1368.0
106.89177763648331,0.0,0.0,99.0,151.0,1786405129000.0,111.80000305175781,0.0,99.0,1.277999997138977,997.0,1645.6400146484375,1376.0,-6.434727804735303,1374.0,0.027000000700354576,1376.0
106.8918037880212,0.0,0.0,99.19999694824219,150.0,1786405132000.0,113.5999984741211,0.0,99.19999694824219,1.2690000534057617,1000.0,1649.97998046875,1379.0,-6.434698551893234,1377.0,0.003000000026077032,1379.0
106.8918285984546,0.0,58.0,99.19999694824219,147.0,1786405135000.0,115.0,116.0,99.19999694824219,1.2879999876022339,1003.0,1653.52001953125,1382.0,-6.434678016230464,1380.0,0.029999999329447746,1382.0
106.89191141165793,0.5,58.0,99.4000015258789,147.0,1786405144000.0,117.0,117.0,99.4000015258789,1.3250000476837158,1012.0,1665.8800048828125,1391.0,-6.434603249654174,1389.0,0.032999999821186066,1391.0
106.89194217324257,0.0,0.0,99.5999984741211,147.0,1786405147000.0,117.5999984741211,0.0,99.5999984741211,1.3339999914169312,1015.0,1669.969970703125,1394.0,-6.434582713991404,1392.0,0.03700000047683716,1394.0
106.89197645522654,0.0,57.0,99.80000305175781,147.0,1786405150000.0,118.0,114.0,99.80000305175781,1.3250000476837158,1018.0,1673.9200439453125,1397.0,-6.434573493897915,1395.0,0.04100000113248825,1397.0
106.89198751933873,0.5,57.0,99.80000305175781,148.0,1786405151000.0,118.0,115.0,99.80000305175781,1.315999984741211,1019.0,1675.47998046875,1398.0,-6.4345647767186165,1396.0,0.03999999910593033,1398.0
106.8920064624399,0.5,57.0,99.80000305175781,148.0,1786405153000.0,118.0,115.0,99.80000305175781,1.315999984741211,1021.0,1678.22998046875,1400.0,-6.434548683464527,1398.0,0.03400000184774399,1400.0
106.89206614159048,0.5,88.0,99.80000305175781,145.0,1786405159000.0,117.5999984741211,177.0,99.80000305175781,1.371999979019165,1027.0,1691.280029296875,1406.0,-6.434446256607771,1404.0,0.004999999888241291,1406.0
106.89210645854473,0.5,87.0,99.19999694824219,142.0,1786405162000.0,117.19999694824219,175.0,99.19999694824219,2.7899999618530273,1030.0,1699.0899658203125,1409.0,-6.434387834742665,1407.0,-0.2370000034570694,1409.0
106.8921824824065,0.5,88.0,97.4000015258789,142.0,1786405166000.0,116.80000305175781,177.0,97.4000015258789,2.5940001010894775,1034.0,1714.4000244140625,1413.0,-6.4342723321169615,1411.0,-0.4580000042915344,1413.0
106.89226655289531,0.0,87.0,95.19999694824219,142.0,1786405172000.0,115.80000305175781,174.0,95.19999694824219,2.7899999618530273,1040.0,1731.4000244140625,1419.0,-6.434144675731659,1417.0,-0.35899999737739563,1419.0
106.89227644354105,0.0,86.0,94.5999984741211,142.0,1786405173000.0,115.5999984741211,172.0,94.5999984741211,2.76200008392334,1041.0,1735.0799560546875,1420.0,-6.434112740680575,1418.0,-0.6100000143051147,1420.0
106.89231407828629,0.5,89.0,92.19999694824219,144.0,1786405179000.0,113.19999694824219,179.0,92.19999694824219,2.7339999675750732,1047.0,1749.5,1426.0,-6.433988017961383,1424.0,-0.3970000147819519,1426.0
106.89233670942485,0.5,62.0,90.5999984741211,147.0,1786405186000.0,111.0,125.0,90.5999984741211,1.6239999532699585,1054.0,1759.81005859375,1433.0,-6.4338974095880985,1431.0,-0.23899999260902405,1433.0
106.89235967583954,0.5,61.0,90.19999694824219,147.0,1786405189000.0,110.80000305175781,123.0,90.19999694824219,1.5679999589920044,1057.0,1764.989990234375,1436.0,-6.433856757357717,1434.0,-0.1340000033378601,1436.0
106.89238322898746,0.0,64.0,90.0,145.0,1786405198000.0,108.5999984741211,128.0,90.0,1.5679999589920044,1066.0,1777.9599609375,1445.0,-6.433743350207806,1443.0,-0.020999999716877937,1445.0
106.89239596948028,0.5,60.0,89.5999984741211,142.0,1786405208000.0,106.4000015258789,121.0,89.5999984741211,1.5119999647140503,1076.0,1791.5699462890625,1455.0,-6.433620974421501,1453.0,-0.03500000014901161,1455.0
106.89239035360515,0.5,61.0,89.4000015258789,139.0,1786405212000.0,105.0,123.0,89.4000015258789,1.4739999771118164,1080.0,1797.1099853515625,1459.0,-6.4335716888308525,1457.0,-0.035999998450279236,1459.0
106.89238725230098,0.0,60.0,89.4000015258789,136.0,1786405215000.0,104.19999694824219,120.0,89.4000015258789,1.465000033378601,1083.0,1801.18994140625,1462.0,-6.433534724637866,1460.0,-0.007000000216066837,1462.0
106.89238498918712,0.0,58.0,89.4000015258789,136.0,1786405217000.0,103.80000305175781,116.0,89.4000015258789,1.4559999704360962,1085.0,1804.199951171875,1464.0,-6.433507651090622,1462.0,-0.00800000037997961,1464.0
106.8923841509968,0.0,58.0,89.4000015258789,136.0,1786405218000.0,103.5999984741211,116.0,89.4000015258789,1.4459999799728394,1086.0,1805.6199951171875,1465.0,-6.433494742959738,1463.0,-0.006000000052154064,1465.0
106.89239462837577,0.5,87.0,89.4000015258789,133.0,1786405224000.0,103.0,175.0,89.4000015258789,1.5210000276565552,1092.0,1820.3599853515625,1471.0,-6.433361889794469,1469.0,0.013000000268220901,1471.0
106.89239747822285,0.5,87.0,90.0,134.0,1786405231000.0,102.80000305175781,175.0,90.0,2.9210000038146973,1099.0,1842.030029296875,1478.0,-6.433166172355413,1476.0,0.07900000363588333,1478.0
106.89239714294672,0.5,87.0,90.19999694824219,135.0,1786405232000.0,102.5999984741211,175.0,90.19999694824219,2.938999891281128,1100.0,1844.97998046875,1479.0,-6.433139517903328,1477.0,0.09399999678134918,1479.0
106.892397897318,0.5,91.0,90.4000015258789,138.0,1786405237000.0,102.5999984741211,183.0,90.4000015258789,2.947999954223633,1105.0,1860.010009765625,1484.0,-6.433003731071949,1482.0,0.050999999046325684,1484.0
106.89240376465023,0.5,91.0,90.4000015258789,139.0,1786405238000.0,102.5999984741211,183.0,90.4000015258789,2.947999954223633,1106.0,1862.8499755859375,1485.0,-6.432978753000498,1483.0,-0.04800000041723251,1485.0
106.89241365529597,0.5,91.0,90.19999694824219,142.0,1786405240000.0,102.80000305175781,183.0,90.19999694824219,2.9579999446868896,1108.0,1868.5799560546875,1487.0,-6.432927874848247,1485.0,-0.10400000214576721,1487.0
106.89241675660014,0.5,90.0,90.0,142.0,1786405241000.0,103.0,181.0,90.0,2.9579999446868896,1109.0,1870.7099609375,1488.0,-6.432908847928047,1486.0,-0.10300000011920929,1488.0
106.89243075437844,0.5,90.0,89.80000305175781,145.0,1786405245000.0,103.0,181.0,89.80000305175781,2.7990000247955322,1113.0,1877.5400390625,1492.0,-6.43284841440618,1490.0,-0.07100000232458115,1492.0
106.89243318513036,0.0,0.0,89.5999984741211,146.0,1786405246000.0,103.0,0.0,89.5999984741211,2.071000099182129,1114.0,1879.0799560546875,1493.0,-6.432834751904011,1491.0,-0.07199999690055847,1493.0
106.89246260561049,0.0,57.0,89.4000015258789,148.0,1786405254000.0,102.19999694824219,114.0,89.4000015258789,1.409000039100647,1122.0,1888.9200439453125,1501.0,-6.432751100510359,1499.0,-0.035999998450279236,1501.0
106.8924880027771,0.0,57.0,89.0,145.0,1786405263000.0,100.80000305175781,114.0,89.0,1.25,1131.0,1900.3399658203125,1510.0,-6.43265001475811,1508.0,-0.05000000074505806,1510.0
106.89249495975673,0.0,57.0,88.80000305175781,144.0,1786405264000.0,100.5999984741211,114.0,88.80000305175781,1.25,1132.0,1902.1500244140625,1511.0,-6.432635094970465,1509.0,-0.03200000151991844,1511.0
106.89251566305757,0.5,56.0,88.80000305175781,141.0,1786405268000.0,100.5999984741211,113.0,88.80000305175781,1.277999997138977,1136.0,1907.8800048828125,1515.0,-6.432587401941419,1513.0,-0.029999999329447746,1515.0
106.89253100194037,0.5,60.0,88.5999984741211,140.0,1786405272000.0,100.80000305175781,121.0,88.5999984741211,1.3339999914169312,1140.0,1914.489990234375,1519.0,-6.432526465505362,1517.0,-0.039000000804662704,1519.0
106.89255346544087,0.5,60.0,88.5999984741211,137.0,1786405276000.0,101.19999694824219,121.0,88.5999984741211,1.399999976158142,1144.0,1920.25,1523.0,-6.432477934285998,1521.0,0.003000000026077032,1523.0
106.89256872050464,0.0,57.0,88.80000305175781,134.0,1786405280000.0,101.19999694824219,114.0,88.80000305175781,1.409000039100647,1148.0,1925.530029296875,1527.0,-6.432433007284999,1525.0,0.06800000369548798,1527.0
106.89257500693202,0.0,57.0,89.0,134.0,1786405281000.0,101.19999694824219,114.0,89.0,1.399999976158142,1149.0,1926.9300537109375,1528.0,-6.432422026991844,1526.0,0.08500000089406967,1528.0
106.89258489757776,0.0,57.0,89.19999694824219,133.0,1786405283000.0,101.19999694824219,114.0,89.19999694824219,1.3899999856948853,1151.0,1929.7900390625,1530.0,-6.432398054748774,1528.0,0.07900000363588333,1530.0
106.89262689091265,0.0,86.0,89.5999984741211,130.0,1786405289000.0,101.5999984741211,172.0,89.5999984741211,1.437000036239624,1157.0,1942.56005859375,1536.0,-6.432290598750114,1534.0,0.07199999690055847,1536.0
106.89269470050931,0.0,87.0,89.0,131.0,1786405296000.0,103.19999694824219,174.0,89.0,1.9869999885559082,1164.0,1962.719970703125,1543.0,-6.4321215357631445,1541.0,-0.06700000166893005,1543.0
106.8927155714482,0.0,87.0,89.0,133.0,1786405298000.0,103.4000015258789,174.0,89.0,2.1459999084472656,1166.0,1968.449951171875,1545.0,-6.432074094191194,1543.0,-0.07900000363588333,1545.0
106.89273015595973,0.0,87.0,88.80000305175781,137.0,1786405300000.0,103.80000305175781,174.0,88.80000305175781,2.313999891281128,1168.0,1973.72998046875,1547.0,-6.432028580456972,1545.0,-0.023000000044703484,1547.0
106.89275471493602,0.0,86.0,88.80000305175781,141.0,1786405303000.0,104.4000015258789,172.0,88.80000305175781,2.490999937057495,1171.0,1981.4200439453125,1550.0,-6.431963620707393,1548.0,-0.03999999910593033,1550.0
106.8927749991417,0.0,84.0,88.80000305175781,143.0,1786405306000.0,104.80000305175781,168.0,88.80000305175781,2.509999990463257,1174.0,1988.06005859375,1553.0,-6.431906959041953,1551.0,-0.007000000216066837,1553.0
106.89278396777809,0.5,57.0,89.0,146.0,1786405312000.0,103.80000305175781,115.0,89.0,0.0,1174.0,1994.3499755859375,1559.0,-6.431850800290704,1557.0,0.04600000008940697,1559.0
106.89283149316907,0.0,57.0,89.19999694824219,144.0,1786405322000.0,104.19999694824219,114.0,89.19999694824219,1.3250000476837158,1184.0,2008.550048828125,1569.0,-6.431731693446636,1567.0,0.017000000923871994,1569.0
106.89285848289728,0.5,55.0,89.19999694824219,141.0,1786405327000.0,104.4000015258789,111.0,89.19999694824219,1.3619999885559082,1189.0,2014.22998046875,1574.0,-6.431688694283366,1572.0,-0.01600000075995922,1574.0
106.89287440851331,0.5,55.0,89.0,140.0,1786405330000.0,104.0,111.0,89.0,1.343999981880188,1192.0,2018.050048828125,1577.0,-6.43165810033679,1575.0,-0.009999999776482582,1577.0
106.89288580790162,0.0,0.0,88.80000305175781,140.0,1786405335000.0,102.80000305175781,0.0,88.80000305175781,1.315999984741211,1197.0,2023.989990234375,1582.0,-6.431605629622936,1580.0,-0.04600000008940697,1582.0
106.89289159141481,0.0,0.0,88.80000305175781,139.0,1786405338000.0,102.4000015258789,0.0,88.80000305175781,1.315999984741211,1200.0,2027.02001953125,1585.0,-6.4315790589898825,1583.0,-0.039000000804662704,1585.0
106.89290919341147,0.0,0.0,88.4000015258789,138.0,1786405342000.0,101.80000305175781,0.0,88.4000015258789,1.277999997138977,1204.0,2032.9300537109375,1589.0,-6.431528516113758,1587.0,-0.061000000685453415,1589.0
106.89292453229427,0.0,0.0,88.19999694824219,135.0,1786405346000.0,101.5999984741211,0.0,88.19999694824219,1.2690000534057617,1208.0,2038.6199951171875,1593.0,-6.431479481980205,1591.0,-0.057999998331069946,1593.0
106.89293006435037,0.0,0.0,88.19999694824219,133.0,1786405348000.0,101.80000305175781,0.0,88.19999694824219,1.2690000534057617,1210.0,2041.530029296875,1595.0,-6.4314535818994045,1593.0,-0.05700000002980232,1595.0
106.89295697025955,0.0,54.0,87.80000305175781,130.0,1786405353000.0,102.19999694824219,108.0,87.80000305175781,1.3339999914169312,1215.0,2048.93994140625,1600.0,-6.431392142549157,1598.0,-0.06400000303983688,1600.0
106.89297406934202,0.0,56.0,87.5999984741211,129.0,1786405358000.0,102.4000015258789,112.0,87.5999984741211,1.38100004196167,1220.0,2054.14990234375,1605.0,-6.431348053738475,1603.0,-0.05999999865889549,1605.0
106.89303433522582,0.5,82.0,86.19999694824219,128.0,1786405369000.0,103.19999694824219,165.0,86.19999694824219,1.409000039100647,1231.0,2072.989990234375,1616.0,-6.431189384311438,1614.0,-0.11299999803304672,1616.0
106.89308077096939,0.5,83.0,85.5999984741211,129.0,1786405377000.0,103.19999694824219,167.0,85.5999984741211,1.5490000247955322,1239.0,2087.840087890625,1624.0,-6.431063823401928,1622.0,-0.09799999743700027,1624.0
106.89313810318708,0.5,84.0,84.5999984741211,133.0,1786405385000.0,104.0,169.0,84.5999984741211,1.6419999599456787,1247.0,2103.889892578125,1632.0,-6.430930467322469,1630.0,-0.1120000034570694,1632.0
106.89314573071897,0.5,84.0,84.4000015258789,134.0,1786405386000.0,104.0,169.0,84.4000015258789,1.6610000133514404,1248.0,2106.260009765625,1633.0,-6.430910350754857,1631.0,-0.12700000405311584,1633.0
106.89321085810661,0.0,85.0,84.0,137.0,1786405393000.0,101.80000305175781,170.0,84.0,1.7450000047683716,1255.0,2121.27001953125,1640.0,-6.430790238082409,1638.0,-0.0689999982714653,1640.0
106.89322016201913,0.0,85.0,84.0,137.0,1786405394000.0,101.4000015258789,170.0,84.0,1.7450000047683716,1256.0,2124.139892578125,1641.0,-6.430766014382243,1639.0,0.0,1641.0
106.89324027858675,0.0,87.0,84.0,140.0,1786405399000.0,100.4000015258789,174.0,84.0,1.9129999876022339,1261.0,2136.610107421875,1646.0,-6.430656127631664,1644.0,0.0,1646.0
106.89326114952564,0.0,85.0,84.0,142.0,1786405403000.0,100.4000015258789,170.0,84.0,2.1649999618530273,1265.0,2148.1201171875,1650.0,-6.430554371327162,1648.0,0.0,1650.0
106.89330657944083,0.5,82.0,83.5999984741211,145.0,1786405410000.0,101.19999694824219,165.0,83.5999984741211,2.305000066757202,1272.0,2164.820068359375,1657.0,-6.4304098673164845,1655.0,-0.06499999761581421,1657.0
106.89331605099142,0.5,83.0,83.4000015258789,145.0,1786405411000.0,101.19999694824219,167.0,83.4000015258789,2.2860000133514404,1273.0,2167.110107421875,1658.0,-6.430391259491444,1656.0,-0.06700000166893005,1658.0
106.89338310621679,0.5,84.0,82.5999984741211,146.0,1786405419000.0,101.80000305175781,169.0,82.5999984741211,2.305000066757202,1281.0,2187.679931640625,1666.0,-6.430217921733856,1664.0,-0.10599999874830246,1666.0
106.89339123666286,0.5,83.0,82.4000015258789,146.0,1786405420000.0,101.80000305175781,167.0,82.4000015258789,2.2950000762939453,1282.0,2189.8798828125,1667.0,-6.430199816823006,1665.0,-0.28999999165534973,1667.0
106.8934362474829,0.0,83.0,79.4000015258789,147.0,1786405430000.0,104.19999694824219,166.0,79.4000015258789,2.1549999713897705,1292.0,2211.1201171875,1677.0,-6.430011475458741,1675.0,-0.28700000047683716,1677.0
106.893494669348,0.5,83.0,78.80000305175781,148.0,1786405438000.0,105.80000305175781,167.0,78.80000305175781,2.2209999561309814,1300.0,2228.5400390625,1685.0,-6.429865043610334,1683.0,-0.08699999749660492,1685.0
106.89355208538473,0.5,82.0,78.4000015258789,149.0,1786405448000.0,107.4000015258789,165.0,78.4000015258789,2.1740000247955322,1310.0,2248.35009765625,1695.0,-6.429695729166269,1693.0,-0.03500000014901161,1695.0
106.8935586232692,0.5,82.0,78.80000305175781,149.0,1786405452000.0,107.4000015258789,165.0,78.80000305175781,2.1649999618530273,1314.0,2258.360107421875,1699.0,-6.429608641192317,1697.0,0.08399999886751175,1699.0
106.89352258108556,0.0,82.0,78.4000015258789,151.0,1786405455000.0,107.4000015258789,164.0,78.4000015258789,2.1459999084472656,1317.0,2263.639892578125,1702.0,-6.429576789960265,1700.0,-0.11500000208616257,1702.0
106.89349693246186,0.0,82.0,78.19999694824219,151.0,1786405457000.0,106.80000305175781,164.0,78.19999694824219,2.127000093460083,1319.0,2266.530029296875,1704.0,-6.429573856294155,1702.0,-0.14399999380111694,1704.0
106.8934618961066,0.0,82.0,77.5999984741211,151.0,1786405460000.0,106.0,164.0,77.5999984741211,2.0899999141693115,1322.0,2270.780029296875,1707.0,-6.429557930678129,1705.0,-0.14499999582767487,1707.0
106.89339157193899,0.0,0.0,77.4000015258789,150.0,1786405465000.0,103.80000305175781,0.0,77.4000015258789,1.781999945640564,1327.0,2278.949951171875,1712.0,-6.4295366406440735,1710.0,-0.05700000002980232,1712.0
106.89336433075368,0.0,0.0,77.4000015258789,150.0,1786405468000.0,103.0,0.0,77.4000015258789,1.7359999418258667,1330.0,2282.110107421875,1715.0,-6.429528761655092,1713.0,-0.008999999612569809,1715.0
106.89332116395235,0.0,0.0,77.4000015258789,147.0,1786405472000.0,102.80000305175781,0.0,77.4000015258789,1.7079999446868896,1334.0,2287.10009765625,1719.0,-6.429516188800335,1717.0,-0.010999999940395355,1719.0
106.89330498687923,0.0,0.0,77.4000015258789,146.0,1786405474000.0,102.80000305175781,0.0,77.4000015258789,1.6799999475479126,1336.0,2288.929931640625,1721.0,-6.429513338953257,1719.0,-0.004999999888241291,1721.0
106.8932512588799,0.0,56.0,77.19999694824219,143.0,1786405479000.0,102.5999984741211,112.0,77.19999694824219,1.5019999742507935,1341.0,2295.260009765625,1726.0,-6.429494395852089,1724.0,-0.014000000432133675,1726.0
106.89321571961045,0.0,0.0,77.19999694824219,140.0,1786405482000.0,103.80000305175781,0.0,77.19999694824219,1.4279999732971191,1344.0,2299.389892578125,1729.0,-6.429484002292156,1727.0,-0.012000000104308128,1729.0
106.8931341636926,0.0,0.0,77.19999694824219,137.0,1786405490000.0,107.19999694824219,0.0,77.19999694824219,1.4279999732971191,1352.0,2309.050048828125,1737.0,-6.42945634201169,1735.0,0.0010000000474974513,1737.0
106.8931236024946,0.0,0.0,77.19999694824219,137.0,1786405491000.0,107.80000305175781,0.0,77.19999694824219,1.4279999732971191,1353.0,2310.39990234375,1738.0,-6.429449804127216,1736.0,-0.04399999976158142,1738.0
106.89305537380278,0.0,0.0,76.80000305175781,134.0,1786405498000.0,111.4000015258789,0.0,76.80000305175781,1.3530000448226929,1360.0,2320.070068359375,1745.0,-6.42939624376595,1743.0,-0.03999999910593033,1745.0
106.89304498024285,0.0,56.0,76.80000305175781,132.0,1786405500000.0,111.80000305175781,112.0,76.80000305175781,1.3619999885559082,1362.0,2322.110107421875,1747.0,-6.429380988702178,1745.0,-0.027000000700354576,1747.0
106.89304523169994,0.0,56.0,76.80000305175781,132.0,1786405501000.0,111.80000305175781,112.0,76.80000305175781,1.371999979019165,1363.0,2322.820068359375,1748.0,-6.429374450817704,1746.0,-0.024000000208616257,1748.0
106.89306224696338,0.0,56.0,76.80000305175781,132.0,1786405503000.0,112.19999694824219,112.0,76.80000305175781,1.371999979019165,1365.0,2325.330078125,1750.0,-6.429360620677471,1748.0,-0.02500000037252903,1750.0
106.89308077096939,0.0,56.0,76.80000305175781,131.0,1786405504000.0,112.19999694824219,112.0,76.80000305175781,1.371999979019165,1366.0,2327.409912109375,1751.0,-6.429357100278139,1749.0,-0.013000000268220901,1751.0
106.89317230135202,0.0,84.0,76.80000305175781,130.0,1786405508000.0,112.19999694824219,168.0,76.80000305175781,2.0810000896453857,1370.0,2337.639892578125,1755.0,-6.429345533251762,1753.0,-0.004000000189989805,1755.0
106.89321462996304,0.0,83.0,76.80000305175781,129.0,1786405510000.0,112.19999694824219,166.0,76.80000305175781,2.062000036239624,1372.0,2342.199951171875,1757.0,-6.429334385320544,1755.0,0.0560000017285347,1757.0
106.89323457889259,0.5,83.0,77.0,129.0,1786405511000.0,112.19999694824219,167.0,77.0,2.0339999198913574,1373.0,2344.419921875,1758.0,-6.429337486624718,1756.0,0.08299999684095383,1758.0
106.8933154642582,0.5,82.0,77.0,130.0,1786405515000.0,111.80000305175781,165.0,77.0,2.00600004196167,1377.0,2353.8798828125,1762.0,-6.429365901276469,1760.0,0.01600000075995922,1762.0
106.89345007762313,0.0,84.0,77.0,133.0,1786405522000.0,111.80000305175781,168.0,77.0,1.9589999914169312,1384.0,2369.510009765625,1769.0,-6.429406637325883,1767.0,0.004000000189989805,1769.0
106.89348343759775,0.0,84.0,77.4000015258789,134.0,1786405524000.0,112.0,168.0,77.4000015258789,1.9780000448226929,1386.0,2373.47998046875,1771.0,-6.429419964551926,1769.0,0.1889999955892563,1771.0
106.89360338263214,0.5,82.0,78.80000305175781,136.0,1786405532000.0,114.4000015258789,165.0,78.80000305175781,1.968999981880188,1394.0,2387.43994140625,1779.0,-6.42944117076695,1777.0,0.17399999499320984,1779.0
106.89361947588623,0.5,82.0,79.0,137.0,1786405533000.0,114.4000015258789,165.0,79.0,1.968999981880188,1395.0,2389.27001953125,1780.0,-6.4294362254440784,1778.0,0.15600000321865082,1780.0
106.89363707788289,0.5,82.0,79.0,137.0,1786405534000.0,114.19999694824219,165.0,79.0,1.9589999914169312,1396.0,2391.969970703125,1781.0,-6.429419377818704,1779.0,0.10999999940395355,1781.0
106.89367102459073,0.5,81.0,79.0,138.0,1786405538000.0,113.80000305175781,163.0,79.0,1.9129999876022339,1400.0,2399.919921875,1785.0,-6.429355591535568,1783.0,-0.023000000044703484,1785.0
106.89374034292996,0.0,82.0,78.80000305175781,140.0,1786405548000.0,109.5999984741211,164.0,78.80000305175781,1.819000005722046,1410.0,2418.56005859375,1795.0,-6.429202202707529,1793.0,-0.020999999716877937,1795.0
106.89374646171927,0.5,80.0,78.4000015258789,140.0,1786405552000.0,108.80000305175781,161.0,78.4000015258789,1.809999942779541,1414.0,2425.25,1799.0,-6.429143361747265,1797.0,-0.07800000160932541,1799.0
106.89374981448054,0.5,80.0,78.4000015258789,140.0,1786405554000.0,108.80000305175781,161.0,78.4000015258789,1.8009999990463257,1416.0,2427.77001953125,1801.0,-6.429121065884829,1799.0,-0.05000000074505806,1801.0
106.89375283196568,0.5,80.0,78.19999694824219,140.0,1786405557000.0,108.5999984741211,161.0,78.19999694824219,1.7910000085830688,1419.0,2431.1298828125,1804.0,-6.4290910586714745,1802.0,-0.026000000536441803,1804.0
106.89376113004982,0.0,0.0,78.19999694824219,141.0,1786405560000.0,108.4000015258789,0.0,78.19999694824219,1.809999942779541,1422.0,2435.139892578125,1807.0,-6.429055770859122,1805.0,-0.003000000026077032,1807.0
106.89380236901343,0.5,58.0,78.4000015258789,138.0,1786405570000.0,106.0,117.0,78.4000015258789,1.5399999618530273,1432.0,2448.47998046875,1817.0,-6.428943620994687,1815.0,0.01899999938905239,1817.0
106.8938041292131,0.5,58.0,78.4000015258789,138.0,1786405571000.0,106.0,117.0,78.4000015258789,1.5210000276565552,1433.0,2449.60009765625,1818.0,-6.428933562710881,1816.0,-0.010999999940395355,1818.0
106.89384402707219,0.0,57.0,78.5999984741211,137.0,1786405580000.0,106.0,114.0,78.5999984741211,1.4179999828338623,1442.0,2461.2099609375,1827.0,-6.428834991529584,1825.0,0.024000000208616257,1827.0
106.893848804757,0.0,0.0,78.5999984741211,136.0,1786405582000.0,105.4000015258789,0.0,78.5999984741211,1.4179999828338623,1444.0,2464.169921875,1829.0,-6.428808756172657,1827.0,-0.013000000268220901,1829.0
106.89387084916234,0.0,0.0,78.80000305175781,135.0,1786405586000.0,103.4000015258789,0.0,78.80000305175781,1.4559999704360962,1448.0,2470.169921875,1833.0,-6.428759470582008,1831.0,0.03500000014901161,1833.0
106.89389758743346,0.0,56.0,79.0,132.0,1786405591000.0,101.4000015258789,112.0,79.0,1.4839999675750732,1453.0,2477.68994140625,1838.0,-6.428696941584349,1836.0,0.03200000151991844,1838.0
106.89394041895866,0.5,82.0,79.4000015258789,131.0,1786405596000.0,101.0,165.0,79.4000015258789,1.5490000247955322,1458.0,2487.280029296875,1843.0,-6.428622007369995,1841.0,0.08900000154972076,1843.0
106.8939975835383,0.5,84.0,80.0,129.0,1786405603000.0,100.19999694824219,169.0,80.0,1.8660000562667847,1465.0,2503.070068359375,1850.0,-6.428491501137614,1848.0,0.08799999952316284,1850.0
106.89404980279505,0.5,84.0,80.19999694824219,130.0,1786405613000.0,100.19999694824219,169.0,80.19999694824219,2.015000104904175,1475.0,2524.760009765625,1860.0,-6.428301818668842,1858.0,0.028999999165534973,1860.0
106.89407545141876,0.5,84.0,80.0,134.0,1786405616000.0,100.5999984741211,169.0,80.0,2.0250000953674316,1478.0,2532.300048828125,1863.0,-6.428238702937961,1861.0,-0.09000000357627869,1863.0
106.89409967511892,0.5,84.0,79.80000305175781,137.0,1786405619000.0,100.80000305175781,169.0,79.80000305175781,2.052999973297119,1481.0,2539.85009765625,1866.0,-6.428175000473857,1864.0,-0.05000000074505806,1866.0
106.89413387328386,0.5,83.0,79.5999984741211,140.0,1786405624000.0,101.5999984741211,167.0,79.5999984741211,2.0810000896453857,1486.0,2550.820068359375,1871.0,-6.428081793710589,1869.0,-0.041999999433755875,1871.0
106.89411761239171,0.5,83.0,79.4000015258789,140.0,1786405626000.0,102.0,167.0,79.4000015258789,2.0899999141693115,1488.0,2553.840087890625,1873.0,-6.428054803982377,1871.0,-0.07800000160932541,1873.0
106.89408425241709,0.5,82.0,79.4000015258789,140.0,1786405628000.0,102.19999694824219,165.0,79.4000015258789,2.0810000896453857,1490.0,2557.969970703125,1875.0,-6.428037201985717,1873.0,-0.09200000017881393,1875.0
106.89397017471492,0.5,82.0,78.80000305175781,140.0,1786405634000.0,100.80000305175781,165.0,78.80000305175781,2.062000036239624,1496.0,2571.25,1881.0,-6.428000321611762,1879.0,-0.0860000029206276,1881.0
106.89384075812995,0.5,81.0,77.80000305175781,141.0,1786405641000.0,100.5999984741211,163.0,77.80000305175781,2.062000036239624,1503.0,2586.6201171875,1888.0,-6.427953047677875,1886.0,-0.13300000131130219,1888.0
106.89379499293864,0.5,81.0,77.80000305175781,144.0,1786405644000.0,101.80000305175781,163.0,77.80000305175781,2.071000099182129,1506.0,2592.64990234375,1891.0,-6.427923962473869,1889.0,-0.020999999716877937,1891.0
106.89376976341009,0.5,80.0,78.19999694824219,146.0,1786405648000.0,103.4000015258789,161.0,78.19999694824219,2.071000099182129,1510.0,2599.5400390625,1895.0,-6.42786780372262,1893.0,0.10100000351667404,1895.0
106.8938316218555,0.0,82.0,78.5999984741211,146.0,1786405653000.0,104.0,164.0,78.5999984741211,2.052999973297119,1515.0,2608.610107421875,1900.0,-6.427822541445494,1898.0,0.06499999761581421,1900.0
106.89386087469757,0.5,81.0,78.4000015258789,146.0,1786405655000.0,103.5999984741211,163.0,78.4000015258789,2.0429999828338623,1517.0,2611.52001953125,1902.0,-6.42783067189157,1900.0,-0.028999999165534973,1902.0
106.89391426742077,0.5,81.0,78.4000015258789,145.0,1786405659000.0,103.4000015258789,163.0,78.4000015258789,2.0250000953674316,1521.0,2617.10009765625,1906.0,-6.4278508722782135,1904.0,-0.019999999552965164,1906.0
106.89405667595565,0.5,80.0,79.0,145.0,1786405667000.0,105.19999694824219,161.0,79.0,1.9869999885559082,1529.0,2634.27001953125,1914.0,-6.427913652732968,1912.0,0.07599999755620956,1914.0
106.89419304952025,0.0,83.0,79.19999694824219,147.0,1786405676000.0,103.4000015258789,166.0,79.19999694824219,1.9589999914169312,1538.0,2650.1201171875,1923.0,-6.427904097363353,1921.0,0.02500000037252903,1923.0
106.89420235343277,0.0,81.0,79.19999694824219,148.0,1786405679000.0,103.19999694824219,162.0,79.19999694824219,1.9500000476837158,1541.0,2654.280029296875,1926.0,-6.427868893370032,1924.0,-0.03099999949336052,1926.0
106.8942042812705,0.0,81.0,79.0,148.0,1786405681000.0,103.4000015258789,162.0,79.0,1.940999984741211,1543.0,2656.739990234375,1928.0,-6.427845675498247,1926.0,-0.03799999877810478,1928.0
106.89424543641508,0.0,0.0,79.0,146.0,1786405690000.0,102.5999984741211,0.0,79.0,1.4739999771118164,1552.0,2667.360107421875,1937.0,-6.427759090438485,1935.0,-0.006000000052154064,1937.0
106.89425054937601,0.0,0.0,79.0,146.0,1786405691000.0,102.4000015258789,0.0,79.0,1.4559999704360962,1553.0,2668.429931640625,1938.0,-6.42775054089725,1936.0,-0.026000000536441803,1938.0
106.89427502453327,0.0,55.0,78.80000305175781,144.0,1786405697000.0,99.5999984741211,110.0,78.80000305175781,1.371999979019165,1559.0,2675.840087890625,1944.0,-6.427689269185066,1942.0,-0.03700000047683716,1944.0
106.8942835740745,0.0,54.0,78.4000015258789,147.0,1786405707000.0,97.5999984741211,108.0,78.4000015258789,1.3530000448226929,1569.0,2686.820068359375,1954.0,-6.427590949460864,1952.0,-0.03799999877810478,1954.0
106.89433277584612,0.0,55.0,77.80000305175781,148.0,1786405717000.0,95.4000015258789,110.0,77.80000305175781,1.2879999876022339,1579.0,2699.06005859375,1964.0,-6.427491623908281,1962.0,-0.05299999937415123,1964.0
106.89434166066349,0.5,52.0,77.80000305175781,145.0,1786405719000.0,96.0,105.0,77.80000305175781,1.2970000505447388,1581.0,2701.72998046875,1966.0,-6.427469160407782,1964.0,-0.0560000017285347,1966.0
106.89436487853527,0.0,55.0,77.4000015258789,142.0,1786405726000.0,97.0,110.0,77.4000015258789,1.2879999876022339,1588.0,2710.159912109375,1973.0,-6.427397495135665,1971.0,-0.04899999871850014,1973.0
106.89436244778335,0.0,0.0,77.19999694824219,138.0,1786405729000.0,97.19999694824219,0.0,77.19999694824219,1.2879999876022339,1591.0,2713.64990234375,1976.0,-6.427366146817803,1974.0,-0.03500000014901161,1976.0
106.89436202868819,0.0,0.0,77.19999694824219,137.0,1786405730000.0,97.19999694824219,0.0,77.19999694824219,1.277999997138977,1592.0,2714.93994140625,1977.0,-6.427354495972395,1975.0,-0.03999999910593033,1977.0
106.89436093904078,0.0,0.0,77.0,134.0,1786405737000.0,97.5999984741211,0.0,77.0,1.2879999876022339,1599.0,2723.739990234375,1984.0,-6.4272751193493605,1982.0,-0.03999999910593033,1984.0
106.89435943029821,0.0,0.0,76.80000305175781,134.0,1786405739000.0,97.5999984741211,0.0,76.80000305175781,1.2970000505447388,1601.0,2725.830078125,1986.0,-6.4272562600672245,1984.0,-0.03099999949336052,1986.0
106.8943493720144,0.0,0.0,76.80000305175781,133.0,1786405741000.0,97.4000015258789,0.0,76.80000305175781,1.2970000505447388,1603.0,2728.7099609375,1988.0,-6.427232287824154,1986.0,-0.02500000037252903,1988.0
106.89434375613928,0.0,78.0,76.5999984741211,136.0,1786405745000.0,97.19999694824219,156.0,76.5999984741211,1.305999994277954,1607.0,2735.9599609375,1992.0,-6.427166992798448,1990.0,-0.05400000140070915,1992.0
106.89435699954629,0.5,80.0,76.19999694824219,133.0,1786405751000.0,96.5999984741211,161.0,76.19999694824219,1.409000039100647,1613.0,2746.090087890625,1998.0,-6.427076132968068,1996.0,-0.06199999898672104,1998.0
106.89435850828886,0.5,80.0,76.19999694824219,130.0,1786405753000.0,96.4000015258789,161.0,76.19999694824219,1.4559999704360962,1615.0,2750.080078125,2000.0,-6.427040006965399,1998.0,-0.06800000369548798,2000.0
106.89436697401106,0.5,81.0,75.5999984741211,129.0,1786405763000.0,94.4000015258789,163.0,75.5999984741211,1.5770000219345093,1625.0,2767.580078125,2010.0,-6.426882008090615,2008.0,-0.04500000178813934,2010.0
106.89436404034495,0.5,81.0,75.5999984741211,129.0,1786405764000.0,94.4000015258789,163.0,75.5999984741211,1.5770000219345093,1626.0,2769.199951171875,2011.0,-6.4268675073981285,2009.0,0.010999999940395355,2011.0
106.8943512160331,0.5,80.0,75.4000015258789,131.0,1786405769000.0,94.5999984741211,161.0,75.4000015258789,1.6139999628067017,1631.0,2779.080078125,2016.0,-6.4267791621387005,2014.0,-0.04100000113248825,2016.0
106.89434073865414,0.5,81.0,75.0,134.0,1786405775000.0,95.19999694824219,163.0,75.0,1.6419999599456787,1637.0,2791.06005859375,2022.0,-6.426671706140041,2020.0,-0.06400000303983688,2022.0
106.89433453604579,0.5,82.0,75.19999694824219,134.0,1786405778000.0,95.4000015258789,165.0,75.19999694824219,1.6699999570846558,1640.0,2797.2099609375,2025.0,-6.426616385579109,2023.0,0.004999999888241291,2025.0
106.89432221464813,0.5,81.0,75.5999984741211,136.0,1786405786000.0,96.0,163.0,75.5999984741211,1.7079999446868896,1648.0,2811.669921875,2033.0,-6.426486633718014,2031.0,0.057999998331069946,2033.0
106.89430612139404,0.5,81.0,75.80000305175781,139.0,1786405789000.0,96.0,163.0,75.80000305175781,1.7170000076293945,1651.0,2817.75,2036.0,-6.426433911547065,2034.0,0.06300000101327896,2036.0
106.894292794168,0.5,81.0,76.0,142.0,1786405794000.0,95.80000305175781,163.0,76.0,1.7170000076293945,1656.0,2825.419921875,2041.0,-6.426364844664931,2039.0,0.04500000178813934,2041.0
106.8942544888705,0.5,81.0,77.19999694824219,142.0,1786405804000.0,95.4000015258789,163.0,77.19999694824219,1.7079999446868896,1666.0,2844.0,2051.0,-6.42620156519115,2049.0,0.1289999932050705,2051.0
106.89422179944813,0.5,81.0,78.4000015258789,142.0,1786405811000.0,94.0,163.0,78.4000015258789,1.7170000076293945,1673.0,2855.919921875,2058.0,-6.426099054515362,2056.0,0.16899999976158142,2058.0
106.89418911002576,0.5,81.0,79.4000015258789,142.0,1786405821000.0,94.5999984741211,163.0,79.4000015258789,1.7079999446868896,1683.0,2872.840087890625,2068.0,-6.4259495213627815,2066.0,0.09799999743700027,2068.0
106.89413236454129,0.5,79.0,81.0,140.0,1786405832000.0,93.5999984741211,159.0,81.0,1.7079999446868896,1694.0,2892.469970703125,2079.0,-6.4257813803851604,2077.0,0.14800000190734863,2079.0
106.89413655549288,0.5,80.0,81.0,139.0,1786405834000.0,93.80000305175781,161.0,81.0,1.7079999446868896,1696.0,2895.43994140625,2081.0,-6.425755312666297,2079.0,-0.029999999329447746,2081.0
106.89418248832226,0.5,79.0,80.4000015258789,139.0,1786405837000.0,94.0,159.0,80.4000015258789,1.7170000076293945,1699.0,2901.47998046875,2084.0,-6.42572664655745,2082.0,-0.2199999988079071,2084.0
106.89431265927851,0.5,82.0,78.4000015258789,138.0,1786405844000.0,94.80000305175781,165.0,78.4000015258789,1.7450000047683716,1706.0,2916.010009765625,2091.0,-6.4257345255464315,2089.0,-0.28600001335144043,2091.0
106.89436638727784,0.5,82.0,77.4000015258789,139.0,1786405850000.0,95.19999694824219,165.0,77.4000015258789,1.809999942779541,1712.0,2928.169921875,2097.0,-6.425826894119382,2095.0,-0.17000000178813934,2097.0
106.89440033398569,0.5,81.0,76.19999694824219,142.0,1786405858000.0,95.4000015258789,163.0,76.19999694824219,1.875,1720.0,2945.590087890625,2105.0,-6.425980869680643,2103.0,-0.13300000131130219,2105.0
106.89440477639437,0.5,82.0,76.19999694824219,143.0,1786405859000.0,95.80000305175781,165.0,76.19999694824219,1.8849999904632568,1721.0,2947.219970703125,2106.0,-6.4259948674589396,2104.0,0.0020000000949949026,2106.0
106.89444174058735,0.5,82.0,75.80000305175781,146.0,1786405868000.0,96.80000305175781,165.0,75.80000305175781,1.9500000476837158,1730.0,2965.840087890625,2115.0,-6.426158817484975,2113.0,-0.061000000685453415,2115.0
106.8944669701159,0.0,72.0,75.80000305175781,146.0,1786405878000.0,97.19999694824219,144.0,75.80000305175781,1.9500000476837158,1740.0,2980.780029296875,2125.0,-6.426291335374117,2123.0,0.0,2125.0
106.89448046498,0.0,56.0,76.0,143.0,1786405884000.0,97.0,112.0,76.0,1.5019999742507935,1746.0,2987.429931640625,2131.0,-6.426350176334381,2129.0,0.03500000014901161,2131.0
106.89449085853994,0.5,55.0,76.0,140.0,1786405887000.0,96.80000305175781,111.0,76.0,1.437000036239624,1749.0,2991.550048828125,2134.0,-6.42638579942286,2132.0,0.0010000000474974513,2134.0
106.8944965582341,0.0,56.0,75.80000305175781,140.0,1786405890000.0,96.5999984741211,112.0,75.80000305175781,1.409000039100647,1752.0,2995.14990234375,2137.0,-6.426417734473944,2135.0,-0.03799999877810478,2137.0
106.89452497288585,0.5,82.0,75.19999694824219,138.0,1786405900000.0,96.80000305175781,165.0,75.19999694824219,1.5299999713897705,1762.0,3011.889892578125,2147.0,-6.426566429436207,2145.0,-0.05400000140070915,2147.0
106.89455321989954,0.5,81.0,75.0,140.0,1786405910000.0,96.4000015258789,163.0,75.0,1.996999979019165,1772.0,3031.199951171875,2157.0,-6.426738677546382,2155.0,-0.02800000086426735,2157.0
106.89453737810254,0.5,81.0,75.0,139.0,1786405916000.0,96.0,163.0,75.0,2.015000104904175,1778.0,3041.780029296875,2163.0,-6.426831968128681,2161.0,0.009999999776482582,2163.0
106.89453268423676,0.5,80.0,75.0,139.0,1786405919000.0,95.80000305175781,161.0,75.0,1.996999979019165,1781.0,3047.090087890625,2166.0,-6.426879828795791,2164.0,0.006000000052154064,2166.0
106.89455037005246,0.5,80.0,75.19999694824219,138.0,1786405927000.0,96.0,161.0,75.19999694824219,1.9500000476837158,1789.0,3059.280029296875,2174.0,-6.42698829062283,2172.0,0.020999999716877937,2174.0
106.89454089850187,0.5,81.0,75.5999984741211,135.0,1786405933000.0,95.5999984741211,163.0,75.5999984741211,1.8849999904632568,1795.0,3069.919921875,2180.0,-6.427084095776081,2178.0,0.06300000101327896,2180.0
106.89453260041773,0.5,80.0,76.0,136.0,1786405939000.0,96.19999694824219,161.0,76.0,1.8660000562667847,1801.0,3081.610107421875,2186.0,-6.427189791575074,2184.0,0.06800000369548798,2186.0
106.89452304504812,0.5,81.0,76.19999694824219,139.0,1786405942000.0,97.0,163.0,76.19999694824219,1.875,1804.0,3087.780029296875,2189.0,-6.427244860678911,2187.0,0.07800000160932541,2189.0
106.89450276084244,0.5,81.0,76.5999984741211,141.0,1786405948000.0,98.0,163.0,76.5999984741211,1.8849999904632568,1810.0,3098.419921875,2195.0,-6.42733815126121,2193.0,0.06800000369548798,2195.0
106.89449035562575,0.5,80.0,77.0,144.0,1786405952000.0,98.0,161.0,77.0,1.875,1814.0,3105.169921875,2199.0,-6.427398081868887,2197.0,0.06499999761581421,2199.0
106.89447208307683,0.5,79.0,77.19999694824219,145.0,1786405955000.0,97.5999984741211,159.0,77.19999694824219,1.8660000562667847,1817.0,3110.0,2202.0,-6.427437728270888,2200.0,0.0689999982714653,2202.0
106.89443319104612,0.0,75.0,77.5999984741211,143.0,1786405965000.0,97.19999694824219,150.0,77.5999984741211,1.6799999475479126,1827.0,3122.659912109375,2212.0,-6.427542837336659,2210.0,0.052000001072883606,2212.0
106.89442103728652,0.5,77.0,78.0,140.0,1786405969000.0,97.0,155.0,78.0,1.5770000219345093,1831.0,3129.1201171875,2216.0,-6.427599834278226,2214.0,0.06199999898672104,2216.0
106.89440108835697,0.5,78.0,78.19999694824219,138.0,1786405975000.0,97.0,157.0,78.19999694824219,1.5299999713897705,1837.0,3138.739990234375,2222.0,-6.427682731300592,2220.0,0.06199999898672104,2222.0
106.89436420798302,0.5,80.0,78.5999984741211,139.0,1786405981000.0,97.4000015258789,161.0,78.5999984741211,1.6239999532699585,1843.0,3148.050048828125,2228.0,-6.427757916972041,2226.0,0.06700000166893005,2228.0
106.89434224739671,0.5,79.0,78.80000305175781,140.0,1786405984000.0,97.5999984741211,159.0,78.80000305175781,1.6050000190734863,1846.0,3152.300048828125,2231.0,-6.427790438756347,2229.0,0.06499999761581421,2231.0
106.89430846832693,0.0,80.0,79.0,140.0,1786405987000.0,97.5999984741211,160.0,79.0,1.6330000162124634,1849.0,3156.6201171875,2234.0,-6.42781063914299,2232.0,0.06499999761581421,2234.0
106.89429078251123,0.5,80.0,79.19999694824219,140.0,1786405989000.0,97.5999984741211,161.0,79.19999694824219,1.6419999599456787,1851.0,3159.7900390625,2236.0,-6.427833689376712,2234.0,0.0729999989271164,2236.0
106.89426789991558,0.5,81.0,79.4000015258789,141.0,1786405992000.0,97.5999984741211,163.0,79.4000015258789,1.6330000162124634,1854.0,3165.830078125,2239.0,-6.427886830642819,2237.0,0.07100000232458115,2239.0
106.89425180666149,0.5,81.0,79.4000015258789,141.0,1786405993000.0,97.80000305175781,163.0,79.4000015258789,1.6419999599456787,1855.0,3168.659912109375,2240.0,-6.427906947210431,2238.0,0.014000000432133675,2240.0
106.89425029791892,0.5,81.0,79.80000305175781,142.0,1786405998000.0,98.80000305175781,163.0,79.80000305175781,1.6519999504089355,1860.0,3177.719970703125,2245.0,-6.427988754585385,2243.0,0.057999998331069946,2245.0
106.89424032345414,0.5,79.0,80.19999694824219,143.0,1786406005000.0,98.80000305175781,159.0,80.19999694824219,1.6330000162124634,1867.0,3188.919921875,2252.0,-6.42809696495533,2250.0,0.06400000303983688,2252.0
106.89424199983478,0.5,80.0,81.0,141.0,1786406013000.0,98.19999694824219,161.0,81.0,1.5490000247955322,1875.0,3201.679931640625,2260.0,-6.428215904161334,2258.0,0.10899999737739563,2260.0
106.89422079361975,0.5,79.0,81.5999984741211,138.0,1786406020000.0,96.4000015258789,159.0,81.5999984741211,1.5019999742507935,1882.0,3212.31005859375,2267.0,-6.4283129666000605,2265.0,0.07800000160932541,2267.0
106.8942182790488,0.5,80.0,81.5999984741211,138.0,1786406022000.0,95.5999984741211,161.0,81.5999984741211,1.5019999742507935,1884.0,3215.070068359375,2269.0,-6.428339621052146,2267.0,-0.007000000216066837,2269.0
106.89419439062476,0.5,78.0,81.80000305175781,137.0,1786406030000.0,93.19999694824219,157.0,81.80000305175781,1.4739999771118164,1892.0,3227.330078125,2277.0,-6.4284478314220905,2275.0,0.026000000536441803,2277.0
106.89416346140206,0.0,76.0,82.4000015258789,137.0,1786406039000.0,92.0,152.0,82.4000015258789,1.437000036239624,1901.0,3243.64990234375,2286.0,-6.428590407595038,2284.0,0.06499999761581421,2286.0
106.89415784552693,0.0,76.0,82.4000015258789,137.0,1786406040000.0,91.80000305175781,152.0,82.4000015258789,1.4279999732971191,1902.0,3245.10009765625,2287.0,-6.428602561354637,2285.0,-0.03400000184774399,2287.0
106.89412012696266,0.5,77.0,82.19999694824219,135.0,1786406047000.0,90.80000305175781,155.0,82.19999694824219,1.4279999732971191,1909.0,3256.02001953125,2294.0,-6.428694762289524,2292.0,-0.029999999329447746,2294.0
106.89406254328787,0.5,79.0,81.80000305175781,133.0,1786406057000.0,91.4000015258789,159.0,81.80000305175781,1.437000036239624,1919.0,3270.469970703125,2304.0,-6.4288124442100525,2302.0,-0.04100000113248825,2304.0
106.89400495961308,0.5,82.0,81.80000305175781,133.0,1786406067000.0,90.19999694824219,165.0,81.80000305175781,1.4930000305175781,1929.0,3287.93994140625,2314.0,-6.428958959877491,2312.0,0.0020000000949949026,2314.0
106.89396531321108,0.5,81.0,82.4000015258789,136.0,1786406076000.0,90.19999694824219,163.0,82.4000015258789,1.5770000219345093,1938.0,3307.679931640625,2323.0,-6.429134896025062,2321.0,0.06400000303983688,2323.0
106.8939592782408,0.5,81.0,82.4000015258789,138.0,1786406078000.0,90.80000305175781,163.0,82.4000015258789,1.6050000190734863,1940.0,3310.669921875,2325.0,-6.429161299020052,2323.0,0.04100000113248825,2325.0
106.89392725937068,0.5,84.0,82.19999694824219,141.0,1786406082000.0,91.5999984741211,169.0,82.19999694824219,1.6799999475479126,1944.0,3319.300048828125,2329.0,-6.42923254519701,2327.0,-0.028999999165534973,2329.0
106.89389247447252,0.5,82.0,82.19999694824219,140.0,1786406091000.0,91.5999984741211,165.0,82.19999694824219,1.6799999475479126,1953.0,3333.5,2338.0,-6.429355423897505,2336.0,-0.007000000216066837,2338.0
106.8938900437206,0.5,83.0,82.19999694824219,140.0,1786406092000.0,91.5999984741211,167.0,82.19999694824219,1.7170000076293945,1954.0,3335.22998046875,2339.0,-6.429371517151594,2337.0,0.023000000044703484,2339.0
106.89387084916234,0.5,82.0,82.0,140.0,1786406097000.0,91.19999694824219,165.0,82.0,1.7450000047683716,1959.0,3344.590087890625,2344.0,-6.4294529892504215,2342.0,-0.03700000047683716,2344.0
106.89384276978672,0.0,80.0,81.19999694824219,142.0,1786406105000.0,91.4000015258789,160.0,81.19999694824219,1.7359999418258667,1967.0,3359.300048828125,2352.0,-6.429581651464105,2350.0,-0.10700000077486038,2352.0
106.8938311189413,0.0,79.0,81.4000015258789,144.0,1786406108000.0,91.5999984741211,158.0,81.4000015258789,1.7170000076293945,1970.0,3365.360107421875,2355.0,-6.429635044187307,2353.0,0.029999999329447746,2355.0
106.893803877756,0.5,77.0,81.0,143.0,1786406113000.0,92.5999984741211,155.0,81.0,1.6979999542236328,1975.0,3371.7900390625,2360.0,-6.429686928167939,2358.0,-0.06300000101327896,2360.0
106.89376372843981,0.5,77.0,80.19999694824219,141.0,1786406117000.0,93.0,155.0,80.19999694824219,1.6610000133514404,1979.0,3377.5,2364.0,-6.429721126332879,2362.0,-0.20800000429153442,2364.0
106.89373766072094,0.5,77.0,79.4000015258789,139.0,1786406119000.0,93.0,155.0,79.4000015258789,1.6419999599456787,1981.0,3380.429931640625,2366.0,-6.429718025028706,2364.0,-0.33399999141693115,2366.0
106.89369164407253,0.5,80.0,79.0,136.0,1786406123000.0,93.4000015258789,161.0,79.0,1.6239999532699585,1985.0,3388.60009765625,2370.0,-6.429660692811012,2368.0,-0.10999999940395355,2370.0
106.89365400932729,0.5,78.0,79.0,136.0,1786406126000.0,94.0,157.0,79.0,1.6419999599456787,1988.0,3395.530029296875,2373.0,-6.42961073666811,2371.0,0.014999999664723873,2373.0
106.89357823692262,0.5,82.0,78.80000305175781,136.0,1786406133000.0,95.80000305175781,165.0,78.80000305175781,1.940999984741211,1995.0,3409.10009765625,2380.0,-6.429517949000001,2378.0,-0.041999999433755875,2380.0
106.89349701628089,0.5,78.0,77.80000305175781,137.0,1786406139000.0,96.0,157.0,77.80000305175781,1.8380000591278076,2001.0,3418.800048828125,2386.0,-6.429489953443408,2384.0,-0.16300000250339508,2386.0
106.89348335377872,0.5,78.0,77.5999984741211,137.0,1786406141000.0,96.5999984741211,157.0,77.5999984741211,1.7910000085830688,2003.0,3422.110107421875,2388.0,-6.429463550448418,2386.0,-0.12099999934434891,2388.0
106.89349592663348,0.5,78.0,77.5999984741211,137.0,1786406143000.0,97.0,157.0,77.5999984741211,1.753999948501587,2005.0,3425.550048828125,2390.0,-6.42943530343473,2388.0,0.017000000923871994,2390.0
106.89351118169725,0.5,79.0,77.80000305175781,137.0,1786406144000.0,97.0,159.0,77.80000305175781,1.753999948501587,2006.0,3427.610107421875,2391.0,-6.429424155503511,2389.0,0.12200000137090683,2391.0
106.89353037625551,0.5,79.0,78.0,137.0,1786406145000.0,97.19999694824219,159.0,78.0,1.753999948501587,2007.0,3429.7099609375,2392.0,-6.42942164093256,2390.0,0.1889999955892563,2392.0
106.89359583891928,0.0,78.0,78.5999984741211,137.0,1786406150000.0,100.4000015258789,156.0,78.5999984741211,1.7450000047683716,2012.0,3437.139892578125,2397.0,-6.429434800520539,2395.0,0.15299999713897705,2397.0
106.8936881236732,0.5,80.0,79.19999694824219,140.0,1786406156000.0,103.80000305175781,161.0,79.19999694824219,1.753999948501587,2018.0,3449.89990234375,2403.0,-6.429367996752262,2401.0,0.09200000017881393,2403.0
106.89369533210993,0.5,79.0,79.19999694824219,140.0,1786406157000.0,104.19999694824219,159.0,79.19999694824219,1.7730000019073486,2019.0,3451.669921875,2404.0,-6.429353663697839,2402.0,-0.02500000037252903,2404.0
106.8937240820378,0.5,79.0,78.80000305175781,143.0,1786406163000.0,105.0,159.0,78.80000305175781,1.753999948501587,2025.0,3462.219970703125,2410.0,-6.429260540753603,2408.0,-0.0560000017285347,2410.0
106.89373271539807,0.5,80.0,79.0,144.0,1786406164000.0,104.80000305175781,161.0,79.0,1.753999948501587,2026.0,3464.330078125,2411.0,-6.429243357852101,2409.0,0.03200000151991844,2411.0
106.89379750750959,0.5,78.0,78.80000305175781,145.0,1786406174000.0,104.19999694824219,157.0,78.80000305175781,1.809999942779541,2036.0,3483.909912109375,2421.0,-6.429078737273812,2419.0,-0.0020000000949949026,2421.0
106.89385366626084,0.5,79.0,79.19999694824219,143.0,1786406185000.0,104.19999694824219,159.0,79.19999694824219,1.8009999990463257,2047.0,3501.7099609375,2432.0,-6.428927527740598,2430.0,0.020999999716877937,2432.0
106.89387277700007,0.5,58.0,79.19999694824219,144.0,1786406193000.0,102.5999984741211,117.0,79.19999694824219,1.7730000019073486,2055.0,3511.159912109375,2440.0,-6.428846390917897,2438.0,-0.0020000000949949026,2440.0
106.89386188052595,0.0,55.0,78.5999984741211,143.0,1786406203000.0,102.19999694824219,110.0,78.5999984741211,1.437000036239624,2065.0,3524.080078125,2450.0,-6.428726278245449,2448.0,-0.057999998331069946,2450.0
106.8938628025353,0.5,55.0,78.5999984741211,141.0,1786406205000.0,101.80000305175781,111.0,78.5999984741211,1.409000039100647,2067.0,3526.110107421875,2452.0,-6.428707418963313,2450.0,0.004999999888241291,2452.0
106.89387277700007,0.0,55.0,78.5999984741211,138.0,1786406210000.0,101.0,110.0,78.5999984741211,1.371999979019165,2072.0,3531.47998046875,2457.0,-6.428659977391362,2455.0,0.02199999988079071,2457.0
106.89389012753963,0.5,52.0,78.80000305175781,135.0,1786406217000.0,100.19999694824219,105.0,78.80000305175781,1.3619999885559082,2079.0,3539.02001953125,2464.0,-6.428596526384354,2462.0,0.027000000700354576,2464.0
106.8938934803009,0.0,53.0,78.80000305175781,133.0,1786406219000.0,99.0,106.0,78.80000305175781,1.3530000448226929,2081.0,3541.280029296875,2466.0,-6.428575990721583,2464.0,0.017999999225139618,2466.0
106.89396606758237,0.0,0.0,79.5999984741211,132.0,1786406229000.0,96.4000015258789,0.0,79.5999984741211,1.305999994277954,2091.0,3554.699951171875,2476.0,-6.42847515642643,2474.0,0.07800000160932541,2476.0
106.8940010201186,0.0,53.0,80.0,130.0,1786406236000.0,95.4000015258789,106.0,80.0,1.305999994277954,2098.0,3563.72998046875,2483.0,-6.428400222212076,2481.0,0.05299999937415123,2483.0
106.89402918331325,0.0,0.0,80.19999694824219,129.0,1786406240000.0,95.4000015258789,0.0,80.19999694824219,1.2879999876022339,2102.0,3567.739990234375,2487.0,-6.428376501426101,2485.0,0.050999999046325684,2487.0
106.89405164681375,0.0,0.0,80.4000015258789,129.0,1786406242000.0,95.4000015258789,0.0,80.4000015258789,1.277999997138977,2104.0,3570.3701171875,2489.0,-6.4283842127770185,2487.0,0.08100000023841858,2489.0
106.89405701123178,0.0,0.0,80.4000015258789,128.0,1786406243000.0,95.5999984741211,0.0,80.4000015258789,1.277999997138977,2105.0,3571.219970703125,2490.0,-6.4283898286521435,2488.0,0.039000000804662704,2490.0
106.8940562568605,0.0,0.0,80.4000015258789,127.0,1786406246000.0,95.5999984741211,0.0,80.4000015258789,1.277999997138977,2108.0,3574.800048828125,2493.0,-6.4284225180745125,2491.0,-0.0020000000949949026,2493.0
106.89404971897602,0.0,0.0,80.4000015258789,127.0,1786406247000.0,95.5999984741211,0.0,80.4000015258789,1.277999997138977,2109.0,3576.18994140625,2494.0,-6.4284334145486355,2492.0,-0.04699999839067459,2494.0
106.8940491322428,0.0,0.0,80.4000015258789,127.0,1786406248000.0,95.5999984741211,0.0,80.4000015258789,1.277999997138977,2110.0,3577.6201171875,2495.0,-6.42844632267952,2493.0,-0.004000000189989805,2495.0
