directRunCadence,directSpeed,directDoubleCadence,sumDistance,sumElapsedDuration,directElevation,sumMovingDuration,directTimestamp,sumDuration,directLongitude,directCorrectedElevation,directUncorrectedElevation,directHeartRate,directLatitude,directFractionalCadence,directVerticalSpeed,elapsed_s
65.0,0.0,130.0,0.0,0.0,13.0,0.0,1791066350000.0,0.0,106.82084586471319,13.0,68.4000015258789,140.0,-6.201720703393221,0.0,,0.0
65.0,1.0449999570846558,130.0,3.630000114440918,2.0,13.0,2.0,1791066352000.0,2.0,106.82087671011686,13.0,68.4000015258789,143.0,-6.201728833839297,0.0,0.03799999877810478,2.0
84.0,1.4559999704360962,169.0,9.510000228881836,4.0,13.0,4.0,1791066354000.0,4.0,106.82093043811619,13.0,68.5999984741211,146.0,-6.201739562675357,0.5,0.010999999940395355,4.0
84.0,1.9780000448226929,169.0,23.34000015258789,8.0,11.199999809265137,8.0,1791066358000.0,8.0,106.82105675339699,11.199999809265137,69.80000305175781,150.0,-6.201756075024605,0.5,-0.45100000500679016,8.0
84.0,2.052999973297119,169.0,27.010000228881836,9.0,11.199999809265137,9.0,1791066359000.0,9.0,106.82108994573355,11.199999809265137,70.0,152.0,-6.2017567455768585,0.5,-0.12399999797344208,9.0
83.0,2.3420000076293945,167.0,32.369998931884766,11.0,11.0,11.0,1791066361000.0,11.0,106.82113839313388,11.0,70.4000015258789,155.0,-6.201759427785873,0.5,-0.09700000286102295,11.0
82.0,2.2860000133514404,164.0,39.34000015258789,14.0,10.600000381469727,14.0,1791066364000.0,14.0,106.82120150886476,10.600000381469727,70.5999984741211,158.0,-6.201767306774855,0.0,-0.0989999994635582,14.0
83.0,2.0810000896453857,167.0,44.09000015258789,16.0,10.0,16.0,1791066366000.0,16.0,106.82124459184706,10.0,70.5999984741211,161.0,-6.20177292264998,0.5,-0.33000001311302185,16.0
88.0,2.1089999675750732,176.0,53.2599983215332,19.0,9.199999809265137,19.0,1791066369000.0,19.0,106.82132681831717,9.199999809265137,70.4000015258789,164.0,-6.201781472191215,0.0,-0.24799999594688416,19.0
88.0,2.183000087738037,176.0,64.91999816894531,23.0,9.0,23.0,1791066373000.0,23.0,106.82143083773553,9.0,69.4000015258789,165.0,-6.20179588906467,0.0,-0.08100000023841858,23.0
83.0,2.2209999561309814,167.0,78.70999908447266,27.0,10.0,27.0,1791066377000.0,27.0,106.82155623100698,10.0,66.4000015258789,162.0,-6.201806198805571,0.5,0.24799999594688416,27.0
82.0,2.2209999561309814,165.0,89.45999908447266,31.0,11.399999618530273,31.0,1791066381000.0,31.0,106.82165287435055,11.399999618530273,61.79999923706055,161.0,-6.201811395585537,0.5,0.35199999809265137,31.0
83.0,2.2109999656677246,167.0,106.43000030517578,40.0,13.600000381469727,40.0,1791066390000.0,40.0,106.82179645635188,13.600000381469727,53.599998474121094,162.0,-6.201872248202562,0.5,0.24899999797344208,40.0
82.0,2.127000093460083,165.0,116.02999877929688,45.0,14.800000190734863,45.0,1791066395000.0,45.0,106.82188086211681,14.800000190734863,52.400001525878906,163.0,-6.201890772208571,0.5,0.25,45.0
82.0,2.1089999675750732,165.0,122.55999755859375,48.0,15.800000190734863,48.0,1791066398000.0,48.0,106.82193978689611,15.800000190734863,51.79999923706055,165.0,-6.201891358941793,0.5,0.35100001096725464,48.0
82.0,2.127000093460083,164.0,126.81999969482422,50.0,16.399999618530273,50.0,1791066400000.0,50.0,106.82197708636522,16.399999618530273,51.20000076293945,166.0,-6.201902590692043,0.0,0.2549999952316284,50.0
84.0,2.0989999771118164,169.0,141.52999877929688,57.0,17.600000381469727,57.0,1791066407000.0,57.0,106.82210407219827,17.600000381469727,50.0,163.0,-6.201941901817918,0.5,0.18400000035762787,57.0
84.0,2.0989999771118164,169.0,143.5,58.0,17.799999237060547,58.0,1791066408000.0,58.0,106.82212142273784,17.799999237060547,50.0,162.0,-6.201947098597884,0.5,0.02500000037252903,58.0
82.0,2.1649999618530273,165.0,163.99000549316406,65.0,17.799999237060547,65.0,1791066415000.0,65.0,106.82230356149375,17.799999237060547,50.599998474121094,162.0,-6.20198062621057,0.5,0.0020000000949949026,65.0
82.0,2.2209999561309814,164.0,179.35000610351562,71.0,14.600000381469727,71.0,1791066421000.0,71.0,106.82243691757321,14.600000381469727,55.20000076293945,161.0,-6.201971909031272,0.0,-0.5099999904632568,71.0
82.0,2.239000082015991,164.0,191.6999969482422,76.0,15.0,76.0,1791066426000.0,76.0,106.82246474549174,15.0,57.0,162.0,-6.2018662970513105,0.0,0.08799999952316284,76.0
84.0,2.322999954223633,169.0,211.33999633789062,84.0,16.0,84.0,1791066434000.0,84.0,106.82250372134149,16.0,53.79999923706055,162.0,-6.201695306226611,0.5,0.1080000028014183,84.0
87.0,2.490999937057495,175.0,231.13999938964844,92.0,14.800000190734863,92.0,1791066442000.0,92.0,106.82252400554717,14.800000190734863,48.79999923706055,164.0,-6.2015176098793745,0.5,-0.15000000596046448,92.0
85.0,2.621999979019165,171.0,253.99000549316406,100.0,12.199999809265137,100.0,1791066450000.0,100.0,106.82256021536887,12.199999809265137,41.599998474121094,165.0,-6.201313594356179,0.5,-0.3269999921321869,100.0
85.0,2.6410000324249268,171.0,256.80999755859375,101.0,11.800000190734863,101.0,1791066451000.0,101.0,106.82256541214883,11.800000190734863,40.400001525878906,166.0,-6.201288616284728,0.5,-0.2619999945163727,101.0
85.0,2.6689999103546143,171.0,267.9100036621094,105.0,11.199999809265137,105.0,1791066455000.0,105.0,106.82258745655417,11.199999809265137,37.0,169.0,-6.2011907156556845,0.5,-0.17599999904632568,105.0
85.0,2.7060000896453857,171.0,281.7300109863281,110.0,10.399999618530273,110.0,1791066460000.0,110.0,106.8226036336273,10.399999618530273,33.20000076293945,171.0,-6.201066914945841,0.5,-0.1679999977350235,110.0
85.0,2.743000030517578,171.0,296.7300109863281,116.0,9.800000190734863,116.0,1791066466000.0,116.0,106.8226258456707,9.800000190734863,30.399999618530273,171.0,-6.200932888314128,0.5,-0.09000000357627869,116.0
85.0,2.743000030517578,171.0,311.9200134277344,122.0,9.399999618530273,122.0,1791066472000.0,122.0,106.8226430285722,9.399999618530273,29.0,169.0,-6.2007969338446856,0.5,-0.07100000232458115,122.0
84.0,2.743000030517578,169.0,328.1700134277344,128.0,9.0,128.0,1791066478000.0,128.0,106.82266280986369,9.0,28.200000762939453,169.0,-6.200652178376913,0.5,-0.04600000008940697,128.0
83.0,2.7339999675750732,167.0,342.4700012207031,133.0,8.199999809265137,133.0,1791066483000.0,133.0,106.8226675875485,8.199999809265137,29.0,172.0,-6.2005227617919445,0.5,-0.17599999904632568,133.0
83.0,2.7339999675750732,166.0,348.7799987792969,135.0,8.0,135.0,1791066485000.0,135.0,106.8226710241288,8.0,29.200000762939453,172.0,-6.200465681031346,0.0,-0.12700000405311584,135.0
84.0,2.7339999675750732,168.0,365.1600036621094,142.0,9.600000381469727,142.0,1791066492000.0,142.0,106.82269977405667,9.600000381469727,27.399999618530273,171.0,-6.200320590287447,0.0,0.24699999392032623,142.0
80.0,2.239000082015991,160.0,377.3999938964844,149.0,10.199999809265137,149.0,1791066499000.0,149.0,106.82268594391644,10.199999809265137,22.399999618530273,169.0,-6.200208188965917,0.0,0.08699999749660492,149.0
81.0,2.052999973297119,163.0,383.8299865722656,153.0,10.600000381469727,153.0,1791066503000.0,153.0,106.82268259115517,10.600000381469727,19.0,168.0,-6.200146330520511,0.5,0.0989999994635582,153.0
82.0,2.071000099182129,164.0,388.1499938964844,156.0,11.199999809265137,156.0,1791066506000.0,156.0,106.82270161807537,11.199999809265137,17.0,169.0,-6.200112467631698,0.0,0.17299999296665192,156.0
83.0,2.575000047683716,167.0,409.7099914550781,164.0,13.399999618530273,164.0,1791066514000.0,164.0,106.8227521609515,13.399999618530273,11.600000381469727,169.0,-6.19992203079164,0.5,0.2619999945163727,164.0
84.0,2.4260001182556152,169.0,431.07000732421875,173.0,11.199999809265137,173.0,1791066523000.0,173.0,106.8227899633348,11.199999809265137,7.800000190734863,170.0,-6.199736874550581,0.5,-0.22300000488758087,173.0
83.0,2.3420000076293945,167.0,443.55999755859375,179.0,10.600000381469727,179.0,1791066529000.0,179.0,106.82280764915049,10.600000381469727,5.199999809265137,170.0,-6.199631430208683,0.5,-0.10700000077486038,179.0
84.0,2.3329999446868896,169.0,457.1199951171875,184.0,10.0,184.0,1791066534000.0,184.0,106.82292843237519,10.0,6.0,172.0,-6.19959807023406,0.5,-0.15000000596046448,184.0
85.0,2.3329999446868896,171.0,471.4200134277344,189.0,7.400000095367432,189.0,1791066539000.0,189.0,106.82298651896417,7.400000095367432,6.599999904632568,169.0,-6.19948617182672,0.5,-0.5009999871253967,189.0
85.0,2.3510000705718994,171.0,476.92999267578125,191.0,6.400000095367432,191.0,1791066541000.0,191.0,106.82299112901092,6.400000095367432,6.599999904632568,168.0,-6.199436550959945,0.5,-0.46299999952316284,191.0
84.0,2.5380001068115234,169.0,491.8699951171875,197.0,5.0,197.0,1791066547000.0,197.0,106.82298576459289,5.0,5.199999809265137,171.0,-6.199300931766629,0.5,-0.25600001215934753,197.0
84.0,2.621999979019165,169.0,500.8800048828125,200.0,4.599999904632568,200.0,1791066550000.0,200.0,106.82300671935081,4.599999904632568,5.0,172.0,-6.199218956753612,0.5,-0.13899999856948853,200.0
85.0,2.7249999046325684,171.0,521.6599731445312,208.0,6.0,208.0,1791066558000.0,208.0,106.82302691973746,6.0,3.799999952316284,172.0,-6.19903321377933,0.5,0.1889999955892563,208.0
85.0,2.7249999046325684,171.0,524.6199951171875,209.0,6.599999904632568,209.0,1791066559000.0,209.0,106.82302499189973,6.599999904632568,3.799999952316284,173.0,-6.199006559327245,0.5,0.5139999985694885,209.0
81.0,2.5940001010894775,162.0,540.3499755859375,216.0,8.199999809265137,216.0,1791066566000.0,216.0,106.82300202548504,8.199999809265137,6.400000095367432,174.0,-6.198866916820407,0.0,0.25,216.0
83.0,2.63100004196167,167.0,561.010009765625,223.0,8.600000381469727,223.0,1791066573000.0,223.0,106.82298936881125,8.600000381469727,11.0,174.0,-6.198680503293872,0.5,0.03500000014901161,223.0
83.0,2.6410000324249268,167.0,563.97998046875,224.0,8.399999618530273,224.0,1791066574000.0,224.0,106.82298425585032,8.399999618530273,11.800000190734863,174.0,-6.1986541002988815,0.5,-0.20800000429153442,224.0
84.0,2.677999973297119,169.0,581.969970703125,231.0,7.199999809265137,231.0,1791066581000.0,231.0,106.82297503575683,7.199999809265137,15.399999618530273,175.0,-6.1984924133867025,0.5,-0.17100000381469727,231.0
84.0,2.677999973297119,169.0,592.719970703125,234.0,6.400000095367432,234.0,1791066584000.0,234.0,106.82296170853078,6.400000095367432,16.600000381469727,178.0,-6.1983955185860395,0.5,-0.24799999594688416,234.0
83.0,2.6689999103546143,167.0,602.0499877929688,237.0,5.800000190734863,237.0,1791066587000.0,237.0,106.82295827195048,5.800000190734863,19.0,177.0,-6.198311448097229,0.5,-0.20600000023841858,237.0
82.0,2.1649999618530273,165.0,614.489990234375,242.0,5.0,242.0,1791066592000.0,242.0,106.82295483537018,5.0,23.0,176.0,-6.198199214413762,0.5,-0.164000004529953,242.0
62.0,2.052999973297119,125.0,631.6500244140625,250.0,3.799999952316284,250.0,1791066600000.0,250.0,106.82295768521726,3.799999952316284,28.200000762939453,173.0,-6.198043646290898,0.5,-0.13899999856948853,250.0
66.0,1.9589999914169312,132.0,648.1599731445312,260.0,2.5999999046325684,260.0,1791066610000.0,260.0,106.82296036742628,2.5999999046325684,32.79999923706055,171.0,-6.1978948675096035,0.0,-0.1340000033378601,260.0
64.0,1.8569999933242798,129.0,660.8499755859375,269.0,0.800000011920929,269.0,1791066619000.0,269.0,106.82294050231576,0.800000011920929,35.0,168.0,-6.197782382369041,0.5,-0.1889999955892563,269.0
0.0,1.8289999961853027,0.0,661.9099731445312,270.0,0.6000000238418579,270.0,1791066620000.0,270.0,106.82293974794447,0.6000000238418579,35.400001525878906,168.0,-6.197772743180394,0.0,-0.14399999380111694,270.0
65.0,1.6050000190734863,130.0,676.4299926757812,279.0,0.0,279.0,1791066629000.0,279.0,106.8229691684246,0.0,35.0,166.0,-6.1976436618715525,0.0,-0.06300000101327896,279.0
65.0,1.6050000190734863,130.0,677.3300170898438,280.0,0.20000000298023224,280.0,1791066630000.0,280.0,106.82297436520457,0.20000000298023224,35.0,166.0,-6.197637123987079,0.0,0.08399999886751175,280.0
63.0,1.4739999771118164,127.0,682.5700073242188,285.0,0.6000000238418579,285.0,1791066635000.0,285.0,106.82298257946968,0.6000000238418579,35.400001525878906,165.0,-6.197597393766046,0.5,0.0689999982714653,285.0
64.0,1.4559999704360962,128.0,686.1900024414062,287.0,0.6000000238418579,287.0,1791066637000.0,287.0,106.82296665385365,0.6000000238418579,36.0,165.0,-6.197568895295262,0.0,-0.0010000000474974513,287.0
62.0,1.4839999675750732,125.0,691.510009765625,292.0,0.800000011920929,292.0,1791066642000.0,292.0,106.82297570630908,0.800000011920929,36.20000076293945,165.0,-6.1975232139229774,0.5,0.052000001072883606,292.0
66.0,1.4839999675750732,133.0,694.8200073242188,294.0,0.800000011920929,294.0,1791066644000.0,294.0,106.8229747004807,0.800000011920929,36.0,164.0,-6.197492955252528,0.5,0.04899999871850014,294.0
64.0,1.5210000276565552,128.0,699.8300170898438,297.0,1.2000000476837158,297.0,1791066647000.0,297.0,106.82298065163195,1.2000000476837158,35.400001525878906,164.0,-6.197448195889592,0.0,0.07500000298023224,297.0
64.0,1.5210000276565552,128.0,702.6900024414062,299.0,1.2000000476837158,299.0,1791066649000.0,299.0,106.82298651896417,1.2000000476837158,34.79999923706055,164.0,-6.197423133999109,0.0,0.07699999958276749,299.0
64.0,1.5119999647140503,128.0,709.6900024414062,303.0,2.0,303.0,1791066653000.0,303.0,106.82299045845866,2.0,34.20000076293945,164.0,-6.197360521182418,0.0,0.16699999570846558,303.0
86.0,1.6419999599456787,172.0,721.4500122070312,308.0,3.4000000953674316,308.0,1791066658000.0,308.0,106.82301769964397,3.4000000953674316,33.599998474121094,162.0,-6.19725557975471,0.0,0.2930000126361847,308.0
83.0,1.8940000534057617,167.0,727.5399780273438,311.0,4.199999809265137,311.0,1791066661000.0,311.0,106.82300713844597,4.199999809265137,33.0,164.0,-6.197191039100289,0.5,0.2840000092983246,311.0
82.0,2.0339999198913574,165.0,742.6599731445312,319.0,5.199999809265137,319.0,1791066669000.0,319.0,106.82298970408738,5.199999809265137,30.600000381469727,166.0,-6.197050977498293,0.5,0.11900000274181366,319.0
81.0,1.9869999885559082,163.0,748.3400268554688,322.0,5.400000095367432,322.0,1791066672000.0,322.0,106.82297964580357,5.400000095367432,30.799999237060547,163.0,-6.196997920051217,0.5,0.0729999989271164,322.0
82.0,2.015000104904175,165.0,768.7999877929688,328.0,6.0,328.0,1791066678000.0,328.0,106.82290848344564,6.0,29.200000762939453,163.0,-6.196812931448221,0.5,0.10199999809265137,328.0
83.0,2.062000036239624,167.0,772.25,329.0,6.199999809265137,329.0,1791066679000.0,329.0,106.82289079762995,6.199999809265137,28.0,162.0,-6.196782924234867,0.5,0.1720000058412552,329.0
84.0,2.490999937057495,169.0,792.1799926757812,337.0,7.0,337.0,1791066687000.0,337.0,106.82285961695015,7.0,21.0,162.0,-6.196605563163757,0.5,0.09000000357627869,337.0
85.0,2.4630000591278076,171.0,814.780029296875,345.0,6.199999809265137,345.0,1791066695000.0,345.0,106.82281879708171,6.199999809265137,12.800000190734863,165.0,-6.196402637287974,0.5,-0.09200000017881393,345.0
85.0,2.4730000495910645,171.0,821.77001953125,348.0,6.0,348.0,1791066698000.0,348.0,106.8228156119585,6.0,9.0,168.0,-6.196339773014188,0.5,-0.05900000035762787,348.0
85.0,2.4539999961853027,171.0,831.8499755859375,351.0,7.0,351.0,1791066701000.0,351.0,106.82281192392111,7.0,7.400000095367432,171.0,-6.196249080821872,0.5,0.3330000042915344,351.0
83.0,2.434999942779541,167.0,838.1300048828125,354.0,8.0,354.0,1791066704000.0,354.0,106.82280697859824,8.0,7.199999809265137,169.0,-6.196192586794496,0.5,0.33899998664855957,354.0
84.0,2.4630000591278076,169.0,860.3099975585938,363.0,10.800000190734863,363.0,1791066713000.0,363.0,106.8229059688747,10.800000190734863,14.199999809265137,171.0,-6.195991840213537,0.5,0.31200000643730164,363.0
83.0,2.434999942779541,167.0,881.4199829101562,372.0,11.600000381469727,372.0,1791066722000.0,372.0,106.82291015982628,11.600000381469727,23.399999618530273,170.0,-6.195800816640258,0.5,0.07599999755620956,372.0
83.0,2.444999933242798,167.0,890.4199829101562,376.0,11.0,376.0,1791066726000.0,376.0,106.8228985927999,11.0,25.600000381469727,170.0,-6.195720266550779,0.5,-0.1120000034570694,376.0
84.0,2.434999942779541,169.0,908.6300048828125,384.0,8.0,384.0,1791066734000.0,384.0,106.82282944209874,8.0,27.399999618530273,173.0,-6.195579366758466,0.5,-0.38100001215934753,384.0
84.0,2.4260001182556152,169.0,925.530029296875,392.0,8.800000190734863,392.0,1791066742000.0,392.0,106.8227056413889,8.800000190734863,26.200000762939453,174.0,-6.1954905185848475,0.5,0.08799999952316284,392.0
83.0,2.3889999389648438,166.0,941.4099731445312,399.0,10.600000381469727,399.0,1791066749000.0,399.0,106.82257731445134,10.600000381469727,26.200000762939453,173.0,-6.1954256426543,0.0,0.2709999978542328,399.0
83.0,2.3610000610351562,167.0,958.5,407.0,9.800000190734863,407.0,1791066757000.0,407.0,106.82248796336353,9.800000190734863,26.200000762939453,174.0,-6.195299159735441,0.5,-0.09000000357627869,407.0
83.0,2.3329999446868896,167.0,970.2899780273438,412.0,9.0,412.0,1791066762000.0,412.0,106.82244722731411,9.0,25.799999237060547,171.0,-6.195198995992541,0.5,-0.15800000727176666,412.0
85.0,2.322999954223633,171.0,978.8300170898438,416.0,8.800000190734863,416.0,1791066766000.0,416.0,106.8224199861288,8.800000190734863,25.200000762939453,172.0,-6.195126660168171,0.5,-0.0860000029206276,416.0
85.0,2.3329999446868896,171.0,999.1799926757812,423.0,5.400000095367432,423.0,1791066773000.0,423.0,106.82240573689342,5.400000095367432,25.0,171.0,-6.1949447728693485,0.5,-0.49000000953674316,423.0
85.0,2.3329999446868896,171.0,1001.760009765625,424.0,4.800000190734863,424.0,1791066774000.0,424.0,106.82241261005402,4.800000190734863,25.200000762939453,171.0,-6.194921722635627,0.5,-0.4480000138282776,424.0
83.0,2.369999885559082,167.0,1022.239990234375,432.0,5.599999904632568,432.0,1791066782000.0,432.0,106.82242585346103,5.599999904632568,26.0,172.0,-6.194737488403916,0.5,0.07999999821186066,432.0
84.0,2.378999948501587,169.0,1029.5799560546875,435.0,6.199999809265137,435.0,1791066785000.0,435.0,106.82240749709308,6.199999809265137,26.200000762939453,172.0,-6.1946752946823835,0.5,0.2460000067949295,435.0
84.0,2.3980000019073486,169.0,1047.6199951171875,443.0,9.199999809265137,443.0,1791066793000.0,443.0,106.8223047349602,9.199999809265137,27.399999618530273,175.0,-6.194551242515445,0.5,0.3619999885559082,443.0
83.0,2.369999885559082,167.0,1066.52001953125,451.0,9.199999809265137,451.0,1791066801000.0,451.0,106.82213701307774,9.199999809265137,30.399999618530273,176.0,-6.194525677710772,0.5,0.0010000000474974513,451.0
83.0,2.3420000076293945,167.0,1089.239990234375,458.0,8.399999618530273,458.0,1791066808000.0,458.0,106.821931572631,8.399999618530273,31.799999237060547,173.0,-6.194592732936144,0.5,-0.10300000011920929,458.0
83.0,2.3510000705718994,167.0,1092.3399658203125,459.0,8.600000381469727,459.0,1791066809000.0,459.0,106.82190332561731,8.600000381469727,32.0,174.0,-6.1946001928299665,0.5,0.2460000067949295,459.0
85.0,2.4170000553131104,171.0,1103.1800537109375,463.0,10.399999618530273,463.0,1791066813000.0,463.0,106.82180944830179,10.399999618530273,32.400001525878906,174.0,-6.194583512842655,0.5,0.42500001192092896,463.0
84.0,2.4070000648498535,169.0,1104.5999755859375,464.0,10.399999618530273,464.0,1791066814000.0,464.0,106.82179905474186,10.399999618530273,33.79999923706055,174.0,-6.1945760529488325,0.5,-0.07500000298023224,464.0
82.0,2.3420000076293945,164.0,1116.6300048828125,468.0,9.199999809265137,468.0,1791066818000.0,468.0,106.82168841362,9.199999809265137,36.79999923706055,174.0,-6.194563144817948,0.0,-0.25999999046325684,468.0
82.0,2.3420000076293945,164.0,1120.3399658203125,469.0,9.0,469.0,1791066819000.0,469.0,106.82165681384504,9.0,37.20000076293945,173.0,-6.194549817591906,0.0,-0.3409999907016754,469.0
83.0,2.3329999446868896,167.0,1142.3599853515625,477.0,9.199999809265137,477.0,1791066827000.0,477.0,106.82146176695824,9.199999809265137,39.599998474121094,172.0,-6.194486366584897,0.5,0.023000000044703484,477.0
82.0,2.322999954223633,165.0,1151.3199462890625,481.0,9.600000381469727,481.0,1791066831000.0,481.0,106.82138230651617,9.600000381469727,40.599998474121094,169.0,-6.194439008831978,0.5,0.0989999994635582,481.0
82.0,2.313999891281128,165.0,1152.8800048828125,482.0,9.800000190734863,482.0,1791066832000.0,482.0,106.82136973366141,9.800000190734863,40.599998474121094,172.0,-6.194413611665368,0.5,0.3199999928474426,482.0
81.0,2.3329999446868896,163.0,1161.1400146484375,485.0,10.199999809265137,485.0,1791066835000.0,485.0,106.82130091823637,10.199999809265137,40.79999923706055,172.0,-6.194369522854686,0.5,0.1289999932050705,485.0
83.0,2.500999927520752,167.0,1183.22998046875,492.0,9.600000381469727,492.0,1791066842000.0,492.0,106.82110846973956,9.600000381469727,45.0,172.0,-6.194309424608946,0.5,-0.09600000083446503,492.0
84.0,2.5380001068115234,169.0,1189.949951171875,495.0,9.199999809265137,495.0,1791066845000.0,495.0,106.82105029933155,9.199999809265137,47.20000076293945,172.0,-6.194287212565541,0.5,-0.1289999932050705,495.0
83.0,2.575000047683716,167.0,1205.6500244140625,502.0,7.0,502.0,1791066852000.0,502.0,106.8208992574364,7.0,51.20000076293945,173.0,-6.194298947229981,0.5,-0.3009999990463257,502.0
81.0,2.556999921798706,163.0,1207.719970703125,503.0,7.0,503.0,1791066853000.0,503.0,106.82088618166745,7.0,51.0,174.0,-6.194284446537495,0.5,-0.041999999433755875,503.0
81.0,2.2019999027252197,163.0,1214.8699951171875,507.0,7.400000095367432,507.0,1791066857000.0,507.0,106.82092918083072,7.400000095367432,50.0,173.0,-6.194274639710784,0.5,0.10400000214576721,507.0
82.0,2.118000030517578,165.0,1235.56005859375,516.0,9.600000381469727,516.0,1791066866000.0,516.0,106.82111416943371,9.600000381469727,49.0,173.0,-6.1943048145622015,0.5,0.24799999594688416,516.0
82.0,2.239000082015991,164.0,1254.5,524.0,9.600000381469727,524.0,1791066874000.0,524.0,106.82127200067043,9.600000381469727,47.599998474121094,176.0,-6.194408163428307,0.0,-0.013000000268220901,524.0
82.0,2.2019999027252197,164.0,1276.739990234375,533.0,9.399999618530273,533.0,1791066883000.0,533.0,106.8214669637382,9.399999618530273,46.400001525878906,175.0,-6.194469770416617,0.0,-0.020999999716877937,533.0
81.0,2.369999885559082,163.0,1298.1099853515625,537.0,9.199999809265137,537.0,1791066887000.0,537.0,106.82166083715856,9.199999809265137,46.79999923706055,175.0,-6.194432219490409,0.5,-0.01899999938905239,537.0
81.0,2.0429999828338623,162.0,1308.469970703125,541.0,10.0,541.0,1791066891000.0,541.0,106.8217553012073,10.0,47.599998474121094,172.0,-6.194418892264366,0.0,0.17399999499320984,541.0
80.0,2.0429999828338623,161.0,1310.8699951171875,542.0,10.199999809265137,542.0,1791066892000.0,542.0,106.82177701033652,10.199999809265137,47.599998474121094,172.0,-6.194417970255017,0.5,0.1589999943971634,542.0
69.0,2.0429999828338623,138.0,1323.469970703125,547.0,11.0,547.0,1791066897000.0,547.0,106.82189050130546,11.0,46.79999923706055,169.0,-6.194410677999258,0.0,0.16300000250339508,547.0
63.0,1.8940000534057617,127.0,1336.7099609375,552.0,11.600000381469727,552.0,1791066902000.0,552.0,106.82200893759727,11.600000381469727,45.599998474121094,167.0,-6.194392656907439,0.5,0.13500000536441803,552.0
64.0,1.809999942779541,128.0,1356.3699951171875,563.0,11.800000190734863,563.0,1791066913000.0,563.0,106.82218420319259,11.800000190734863,43.400001525878906,167.0,-6.194416796788573,0.0,0.017999999225139618,563.0
62.0,1.8849999904632568,125.0,1377.6300048828125,571.0,12.0,571.0,1791066921000.0,571.0,106.8223769031465,12.0,38.599998474121094,168.0,-6.194423334673047,0.5,0.009999999776482582,571.0
63.0,1.8849999904632568,127.0,1380.1600341796875,573.0,12.399999618530273,573.0,1791066923000.0,573.0,106.82240003719926,12.399999618530273,38.0,168.0,-6.194399194791913,0.5,0.22100000083446503,573.0
64.0,1.8380000591278076,129.0,1395.8199462890625,584.0,10.399999618530273,584.0,1791066934000.0,584.0,106.8225343991071,10.399999618530273,39.400001525878906,168.0,-6.1944464687258005,0.5,-0.1860000044107437,584.0
61.0,1.7730000019073486,122.0,1406.030029296875,593.0,8.600000381469727,593.0,1791066943000.0,593.0,106.82262165471911,8.600000381469727,37.79999923706055,165.0,-6.194490306079388,0.0,-0.19099999964237213,593.0
0.0,1.7640000581741333,0.0,1406.7900390625,594.0,8.600000381469727,594.0,1791066944000.0,594.0,106.82262844406068,8.600000381469727,37.400001525878906,165.0,-6.1944888811558485,0.0,-0.09099999815225601,594.0
60.0,1.6979999542236328,121.0,1412.1800537109375,598.0,8.600000381469727,598.0,1791066948000.0,598.0,106.82266448624432,8.600000381469727,35.599998474121094,164.0,-6.194450575858355,0.5,0.04500000178813934,598.0
61.0,1.6519999504089355,122.0,1416.280029296875,601.0,8.800000190734863,601.0,1791066951000.0,601.0,106.82268896140158,8.800000190734863,35.0,163.0,-6.194422831758857,0.0,0.05299999937415123,601.0
79.0,1.875,159.0,1432.7099609375,609.0,9.800000190734863,609.0,1791066959000.0,609.0,106.82278476655483,9.800000190734863,32.599998474121094,162.0,-6.1943100951612,0.5,0.11100000143051147,609.0
82.0,2.0899999141693115,164.0,1442.5,613.0,10.800000190734863,613.0,1791066963000.0,613.0,106.82283195666969,10.800000190734863,32.400001525878906,165.0,-6.194235077127814,0.0,0.25999999046325684,613.0
83.0,2.1740000247955322,166.0,1449.81005859375,616.0,11.600000381469727,616.0,1791066966000.0,616.0,106.8228660710156,11.600000381469727,32.599998474121094,162.0,-6.194178499281406,0.0,0.27000001072883606,616.0
83.0,2.2019999027252197,166.0,1452.2900390625,617.0,11.800000190734863,617.0,1791066967000.0,617.0,106.82287696748972,11.800000190734863,32.599998474121094,162.0,-6.194158801808953,0.0,0.16300000250339508,617.0
84.0,2.313999891281128,169.0,1464.6700439453125,623.0,12.199999809265137,623.0,1791066973000.0,623.0,106.82293765246868,12.199999809265137,32.599998474121094,161.0,-6.194065511226654,0.5,0.07400000095367432,623.0
84.0,2.313999891281128,169.0,1466.93994140625,624.0,12.600000381469727,624.0,1791066974000.0,624.0,106.82294117286801,12.600000381469727,32.400001525878906,161.0,-6.194045143201947,0.5,0.47200000286102295,624.0
82.0,2.257999897003174,165.0,1479.5999755859375,630.0,17.600000381469727,630.0,1791066980000.0,630.0,106.82290454395115,17.600000381469727,30.200000762939453,161.0,-6.193927293643355,0.5,0.8339999914169312,630.0
82.0,2.257999897003174,165.0,1499.6199951171875,638.0,23.399999618530273,638.0,1791066988000.0,638.0,106.8228502292186,23.399999618530273,26.600000381469727,161.0,-6.193745071068406,0.5,0.7089999914169312,638.0
82.0,2.1649999618530273,165.0,1503.1199951171875,640.0,23.399999618530273,640.0,1791066990000.0,640.0,106.82284846901894,23.399999618530273,25.799999237060547,162.0,-6.193713471293449,0.5,0.06300000101327896,640.0
82.0,2.1649999618530273,165.0,1522.0899658203125,649.0,24.0,649.0,1791066999000.0,649.0,106.82282952591777,24.0,23.600000381469727,164.0,-6.193542145192623,0.5,0.04899999871850014,649.0
82.0,2.1649999618530273,165.0,1544.47998046875,658.0,18.0,658.0,1791067008000.0,658.0,106.82273053564131,18.0,20.200000762939453,164.0,-6.193336872383952,0.5,-0.6650000214576721,658.0
82.0,2.13700008392334,164.0,1559.699951171875,666.0,14.399999618530273,666.0,1791067016000.0,666.0,106.8226707726717,14.399999618530273,17.200000762939453,162.0,-6.193186584860086,0.0,-0.43299999833106995,666.0
80.0,2.1549999713897705,161.0,1579.6700439453125,674.0,11.600000381469727,674.0,1791067024000.0,674.0,106.82259357534349,11.600000381469727,13.0,165.0,-6.193007882684469,0.5,-0.3499999940395355,674.0
82.0,2.1649999618530273,165.0,1589.6700439453125,678.0,10.800000190734863,678.0,1791067028000.0,678.0,106.82252710685134,10.800000190734863,8.0,168.0,-6.19291459210217,0.5,-0.1940000057220459,678.0
84.0,2.3510000705718994,169.0,1602.3299560546875,682.0,9.800000190734863,682.0,1791067032000.0,682.0,106.82246566750109,9.800000190734863,-0.6000000238418579,170.0,-6.192803448066115,0.5,-0.2460000067949295,682.0
82.0,2.378999948501587,164.0,1622.719970703125,691.0,7.400000095367432,691.0,1791067041000.0,691.0,106.8224392645061,7.400000095367432,-22.399999618530273,172.0,-6.192621476948261,0.0,-0.28600001335144043,691.0
82.0,2.3510000705718994,164.0,1627.219970703125,693.0,6.800000190734863,693.0,1791067043000.0,693.0,106.82245636358857,6.800000190734863,-25.0,173.0,-6.1925828363746405,0.0,-0.27000001072883606,693.0
82.0,2.4630000591278076,165.0,1647.6400146484375,700.0,4.199999809265137,700.0,1791067050000.0,700.0,106.82241696864367,4.199999809265137,-30.0,174.0,-6.192400781437755,0.5,-0.375,700.0
82.0,2.4730000495910645,165.0,1650.27001953125,701.0,4.400000095367432,701.0,1791067051000.0,701.0,106.82241763919592,4.400000095367432,-31.0,173.0,-6.192377060651779,0.5,0.25600001215934753,701.0
83.0,2.4820001125335693,167.0,1652.989990234375,705.0,4.599999904632568,705.0,1791067055000.0,705.0,106.8224942497909,4.599999904632568,-34.400001525878906,170.0,-6.192364739254117,0.5,0.032999999821186066,705.0
82.0,2.4820001125335693,165.0,1664.2099609375,711.0,5.599999904632568,711.0,1791067061000.0,711.0,106.82249802164733,5.599999904632568,-34.599998474121094,167.0,-6.1922629829496145,0.5,0.18299999833106995,711.0
82.0,2.313999891281128,165.0,1681.780029296875,721.0,6.400000095367432,721.0,1791067071000.0,721.0,106.82254110462964,6.400000095367432,-33.0,166.0,-6.192104732617736,0.5,0.06700000166893005,721.0
82.0,2.239000082015991,165.0,1693.949951171875,730.0,8.600000381469727,730.0,1791067080000.0,730.0,106.8226641509682,8.600000381469727,-29.600000381469727,163.0,-6.19198814034462,0.5,0.25600001215934753,730.0
81.0,2.249000072479248,163.0,1699.8499755859375,733.0,10.600000381469727,733.0,1791067083000.0,733.0,106.82275936938822,10.600000381469727,-27.799999237060547,163.0,-6.19193977676332,0.5,0.6850000023841858,733.0
80.0,2.2300000190734863,161.0,1721.0899658203125,740.0,10.800000190734863,740.0,1791067090000.0,740.0,106.82282290421426,10.800000190734863,-18.799999237060547,166.0,-6.191752525046468,0.5,0.03200000151991844,740.0
81.0,2.2109999656677246,163.0,1726.8499755859375,743.0,10.199999809265137,743.0,1791067093000.0,743.0,106.82281292974949,10.199999809265137,-14.399999618530273,169.0,-6.1917010601609945,0.5,-0.25699999928474426,743.0
81.0,2.257999897003174,163.0,1731.5,745.0,9.600000381469727,745.0,1791067095000.0,745.0,106.8228103313595,9.600000381469727,-12.800000190734863,169.0,-6.191659066826105,0.5,-0.2549999952316284,745.0
81.0,2.2209999561309814,163.0,1738.1300048828125,750.0,9.399999618530273,750.0,1791067100000.0,750.0,106.82281695306301,9.399999618530273,-10.399999618530273,166.0,-6.191599136218429,0.5,-0.05400000140070915,750.0
82.0,2.071000099182129,165.0,1753.300048828125,759.0,7.199999809265137,759.0,1791067109000.0,759.0,106.82281854562461,7.199999809265137,0.20000000298023224,169.0,-6.191461756825447,0.5,-0.24300000071525574,759.0
83.0,2.0899999141693115,166.0,1772.1099853515625,770.0,4.599999904632568,770.0,1791067120000.0,770.0,106.82283338159323,4.599999904632568,7.199999809265137,169.0,-6.191290430724621,0.0,-0.22599999606609344,770.0
79.0,2.062000036239624,159.0,1789.5,779.0,3.5999999046325684,779.0,1791067129000.0,779.0,106.82285442017019,3.5999999046325684,16.399999618530273,170.0,-6.191133353859186,0.5,-0.10899999737739563,779.0
79.0,1.902999997138977,159.0,1800.1199951171875,784.0,2.799999952316284,784.0,1791067134000.0,784.0,106.8228399194777,2.799999952316284,21.399999618530273,169.0,-6.1910387221723795,0.5,-0.18799999356269836,784.0
81.0,1.8660000562667847,163.0,1801.9300537109375,785.0,2.5999999046325684,785.0,1791067135000.0,785.0,106.82284528389573,2.5999999046325684,23.0,169.0,-6.191023048013449,0.5,-0.15299999713897705,785.0
81.0,1.6799999475479126,163.0,1821.969970703125,795.0,2.5999999046325684,795.0,1791067145000.0,795.0,106.82288962416351,2.5999999046325684,27.200000762939453,168.0,-6.190849458798766,0.5,0.008999999612569809,795.0
82.0,1.819000005722046,165.0,1839.3499755859375,803.0,2.200000047683716,803.0,1791067153000.0,803.0,106.82288392446935,2.200000047683716,32.0,168.0,-6.190694561228156,0.5,-0.0560000017285347,803.0
82.0,2.015000104904175,165.0,1851.239990234375,810.0,1.7999999523162842,810.0,1791067160000.0,810.0,106.82285534217954,1.7999999523162842,24.600000381469727,171.0,-6.190589871257544,0.5,-0.05299999937415123,810.0
81.0,2.0250000953674316,163.0,1858.6199951171875,814.0,2.0,814.0,1791067164000.0,814.0,106.82286246679723,2.0,22.799999237060547,172.0,-6.190523486584425,0.5,0.01899999938905239,814.0
82.0,1.9780000448226929,165.0,1874.4599609375,824.0,3.799999952316284,824.0,1791067174000.0,824.0,106.82286892086267,3.799999952316284,22.399999618530273,170.0,-6.190382670611143,0.5,0.19499999284744263,824.0
80.0,2.015000104904175,161.0,1895.4599609375,834.0,8.0,834.0,1791067184000.0,834.0,106.82285190559924,8.0,23.0,169.0,-6.190194161608815,0.5,0.4009999930858612,834.0
80.0,2.015000104904175,161.0,1897.050048828125,835.0,8.199999809265137,835.0,1791067185000.0,835.0,106.82285609655082,8.199999809265137,23.0,168.0,-6.190179996192455,0.5,0.2280000001192093,835.0
81.0,2.0810000896453857,163.0,1914.3199462890625,843.0,10.399999618530273,843.0,1791067193000.0,843.0,106.82285089977086,10.399999618530273,20.399999618530273,168.0,-6.190026272088289,0.5,0.27399998903274536,843.0
72.0,2.0899999141693115,145.0,1926.719970703125,849.0,11.399999618530273,849.0,1791067199000.0,849.0,106.8228317052126,11.399999618530273,19.200000762939453,167.0,-6.18991831317544,0.5,0.1720000058412552,849.0
66.0,1.940999984741211,132.0,1943.0400390625,858.0,10.199999809265137,858.0,1791067208000.0,858.0,106.82285265997052,10.199999809265137,17.600000381469727,166.0,-6.189772132784128,0.0,-0.12800000607967377,858.0
61.0,1.8009999990463257,122.0,1960.4000244140625,868.0,8.600000381469727,868.0,1791067218000.0,868.0,106.8228571023792,8.600000381469727,15.800000190734863,164.0,-6.189615223556757,0.0,-0.16500000655651093,868.0
64.0,1.7079999446868896,129.0,1972.9300537109375,876.0,7.0,876.0,1791067226000.0,876.0,106.82285693474114,7.0,15.399999618530273,164.0,-6.189501229673624,0.5,-0.20499999821186066,876.0
61.0,1.7079999446868896,122.0,1987.43994140625,884.0,5.0,884.0,1791067234000.0,884.0,106.82284922339022,5.0,17.799999237060547,165.0,-6.189373405650258,0.0,-0.2409999966621399,884.0
61.0,1.6979999542236328,122.0,1991.9100341796875,887.0,4.800000190734863,887.0,1791067237000.0,887.0,106.82285115122795,4.800000190734863,19.799999237060547,165.0,-6.189333340153098,0.0,-0.06199999898672104,887.0
61.0,1.6799999475479126,122.0,1995.6500244140625,889.0,4.800000190734863,889.0,1791067239000.0,889.0,106.82285768911242,4.800000190734863,21.799999237060547,164.0,-6.189299980178475,0.0,-0.03700000047683716,889.0
62.0,1.6799999475479126,125.0,2000.989990234375,893.0,4.400000095367432,893.0,1791067243000.0,893.0,106.82283799163997,4.400000095367432,25.200000762939453,164.0,-6.1892566457390785,0.5,-0.07400000095367432,893.0
64.0,1.6699999570846558,128.0,2001.9000244140625,894.0,4.400000095367432,894.0,1791067244000.0,894.0,106.82283438742161,4.400000095367432,25.799999237060547,163.0,-6.189248599112034,0.0,-0.054999999701976776,894.0
64.0,1.6699999570846558,128.0,2008.5799560546875,898.0,4.199999809265137,898.0,1791067248000.0,898.0,106.82282893918455,4.199999809265137,26.399999618530273,160.0,-6.189188500866294,0.0,-0.06400000303983688,898.0
0.0,1.6610000133514404,0.0,2018.0400390625,903.0,3.799999952316284,903.0,1791067253000.0,903.0,106.82281712070107,3.799999952316284,26.200000762939453,160.0,-6.189104346558452,0.0,-0.05900000035762787,903.0
83.0,1.6890000104904175,167.0,2031.530029296875,908.0,6.199999809265137,908.0,1791067258000.0,908.0,106.82282516732812,6.199999809265137,25.799999237060547,163.0,-6.188983311876655,0.5,0.4950000047683716,908.0
83.0,1.819000005722046,167.0,2037.9300537109375,910.0,7.800000190734863,910.0,1791067260000.0,910.0,106.82281795889139,7.800000190734863,25.600000381469727,161.0,-6.18892589583993,0.5,0.7099999785423279,910.0
84.0,2.1740000247955322,169.0,2050.739990234375,914.0,10.399999618530273,914.0,1791067264000.0,914.0,106.82284209877253,10.399999618530273,25.600000381469727,164.0,-6.188810141757131,0.5,0.6869999766349792,914.0
83.0,2.2950000762939453,166.0,2061.110107421875,917.0,11.399999618530273,917.0,1791067267000.0,917.0,106.8228586949408,11.399999618530273,25.600000381469727,163.0,-6.188717521727085,0.0,0.3310000002384186,917.0
83.0,2.239000082015991,166.0,2079.85009765625,925.0,12.800000190734863,925.0,1791067275000.0,925.0,106.82287160307169,12.800000190734863,29.200000762939453,162.0,-6.188549296930432,0.0,0.1770000010728836,925.0
85.0,2.2950000762939453,171.0,2090.110107421875,929.0,11.199999809265137,929.0,1791067279000.0,929.0,106.82288811542094,11.199999809265137,31.399999618530273,165.0,-6.188458101823926,0.5,-0.40799999237060547,929.0
82.0,2.183000087738037,164.0,2095.110107421875,932.0,10.0,932.0,1791067282000.0,932.0,106.82288199663162,10.0,32.599998474121094,166.0,-6.18841334246099,0.0,-0.4440000057220459,932.0
82.0,2.0429999828338623,165.0,2112.280029296875,940.0,5.400000095367432,940.0,1791067290000.0,940.0,106.82288945652544,5.400000095367432,35.79999923706055,163.0,-6.188258612528443,0.5,-0.550000011920929,940.0
82.0,2.0429999828338623,164.0,2114.919921875,941.0,5.0,941.0,1791067291000.0,941.0,106.82289230637252,5.0,36.0,163.0,-6.1882349755615,0.0,-0.49000000953674316,941.0
83.0,2.1089999675750732,166.0,2128.550048828125,948.0,2.5999999046325684,948.0,1791067298000.0,948.0,106.82281888090074,2.5999999046325684,35.400001525878906,165.0,-6.18811771273613,0.0,-0.34200000762939453,948.0
81.0,2.071000099182129,163.0,2146.18994140625,959.0,0.6000000238418579,959.0,1791067309000.0,959.0,106.8227897118777,0.6000000238418579,36.20000076293945,163.0,-6.187956612557173,0.5,-0.1770000010728836,959.0
82.0,2.052999973297119,164.0,2153.909912109375,963.0,0.4000000059604645,963.0,1791067313000.0,963.0,106.8227913044393,0.4000000059604645,39.79999923706055,162.0,-6.187892658635974,0.0,-0.0560000017285347,963.0
83.0,2.052999973297119,166.0,2155.8701171875,965.0,0.4000000059604645,965.0,1791067315000.0,965.0,106.82277563028038,0.4000000059604645,41.400001525878906,161.0,-6.187879918143153,0.0,-0.050999999046325684,965.0
83.0,2.0250000953674316,166.0,2168.4599609375,970.0,0.20000000298023224,970.0,1791067320000.0,970.0,106.82282315567136,0.20000000298023224,44.599998474121094,163.0,-6.187780173495412,0.0,-0.03799999877810478,970.0
84.0,2.193000078201294,169.0,2189.43994140625,977.0,1.2000000476837158,977.0,1791067327000.0,977.0,106.82285743765533,1.2000000476837158,45.400001525878906,167.0,-6.187593676149845,0.5,0.14300000667572021,977.0
84.0,2.2209999561309814,169.0,2191.679931640625,978.0,1.2000000476837158,978.0,1791067328000.0,978.0,106.82286598719656,1.2000000476837158,45.20000076293945,165.0,-6.187574230134487,0.5,0.11800000071525574,978.0
82.0,2.313999891281128,164.0,2211.169921875,987.0,3.4000000953674316,987.0,1791067337000.0,987.0,106.82289557531476,3.4000000953674316,43.0,168.0,-6.187399802729487,0.0,0.2409999966621399,987.0
82.0,2.2860000133514404,164.0,2214.919921875,989.0,4.0,989.0,1791067339000.0,989.0,106.82290127500892,4.0,42.20000076293945,170.0,-6.1873661912977695,0.0,0.3230000138282776,989.0
83.0,2.239000082015991,166.0,2223.3701171875,993.0,5.599999904632568,993.0,1791067343000.0,993.0,106.82290881872177,5.599999904632568,40.79999923706055,173.0,-6.1872899159789085,0.0,0.3569999933242798,993.0
82.0,2.1089999675750732,164.0,2235.679931640625,1000.0,7.599999904632568,1000.0,1791067350000.0,1000.0,106.82293773628771,7.599999904632568,37.400001525878906,172.0,-6.187180280685425,0.0,0.31200000643730164,1000.0
81.0,1.9500000476837158,163.0,2255.489990234375,1010.0,9.199999809265137,1010.0,1791067360000.0,1010.0,106.82302901521325,9.199999809265137,31.200000762939453,171.0,-6.187038877978921,0.5,0.1469999998807907,1010.0
80.0,1.9500000476837158,161.0,2269.64990234375,1015.0,9.800000190734863,1015.0,1791067365000.0,1015.0,106.8231269158423,9.800000190734863,30.399999618530273,171.0,-6.187107274308801,0.5,0.14100000262260437,1015.0
80.0,1.9500000476837158,161.0,2276.409912109375,1018.0,9.399999618530273,1018.0,1791067368000.0,1018.0,106.82313957251608,9.399999618530273,30.0,169.0,-6.187166199088097,0.5,-0.1550000011920929,1018.0
83.0,1.9500000476837158,166.0,2280.97998046875,1021.0,8.600000381469727,1021.0,1791067371000.0,1021.0,106.82313823141158,8.600000381469727,29.0,167.0,-6.1872077733278275,0.0,-0.2529999911785126,1021.0
84.0,1.940999984741211,169.0,2289.8701171875,1025.0,7.199999809265137,1025.0,1791067375000.0,1025.0,106.82313487865031,7.199999809265137,27.399999618530273,164.0,-6.1872881557792425,0.5,-0.36800000071525574,1025.0
85.0,1.9500000476837158,171.0,2297.10009765625,1028.0,6.0,1028.0,1791067378000.0,1028.0,106.82312750257552,6.0,26.399999618530273,164.0,-6.1873535346239805,0.5,-0.4099999964237213,1028.0
83.0,2.071000099182129,166.0,2315.389892578125,1036.0,3.5999999046325684,1036.0,1791067386000.0,1036.0,106.82312306016684,3.5999999046325684,25.0,166.0,-6.187519831582904,0.0,-0.28200000524520874,1036.0
83.0,2.13700008392334,166.0,2324.510009765625,1040.0,2.799999952316284,1040.0,1791067390000.0,1040.0,106.8231332860887,2.799999952316284,24.799999237060547,170.0,-6.187603315338492,0.0,-0.2070000022649765,1040.0
81.0,2.183000087738037,163.0,2337.169921875,1046.0,2.200000047683716,1046.0,1791067396000.0,1046.0,106.82315139099956,2.200000047683716,25.399999618530273,167.0,-6.1877181474119425,0.5,-0.11999999731779099,1046.0
83.0,2.183000087738037,166.0,2344.429931640625,1050.0,2.4000000953674316,1050.0,1791067400000.0,1050.0,106.82315373793244,2.4000000953674316,27.200000762939453,168.0,-6.187781933695078,0.0,0.06199999898672104,1050.0
82.0,2.1549999713897705,164.0,2348.6298828125,1053.0,2.5999999046325684,1053.0,1791067403000.0,1053.0,106.82317553088069,2.5999999046325684,28.200000762939453,171.0,-6.187818143516779,0.0,0.09600000083446503,1053.0
81.0,2.052999973297119,163.0,2366.320068359375,1060.0,4.599999904632568,1060.0,1791067410000.0,1060.0,106.82328843511641,4.599999904632568,36.0,170.0,-6.187966503202915,0.5,0.26499998569488525,1060.0
83.0,2.071000099182129,166.0,2383.510009765625,1068.0,6.599999904632568,1068.0,1791067418000.0,1068.0,106.82328156195581,6.599999904632568,43.0,171.0,-6.188120059669018,0.0,0.25200000405311584,1068.0
80.0,2.13700008392334,161.0,2401.669921875,1076.0,8.0,1076.0,1791067426000.0,1076.0,106.8232461065054,8.0,43.79999923706055,170.0,-6.188279567286372,0.5,0.1899999976158142,1076.0
80.0,2.071000099182129,161.0,2419.030029296875,1085.0,12.800000190734863,1085.0,1791067435000.0,1085.0,106.82318810373545,12.800000190734863,47.20000076293945,169.0,-6.188426753506064,0.5,0.5299999713897705,1085.0
81.0,2.0429999828338623,163.0,2435.780029296875,1093.0,14.800000190734863,1093.0,1791067443000.0,1093.0,106.82316337712109,14.800000190734863,50.0,169.0,-6.188575280830264,0.5,0.23999999463558197,1093.0
79.0,2.0339999198913574,159.0,2457.800048828125,1104.0,12.399999618530273,1104.0,1791067454000.0,1104.0,106.82314183562994,12.399999618530273,53.79999923706055,169.0,-6.188773596659303,0.5,-0.21299999952316284,1104.0
79.0,2.0429999828338623,159.0,2475.85009765625,1113.0,8.399999618530273,1113.0,1791067463000.0,1113.0,106.82310202158988,8.399999618530273,54.20000076293945,170.0,-6.188937462866306,0.5,-0.4399999976158142,1113.0
80.0,2.0339999198913574,161.0,2491.610107421875,1121.0,4.800000190734863,1121.0,1791067471000.0,1121.0,106.82307385839522,4.800000190734863,47.0,170.0,-6.1890781950205564,0.5,-0.4560000002384186,1121.0
81.0,2.015000104904175,163.0,2506.570068359375,1129.0,5.400000095367432,1129.0,1791067479000.0,1129.0,106.82306723669171,5.400000095367432,41.400001525878906,169.0,-6.189213311299682,0.5,0.07500000298023224,1129.0
82.0,2.00600004196167,165.0,2526.330078125,1139.0,6.800000190734863,1139.0,1791067489000.0,1139.0,106.82305600494146,6.800000190734863,34.599998474121094,169.0,-6.189392264932394,0.5,0.14499999582767487,1139.0
71.0,1.9869999885559082,142.0,2539.550048828125,1146.0,8.0,1146.0,1791067496000.0,1146.0,106.82307218201458,8.0,31.399999618530273,170.0,-6.189509527757764,0.0,0.1770000010728836,1146.0
0.0,1.8849999904632568,0.0,2552.97998046875,1154.0,9.0,1154.0,1791067504000.0,1154.0,106.82306975126266,9.0,26.399999618530273,169.0,-6.18962955661118,0.0,0.1080000028014183,1154.0
83.0,1.9780000448226929,167.0,2571.510009765625,1163.0,10.800000190734863,1163.0,1791067513000.0,1163.0,106.82305877096951,10.800000190734863,24.0,171.0,-6.189798787236214,0.5,0.20000000298023224,1163.0
83.0,1.9869999885559082,167.0,2572.889892578125,1164.0,10.800000190734863,1164.0,1791067514000.0,1164.0,106.82306044735014,10.800000190734863,23.799999237060547,168.0,-6.189811863005161,0.5,0.14100000262260437,1164.0
0.0,1.9780000448226929,0.0,2575.030029296875,1166.0,11.199999809265137,1166.0,1791067516000.0,1166.0,106.82306380011141,11.199999809265137,23.600000381469727,171.0,-6.189831392839551,0.0,0.10499999672174454,1166.0
0.0,1.940999984741211,0.0,2575.389892578125,1167.0,11.199999809265137,1167.0,1791067517000.0,1167.0,106.82306421920657,11.199999809265137,23.399999618530273,172.0,-6.189836673438549,0.0,0.05700000002980232,1167.0
60.0,1.7359999418258667,120.0,2576.300048828125,1170.0,11.399999618530273,1170.0,1791067520000.0,1170.0,106.82306505739689,11.399999618530273,23.200000762939453,170.0,-6.189849330112338,0.0,0.04600000008940697,1170.0
0.0,0.0,0.0,2580.47998046875,1177.0,11.800000190734863,1170.0,1791067527000.0,1177.0,106.82306690141559,11.800000190734863,24.799999237060547,169.0,-6.1898924969136715,0.0,0.06700000166893005,1177.0
0.0,0.0,0.0,2581.949951171875,1184.0,11.800000190734863,1170.0,1791067534000.0,1184.0,106.82306329719722,11.800000190734863,26.600000381469727,169.0,-6.189896268770099,0.0,0.006000000052154064,1184.0
0.0,0.0,0.0,2583.530029296875,1191.0,11.800000190734863,1170.0,1791067541000.0,1191.0,106.82307218201458,11.800000190734863,27.200000762939453,169.0,-6.189903728663921,0.0,0.012000000104308128,1191.0
0.0,0.0,0.0,2588.090087890625,1197.0,11.600000381469727,1170.0,1791067547000.0,1197.0,106.82309405878186,11.600000381469727,26.399999618530273,168.0,-6.189935579895973,0.0,-0.03400000184774399,1197.0
0.0,0.0,0.0,2593.639892578125,1203.0,11.0,1170.0,1791067553000.0,1203.0,106.82307905517519,11.0,26.0,167.0,-6.189984865486622,0.0,-0.10999999940395355,1203.0
78.0,0.0,156.0,2599.219970703125,1209.0,10.800000190734863,1170.0,1791067559000.0,1209.0,106.8230801448226,10.800000190734863,28.399999618530273,165.0,-6.190036330372095,0.0,-0.028999999165534973,1209.0
79.0,0.2800000011920929,158.0,2603.35009765625,1212.0,10.600000381469727,1170.0,1791067562000.0,1212.0,106.82306069880724,10.600000381469727,29.200000762939453,162.0,-6.19006734341383,0.0,-0.10700000077486038,1212.0
82.0,0.6809999942779541,164.0,2608.669921875,1214.0,10.0,1172.0,1791067564000.0,1214.0,106.82302717119455,10.0,29.399999618530273,163.0,-6.190102212131023,0.0,-0.24400000274181366,1214.0
84.0,2.5190000534057617,168.0,2618.639892578125,1218.0,9.600000381469727,1176.0,1791067568000.0,1218.0,106.8230159394443,9.600000381469727,29.799999237060547,165.0,-6.1901914793998,0.0,-0.11100000143051147,1218.0
84.0,2.4820001125335693,168.0,2626.25,1221.0,8.199999809265137,1179.0,1791067571000.0,1221.0,106.82301820255816,8.199999809265137,29.399999618530273,168.0,-6.190260797739029,0.0,-0.48899999260902405,1221.0
84.0,2.3889999389648438,168.0,2636.06005859375,1225.0,6.599999904632568,1183.0,1791067575000.0,1225.0,106.82304175570607,6.599999904632568,29.200000762939453,170.0,-6.190350987017155,0.0,-0.37299999594688416,1225.0
87.0,2.3980000019073486,175.0,2656.800048828125,1233.0,7.0,1191.0,1791067583000.0,1233.0,106.8232041131705,7.0,34.20000076293945,172.0,-6.190534383058548,0.5,0.052000001072883606,1233.0
87.0,2.4630000591278076,175.0,2660.81005859375,1234.0,7.599999904632568,1192.0,1791067584000.0,1234.0,106.82323009707034,7.599999904632568,36.0,172.0,-6.190561121329665,0.5,0.46799999475479126,1234.0
86.0,2.565999984741211,173.0,2674.179931640625,1238.0,8.199999809265137,1196.0,1791067588000.0,1238.0,106.8232545722276,8.199999809265137,42.20000076293945,172.0,-6.1906791385263205,0.5,0.1469999998807907,1238.0
85.0,2.6029999256134033,171.0,2690.6201171875,1244.0,8.600000381469727,1202.0,1791067594000.0,1244.0,106.8232799693942,8.600000381469727,47.20000076293945,172.0,-6.190825067460537,0.5,0.0860000029206276,1244.0
85.0,2.7149999141693115,170.0,2710.780029296875,1250.0,7.0,1208.0,1791067600000.0,1250.0,106.82322783395648,7.0,47.599998474121094,171.0,-6.191003015264869,0.0,-0.257999986410141,1250.0
85.0,2.8269999027252197,171.0,2732.669921875,1256.0,6.599999904632568,1214.0,1791067606000.0,1256.0,106.82316144928336,6.599999904632568,46.0,174.0,-6.191197978332639,0.5,-0.07199999690055847,1256.0
85.0,2.8369998931884766,171.0,2735.2099609375,1257.0,6.599999904632568,1215.0,1791067607000.0,1257.0,106.82315306738019,6.599999904632568,45.599998474121094,174.0,-6.19122002273798,0.5,-0.052000001072883606,1257.0
86.0,2.8550000190734863,173.0,2753.35009765625,1263.0,8.0,1221.0,1791067613000.0,1263.0,106.82312373071909,8.0,41.79999923706055,177.0,-6.1913838889449835,0.5,0.24799999594688416,1263.0
85.0,2.865000009536743,171.0,2759.489990234375,1265.0,9.0,1223.0,1791067615000.0,1265.0,106.82313370518386,9.0,40.0,179.0,-6.191438706591725,0.5,0.4129999876022339,1265.0
86.0,2.930000066757202,173.0,2782.280029296875,1272.0,11.399999618530273,1230.0,1791067622000.0,1272.0,106.82310193777084,11.399999618530273,35.400001525878906,176.0,-6.191644063219428,0.5,0.3529999852180481,1272.0
86.0,2.938999891281128,173.0,2785.300048828125,1273.0,11.399999618530273,1231.0,1791067623000.0,1273.0,106.82309682480991,11.399999618530273,35.0,179.0,-6.191671136766672,0.5,0.11599999666213989,1273.0
86.0,2.947999954223633,173.0,2788.409912109375,1274.0,11.600000381469727,1232.0,1791067624000.0,1274.0,106.823091795668,11.600000381469727,34.79999923706055,176.0,-6.19169888086617,0.5,0.11800000071525574,1274.0
86.0,2.930000066757202,173.0,2807.610107421875,1280.0,12.199999809265137,1238.0,1791067630000.0,1280.0,106.82305986061692,12.199999809265137,33.20000076293945,178.0,-6.191867189481854,0.5,0.10499999672174454,1280.0
86.0,2.809000015258789,173.0,2829.199951171875,1288.0,11.199999809265137,1246.0,1791067638000.0,1288.0,106.82302817702293,11.199999809265137,32.599998474121094,179.0,-6.1920571234077215,0.5,-0.11999999731779099,1288.0
86.0,2.743000030517578,173.0,2832.919921875,1290.0,11.199999809265137,1248.0,1791067640000.0,1290.0,106.82303689420223,11.199999809265137,32.599998474121094,179.0,-6.192091070115566,0.5,-0.061000000685453415,1290.0
84.0,2.5380001068115234,169.0,2848.06005859375,1297.0,10.399999618530273,1255.0,1791067647000.0,1297.0,106.82304100133479,10.399999618530273,29.600000381469727,180.0,-6.192227778956294,0.5,-0.11699999868869781,1297.0
84.0,2.500999927520752,169.0,2850.320068359375,1298.0,10.199999809265137,1256.0,1791067648000.0,1298.0,106.8230365589261,10.199999809265137,29.0,177.0,-6.192249236628413,0.5,-0.0729999989271164,1298.0
84.0,2.3610000610351562,169.0,2871.949951171875,1307.0,13.600000381469727,1265.0,1791067657000.0,1307.0,106.82307763025165,13.600000381469727,24.600000381469727,179.0,-6.1924423556774855,0.5,0.3630000054836273,1307.0
84.0,2.3889999389648438,169.0,2877.27001953125,1309.0,13.800000190734863,1267.0,1791067659000.0,1309.0,106.8230936396867,13.800000190734863,24.0,178.0,-6.192490719258785,0.5,0.1289999932050705,1309.0
86.0,2.575000047683716,173.0,2897.85009765625,1317.0,13.0,1275.0,1791067667000.0,1317.0,106.82309028692544,13.0,22.799999237060547,178.0,-6.19267662987113,0.5,-0.09099999815225601,1317.0
85.0,2.5850000381469727,171.0,2902.820068359375,1319.0,13.199999809265137,1277.0,1791067669000.0,1319.0,106.82309648953378,13.199999809265137,24.200000762939453,177.0,-6.192720970138907,0.5,0.027000000700354576,1319.0
84.0,2.565999984741211,169.0,2919.580078125,1326.0,11.800000190734863,1284.0,1791067676000.0,1326.0,106.82310780510306,11.800000190734863,25.200000762939453,175.0,-6.192870922386646,0.5,-0.18799999356269836,1326.0
83.0,2.575000047683716,167.0,2936.679931640625,1333.0,11.800000190734863,1291.0,1791067683000.0,1333.0,106.82311727665365,11.800000190734863,23.0,176.0,-6.193025317043066,0.5,-0.0010000000474974513,1333.0
83.0,2.5940001010894775,166.0,2952.31005859375,1341.0,13.399999618530273,1299.0,1791067691000.0,1341.0,106.82310386560857,13.399999618530273,23.399999618530273,178.0,-6.193165462464094,0.0,0.20100000500679016,1341.0
82.0,2.378999948501587,164.0,2960.35009765625,1345.0,14.199999809265137,1303.0,1791067695000.0,1345.0,106.82311115786433,14.199999809265137,24.600000381469727,178.0,-6.1932366248220205,0.0,0.17900000512599945,1345.0
82.0,2.378999948501587,164.0,2963.169921875,1346.0,14.399999618530273,1304.0,1791067696000.0,1346.0,106.82312414981425,14.399999618530273,24.799999237060547,178.0,-6.19325858540833,0.0,0.3310000002384186,1346.0
83.0,2.3980000019073486,167.0,2975.219970703125,1351.0,16.600000381469727,1309.0,1791067701000.0,1351.0,106.82314351201057,16.600000381469727,26.0,178.0,-6.193365957587957,0.5,0.4230000078678131,1351.0
82.0,2.4539999961853027,164.0,2993.300048828125,1359.0,18.799999237060547,1317.0,1791067709000.0,1359.0,106.82318324223161,18.799999237060547,27.0,177.0,-6.193525632843375,0.0,0.2750000059604645,1359.0
82.0,2.4070000648498535,164.0,3000.070068359375,1362.0,17.200000762939453,1320.0,1791067712000.0,1362.0,106.82318416424096,17.200000762939453,27.399999618530273,178.0,-6.193587658926845,0.0,-0.5289999842643738,1362.0
83.0,2.313999891281128,167.0,3011.669921875,1367.0,14.0,1325.0,1791067717000.0,1367.0,106.8232046160847,14.0,30.399999618530273,178.0,-6.1936895828694105,0.5,-0.6460000276565552,1367.0
82.0,2.4070000648498535,164.0,3027.969970703125,1374.0,10.399999618530273,1332.0,1791067724000.0,1374.0,106.82319371961057,10.399999618530273,32.20000076293945,178.0,-6.193838277831674,0.0,-0.5019999742507935,1374.0
84.0,2.444999933242798,168.0,3039.39990234375,1379.0,7.599999904632568,1337.0,1791067729000.0,1379.0,106.82319162413478,7.599999904632568,33.599998474121094,179.0,-6.1939413752406836,0.0,-0.5799999833106995,1379.0
84.0,2.4539999961853027,168.0,3042.239990234375,1380.0,6.800000190734863,1338.0,1791067730000.0,1380.0,106.82318936102092,6.800000190734863,34.0,179.0,-6.193966940045357,0.0,-0.6629999876022339,1380.0
84.0,2.490999937057495,169.0,3063.219970703125,1389.0,3.4000000953674316,1347.0,1791067739000.0,1389.0,106.82321391999722,3.4000000953674316,38.20000076293945,180.0,-6.19415570050478,0.5,-0.3779999911785126,1389.0
84.0,2.490999937057495,168.0,3078.889892578125,1396.0,2.799999952316284,1354.0,1791067746000.0,1396.0,106.82326580397785,2.799999952316284,39.20000076293945,180.0,-6.194287547841668,0.0,-0.09300000220537186,1396.0
83.0,2.434999942779541,167.0,3097.389892578125,1405.0,4.599999904632568,1363.0,1791067755000.0,1405.0,106.8233737628907,4.599999904632568,40.0,180.0,-6.194412438198924,0.5,0.20000000298023224,1405.0
83.0,2.3510000705718994,166.0,3114.659912109375,1414.0,4.599999904632568,1372.0,1791067764000.0,1414.0,106.82344073429704,4.599999904632568,41.79999923706055,179.0,-6.194555098190904,0.0,-0.0020000000949949026,1414.0
83.0,2.1089999675750732,167.0,3133.3701171875,1424.0,3.799999952316284,1382.0,1791067774000.0,1424.0,106.82352564297616,3.799999952316284,32.79999923706055,179.0,-6.194701949134469,0.5,-0.08399999886751175,1424.0
84.0,2.0989999771118164,169.0,3146.89990234375,1430.0,3.5999999046325684,1388.0,1791067780000.0,1430.0,106.82356830686331,3.5999999046325684,27.0,179.0,-6.1948151886463165,0.5,-0.04100000113248825,1430.0
80.0,1.968999981880188,161.0,3166.919921875,1440.0,3.799999952316284,1398.0,1791067790000.0,1440.0,106.82358557358384,3.799999952316284,24.799999237060547,178.0,-6.194995483383536,0.5,0.03500000014901161,1440.0
81.0,1.940999984741211,163.0,3183.64990234375,1449.0,4.800000190734863,1407.0,1791067799000.0,1449.0,106.82355397380888,4.800000190734863,23.0,175.0,-6.195140993222594,0.5,0.1080000028014183,1449.0
60.0,1.930999994277954,121.0,3185.47998046875,1450.0,5.0,1408.0,1791067800000.0,1450.0,106.82354802265763,5.0,22.799999237060547,175.0,-6.195156499743462,0.5,0.10300000011920929,1450.0
62.0,1.7079999446868896,125.0,3197.330078125,1457.0,5.800000190734863,1415.0,1791067807000.0,1457.0,106.82351935654879,5.800000190734863,22.200000762939453,173.0,-6.195258591324091,0.5,0.11299999803304672,1457.0
0.0,1.6330000162124634,0.0,3209.429931640625,1465.0,6.0,1423.0,1791067815000.0,1465.0,106.82345632463694,6.0,23.799999237060547,171.0,-6.19534894824028,0.0,0.03700000047683716,1465.0
0.0,1.6050000190734863,0.0,3211.7900390625,1467.0,6.199999809265137,1425.0,1791067817000.0,1467.0,106.82344836182892,6.199999809265137,24.0,170.0,-6.195368310436606,0.0,0.06199999898672104,1467.0
58.0,1.5770000219345093,117.0,3218.75,1471.0,5.800000190734863,1429.0,1791067821000.0,1471.0,106.82339496910572,5.800000190734863,23.600000381469727,169.0,-6.195401502773166,0.5,-0.07999999821186066,1471.0
52.0,1.5490000247955322,105.0,3224.949951171875,1475.0,5.400000095367432,1433.0,1791067825000.0,1475.0,106.82334409095347,5.400000095367432,23.0,166.0,-6.195431090891361,0.5,-0.10300000011920929,1475.0
52.0,1.5119999647140503,105.0,3228.510009765625,1477.0,5.400000095367432,1435.0,1791067827000.0,1477.0,106.823321711272,5.400000095367432,22.399999618530273,165.0,-6.195454727858305,0.5,-0.032999999821186066,1477.0
61.0,1.5490000247955322,122.0,3246.47998046875,1487.0,6.400000095367432,1445.0,1791067837000.0,1487.0,106.8232096452266,6.400000095367432,21.799999237060547,164.0,-6.195572912693024,0.0,0.11299999803304672,1487.0
63.0,1.5490000247955322,127.0,3252.25,1493.0,7.0,1451.0,1791067843000.0,1493.0,106.8231821525842,7.0,21.799999237060547,163.0,-6.19561230763793,0.5,0.0989999994635582,1493.0
63.0,1.437000036239624,126.0,3259.260009765625,1499.0,8.600000381469727,1457.0,1791067849000.0,1499.0,106.82316983118653,8.600000381469727,23.0,162.0,-6.195675423368812,0.0,0.23499999940395355,1499.0
0.0,1.4279999732971191,0.0,3260.989990234375,1500.0,8.800000190734863,1458.0,1791067850000.0,1500.0,106.8231697473675,8.800000190734863,23.799999237060547,162.0,-6.195691181346774,0.0,0.3959999978542328,1500.0
81.0,2.0810000896453857,163.0,3282.93994140625,1508.0,8.199999809265137,1466.0,1791067858000.0,1508.0,106.82320260442793,8.199999809265137,22.600000381469727,160.0,-6.195888575166464,0.5,-0.07699999958276749,1508.0
85.0,2.575000047683716,171.0,3297.280029296875,1513.0,7.199999809265137,1471.0,1791067863000.0,1513.0,106.82317955419421,7.199999809265137,20.799999237060547,163.0,-6.196017488837242,0.5,-0.22599999606609344,1513.0
87.0,2.63100004196167,174.0,3306.8798828125,1516.0,6.599999904632568,1474.0,1791067866000.0,1516.0,106.82317896746099,6.599999904632568,20.0,166.0,-6.196103906258941,0.0,-0.19699999690055847,1516.0
87.0,2.6589999198913574,175.0,3309.739990234375,1517.0,6.400000095367432,1475.0,1791067867000.0,1517.0,106.823176369071,6.400000095367432,19.799999237060547,167.0,-6.1961298901587725,0.5,-0.19599999487400055,1517.0
86.0,2.743000030517578,173.0,3319.739990234375,1521.0,5.800000190734863,1479.0,1791067871000.0,1521.0,106.82316463440657,5.800000190734863,19.600000381469727,169.0,-6.1962164752185345,0.5,-0.16599999368190765,1521.0
86.0,2.753000020980835,173.0,3322.5,1522.0,5.599999904632568,1480.0,1791067872000.0,1522.0,106.8231679033488,5.599999904632568,19.799999237060547,170.0,-6.196241369470954,0.5,-0.16699999570846558,1522.0
89.0,2.743000030517578,178.0,3333.68994140625,1526.0,5.400000095367432,1484.0,1791067876000.0,1526.0,106.8231665622443,5.400000095367432,21.399999618530273,171.0,-6.196341533213854,0.0,-0.0430000014603138,1526.0
86.0,2.743000030517578,173.0,3354.169921875,1533.0,6.599999904632568,1491.0,1791067883000.0,1533.0,106.82325121946633,6.599999904632568,26.799999237060547,173.0,-6.196515122428536,0.5,0.18000000715255737,1533.0
87.0,2.753000020980835,175.0,3359.179931640625,1535.0,6.599999904632568,1493.0,1791067885000.0,1535.0,106.82327695190907,6.599999904632568,29.399999618530273,175.0,-6.196559127420187,0.5,-0.032999999821186066,1535.0
85.0,2.743000030517578,171.0,3375.35009765625,1541.0,7.199999809265137,1499.0,1791067891000.0,1541.0,106.8233600165695,7.199999809265137,38.0,178.0,-6.196688963100314,0.5,0.10000000149011612,1541.0
85.0,2.7339999675750732,171.0,3377.949951171875,1542.0,7.199999809265137,1500.0,1791067892000.0,1542.0,106.82336898520589,7.199999809265137,39.400001525878906,178.0,-6.196711091324687,0.5,0.1120000034570694,1542.0
85.0,2.6589999198913574,170.0,3391.6201171875,1549.0,7.800000190734863,1507.0,1791067899000.0,1549.0,106.82340209372342,7.800000190734863,49.0,179.0,-6.1968255043029785,0.0,0.07599999755620956,1549.0
84.0,2.556999921798706,169.0,3409.81005859375,1556.0,7.599999904632568,1514.0,1791067906000.0,1556.0,106.82343268766999,7.599999904632568,59.400001525878906,179.0,-6.196975372731686,0.5,-0.026000000536441803,1556.0
83.0,2.3889999389648438,167.0,3423.199951171875,1562.0,7.199999809265137,1520.0,1791067912000.0,1562.0,106.82341005653143,7.199999809265137,61.79999923706055,178.0,-6.197094144299626,0.5,-0.08500000089406967,1562.0
82.0,2.3610000610351562,165.0,3427.590087890625,1564.0,7.0,1522.0,1791067914000.0,1564.0,106.82340184226632,7.0,61.400001525878906,178.0,-6.197133623063564,0.5,-0.0860000029206276,1564.0
83.0,2.2669999599456787,167.0,3436.429931640625,1568.0,6.199999809265137,1526.0,1791067918000.0,1568.0,106.82337661273777,6.199999809265137,60.599998474121094,177.0,-6.197213754057884,0.5,-0.17900000512599945,1568.0
84.0,2.257999897003174,169.0,3445.56005859375,1571.0,5.599999904632568,1529.0,1791067921000.0,1571.0,106.82334995828569,5.599999904632568,59.599998474121094,175.0,-6.1973020154982805,0.5,-0.20200000703334808,1571.0
84.0,2.369999885559082,168.0,3466.320068359375,1579.0,3.799999952316284,1537.0,1791067929000.0,1579.0,106.82326538488269,3.799999952316284,44.0,176.0,-6.197482813149691,0.0,-0.22599999606609344,1579.0
84.0,2.313999891281128,168.0,3485.7900390625,1587.0,2.0,1545.0,1791067937000.0,1587.0,106.82322121225297,2.0,35.599998474121094,176.0,-6.197653468698263,0.0,-0.2290000021457672,1587.0
84.0,2.2950000762939453,169.0,3492.3701171875,1590.0,1.7999999523162842,1548.0,1791067940000.0,1590.0,106.82322355918586,1.7999999523162842,32.400001525878906,176.0,-6.197712058201432,0.5,-0.07400000095367432,1590.0
84.0,2.2669999599456787,169.0,3504.050048828125,1595.0,3.0,1553.0,1791067945000.0,1595.0,106.82323504239321,3.0,27.600000381469727,177.0,-6.197816580533981,0.5,0.24199999868869781,1595.0
84.0,2.2109999656677246,168.0,3520.360107421875,1604.0,3.5999999046325684,1562.0,1791067954000.0,1604.0,106.82323127053678,3.5999999046325684,21.600000381469727,176.0,-6.197964018210769,0.0,0.07999999821186066,1604.0
84.0,2.1740000247955322,168.0,3531.56005859375,1610.0,4.400000095367432,1568.0,1791067960000.0,1610.0,106.82320310734212,4.400000095367432,22.0,175.0,-6.198060242459178,0.0,0.12300000339746475,1610.0
84.0,2.1459999084472656,168.0,3553.429931640625,1620.0,5.199999809265137,1578.0,1791067970000.0,1620.0,106.8232181109488,5.199999809265137,23.600000381469727,174.0,-6.198256127536297,0.0,0.08299999684095383,1620.0
84.0,2.1459999084472656,168.0,3555.080078125,1621.0,5.400000095367432,1579.0,1791067971000.0,1621.0,106.8232202064246,5.400000095367432,23.399999618530273,174.0,-6.1982709635049105,0.0,0.08399999886751175,1621.0
85.0,2.13700008392334,170.0,3570.56005859375,1629.0,6.400000095367432,1587.0,1791067979000.0,1629.0,106.82321383617818,6.400000095367432,19.600000381469727,175.0,-6.198412198573351,0.0,0.13600000739097595,1629.0
85.0,2.13700008392334,171.0,3585.3798828125,1636.0,7.0,1594.0,1791067986000.0,1636.0,106.82321199215949,7.0,13.800000190734863,173.0,-6.1985463090240955,0.5,0.08699999749660492,1636.0
84.0,2.1649999618530273,168.0,3603.52001953125,1644.0,7.0,1602.0,1791067994000.0,1644.0,106.82321039959788,7.0,6.599999904632568,172.0,-6.198709420859814,0.0,0.003000000026077032,1644.0
85.0,2.1740000247955322,171.0,3622.02001953125,1652.0,4.400000095367432,1610.0,1791068002000.0,1652.0,106.82322456501424,4.400000095367432,5.800000190734863,172.0,-6.1988752987235785,0.5,-0.32600000500679016,1652.0
84.0,2.183000087738037,168.0,3636.570068359375,1658.0,2.0,1616.0,1791068008000.0,1658.0,106.82323286309838,2.0,10.0,173.0,-6.199006726965308,0.0,-0.4000000059604645,1658.0
82.0,2.193000078201294,165.0,3650.60009765625,1665.0,2.200000047683716,1623.0,1791068015000.0,1665.0,106.82324350811541,2.200000047683716,13.800000190734863,175.0,-6.199136981740594,0.5,0.010999999940395355,1665.0
85.0,2.1649999618530273,171.0,3671.550048828125,1675.0,2.799999952316284,1633.0,1791068025000.0,1675.0,106.823266223073,2.799999952316284,14.399999618530273,177.0,-6.1993255745619535,0.5,0.07400000095367432,1675.0
84.0,2.1089999675750732,168.0,3692.739990234375,1686.0,6.599999904632568,1644.0,1791068036000.0,1686.0,106.82326161302626,6.599999904632568,16.0,176.0,-6.199517268687487,0.0,0.3330000042915344,1686.0
84.0,2.071000099182129,169.0,3707.429931640625,1693.0,9.800000190734863,1651.0,1791068043000.0,1693.0,106.8232564162463,9.800000190734863,16.799999237060547,176.0,-6.199649618938565,0.5,0.47099998593330383,1693.0
81.0,2.0429999828338623,163.0,3721.06005859375,1701.0,12.399999618530273,1659.0,1791068051000.0,1701.0,106.82325348258018,12.399999618530273,17.600000381469727,177.0,-6.199772162362933,0.5,0.3319999873638153,1701.0
80.0,1.930999994277954,161.0,3737.5400390625,1710.0,15.199999809265137,1668.0,1791068060000.0,1710.0,106.82325289584696,15.199999809265137,19.600000381469727,174.0,-6.199920354411006,0.5,0.30399999022483826,1710.0
80.0,1.9220000505447388,161.0,3739.530029296875,1711.0,15.199999809265137,1669.0,1791068061000.0,1711.0,106.82325256057084,15.199999809265137,19.600000381469727,173.0,-6.199938543140888,0.5,0.0020000000949949026,1711.0
79.0,1.902999997138977,158.0,3751.580078125,1717.0,15.0,1675.0,1791068067000.0,1717.0,106.82327049784362,15.0,20.0,173.0,-6.200045496225357,0.0,-0.02199999988079071,1717.0
81.0,1.8940000534057617,163.0,3754.8701171875,1719.0,15.199999809265137,1677.0,1791068069000.0,1719.0,106.82326446287334,15.199999809265137,20.0,173.0,-6.200073743239045,0.5,0.02199999988079071,1719.0
81.0,1.8940000534057617,163.0,3762.97998046875,1723.0,15.399999618530273,1681.0,1791068073000.0,1723.0,106.82327628135681,15.399999618530273,20.0,172.0,-6.200145995244384,0.5,0.05299999937415123,1723.0
83.0,1.875,166.0,3775.3701171875,1730.0,15.0,1688.0,1791068080000.0,1730.0,106.8232593499124,15.0,19.200000762939453,172.0,-6.200257390737534,0.0,-0.06300000101327896,1730.0
58.0,1.781999945640564,117.0,3787.320068359375,1738.0,13.800000190734863,1696.0,1791068088000.0,1738.0,106.82324141263962,13.800000190734863,20.799999237060547,172.0,-6.200364260002971,0.5,-0.13600000739097595,1738.0
0.0,1.5490000247955322,0.0,3799.530029296875,1746.0,12.600000381469727,1704.0,1791068096000.0,1746.0,106.82323135435581,12.600000381469727,21.600000381469727,170.0,-6.200473392382264,0.0,-0.1420000046491623,1746.0
60.0,1.4739999771118164,120.0,3813.889892578125,1756.0,12.199999809265137,1714.0,1791068106000.0,1756.0,106.82323152199388,12.199999809265137,22.0,168.0,-6.200602306053042,0.0,-0.04600000008940697,1756.0
63.0,1.4459999799728394,127.0,3832.419921875,1768.0,12.399999618530273,1726.0,1791068118000.0,1768.0,106.82322255335748,12.399999618530273,23.799999237060547,170.0,-6.200768603011966,0.5,0.009999999776482582,1768.0
63.0,1.4739999771118164,127.0,3847.469970703125,1778.0,12.800000190734863,1736.0,1791068128000.0,1778.0,106.82322414591908,12.800000190734863,26.799999237060547,167.0,-6.200904473662376,0.5,0.04899999871850014,1778.0
61.0,1.465000033378601,122.0,3849.0,1779.0,12.800000190734863,1737.0,1791068129000.0,1779.0,106.82322573848069,12.800000190734863,27.0,167.0,-6.200918471440673,0.0,0.0560000017285347,1779.0
61.0,1.4930000305175781,122.0,3863.9599609375,1788.0,13.0,1746.0,1791068138000.0,1788.0,106.8232075497508,13.0,27.200000762939453,165.0,-6.201051659882069,0.0,0.017999999225139618,1788.0
64.0,1.5299999713897705,129.0,3882.0,1799.0,11.800000190734863,1757.0,1791068149000.0,1799.0,106.8231850862503,11.800000190734863,26.799999237060547,165.0,-6.201211754232645,0.5,-0.1120000034570694,1799.0
82.0,1.5959999561309814,165.0,3899.300048828125,1807.0,11.600000381469727,1765.0,1791068157000.0,1807.0,106.82317025028169,11.600000381469727,28.0,165.0,-6.20136690326035,0.5,-0.03700000047683716,1807.0
85.0,2.2109999656677246,171.0,3919.6298828125,1815.0,12.600000381469727,1773.0,1791068165000.0,1815.0,106.82310931384563,12.600000381469727,25.799999237060547,168.0,-6.201538983732462,0.5,0.12700000405311584,1815.0
86.0,2.369999885559082,173.0,3924.830078125,1817.0,12.800000190734863,1775.0,1791068167000.0,1817.0,106.82310277596116,12.800000190734863,25.399999618530273,171.0,-6.201585587114096,0.5,0.15000000596046448,1817.0
85.0,2.4070000648498535,170.0,3935.739990234375,1821.0,13.199999809265137,1779.0,1791068171000.0,1821.0,106.82309154421091,13.199999809265137,24.799999237060547,174.0,-6.201683571562171,0.0,0.0729999989271164,1821.0
85.0,2.4820001125335693,171.0,3946.219970703125,1825.0,13.800000190734863,1783.0,1791068175000.0,1825.0,106.8230817373842,13.800000190734863,24.0,177.0,-6.201778035610914,0.5,0.14399999380111694,1825.0
85.0,2.490999937057495,171.0,3957.590087890625,1830.0,14.199999809265137,1788.0,1791068180000.0,1830.0,106.82305986061692,14.199999809265137,23.0,180.0,-6.2018783669918776,0.5,0.09700000286102295,1830.0
84.0,2.4070000648498535,169.0,3964.090087890625,1833.0,14.600000381469727,1791.0,1791068183000.0,1833.0,106.82305449619889,14.600000381469727,23.0,179.0,-6.20193712413311,0.5,0.12200000137090683,1833.0
84.0,2.2300000190734863,169.0,3983.2099609375,1842.0,14.800000190734863,1800.0,1791068192000.0,1842.0,106.82300671935081,14.800000190734863,24.200000762939453,179.0,-6.202103001996875,0.5,0.03400000184774399,1842.0
84.0,2.183000087738037,168.0,3989.510009765625,1845.0,14.800000190734863,1803.0,1791068195000.0,1845.0,106.82299783453345,14.800000190734863,24.600000381469727,177.0,-6.2021593283861876,0.0,-0.0010000000474974513,1845.0
84.0,2.1740000247955322,168.0,3993.25,1847.0,14.600000381469727,1805.0,1791068197000.0,1847.0,106.82299020700157,14.600000381469727,24.600000381469727,177.0,-6.202192353084683,0.0,-0.08699999749660492,1847.0
85.0,2.1549999713897705,171.0,4002.1201171875,1851.0,14.199999809265137,1809.0,1791068201000.0,1851.0,106.82297185063362,14.199999809265137,25.0,176.0,-6.202270640060306,0.5,-0.10300000011920929,1851.0
86.0,2.1649999618530273,173.0,4013.989990234375,1856.0,13.800000190734863,1814.0,1791068206000.0,1856.0,106.8229421786964,13.800000190734863,25.399999618530273,176.0,-6.202374072745442,0.5,-0.0949999988079071,1856.0
85.0,2.193000078201294,171.0,4030.429931640625,1863.0,13.399999618530273,1821.0,1791068213000.0,1863.0,106.82290194556117,13.399999618530273,25.0,178.0,-6.202517068013549,0.5,-0.06199999898672104,1863.0
85.0,2.2300000190734863,171.0,4052.260009765625,1872.0,13.0,1830.0,1791068222000.0,1872.0,106.82284444570541,13.0,25.200000762939453,179.0,-6.202705996111035,0.5,-0.03200000151991844,1872.0
84.0,2.2669999599456787,168.0,4071.669921875,1880.0,14.600000381469727,1838.0,1791068230000.0,1880.0,106.8228227365762,14.600000381469727,27.0,179.0,-6.20287966914475,0.0,0.1979999989271164,1880.0
84.0,2.2669999599456787,168.0,4085.60009765625,1887.0,15.800000190734863,1845.0,1791068237000.0,1887.0,106.82279440574348,15.800000190734863,28.799999237060547,177.0,-6.203001877292991,0.0,0.1589999943971634,1887.0
83.0,2.2209999561309814,167.0,4103.7001953125,1896.0,16.399999618530273,1854.0,1791068246000.0,1896.0,106.82276414707303,16.399999618530273,29.200000762939453,176.0,-6.203162558376789,0.5,0.06499999761581421,1896.0
83.0,2.1740000247955322,167.0,4124.85986328125,1906.0,16.600000381469727,1864.0,1791068256000.0,1906.0,106.82271670550108,16.600000381469727,29.0,177.0,-6.203347630798817,0.5,0.017000000923871994,1906.0
85.0,2.1649999618530273,171.0,4140.18017578125,1913.0,16.0,1871.0,1791068263000.0,1913.0,106.82268686592579,16.0,28.799999237060547,176.0,-6.2034825794398785,0.5,-0.06300000101327896,1913.0
83.0,2.1549999713897705,167.0,4150.35009765625,1918.0,15.600000381469727,1876.0,1791068268000.0,1918.0,106.82266951538622,15.600000381469727,29.200000762939453,176.0,-6.203572936356068,0.5,-0.0820000022649765,1918.0
85.0,2.1549999713897705,171.0,4166.240234375,1925.0,16.0,1883.0,1791068275000.0,1925.0,106.82261863723397,16.0,29.799999237060547,178.0,-6.203707801178098,0.5,0.03500000014901161,1925.0
83.0,2.1549999713897705,166.0,4173.06005859375,1929.0,15.800000190734863,1887.0,1791068279000.0,1929.0,106.82261704467237,15.800000190734863,30.799999237060547,175.0,-6.203769659623504,0.0,-0.05000000074505806,1929.0
83.0,2.13700008392334,166.0,4186.18994140625,1935.0,15.800000190734863,1893.0,1791068285000.0,1935.0,106.82261318899691,15.800000190734863,28.200000762939453,176.0,-6.203890694305301,0.0,0.0010000000474974513,1935.0
83.0,2.118000030517578,166.0,4205.22021484375,1944.0,16.0,1902.0,1791068294000.0,1944.0,106.82257488369942,16.0,27.0,176.0,-6.2040582485497,0.0,0.02199999988079071,1944.0
84.0,2.127000093460083,169.0,4219.52978515625,1950.0,15.800000190734863,1908.0,1791068300000.0,1950.0,106.82254923507571,15.800000190734863,27.399999618530273,179.0,-6.204184647649527,0.5,-0.014999999664723873,1950.0
83.0,2.13700008392334,167.0,4226.22021484375,1953.0,15.800000190734863,1911.0,1791068303000.0,1953.0,106.82253381237388,15.800000190734863,27.399999618530273,178.0,-6.204243237152696,0.5,-0.01899999938905239,1953.0
83.0,2.1459999084472656,167.0,4244.240234375,1961.0,16.0,1919.0,1791068311000.0,1961.0,106.82249064557254,16.0,26.0,179.0,-6.204400230199099,0.5,0.03200000151991844,1961.0
84.0,2.1549999713897705,169.0,4259.06005859375,1967.0,17.399999618530273,1925.0,1791068317000.0,1967.0,106.8224569503218,17.399999618530273,25.600000381469727,175.0,-6.204529814422131,0.5,0.21299999952316284,1967.0
84.0,2.1649999618530273,169.0,4266.89990234375,1970.0,18.0,1928.0,1791068320000.0,1970.0,106.82244513183832,18.0,25.600000381469727,172.0,-6.204599887132645,0.5,0.23800000548362732,1970.0
84.0,2.1740000247955322,169.0,4272.169921875,1972.0,18.399999618530273,1930.0,1791068322000.0,1972.0,106.82244127616286,18.399999618530273,25.600000381469727,175.0,-6.204647328704596,0.5,0.2240000069141388,1972.0
84.0,2.2019999027252197,169.0,4284.2099609375,1977.0,18.799999237060547,1935.0,1791068327000.0,1977.0,106.82241881266236,18.799999237060547,25.0,178.0,-6.204753192141652,0.5,0.05999999865889549,1977.0
84.0,2.2019999027252197,169.0,4286.31982421875,1978.0,18.799999237060547,1936.0,1791068328000.0,1978.0,106.82241462171078,18.799999237060547,25.0,178.0,-6.204771883785725,0.5,0.052000001072883606,1978.0
84.0,2.2109999656677246,169.0,4305.89990234375,1986.0,16.399999618530273,1944.0,1791068336000.0,1986.0,106.82241621427238,16.399999618530273,23.799999237060547,179.0,-6.204949412494898,0.5,-0.3050000071525574,1986.0
83.0,2.239000082015991,167.0,4323.990234375,1993.0,15.199999809265137,1951.0,1791068343000.0,1993.0,106.82239282876253,15.199999809265137,23.600000381469727,179.0,-6.205111099407077,0.5,-0.1770000010728836,1993.0
83.0,2.249000072479248,166.0,4336.1201171875,1998.0,15.0,1956.0,1791068348000.0,1998.0,106.82238629087806,15.0,24.799999237060547,176.0,-6.205220650881529,0.0,-0.04800000041723251,1998.0
83.0,2.257999897003174,166.0,4341.1298828125,2000.0,16.0,1958.0,1791068350000.0,2000.0,106.82238176465034,16.0,25.0,174.0,-6.205266332253814,0.0,0.5419999957084656,2000.0
83.0,2.2669999599456787,167.0,4347.97998046875,2003.0,17.399999618530273,1961.0,1791068353000.0,2003.0,106.822375562042,17.399999618530273,25.0,176.0,-6.205328106880188,0.5,0.48899999260902405,2003.0
84.0,2.2950000762939453,169.0,4368.5498046875,2011.0,22.200000762939453,1969.0,1791068361000.0,2011.0,106.8223599717021,22.200000762939453,24.200000762939453,179.0,-6.205513849854469,0.5,0.6010000109672546,2011.0
84.0,2.305000066757202,169.0,4371.3701171875,2012.0,23.0,1970.0,1791068362000.0,2012.0,106.82236265391111,23.0,24.200000762939453,179.0,-6.205539582297206,0.5,0.6930000185966492,2012.0
84.0,2.3329999446868896,169.0,4390.18994140625,2019.0,28.200000762939453,1977.0,1791068369000.0,2019.0,106.82233801111579,28.200000762939453,25.0,179.0,-6.205705460160971,0.5,0.7459999918937683,2019.0
84.0,2.3610000610351562,169.0,4408.39990234375,2027.0,30.799999237060547,1985.0,1791068377000.0,2027.0,106.82232770137489,30.799999237060547,27.200000762939453,181.0,-6.205868907272816,0.5,0.32600000500679016,2027.0
86.0,2.369999885559082,173.0,4427.1298828125,2035.0,32.20000076293945,1993.0,1791068385000.0,2035.0,106.8223203253001,32.20000076293945,29.600000381469727,182.0,-6.206038054078817,0.5,0.1809999942779541,2035.0
72.0,2.3420000076293945,144.0,4443.52001953125,2044.0,27.799999237060547,2002.0,1791068394000.0,2044.0,106.8223134521395,27.799999237060547,29.799999237060547,181.0,-6.206185827031732,0.0,-0.4909999966621399,2044.0
63.0,1.6419999599456787,127.0,4460.4501953125,2056.0,24.399999618530273,2014.0,1791068406000.0,2056.0,106.82228319346905,24.399999618530273,28.200000762939453,180.0,-6.2063363660126925,0.5,-0.28700000047683716,2056.0
63.0,1.5579999685287476,127.0,4476.1201171875,2067.0,20.799999237060547,2025.0,1791068417000.0,2067.0,106.82227422483265,20.799999237060547,27.200000762939453,179.0,-6.206477517262101,0.5,-0.33399999141693115,2067.0
61.0,1.5399999618530273,123.0,4488.759765625,2075.0,18.200000762939453,2033.0,1791068425000.0,2075.0,106.82225905358791,18.200000762939453,26.200000762939453,179.0,-6.206590924412012,0.5,-0.32600000500679016,2075.0
0.0,1.5399999618530273,0.0,4507.990234375,2087.0,15.199999809265137,2045.0,1791068437000.0,2087.0,106.8222494982183,15.199999809265137,26.399999618530273,178.0,-6.206763172522187,0.0,-0.23999999463558197,2087.0
62.0,1.5399999618530273,124.0,4515.06005859375,2092.0,14.600000381469727,2050.0,1791068442000.0,2092.0,106.82224094867706,14.600000381469727,27.399999618530273,177.0,-6.206827545538545,0.0,-0.13600000739097595,2092.0
62.0,1.5299999713897705,124.0,4518.0400390625,2094.0,14.600000381469727,2052.0,1791068444000.0,2094.0,106.82222988456488,14.600000381469727,28.600000381469727,175.0,-6.206852691248059,0.0,-0.02199999988079071,2094.0
62.0,1.5299999713897705,124.0,4524.18017578125,2097.0,13.0,2055.0,1791068447000.0,2097.0,106.82223508134484,13.0,31.399999618530273,172.0,-6.206908347085118,0.0,-0.47999998927116394,2097.0
0.0,1.5399999618530273,0.0,4533.9599609375,2103.0,12.0,2061.0,1791068453000.0,2103.0,106.82221479713917,12.0,34.0,171.0,-6.206995267421007,0.0,-0.16200000047683716,2103.0
83.0,1.6239999532699585,167.0,4549.43017578125,2109.0,11.399999618530273,2067.0,1791068459000.0,2109.0,106.82219635695219,11.399999618530273,34.79999923706055,171.0,-6.2071329820901155,0.5,-0.13199999928474426,2109.0
84.0,1.940999984741211,169.0,4570.4599609375,2117.0,12.800000190734863,2075.0,1791068467000.0,2117.0,106.82216978631914,12.800000190734863,34.79999923706055,174.0,-6.207321071997285,0.5,0.19099999964237213,2117.0
84.0,1.996999979019165,169.0,4572.490234375,2118.0,13.0,2076.0,1791068468000.0,2118.0,106.82216777466238,13.0,34.599998474121094,174.0,-6.207339344546199,0.5,0.15299999713897705,2118.0
83.0,2.0989999771118164,166.0,4578.35009765625,2121.0,13.399999618530273,2079.0,1791068471000.0,2121.0,106.82216232642531,13.399999618530273,33.599998474121094,177.0,-6.207391731441021,0.0,0.14499999582767487,2121.0
83.0,2.118000030517578,166.0,4580.68994140625,2122.0,13.600000381469727,2080.0,1791068472000.0,2122.0,106.82216383516788,13.600000381469727,33.20000076293945,178.0,-6.207413440570235,0.0,0.14000000059604645,2122.0
83.0,2.118000030517578,167.0,4586.669921875,2124.0,13.800000190734863,2082.0,1791068474000.0,2124.0,106.82218219153583,13.800000190734863,33.0,177.0,-6.207464402541518,0.5,0.16599999368190765,2124.0
83.0,2.13700008392334,167.0,4588.97021484375,2125.0,14.199999809265137,2083.0,1791068475000.0,2125.0,106.82217573747039,14.199999809265137,32.79999923706055,176.0,-6.207484686747193,0.5,0.289000004529953,2125.0
83.0,2.13700008392334,166.0,4593.68017578125,2127.0,14.800000190734863,2085.0,1791068477000.0,2127.0,106.82216182351112,14.800000190734863,32.0,173.0,-6.2075267639011145,0.0,0.3019999861717224,2127.0
83.0,2.127000093460083,166.0,4596.06005859375,2128.0,15.0,2086.0,1791068478000.0,2128.0,106.8221596442163,15.0,31.399999618530273,172.0,-6.20754805393517,0.0,0.2529999911785126,2128.0
83.0,2.052999973297119,167.0,4604.4599609375,2132.0,15.600000381469727,2090.0,1791068482000.0,2132.0,106.82214656844735,15.600000381469727,27.0,171.0,-6.207623491063714,0.5,0.13199999928474426,2132.0
83.0,2.0429999828338623,167.0,4613.22021484375,2135.0,15.0,2093.0,1791068485000.0,2135.0,106.82217095978558,15.0,23.600000381469727,172.0,-6.2076999340206385,0.5,-0.18000000715255737,2135.0
83.0,2.0810000896453857,166.0,4621.3701171875,2139.0,14.800000190734863,2097.0,1791068489000.0,2139.0,106.82216903194785,14.800000190734863,19.399999618530273,175.0,-6.207773527130485,0.0,-0.0560000017285347,2139.0
83.0,2.0810000896453857,166.0,4625.47998046875,2141.0,14.399999618530273,2099.0,1791068491000.0,2141.0,106.82217950932682,14.399999618530273,17.0,176.0,-6.207809820771217,0.0,-0.17800000309944153,2141.0
83.0,2.0899999141693115,166.0,4627.919921875,2142.0,14.399999618530273,2100.0,1791068492000.0,2142.0,106.82217992842197,14.399999618530273,15.800000190734863,176.0,-6.207832032814622,0.0,-0.10199999809265137,2142.0
83.0,2.0989999771118164,166.0,4636.669921875,2145.0,13.0,2103.0,1791068495000.0,2145.0,106.82221504859626,13.0,12.800000190734863,175.0,-6.207908391952515,0.0,-0.4779999852180481,2145.0
83.0,2.127000093460083,166.0,4642.93017578125,2148.0,12.600000381469727,2106.0,1791068498000.0,2148.0,106.8222111929208,12.600000381469727,10.0,173.0,-6.207965305075049,0.0,-0.10400000214576721,2148.0
84.0,2.1549999713897705,168.0,4657.66015625,2154.0,14.199999809265137,2112.0,1791068504000.0,2154.0,106.82218168862164,14.199999809265137,7.599999904632568,172.0,-6.208090698346496,0.0,0.25200000405311584,2154.0
84.0,2.2019999027252197,169.0,4676.2900390625,2161.0,16.0,2119.0,1791068511000.0,2161.0,106.82212611660361,16.0,9.800000190734863,171.0,-6.208249954506755,0.5,0.2709999978542328,2161.0
84.0,2.2300000190734863,169.0,4686.580078125,2165.0,15.199999809265137,2123.0,1791068515000.0,2165.0,106.82214078493416,15.199999809265137,12.800000190734863,174.0,-6.208353554829955,0.5,-0.20999999344348907,2165.0
84.0,2.257999897003174,169.0,4695.2900390625,2168.0,15.199999809265137,2126.0,1791068518000.0,2168.0,106.82214480824769,15.199999809265137,14.399999618530273,175.0,-6.208432679995894,0.5,-0.008999999612569809,2168.0
84.0,2.3610000610351562,168.0,4714.3798828125,2176.0,17.200000762939453,2134.0,1791068526000.0,2176.0,106.82206157594919,17.200000762939453,16.799999237060547,174.0,-6.208583386614919,0.0,0.24899999797344208,2176.0
84.0,2.3329999446868896,169.0,4732.7099609375,2184.0,16.200000762939453,2142.0,1791068534000.0,2184.0,106.82200323790312,16.200000762939453,19.600000381469727,175.0,-6.208734177052975,0.5,-0.12099999934434891,2184.0
84.0,2.2860000133514404,168.0,4744.4599609375,2191.0,16.399999618530273,2149.0,1791068541000.0,2191.0,106.8219537846744,16.399999618530273,24.799999237060547,177.0,-6.208826461806893,0.0,0.04600000008940697,2191.0
84.0,2.1649999618530273,169.0,4753.0,2198.0,15.199999809265137,2156.0,1791068548000.0,2198.0,106.82198219932616,15.199999809265137,32.599998474121094,178.0,-6.208914555609226,0.5,-0.19200000166893005,2198.0
84.0,2.1549999713897705,168.0,4753.66015625,2199.0,15.199999809265137,2157.0,1791068549000.0,2199.0,106.82198144495487,15.199999809265137,33.599998474121094,178.0,-6.208921764045954,0.0,0.05700000002980232,2199.0
83.0,2.0989999771118164,166.0,4755.68017578125,2201.0,15.399999618530273,2159.0,1791068551000.0,2201.0,106.82197532616556,15.399999618530273,35.400001525878906,177.0,-6.208939785137773,0.0,0.08699999749660492,2201.0
83.0,2.0429999828338623,166.0,4759.60009765625,2203.0,15.600000381469727,2161.0,1791068553000.0,2203.0,106.82197960093617,15.600000381469727,37.400001525878906,176.0,-6.2089775037020445,0.0,0.11999999731779099,2203.0
83.0,2.071000099182129,166.0,4773.5,2211.0,16.0,2169.0,1791068561000.0,2211.0,106.82200818322599,16.0,43.400001525878906,175.0,-6.209112117066979,0.0,0.05999999865889549,2211.0
81.0,2.052999973297119,163.0,4792.93994140625,2219.0,15.800000190734863,2177.0,1791068569000.0,2219.0,106.8219265434891,15.800000190734863,52.20000076293945,174.0,-6.20926265604794,0.5,-0.02500000037252903,2219.0
79.0,1.940999984741211,159.0,4804.72998046875,2223.0,16.200000762939453,2181.0,1791068573000.0,2223.0,106.82184766978025,16.200000762939453,50.0,171.0,-6.20934035629034,0.5,0.0729999989271164,2223.0
83.0,1.9129999876022339,166.0,4824.31982421875,2230.0,17.399999618530273,2188.0,1791068580000.0,2230.0,106.82170073501766,17.399999618530273,46.400001525878906,170.0,-6.209451332688332,0.0,0.16500000655651093,2230.0
83.0,1.940999984741211,166.0,4832.16015625,2233.0,17.600000381469727,2191.0,1791068583000.0,2233.0,106.82166368700564,17.600000381469727,45.79999923706055,173.0,-6.209510425105691,0.0,0.07199999690055847,2233.0
83.0,1.930999994277954,167.0,4847.35009765625,2240.0,17.799999237060547,2198.0,1791068590000.0,2240.0,106.8215969670564,17.799999237060547,39.400001525878906,174.0,-6.2096325494349,0.5,0.023000000044703484,2240.0
82.0,2.015000104904175,164.0,4863.6298828125,2246.0,19.799999237060547,2204.0,1791068596000.0,2246.0,106.82152312248945,19.799999237060547,34.79999923706055,173.0,-6.2097659055143595,0.0,0.3330000042915344,2246.0
82.0,2.1089999675750732,164.0,4875.0498046875,2251.0,20.799999237060547,2209.0,1791068601000.0,2251.0,106.82148615829647,20.799999237060547,33.599998474121094,174.0,-6.2098742835223675,0.0,0.21299999952316284,2251.0
83.0,2.193000078201294,167.0,4889.33984375,2258.0,22.200000762939453,2216.0,1791068608000.0,2258.0,106.82139219716191,22.200000762939453,28.799999237060547,177.0,-6.209968663752079,0.5,0.19099999964237213,2258.0
83.0,2.1649999618530273,167.0,4899.81982421875,2264.0,23.0,2222.0,1791068614000.0,2264.0,106.82132882997394,23.0,23.799999237060547,178.0,-6.2100474536418915,0.5,0.16099999845027924,2264.0
82.0,2.062000036239624,164.0,4915.7900390625,2272.0,25.200000762939453,2230.0,1791068622000.0,2272.0,106.82128130458295,25.200000762939453,21.200000762939453,179.0,-6.210180725902319,0.0,0.26899999380111694,2272.0
83.0,1.9500000476837158,167.0,4929.25,2279.0,26.0,2237.0,1791068629000.0,2279.0,106.8212481122464,26.0,22.399999618530273,179.0,-6.210296060889959,0.5,0.11900000274181366,2279.0
83.0,2.015000104904175,167.0,4950.919921875,2287.0,27.200000762939453,2245.0,1791068637000.0,2287.0,106.82120863348246,27.200000762939453,23.600000381469727,179.0,-6.210494879633188,0.5,0.14399999380111694,2287.0
84.0,2.13700008392334,169.0,4967.490234375,2294.0,25.600000381469727,2252.0,1791068644000.0,2294.0,106.8211389798671,25.600000381469727,26.799999237060547,179.0,-6.210625637322664,0.5,-0.21899999678134918,2294.0
83.0,2.257999897003174,167.0,4988.56982421875,2302.0,23.799999237060547,2260.0,1791068652000.0,2302.0,106.82103957049549,23.799999237060547,27.600000381469727,180.0,-6.210786988958716,0.5,-0.22200000286102295,2302.0
83.0,2.3980000019073486,167.0,5002.02978515625,2307.0,24.0,2265.0,1791068657000.0,2307.0,106.82098793797195,24.0,29.399999618530273,180.0,-6.210896791890264,0.5,0.014000000432133675,2307.0
83.0,2.378999948501587,166.0,5007.4501953125,2309.0,24.0,2267.0,1791068659000.0,2309.0,106.82096899487078,24.0,30.200000762939453,180.0,-6.210941886529326,0.0,0.039000000804662704,2309.0
84.0,2.378999948501587,169.0,5020.1298828125,2314.0,24.200000762939453,2272.0,1791068664000.0,2314.0,106.82091912254691,24.200000762939453,31.399999618530273,181.0,-6.211041882634163,0.5,0.041999999433755875,2314.0
84.0,2.490999937057495,169.0,5041.18017578125,2322.0,30.399999618530273,2280.0,1791068672000.0,2322.0,106.82077671401203,30.399999618530273,28.799999237060547,181.0,-6.2111780885607,0.5,0.7580000162124634,2322.0
83.0,2.5190000534057617,166.0,5054.8798828125,2328.0,33.400001525878906,2286.0,1791068678000.0,2328.0,106.82072684168816,33.400001525878906,26.0,181.0,-6.211295602843165,0.0,0.5210000276565552,2328.0
83.0,2.5190000534057617,166.0,5068.5498046875,2334.0,28.399999618530273,2292.0,1791068684000.0,2334.0,106.82071619667113,28.399999618530273,20.200000762939453,182.0,-6.211427953094244,0.0,-0.847000002861023,2334.0
66.0,2.4070000648498535,132.0,5086.5400390625,2344.0,22.799999237060547,2302.0,1791068694000.0,2344.0,106.82067663408816,22.799999237060547,15.800000190734863,182.0,-6.21159240603447,0.0,-0.5619999766349792,2344.0
64.0,1.930999994277954,128.0,5099.9599609375,2353.0,19.200000762939453,2311.0,1791068703000.0,2353.0,106.82067898102105,19.200000762939453,17.200000762939453,181.0,-6.211729785427451,0.0,-0.38499999046325684,2353.0
66.0,1.8569999933242798,132.0,5117.8701171875,2364.0,16.600000381469727,2322.0,1791068714000.0,2364.0,106.82057588361204,16.600000381469727,9.0,180.0,-6.211838917806745,0.0,-0.23899999260902405,2364.0
0.0,2.062000036239624,0.0,5137.06005859375,2372.0,16.0,2330.0,1791068722000.0,2372.0,106.8204048089683,16.0,10.0,180.0,-6.211876468732953,0.0,-0.07500000298023224,2372.0
58.0,1.940999984741211,117.0,5148.490234375,2380.0,15.399999618530273,2338.0,1791068730000.0,2380.0,106.82030757889152,15.399999618530273,24.399999618530273,180.0,-6.211904631927609,0.5,-0.07599999755620956,2380.0
0.0,1.8569999933242798,0.0,5150.4599609375,2382.0,15.800000190734863,2340.0,1791068732000.0,2382.0,106.8203173018992,15.800000190734863,28.799999237060547,179.0,-6.211933381855488,0.0,0.1379999965429306,2382.0
58.0,1.6519999504089355,117.0,5154.89013671875,2386.0,15.600000381469727,2344.0,1791068736000.0,2386.0,106.8203017115593,15.600000381469727,32.400001525878906,176.0,-6.211966993287206,0.5,-0.012000000104308128,2386.0
0.0,1.6330000162124634,0.0,5156.85009765625,2387.0,15.600000381469727,2345.0,1791068737000.0,2387.0,106.82029215618968,15.600000381469727,32.599998474121094,176.0,-6.211982164531946,0.0,-0.04899999871850014,2387.0
64.0,1.5959999561309814,129.0,5167.669921875,2395.0,16.600000381469727,2353.0,1791068745000.0,2395.0,106.82034068740904,16.600000381469727,29.200000762939453,174.0,-6.2120995949953794,0.5,0.11800000071525574,2395.0
63.0,1.5679999589920044,126.0,5184.080078125,2403.0,17.399999618530273,2361.0,1791068753000.0,2403.0,106.82028201408684,17.399999618530273,31.799999237060547,173.0,-6.212232951074839,0.0,0.10300000011920929,2403.0
83.0,1.7640000581741333,167.0,5204.10986328125,2410.0,19.399999618530273,2368.0,1791068760000.0,2410.0,106.82023901492357,19.399999618530273,32.20000076293945,173.0,-6.212409725412726,0.5,0.296999990940094,2410.0
83.0,1.8009999990463257,167.0,5206.8701171875,2411.0,19.600000381469727,2369.0,1791068761000.0,2411.0,106.82023415341973,19.600000381469727,31.799999237060547,173.0,-6.212434535846114,0.5,0.20100000500679016,2411.0
84.0,1.9869999885559082,169.0,5227.16015625,2417.0,19.0,2375.0,1791068767000.0,2417.0,106.82009208016098,19.0,30.600000381469727,172.0,-6.212553307414055,0.5,-0.11299999803304672,2417.0
83.0,2.2209999561309814,166.0,5244.43017578125,2423.0,20.399999618530273,2381.0,1791068773000.0,2423.0,106.82000230997801,20.399999618530273,33.599998474121094,176.0,-6.212680796161294,0.0,0.25099998712539673,2423.0
84.0,2.257999897003174,169.0,5265.580078125,2432.0,22.399999618530273,2390.0,1791068782000.0,2432.0,106.81992402300239,22.399999618530273,40.79999923706055,174.0,-6.212854133918881,0.5,0.20100000500679016,2432.0
85.0,2.2950000762939453,171.0,5269.0498046875,2433.0,22.600000381469727,2391.0,1791068783000.0,2433.0,106.8199008051306,22.600000381469727,41.20000076293945,174.0,-6.212875423952937,0.5,0.3199999928474426,2433.0
85.0,2.500999927520752,171.0,5290.7001953125,2440.0,25.0,2398.0,1791068790000.0,2440.0,106.81980634108186,25.0,34.79999923706055,174.0,-6.213045660406351,0.5,0.34200000762939453,2440.0
84.0,2.677999973297119,169.0,5306.77978515625,2446.0,27.200000762939453,2404.0,1791068796000.0,2446.0,106.81973819620907,27.200000762939453,25.0,177.0,-6.21317507699132,0.5,0.35100001096725464,2446.0
85.0,2.677999973297119,171.0,5308.97998046875,2447.0,27.399999618530273,2405.0,1791068797000.0,2447.0,106.81972889229655,27.399999618530273,24.399999618530273,177.0,-6.21319267898798,0.5,0.28700000047683716,2447.0
83.0,2.444999933242798,167.0,5323.97021484375,2453.0,27.0,2411.0,1791068803000.0,2453.0,106.8196502700448,27.0,26.200000762939453,179.0,-6.213301056995988,0.5,-0.06199999898672104,2453.0
85.0,2.490999937057495,171.0,5340.6298828125,2459.0,24.600000381469727,2417.0,1791068809000.0,2459.0,106.81953166611493,24.600000381469727,25.600000381469727,176.0,-6.2133921682834625,0.5,-0.41499999165534973,2459.0
84.0,2.61299991607666,169.0,5362.669921875,2467.0,20.799999237060547,2425.0,1791068817000.0,2467.0,106.81944776326418,20.799999237060547,23.0,179.0,-6.213577324524522,0.5,-0.4650000035762787,2467.0
84.0,2.61299991607666,169.0,5365.02001953125,2468.0,20.399999618530273,2426.0,1791068818000.0,2468.0,106.81943938136101,20.399999618530273,22.799999237060547,179.0,-6.213597608730197,0.5,-0.37299999594688416,2468.0
84.0,2.556999921798706,169.0,5381.009765625,2475.0,17.200000762939453,2433.0,1791068825000.0,2475.0,106.81941088289022,17.200000762939453,21.799999237060547,179.0,-6.2137488182634115,0.5,-0.47099998593330383,2475.0
84.0,2.490999937057495,169.0,5400.56982421875,2483.0,16.0,2441.0,1791068833000.0,2483.0,106.81930501945317,16.0,16.0,176.0,-6.213888460770249,0.5,-0.15399999916553497,2483.0
85.0,2.500999927520752,171.0,5407.669921875,2487.0,15.399999618530273,2445.0,1791068837000.0,2487.0,106.819270234555,15.399999618530273,13.199999809265137,173.0,-6.213943278416991,0.5,-0.15700000524520874,2487.0
84.0,2.5380001068115234,169.0,5412.68017578125,2489.0,15.0,2447.0,1791068839000.0,2489.0,106.81923662312329,15.0,12.600000381469727,173.0,-6.213973704725504,0.5,-0.12099999934434891,2489.0
83.0,2.565999984741211,167.0,5419.72998046875,2492.0,14.399999618530273,2450.0,1791068842000.0,2492.0,106.81919085793197,14.399999618530273,13.199999809265137,176.0,-6.214018715545535,0.5,-0.21299999952316284,2492.0
83.0,2.575000047683716,166.0,5431.22021484375,2497.0,13.600000381469727,2455.0,1791068847000.0,2497.0,106.8191185221076,13.600000381469727,16.399999618530273,178.0,-6.214093314483762,0.0,-0.16699999570846558,2497.0
83.0,2.434999942779541,166.0,5447.47021484375,2506.0,16.399999618530273,2464.0,1791068856000.0,2506.0,106.81899346411228,16.399999618530273,23.799999237060547,179.0,-6.214175624772906,0.0,0.3149999976158142,2506.0
83.0,2.3610000610351562,167.0,5467.91015625,2516.0,18.200000762939453,2474.0,1791068866000.0,2516.0,106.81885013356805,18.200000762939453,29.0,179.0,-6.214291965588927,0.5,0.1809999942779541,2516.0
83.0,2.3420000076293945,167.0,5484.43017578125,2525.0,20.600000381469727,2483.0,1791068875000.0,2525.0,106.8187577649951,20.600000381469727,30.399999618530273,177.0,-6.2144099827855825,0.5,0.2529999911785126,2525.0
80.0,2.0989999771118164,161.0,5500.2998046875,2534.0,24.0,2492.0,1791068884000.0,2534.0,106.81868216022849,24.0,29.200000762939453,176.0,-6.214535627514124,0.5,0.3790000081062317,2534.0
82.0,2.0250000953674316,164.0,5515.97998046875,2541.0,26.799999237060547,2499.0,1791068891000.0,2541.0,106.81857981719077,26.799999237060547,29.399999618530273,173.0,-6.214633109048009,0.0,0.4009999930858612,2541.0
83.0,2.0250000953674316,166.0,5517.60009765625,2542.0,27.0,2500.0,1791068892000.0,2542.0,106.81857151910663,27.0,29.399999618530273,173.0,-6.214645095169544,0.0,0.3070000112056732,2542.0
81.0,2.0339999198913574,163.0,5528.3701171875,2548.0,27.799999237060547,2506.0,1791068898000.0,2548.0,106.81851100176573,27.799999237060547,29.0,173.0,-6.214722292497754,0.5,0.13899999856948853,2548.0
81.0,2.0989999771118164,163.0,5548.509765625,2560.0,28.799999237060547,2518.0,1791068910000.0,2560.0,,,,172.0,,0.5,0.07900000363588333,2560.0
83.0,2.0989999771118164,166.0,5568.91015625,2570.0,25.0,2528.0,1791068920000.0,2570.0,106.81824202649295,25.0,21.200000762939453,172.0,-6.214957153424621,0.0,-0.3720000088214874,2570.0
83.0,2.1740000247955322,166.0,5589.259765625,2576.0,21.600000381469727,2534.0,1791068926000.0,2576.0,106.81813364848495,21.600000381469727,25.0,173.0,-6.215042732656002,0.0,-0.5839999914169312,2576.0
83.0,2.13700008392334,166.0,5594.419921875,2579.0,20.799999237060547,2537.0,1791068929000.0,2579.0,106.81809274479747,20.799999237060547,25.399999618530273,174.0,-6.215067459270358,0.0,-0.23600000143051147,2579.0
83.0,2.1740000247955322,167.0,5609.39990234375,2586.0,19.0,2544.0,1791068936000.0,2586.0,106.81796433404088,19.0,27.399999618530273,173.0,-6.2151168286800385,0.5,-0.27399998903274536,2586.0
83.0,2.1549999713897705,166.0,5629.490234375,2594.0,16.799999237060547,2552.0,1791068944000.0,2594.0,106.8178322352469,16.799999237060547,30.600000381469727,172.0,-6.215240294113755,0.0,-0.26499998569488525,2594.0
83.0,2.1649999618530273,166.0,5631.4501953125,2595.0,16.799999237060547,2553.0,1791068945000.0,2595.0,106.81781781837344,16.799999237060547,30.600000381469727,172.0,-6.2152505200356245,0.0,-0.02199999988079071,2595.0
81.0,2.2019999027252197,163.0,5644.5400390625,2600.0,16.600000381469727,2558.0,1791068950000.0,2600.0,106.81773475371301,16.600000381469727,30.799999237060547,169.0,-6.21533140540123,0.5,-0.05700000002980232,2600.0
81.0,2.2109999656677246,163.0,5649.18994140625,2602.0,16.399999618530273,2560.0,1791068952000.0,2602.0,106.81770851835608,16.399999618530273,30.799999237060547,169.0,-6.215364933013916,0.5,-0.0729999989271164,2602.0
81.0,2.2669999599456787,163.0,5668.06005859375,2610.0,16.200000762939453,2568.0,1791068960000.0,2610.0,106.81757289916277,16.200000762939453,29.600000381469727,171.0,-6.2154672760516405,0.5,-0.02800000086426735,2610.0
83.0,2.2860000133514404,167.0,5684.330078125,2617.0,16.0,2575.0,1791068967000.0,2617.0,106.81744951754808,16.0,30.0,172.0,-6.215548245236278,0.5,-0.02500000037252903,2617.0
83.0,2.2950000762939453,166.0,5686.52001953125,2618.0,15.800000190734863,2576.0,1791068968000.0,2618.0,106.81743417866528,15.800000190734863,30.200000762939453,175.0,-6.215560818091035,0.0,-0.07100000232458115,2618.0
83.0,2.2950000762939453,166.0,5688.6298828125,2619.0,15.800000190734863,2577.0,1791068969000.0,2619.0,106.81741842068732,15.800000190734863,30.399999618530273,172.0,-6.2155715469270945,0.0,-0.04100000113248825,2619.0
82.0,2.2860000133514404,164.0,5698.39013671875,2624.0,15.399999618530273,2582.0,1791068974000.0,2624.0,106.81735421530902,15.399999618530273,32.0,175.0,-6.215631980448961,0.0,-0.0820000022649765,2624.0
82.0,2.2669999599456787,165.0,5704.35009765625,2627.0,15.199999809265137,2585.0,1791068977000.0,2627.0,106.81731146760285,15.199999809265137,31.0,175.0,-6.215664753690362,0.5,-0.054999999701976776,2627.0
82.0,2.2019999027252197,165.0,5725.1298828125,2637.0,12.800000190734863,2595.0,1791068987000.0,2637.0,106.817163862288,12.800000190734863,29.600000381469727,174.0,-6.215781681239605,0.5,-0.24300000071525574,2637.0
82.0,2.1740000247955322,165.0,5738.740234375,2644.0,11.800000190734863,2602.0,1791068994000.0,2644.0,106.8170639500022,11.800000190734863,29.799999237060547,173.0,-6.215852256864309,0.5,-0.13899999856948853,2644.0
73.0,2.118000030517578,146.0,5751.259765625,2651.0,11.600000381469727,2609.0,1791069001000.0,2651.0,106.81697778403759,11.600000381469727,29.200000762939453,170.0,-6.215924676507711,0.0,-0.04100000113248825,2651.0
64.0,2.0339999198913574,128.0,5754.31005859375,2653.0,11.600000381469727,2611.0,1791069003000.0,2653.0,106.8169566616416,11.600000381469727,29.200000762939453,168.0,-6.215942781418562,0.0,0.004999999888241291,2653.0
62.0,1.781999945640564,124.0,5761.0498046875,2658.0,11.600000381469727,2616.0,1791069008000.0,2658.0,106.81690762750804,11.600000381469727,29.399999618530273,165.0,-6.21598033234477,0.0,0.00800000037997961,2658.0
64.0,1.6330000162124634,128.0,5766.6201171875,2663.0,11.600000381469727,2621.0,1791069013000.0,2663.0,106.81686622090638,11.600000381469727,30.200000762939453,166.0,-6.216009920462966,0.0,0.008999999612569809,2663.0
61.0,1.5210000276565552,123.0,5781.740234375,2672.0,11.600000381469727,2630.0,1791069022000.0,2672.0,106.81675759144127,11.600000381469727,29.799999237060547,169.0,-6.216092146933079,0.5,-0.013000000268220901,2672.0
63.0,1.5399999618530273,126.0,5784.169921875,2673.0,11.600000381469727,2631.0,1791069023000.0,2673.0,106.81673990562558,11.600000381469727,29.799999237060547,169.0,-6.216105809435248,0.0,0.12399999797344208,2673.0
63.0,1.6050000190734863,127.0,5795.8798828125,2681.0,12.399999618530273,2639.0,1791069031000.0,2681.0,106.81665709242225,12.399999618530273,28.200000762939453,168.0,-6.2161714397370815,0.5,0.09000000357627869,2681.0
62.0,1.5959999561309814,124.0,5801.43017578125,2685.0,12.800000190734863,2643.0,1791069035000.0,2685.0,106.81661535054445,12.800000190734863,27.600000381469727,165.0,-6.216199519112706,0.0,0.10000000149011612,2685.0
57.0,1.5299999713897705,115.0,5810.89013671875,2691.0,13.399999618530273,2649.0,1791069041000.0,2691.0,106.81654720567167,13.399999618530273,27.399999618530273,164.0,-6.216248972341418,0.5,0.10400000214576721,2691.0
0.0,1.4459999799728394,0.0,5826.81982421875,2701.0,13.800000190734863,2659.0,1791069051000.0,2701.0,106.81644125841558,13.800000190734863,27.0,161.0,-6.216345364227891,0.0,0.04500000178813934,2701.0
82.0,1.5579999685287476,164.0,5840.3798828125,2707.0,13.600000381469727,2665.0,1791069057000.0,2707.0,106.8163540866226,13.600000381469727,26.799999237060547,158.0,-6.2164311949163675,0.0,-0.05299999937415123,2707.0
82.0,1.6050000190734863,164.0,5842.85986328125,2708.0,13.399999618530273,2666.0,1791069058000.0,2708.0,106.81633422151208,13.399999618530273,26.799999237060547,158.0,-6.216441756114364,0.0,-0.10499999672174454,2708.0
84.0,2.2109999656677246,169.0,5864.27001953125,2716.0,11.600000381469727,2674.0,1791069066000.0,2716.0,106.81615568697453,11.600000381469727,25.200000762939453,159.0,-6.216519707813859,0.5,-0.24199999868869781,2716.0
83.0,2.257999897003174,166.0,5866.5400390625,2717.0,11.0,2675.0,1791069067000.0,2717.0,106.81613808497787,11.0,24.399999618530273,160.0,-6.216530352830887,0.0,-0.46799999475479126,2717.0
83.0,2.2950000762939453,166.0,5874.33984375,2720.0,9.600000381469727,2678.0,1791069070000.0,2720.0,106.8160842731595,9.600000381469727,22.200000762939453,163.0,-6.216576620936394,0.0,-0.460999995470047,2720.0
82.0,2.3420000076293945,164.0,5884.14990234375,2724.0,9.0,2682.0,1791069074000.0,2724.0,106.81601428426802,9.0,20.799999237060547,164.0,-6.216632528230548,0.0,-0.17299999296665192,2724.0
83.0,2.3510000705718994,166.0,5889.5400390625,2726.0,8.399999618530273,2684.0,1791069076000.0,2726.0,106.81597128510475,8.399999618530273,20.399999618530273,167.0,-6.216655410826206,0.0,-0.28999999165534973,2726.0
83.0,2.3510000705718994,166.0,5900.68994140625,2731.0,8.399999618530273,2689.0,1791069081000.0,2731.0,106.81590238586068,8.399999618530273,20.200000762939453,169.0,-6.216727830469608,0.0,0.019999999552965164,2731.0
83.0,2.3610000610351562,167.0,5918.4501953125,2739.0,10.0,2697.0,1791069089000.0,2739.0,106.81581378914416,10.0,15.600000381469727,170.0,-6.216867472976446,0.5,0.18400000035762787,2739.0
83.0,2.3420000076293945,166.0,5925.72998046875,2742.0,9.199999809265137,2700.0,1791069092000.0,2742.0,106.81575746275485,9.199999809265137,14.800000190734863,173.0,-6.216900832951069,0.0,-0.2199999988079071,2742.0
83.0,2.3420000076293945,166.0,5933.66015625,2745.0,9.199999809265137,2703.0,1791069095000.0,2745.0,106.81570583023131,9.199999809265137,14.800000190734863,174.0,-6.216949950903654,0.0,-0.024000000208616257,2745.0
83.0,2.305000066757202,167.0,5943.240234375,2751.0,10.600000381469727,2709.0,1791069101000.0,2751.0,106.81566274724901,10.600000381469727,15.600000381469727,176.0,-6.217038631439209,0.5,0.21899999678134918,2751.0
82.0,2.2669999599456787,164.0,5950.580078125,2754.0,10.199999809265137,2712.0,1791069104000.0,2754.0,106.81559577584267,10.199999809265137,15.600000381469727,176.0,-6.217036284506321,0.0,-0.09600000083446503,2754.0
83.0,2.257999897003174,166.0,5955.18017578125,2756.0,11.399999618530273,2714.0,1791069106000.0,2756.0,106.81556568481028,11.399999618530273,15.800000190734863,176.0,-6.217065453529358,0.0,0.527999997138977,2756.0
83.0,2.1459999084472656,166.0,5970.31005859375,2763.0,14.399999618530273,2721.0,1791069113000.0,2763.0,106.81545923464,14.399999618530273,13.600000381469727,176.0,-6.217147344723344,0.0,0.4309999942779541,2763.0
82.0,2.127000093460083,164.0,5987.02001953125,2770.0,14.600000381469727,2728.0,1791069120000.0,2770.0,106.81533895432949,14.600000381469727,11.0,176.0,-6.21723803691566,0.0,0.041999999433755875,2770.0
83.0,2.1459999084472656,166.0,6001.080078125,2775.0,13.199999809265137,2733.0,1791069125000.0,2775.0,106.81523451581597,13.199999809265137,13.0,176.0,-6.217311378568411,0.0,-0.3009999990463257,2775.0
83.0,2.1740000247955322,166.0,6017.0400390625,2781.0,11.600000381469727,2739.0,1791069131000.0,2781.0,106.81512303650379,11.600000381469727,17.399999618530273,175.0,-6.217403747141361,0.0,-0.2669999897480011,2781.0
82.0,2.249000072479248,164.0,6037.97021484375,2790.0,12.399999618530273,2748.0,1791069140000.0,2790.0,106.81497040204704,12.399999618530273,22.399999618530273,176.0,-6.217515310272574,0.0,0.10199999809265137,2790.0
83.0,2.1740000247955322,166.0,6052.31982421875,2797.0,13.600000381469727,2755.0,1791069147000.0,2797.0,106.81486344896257,13.600000381469727,24.799999237060547,177.0,-6.217589322477579,0.0,0.16899999976158142,2797.0
83.0,2.052999973297119,166.0,6067.97021484375,2805.0,15.800000190734863,2763.0,1791069155000.0,2805.0,106.81474023498595,15.800000190734863,26.600000381469727,177.0,-6.21765973046422,0.0,0.2750000059604645,2805.0
81.0,1.9869999885559082,163.0,6081.18017578125,2813.0,18.0,2771.0,1791069163000.0,2813.0,106.81465356610715,18.0,28.399999618530273,175.0,-6.217740783467889,0.5,0.2669999897480011,2813.0
80.0,1.9500000476837158,161.0,6101.52978515625,2822.0,20.200000762939453,2780.0,1791069172000.0,2822.0,106.81448886170983,20.200000762939453,27.399999618530273,173.0,-6.217819070443511,0.5,0.257999986410141,2822.0
79.0,1.9589999914169312,159.0,6112.22998046875,2827.0,20.200000762939453,2785.0,1791069177000.0,2827.0,106.81440085172653,20.200000762939453,29.600000381469727,170.0,-6.217859219759703,0.5,-0.03400000184774399,2827.0
79.0,1.9589999914169312,159.0,6117.35009765625,2830.0,20.0,2788.0,1791069180000.0,2830.0,106.81436170823872,20.0,31.799999237060547,169.0,-6.217884868383408,0.5,-0.01600000075995922,2830.0
79.0,1.9589999914169312,159.0,6121.1201171875,2832.0,20.0,2790.0,1791069182000.0,2832.0,106.81434167549014,20.0,33.400001525878906,168.0,-6.217909008264542,0.5,0.007000000216066837,2832.0
79.0,1.9589999914169312,159.0,6129.16015625,2836.0,20.200000762939453,2794.0,1791069186000.0,2836.0,106.81430437602103,20.200000762939453,34.79999923706055,166.0,-6.217975476756692,0.5,0.026000000536441803,2836.0
82.0,1.9220000505447388,165.0,6146.31005859375,2846.0,20.0,2804.0,1791069196000.0,2846.0,106.81420806795359,20.0,27.600000381469727,167.0,-6.218099445104599,0.5,-0.012000000104308128,2846.0
81.0,1.930999994277954,163.0,6153.31982421875,2850.0,19.200000762939453,2808.0,1791069200000.0,2850.0,106.81415174156427,19.200000762939453,25.200000762939453,171.0,-6.218128697946668,0.5,-0.20100000500679016,2850.0
81.0,1.9220000505447388,163.0,6162.35986328125,2855.0,18.799999237060547,2813.0,1791069205000.0,2855.0,106.81410262361169,18.799999237060547,24.399999618530273,170.0,-6.218194579705596,0.5,-0.0820000022649765,2855.0
80.0,1.902999997138977,161.0,6179.1298828125,2865.0,17.0,2823.0,1791069215000.0,2865.0,106.81398737244308,17.0,26.200000762939453,171.0,-6.218293737620115,0.5,-0.17800000309944153,2865.0
81.0,1.8660000562667847,163.0,6194.919921875,2874.0,16.600000381469727,2832.0,1791069224000.0,2874.0,106.81387807242572,16.600000381469727,27.0,173.0,-6.218390883877873,0.5,-0.061000000685453415,2874.0
82.0,1.875,165.0,6205.02001953125,2878.0,16.399999618530273,2836.0,1791069228000.0,2878.0,106.81380171328783,16.399999618530273,27.799999237060547,170.0,-6.218440588563681,0.5,-0.04500000178813934,2878.0
82.0,1.8849999904632568,164.0,6212.75,2881.0,16.200000762939453,2839.0,1791069231000.0,2881.0,106.81374672800303,16.200000762939453,27.600000381469727,167.0,-6.218484006822109,0.0,-0.05299999937415123,2881.0
82.0,1.9129999876022339,165.0,6217.919921875,2883.0,16.0,2841.0,1791069233000.0,2883.0,106.81371035054326,16.0,27.399999618530273,166.0,-6.218513427302241,0.5,-0.07800000160932541,2883.0
82.0,2.2209999561309814,165.0,6235.35986328125,2890.0,15.600000381469727,2848.0,1791069240000.0,2890.0,106.81357615627348,15.600000381469727,26.600000381469727,165.0,-6.218596324324608,0.5,-0.06800000369548798,2890.0
85.0,2.3420000076293945,171.0,6257.39990234375,2897.0,14.600000381469727,2855.0,1791069247000.0,2897.0,106.81342771276832,14.600000381469727,25.600000381469727,166.0,-6.218725992366672,0.5,-0.13300000131130219,2897.0
85.0,2.3889999389648438,171.0,6262.41015625,2899.0,14.600000381469727,2857.0,1791069249000.0,2899.0,106.81339024566114,14.600000381469727,25.200000762939453,170.0,-6.218751221895218,0.5,-0.03700000047683716,2899.0
84.0,2.4630000591278076,169.0,6270.240234375,2902.0,14.399999618530273,2860.0,1791069252000.0,2902.0,106.81333157233894,14.399999618530273,25.0,173.0,-6.218791035935283,0.5,-0.02500000037252903,2902.0
84.0,2.4730000495910645,169.0,6282.91015625,2907.0,14.399999618530273,2865.0,1791069257000.0,2907.0,106.8132405448705,14.399999618530273,24.799999237060547,174.0,-6.218859767541289,0.5,0.0020000000949949026,2907.0
83.0,2.4630000591278076,167.0,6288.0498046875,2909.0,14.399999618530273,2867.0,1791069259000.0,2909.0,106.81320441886783,14.399999618530273,24.799999237060547,177.0,-6.218889355659485,0.5,0.012000000104308128,2909.0
83.0,2.4820001125335693,167.0,6307.75,2916.0,15.399999618530273,2874.0,1791069266000.0,2916.0,106.81306460872293,15.399999618530273,25.600000381469727,174.0,-6.218999242410064,0.5,0.13600000739097595,2916.0
82.0,2.444999933242798,165.0,6314.830078125,2919.0,16.0,2877.0,1791069269000.0,2919.0,106.8130122218281,16.0,27.0,178.0,-6.2190361227840185,0.5,0.2070000022649765,2919.0
82.0,2.2860000133514404,165.0,6330.22021484375,2927.0,17.600000381469727,2885.0,1791069277000.0,2927.0,106.81289730593562,17.600000381469727,30.0,179.0,-6.219113487750292,0.5,0.18299999833106995,2927.0
81.0,2.1459999084472656,163.0,6349.52001953125,2937.0,19.0,2895.0,1791069287000.0,2937.0,106.81276428513229,19.0,28.600000381469727,179.0,-6.219225218519568,0.5,0.1550000011920929,2937.0
82.0,2.071000099182129,164.0,6357.64990234375,2942.0,19.600000381469727,2900.0,1791069292000.0,2942.0,106.81271131150424,19.600000381469727,28.399999618530273,176.0,-6.219275929033756,0.0,0.11400000005960464,2942.0
64.0,1.7359999418258667,128.0,6367.6201171875,2951.0,20.600000381469727,2909.0,1791069301000.0,2951.0,106.81261952966452,20.600000381469727,27.0,175.0,-6.2193456664681435,0.0,0.10999999940395355,2951.0
65.0,1.6699999570846558,130.0,6367.6201171875,2953.0,21.0,2911.0,1791069303000.0,2953.0,106.81259513832629,21.0,27.0,175.0,-6.219369722530246,0.0,0.13699999451637268,2953.0
64.0,1.6419999599456787,128.0,6371.97998046875,2956.0,20.799999237060547,2914.0,1791069306000.0,2956.0,106.81255113333464,20.799999237060547,26.200000762939453,174.0,-6.219396628439426,0.0,-0.029999999329447746,2956.0
64.0,1.6330000162124634,128.0,6372.47021484375,2957.0,20.799999237060547,2915.0,1791069307000.0,2957.0,106.81254635564983,20.799999237060547,27.0,174.0,-6.2194019090384245,0.0,-0.014000000432133675,2957.0
63.0,1.6239999532699585,127.0,6373.1298828125,2959.0,20.799999237060547,2917.0,1791069309000.0,2959.0,106.81254534982145,20.799999237060547,28.600000381469727,173.0,-6.219400400295854,0.5,-0.010999999940395355,2959.0
63.0,1.5579999685287476,127.0,6373.9599609375,2961.0,20.799999237060547,2919.0,1791069311000.0,2961.0,106.81253822520375,20.799999237060547,28.799999237060547,173.0,-6.219403585419059,0.5,-0.027000000700354576,2961.0
60.0,1.5490000247955322,121.0,6383.18994140625,2969.0,28.799999237060547,2927.0,1791069319000.0,2969.0,,,,170.0,,0.5,1.0069999694824219,2969.0
61.0,1.847000002861023,123.0,6403.8701171875,2980.0,28.799999237060547,2938.0,1791069330000.0,2980.0,,,,171.0,,0.5,0.0,2980.0
0.0,1.5019999742507935,0.0,6424.35986328125,2993.0,20.0,2951.0,1791069343000.0,2993.0,106.81219599209726,20.0,32.79999923706055,168.0,-6.219747914001346,0.0,-0.6769999861717224,2993.0
60.0,1.4930000305175781,120.0,6441.509765625,2999.0,20.0,2957.0,1791069349000.0,2999.0,106.81211594492197,20.0,29.600000381469727,168.0,-6.219812706112862,0.0,0.0,2999.0
81.0,1.5770000219345093,163.0,6458.7001953125,3007.0,19.600000381469727,2965.0,1791069357000.0,3007.0,106.81200153194368,19.600000381469727,31.0,168.0,-6.219920162111521,0.5,-0.03999999910593033,3007.0
84.0,2.313999891281128,169.0,6479.1298828125,3015.0,17.399999618530273,2973.0,1791069365000.0,3015.0,106.81189080700278,17.399999618530273,31.200000762939453,168.0,-6.220067432150245,0.5,-0.289000004529953,3015.0
84.0,2.3980000019073486,168.0,6499.31982421875,3023.0,14.800000190734863,2981.0,1791069373000.0,3023.0,106.81183464825153,14.800000190734863,30.399999618530273,169.0,-6.220238171517849,0.0,-0.3330000042915344,3023.0
84.0,2.4170000553131104,169.0,6515.990234375,3030.0,14.600000381469727,2988.0,1791069380000.0,3030.0,106.8118467181921,14.600000381469727,30.399999618530273,171.0,-6.220386531203985,0.5,-0.008999999612569809,3030.0
84.0,2.3510000705718994,168.0,6530.85009765625,3036.0,13.0,2994.0,1791069386000.0,3036.0,106.81190488860011,13.0,30.0,174.0,-6.220505638048053,0.0,-0.28700000047683716,3036.0
84.0,2.3510000705718994,168.0,6532.77001953125,3037.0,12.800000190734863,2995.0,1791069387000.0,3037.0,106.81191536597908,12.800000190734863,29.799999237060547,175.0,-6.2205195520073175,0.0,-0.10100000351667404,3037.0
84.0,2.2950000762939453,168.0,6549.77001953125,3045.0,11.199999809265137,3003.0,1791069395000.0,3045.0,106.81199776008725,11.199999809265137,30.399999618530273,178.0,-6.220648298040032,0.0,-0.21400000154972076,3045.0
84.0,2.2950000762939453,169.0,6551.8701171875,3046.0,10.800000190734863,3004.0,1791069396000.0,3046.0,106.81201393716037,10.800000190734863,30.399999618530273,178.0,-6.220658523961902,0.5,-0.38600000739097595,3046.0
84.0,2.2950000762939453,169.0,6560.0,3049.0,10.0,3007.0,1791069399000.0,3049.0,106.81207763962448,10.0,31.0,181.0,-6.22069557197392,0.5,-0.2240000069141388,3049.0
84.0,2.3329999446868896,168.0,6573.43994140625,3055.0,10.0,3013.0,1791069405000.0,3055.0,106.81218886747956,10.0,33.0,182.0,-6.220741253346205,0.0,-0.00800000037997961,3055.0
85.0,2.369999885559082,171.0,6595.990234375,3064.0,10.600000381469727,3022.0,1791069414000.0,3064.0,106.81238508783281,10.600000381469727,35.20000076293945,181.0,-6.2207012716680765,0.5,0.061000000685453415,3064.0
84.0,2.378999948501587,168.0,6618.97021484375,3073.0,11.600000381469727,3031.0,1791069423000.0,3073.0,106.81254182942212,11.600000381469727,36.400001525878906,182.0,-6.2205716874450445,0.0,0.125,3073.0
84.0,2.3889999389648438,168.0,6636.9501953125,3080.0,12.399999618530273,3038.0,1791069430000.0,3080.0,106.81260804645717,12.399999618530273,38.20000076293945,181.0,-6.220423998311162,0.0,0.11800000071525574,3080.0
83.0,2.3980000019073486,166.0,6652.43017578125,3086.0,13.399999618530273,3044.0,1791069436000.0,3086.0,106.81263143196702,13.399999618530273,37.0,182.0,-6.220287540927529,0.0,0.1379999965429306,3086.0
85.0,2.4070000648498535,171.0,6666.0,3092.0,13.800000190734863,3050.0,1791069442000.0,3092.0,106.81260754354298,13.800000190734863,35.599998474121094,183.0,-6.2201708648353815,0.5,0.07999999821186066,3092.0
83.0,2.3889999389648438,166.0,6684.580078125,3100.0,17.200000762939453,3058.0,1791069450000.0,3100.0,106.81250779889524,17.200000762939453,34.79999923706055,182.0,-6.220035245642066,0.0,0.4180000126361847,3100.0
83.0,2.3610000610351562,166.0,6706.58984375,3110.0,20.399999618530273,3068.0,1791069460000.0,3110.0,106.81239363737404,20.399999618530273,36.0,182.0,-6.219872301444411,0.0,0.32100000977516174,3110.0
84.0,2.305000066757202,168.0,6724.580078125,3119.0,20.0,3077.0,1791069469000.0,3119.0,106.81230043061078,20.0,35.20000076293945,182.0,-6.21973886154592,0.0,-0.03999999910593033,3119.0
83.0,2.239000082015991,167.0,6744.6201171875,3129.0,19.600000381469727,3087.0,1791069479000.0,3129.0,106.81219255551696,19.600000381469727,34.599998474121094,182.0,-6.219594441354275,0.5,-0.035999998450279236,3129.0
83.0,2.239000082015991,167.0,6746.68017578125,3130.0,19.600000381469727,3088.0,1791069480000.0,3130.0,106.81218149140477,19.600000381469727,34.400001525878906,181.0,-6.219579437747598,0.5,-0.1080000028014183,3130.0
83.0,2.2109999656677246,167.0,6767.97021484375,3140.0,17.799999237060547,3098.0,1791069490000.0,3140.0,106.81206556968391,17.799999237060547,33.400001525878906,180.0,-6.219425965100527,0.5,-0.1770000010728836,3140.0
83.0,2.183000087738037,166.0,6789.22998046875,3150.0,17.0,3108.0,1791069500000.0,3150.0,106.8119484744966,17.0,33.79999923706055,181.0,-6.219274839386344,0.0,-0.07699999958276749,3150.0
83.0,2.2109999656677246,166.0,6811.10009765625,3158.0,17.600000381469727,3116.0,1791069508000.0,3158.0,106.81185208261013,17.600000381469727,33.20000076293945,181.0,-6.219102591276169,0.0,0.07400000095367432,3158.0
83.0,2.2209999561309814,166.0,6813.83984375,3159.0,17.799999237060547,3117.0,1791069509000.0,3159.0,106.81183917447925,17.799999237060547,33.20000076293945,181.0,-6.2190814688801765,0.0,0.12200000137090683,3159.0
84.0,2.305000066757202,169.0,6834.64990234375,3167.0,17.600000381469727,3125.0,1791069517000.0,3167.0,106.8116979394108,17.600000381469727,33.79999923706055,182.0,-6.218961691483855,0.5,-0.014000000432133675,3167.0
83.0,2.3420000076293945,167.0,6854.3798828125,3175.0,16.399999618530273,3133.0,1791069525000.0,3175.0,106.81153843179345,16.399999618530273,32.79999923706055,182.0,-6.218894636258483,0.5,-0.14399999380111694,3175.0
84.0,2.3610000610351562,169.0,6875.72021484375,3183.0,16.399999618530273,3141.0,1791069533000.0,3183.0,106.81135327555239,16.399999618530273,32.400001525878906,181.0,-6.218945849686861,0.5,-0.0020000000949949026,3183.0
83.0,2.369999885559082,166.0,6892.89013671875,3190.0,16.799999237060547,3148.0,1791069540000.0,3190.0,106.81123626418412,16.799999237060547,33.0,181.0,-6.219042660668492,0.0,0.04899999871850014,3190.0
82.0,2.369999885559082,164.0,6912.06005859375,3198.0,17.200000762939453,3156.0,1791069548000.0,3198.0,106.81116283871233,17.200000762939453,33.20000076293945,182.0,-6.2191966362297535,0.0,0.05999999865889549,3198.0
83.0,2.369999885559082,167.0,6917.0,3200.0,17.399999618530273,3158.0,1791069550000.0,3200.0,106.81116526946425,17.399999618530273,33.79999923706055,180.0,-6.219240641221404,0.5,0.08399999886751175,3200.0
84.0,2.369999885559082,169.0,6922.10009765625,3202.0,17.600000381469727,3160.0,1791069552000.0,3202.0,106.81116786785424,17.600000381469727,34.20000076293945,180.0,-6.219286574050784,0.5,0.08699999749660492,3202.0
83.0,2.3889999389648438,167.0,6941.669921875,3209.0,17.200000762939453,3167.0,1791069559000.0,3209.0,106.81118438020349,17.200000762939453,33.0,181.0,-6.219461336731911,0.5,-0.054999999701976776,3209.0
84.0,2.500999927520752,169.0,6963.419921875,3216.0,15.800000190734863,3174.0,1791069566000.0,3216.0,106.81129166856408,15.800000190734863,31.0,183.0,-6.219624867662787,0.5,-0.2029999941587448,3216.0
84.0,2.7339999675750732,169.0,6981.240234375,3222.0,14.199999809265137,3180.0,1791069572000.0,3222.0,106.81142561137676,14.199999809265137,29.399999618530273,185.0,-6.219709860160947,0.5,-0.2809999883174896,3222.0
84.0,2.809000015258789,169.0,7001.06982421875,3229.0,15.0,3187.0,1791069579000.0,3229.0,106.8116012122482,15.0,28.799999237060547,185.0,-6.219733413308859,0.5,0.11900000274181366,3229.0
85.0,2.7249999046325684,171.0,7021.2900390625,3236.0,17.399999618530273,3194.0,1791069586000.0,3236.0,106.81178192608058,17.399999618530273,28.399999618530273,184.0,-6.2197350058704615,0.5,0.33799999952316284,3236.0
84.0,2.7249999046325684,169.0,7024.009765625,3237.0,17.600000381469727,3195.0,1791069587000.0,3237.0,106.81180564686656,17.600000381469727,28.600000381469727,184.0,-6.219728887081146,0.5,0.25600001215934753,3237.0
82.0,2.5290000438690186,165.0,7038.47998046875,3244.0,18.799999237060547,3202.0,1791069594000.0,3244.0,106.8119212333113,18.799999237060547,31.200000762939453,183.0,-6.219674153253436,0.5,0.17800000309944153,3244.0
64.0,1.9129999876022339,129.0,7053.7099609375,3253.0,19.399999618530273,3211.0,1791069603000.0,3253.0,106.81202868930995,19.399999618530273,32.79999923706055,181.0,-6.2195877358317375,0.5,0.061000000685453415,3253.0
65.0,1.7730000019073486,130.0,7066.35986328125,3263.0,19.200000762939453,3221.0,1791069613000.0,3263.0,106.81213111616671,19.200000762939453,33.20000076293945,179.0,-6.219541132450104,0.0,-0.012000000104308128,3263.0
65.0,1.7640000581741333,130.0,7069.0,3267.0,19.0,3225.0,1791069617000.0,3267.0,106.81219791993499,19.0,30.0,178.0,-6.219515986740589,0.0,-0.041999999433755875,3267.0
63.0,1.8289999961853027,127.0,7077.8701171875,3270.0,18.399999618530273,3228.0,1791069620000.0,3270.0,106.81222138926387,18.399999618530273,28.200000762939453,177.0,-6.2194419745355844,0.5,-0.19200000166893005,3270.0
61.0,1.8289999961853027,123.0,7081.1298828125,3272.0,18.600000381469727,3230.0,1791069622000.0,3272.0,106.81223538704216,18.600000381469727,28.200000762939453,176.0,-6.219446584582329,0.5,0.03799999877810478,3272.0
61.0,1.7359999418258667,123.0,7082.08984375,3273.0,18.600000381469727,3231.0,1791069623000.0,3273.0,106.81224435567856,18.600000381469727,29.200000762939453,176.0,-6.219447506591678,0.5,0.007000000216066837,3273.0
117.0,0.31299999356269836,234.0,7083.02978515625,3276.0,31.0,3234.0,1791069626000.0,3276.0,,,,177.0,,0.0,4.138999938964844,3276.0
0.0,2.118000030517578,0.0,7104.7900390625,3285.0,31.0,3243.0,1791069635000.0,3285.0,,,,174.0,,0.0,0.0,3285.0
0.0,2.118000030517578,0.0,7117.5,3291.0,31.0,3249.0,1791069641000.0,3291.0,,,,171.0,,0.0,0.0,3291.0
0.0,1.6050000190734863,0.0,7137.83984375,3302.0,31.0,3260.0,1791069652000.0,3302.0,,,,170.0,,0.0,0.0,3302.0
0.0,1.5859999656677246,0.0,7141.009765625,3304.0,18.0,3262.0,1791069654000.0,3304.0,106.81263620965183,18.0,34.20000076293945,170.0,-6.219094377011061,0.0,-6.468999862670898,3304.0
82.0,1.5859999656677246,165.0,7152.080078125,3307.0,17.799999237060547,3265.0,1791069657000.0,3307.0,106.81269655935466,17.799999237060547,31.799999237060547,171.0,-6.219061771407723,0.5,-0.08500000089406967,3307.0
83.0,2.13700008392334,167.0,7164.18994140625,3312.0,17.399999618530273,3270.0,1791069662000.0,3312.0,106.81279404088855,17.399999618530273,32.79999923706055,171.0,-6.2190113961696625,0.5,-0.0729999989271164,3312.0
86.0,2.3510000705718994,173.0,7182.14013671875,3318.0,16.399999618530273,3276.0,1791069668000.0,3318.0,106.81291775777936,16.399999618530273,33.20000076293945,174.0,-6.218906119465828,0.5,-0.15800000727176666,3318.0
85.0,2.444999933242798,171.0,7189.93017578125,3321.0,16.0,3279.0,1791069671000.0,3321.0,106.8129693903029,16.0,33.599998474121094,175.0,-6.218858677893877,0.5,-0.17599999904632568,3321.0
84.0,2.5190000534057617,168.0,7199.43017578125,3325.0,15.399999618530273,3283.0,1791069675000.0,3325.0,106.81304248049855,15.399999618530273,34.20000076293945,178.0,-6.218813583254814,0.0,-0.1469999998807907,3325.0
84.0,2.490999937057495,169.0,7210.47021484375,3330.0,14.600000381469727,3288.0,1791069680000.0,3330.0,106.81312252767384,14.600000381469727,34.599998474121094,179.0,-6.2187545746564865,0.5,-0.14300000667572021,3330.0
86.0,2.313999891281128,173.0,7232.02001953125,3339.0,15.0,3297.0,1791069689000.0,3339.0,106.81327214464545,15.0,34.20000076293945,177.0,-6.218630187213421,0.5,0.04800000041723251,3339.0
85.0,2.313999891281128,171.0,7234.35009765625,3340.0,15.199999809265137,3298.0,1791069690000.0,3340.0,106.81328874081373,15.199999809265137,34.400001525878906,177.0,-6.218617195263505,0.5,0.0860000029206276,3340.0
86.0,2.322999954223633,173.0,7256.1201171875,3349.0,15.800000190734863,3307.0,1791069699000.0,3349.0,106.8134369328618,15.800000190734863,34.0,177.0,-6.2184874434024096,0.5,0.07199999690055847,3349.0
85.0,2.3329999446868896,171.0,7258.5498046875,3350.0,15.800000190734863,3308.0,1791069700000.0,3350.0,106.81345554068685,15.800000190734863,33.79999923706055,177.0,-6.218475541099906,0.5,-0.0430000014603138,3350.0
83.0,2.3510000705718994,167.0,7277.6201171875,3357.0,15.399999618530273,3315.0,1791069707000.0,3357.0,106.81358034722507,15.399999618530273,33.20000076293945,177.0,-6.218356434255838,0.5,-0.061000000685453415,3357.0
84.0,2.305000066757202,169.0,7299.64013671875,3366.0,15.199999809265137,3324.0,1791069716000.0,3366.0,106.81374463252723,15.199999809265137,31.0,179.0,-6.218242775648832,0.5,-0.013000000268220901,3366.0
84.0,2.305000066757202,169.0,7302.39013671875,3367.0,15.199999809265137,3325.0,1791069717000.0,3367.0,106.81376106105745,15.199999809265137,31.0,179.0,-6.2182235810905695,0.5,-0.019999999552965164,3367.0
84.0,2.3610000610351562,169.0,7322.56005859375,3374.0,15.399999618530273,3332.0,1791069724000.0,3374.0,106.81389919482172,15.399999618530273,32.20000076293945,181.0,-6.218105144798756,0.5,0.019999999552965164,3374.0
84.0,2.3889999389648438,169.0,7327.740234375,3376.0,15.399999618530273,3334.0,1791069726000.0,3376.0,106.81393523700535,15.399999618530273,33.0,181.0,-6.2180745508521795,0.5,0.019999999552965164,3376.0
85.0,2.500999927520752,171.0,7350.14990234375,3384.0,17.200000762939453,3342.0,1791069734000.0,3384.0,106.81409968994558,17.200000762939453,35.599998474121094,180.0,-6.217956701293588,0.5,0.21799999475479126,3384.0
85.0,2.5190000534057617,171.0,7354.330078125,3385.0,17.600000381469727,3343.0,1791069735000.0,3385.0,106.81412634439766,17.600000381469727,36.0,180.0,-6.217929543927312,0.5,0.38199999928474426,3385.0
86.0,2.7149999141693115,173.0,7376.97998046875,3392.0,19.399999618530273,3350.0,1791069742000.0,3392.0,106.81427713483572,19.399999618530273,34.79999923706055,179.0,-6.21779115870595,0.5,0.26899999380111694,3392.0
86.0,2.7149999141693115,173.0,7379.97021484375,3393.0,19.399999618530273,3351.0,1791069743000.0,3393.0,106.81429180316627,19.399999618530273,33.599998474121094,179.0,-6.217767940834165,0.5,-0.03099999949336052,3393.0
86.0,2.9110000133514404,173.0,7397.75,3399.0,21.399999618530273,3357.0,1791069749000.0,3399.0,106.81440822780132,21.399999618530273,29.0,181.0,-6.217656964436173,0.5,0.33399999141693115,3399.0
86.0,2.7990000247955322,173.0,7412.83984375,3405.0,25.0,3363.0,1791069755000.0,3405.0,106.81451962329447,25.0,28.799999237060547,183.0,-6.21758203022182,0.5,0.6060000061988831,3405.0
84.0,2.687000036239624,169.0,7429.68017578125,3411.0,21.399999618530273,3369.0,1791069761000.0,3411.0,106.8146409932524,21.399999618530273,33.79999923706055,183.0,-6.217487063258886,0.5,-0.6190000176429749,3411.0
83.0,2.4170000553131104,166.0,7441.68994140625,3416.0,17.399999618530273,3374.0,1791069766000.0,3416.0,106.8147308472544,17.399999618530273,38.400001525878906,182.0,-6.217425623908639,0.0,-0.7630000114440918,3416.0
83.0,2.369999885559082,167.0,7464.16015625,3424.0,13.199999809265137,3382.0,1791069774000.0,3424.0,106.81487962603569,13.199999809265137,45.20000076293945,182.0,-6.217281958088279,0.5,-0.5299999713897705,3424.0
83.0,2.369999885559082,166.0,7470.22998046875,3426.0,13.600000381469727,3384.0,1791069776000.0,3426.0,106.81491181254387,13.600000381469727,46.0,182.0,-6.217233510687947,0.0,0.20399999618530273,3426.0
83.0,2.1089999675750732,166.0,7492.080078125,3434.0,17.600000381469727,3392.0,1791069784000.0,3434.0,106.81503158994019,17.600000381469727,51.599998474121094,181.0,-6.217072661966085,0.0,0.4830000102519989,3434.0
83.0,2.062000036239624,167.0,7494.9599609375,3436.0,17.799999237060547,3394.0,1791069786000.0,3436.0,106.81505547836423,17.799999237060547,54.20000076293945,181.0,-6.217063274234533,0.5,0.1770000010728836,3436.0
83.0,1.996999979019165,166.0,7500.5400390625,3440.0,18.799999237060547,3398.0,1791069790000.0,3440.0,106.81509730406106,18.799999237060547,61.79999923706055,181.0,-6.2170367036014795,0.0,0.210999995470047,3440.0
83.0,1.9500000476837158,166.0,7502.8798828125,3441.0,18.600000381469727,3399.0,1791069791000.0,3441.0,106.81511716917157,18.600000381469727,63.20000076293945,181.0,-6.217029159888625,0.0,-0.21899999678134918,3441.0
82.0,2.0250000953674316,164.0,7515.72021484375,3448.0,17.600000381469727,3406.0,1791069798000.0,3448.0,106.81522571481764,17.600000381469727,69.5999984741211,181.0,-6.216983059421182,0.0,-0.1379999965429306,3448.0
83.0,2.00600004196167,167.0,7520.509765625,3451.0,18.0,3409.0,1791069801000.0,3451.0,106.8152660317719,18.0,70.5999984741211,180.0,-6.216950369998813,0.5,0.12300000339746475,3451.0
83.0,2.015000104904175,166.0,7522.52978515625,3453.0,20.399999618530273,3411.0,1791069803000.0,3453.0,106.8152726534754,20.399999618530273,72.19999694824219,179.0,-6.2168950494378805,0.0,1.1990000009536743,3453.0
83.0,1.9780000448226929,167.0,7536.080078125,3460.0,19.600000381469727,3418.0,1791069810000.0,3460.0,106.81533199734986,19.600000381469727,74.0,179.0,-6.216770745813847,0.5,-0.09799999743700027,3460.0
83.0,1.940999984741211,166.0,7541.2998046875,3464.0,18.600000381469727,3422.0,1791069814000.0,3464.0,106.81536552496254,18.600000381469727,73.5999984741211,179.0,-6.216737804934382,0.0,-0.2720000147819519,3464.0
83.0,1.940999984741211,166.0,7543.580078125,3465.0,18.200000762939453,3423.0,1791069815000.0,3465.0,106.81537030264735,18.200000762939453,73.5999984741211,179.0,-6.2167171854525805,0.0,-0.2980000078678131,3465.0
82.0,1.8569999933242798,164.0,7548.22998046875,3467.0,18.399999618530273,3425.0,1791069817000.0,3467.0,106.81536468677223,18.399999618530273,73.4000015258789,179.0,-6.2166759464889765,0.0,0.050999999046325684,3467.0
83.0,1.902999997138977,166.0,7554.669921875,3470.0,17.799999237060547,3428.0,1791069820000.0,3470.0,106.8153730686754,17.799999237060547,73.19999694824219,179.0,-6.216619284823537,0.0,-0.19499999284744263,3470.0
84.0,1.9589999914169312,169.0,7567.5498046875,3476.0,15.600000381469727,3434.0,1791069826000.0,3476.0,106.81543643586338,15.600000381469727,72.0,180.0,-6.216519791632891,0.5,-0.3490000069141388,3476.0
84.0,1.968999981880188,169.0,7570.35986328125,3477.0,14.800000190734863,3435.0,1791069827000.0,3477.0,106.81545780971646,14.800000190734863,71.80000305175781,181.0,-6.216505542397499,0.5,-0.7950000166893005,3477.0
83.0,2.0250000953674316,167.0,7582.3701171875,3483.0,12.600000381469727,3441.0,1791069833000.0,3483.0,106.81551899760962,12.600000381469727,69.80000305175781,180.0,-6.216415353119373,0.5,-0.3630000054836273,3483.0
82.0,2.0810000896453857,164.0,7597.35009765625,3489.0,8.800000190734863,3447.0,1791069839000.0,3489.0,106.81563558988273,8.800000190734863,67.5999984741211,179.0,-6.216342430561781,0.0,-0.6320000290870667,3489.0
83.0,2.2769999504089355,166.0,7615.81005859375,3496.0,12.199999809265137,3454.0,1791069846000.0,3496.0,106.8157702870667,12.199999809265137,69.80000305175781,180.0,-6.216237237676978,0.0,0.4740000069141388,3496.0
83.0,2.3889999389648438,166.0,7636.419921875,3503.0,15.600000381469727,3461.0,1791069853000.0,3503.0,106.81594555266201,15.600000381469727,78.5999984741211,182.0,-6.216164147481322,0.0,0.4699999988079071,3503.0
83.0,2.4070000648498535,166.0,7645.43017578125,3506.0,16.399999618530273,3464.0,1791069856000.0,3506.0,106.81600548326969,16.399999618530273,82.19999694824219,184.0,-6.216112514957786,0.0,0.28999999165534973,3506.0
83.0,2.322999954223633,167.0,7668.16015625,3514.0,17.200000762939453,3472.0,1791069864000.0,3514.0,106.81613699533045,17.200000762939453,90.5999984741211,185.0,-6.215953091159463,0.5,0.0989999994635582,3514.0
83.0,2.1089999675750732,166.0,7687.6298828125,3522.0,15.600000381469727,3480.0,1791069872000.0,3522.0,106.81631351821125,15.600000381469727,102.4000015258789,185.0,-6.21589140035212,0.0,-0.18700000643730164,3522.0
0.0,1.2319999933242798,0.0,7699.97998046875,3531.0,15.800000190734863,3489.0,1791069881000.0,3531.0,106.81646472774446,15.800000190734863,102.80000305175781,182.0,-6.215920904651284,0.0,0.014000000432133675,3531.0
59.0,1.437000036239624,119.0,7709.72021484375,3539.0,15.199999809265137,3497.0,1791069889000.0,3539.0,106.81655567139387,15.199999809265137,90.80000305175781,181.0,-6.215898524969816,0.5,-0.06599999964237213,3539.0
61.0,1.6890000104904175,122.0,7730.31005859375,3551.0,13.600000381469727,3509.0,1791069901000.0,3551.0,106.8167063780129,13.600000381469727,76.19999694824219,180.0,-6.215790314599872,0.0,-0.14300000667572021,3551.0
55.0,1.7170000076293945,111.0,7733.72998046875,3557.0,13.0,3515.0,1791069907000.0,3557.0,106.81674912571907,13.0,69.4000015258789,177.0,-6.2157980259507895,0.5,-0.10300000011920929,3557.0
55.0,1.6979999542236328,111.0,7735.759765625,3560.0,12.800000190734863,3518.0,1791069910000.0,3560.0,106.8167663924396,12.800000190734863,64.5999984741211,177.0,-6.215789224952459,0.5,-0.03700000047683716,3560.0
61.0,1.5579999685287476,122.0,7745.31982421875,3569.0,12.800000190734863,3527.0,1791069919000.0,3569.0,106.81684182956815,12.800000190734863,50.599998474121094,176.0,-6.215746980160475,0.0,-0.0010000000474974513,3569.0
58.0,1.5579999685287476,117.0,7748.52001953125,3572.0,13.0,3530.0,1791069922000.0,3572.0,106.81686697527766,13.0,46.599998474121094,173.0,-6.215731725096703,0.5,0.061000000685453415,3572.0
60.0,1.5959999561309814,120.0,7757.64013671875,3578.0,13.600000381469727,3536.0,1791069928000.0,3578.0,106.81693704798818,13.600000381469727,38.400001525878906,170.0,-6.215688558295369,0.0,0.08699999749660492,3578.0
0.0,1.6239999532699585,0.0,7761.89990234375,3581.0,13.800000190734863,3539.0,1791069931000.0,3581.0,106.81696915067732,13.800000190734863,36.400001525878906,168.0,-6.215667268261313,0.0,0.08900000154972076,3581.0
58.0,1.5859999656677246,116.0,7773.02001953125,3590.0,14.800000190734863,3548.0,1791069940000.0,3590.0,106.8170462641865,14.800000190734863,35.400001525878906,165.0,-6.215603481978178,0.0,0.1080000028014183,3590.0
58.0,1.5770000219345093,116.0,7774.22021484375,3591.0,15.0,3549.0,1791069941000.0,3591.0,106.81705305352807,15.0,35.599998474121094,166.0,-6.215594932436943,0.0,0.17800000309944153,3591.0
80.0,2.1089999675750732,161.0,7787.31005859375,3597.0,16.600000381469727,3555.0,1791069947000.0,3597.0,106.81714248843491,16.600000381469727,35.599998474121094,163.0,-6.215517232194543,0.5,0.28700000047683716,3597.0
81.0,2.3329999446868896,163.0,7789.93994140625,3598.0,17.0,3556.0,1791069948000.0,3598.0,106.81716000661254,17.0,35.599998474121094,162.0,-6.2155011389404535,0.5,0.3529999852180481,3598.0
84.0,2.3889999389648438,168.0,7799.419921875,3601.0,18.399999618530273,3559.0,1791069951000.0,3601.0,106.81722169741988,18.399999618530273,35.599998474121094,165.0,-6.2154413759708405,0.0,0.4320000112056732,3601.0
86.0,2.4630000591278076,173.0,7805.35009765625,3603.0,19.0,3561.0,1791069953000.0,3603.0,106.81726167909801,19.0,35.599998474121094,168.0,-6.215405752882361,0.5,0.3919999897480011,3603.0
84.0,2.565999984741211,169.0,7813.0498046875,3606.0,19.799999237060547,3564.0,1791069956000.0,3606.0,106.81732035242021,19.799999237060547,35.79999923706055,170.0,-6.215368453413248,0.5,0.20999999344348907,3606.0
84.0,2.5940001010894775,169.0,7820.89990234375,3609.0,19.600000381469727,3567.0,1791069959000.0,3609.0,106.81737089529634,19.600000381469727,37.0,173.0,-6.215318748727441,0.5,-0.06599999964237213,3609.0
85.0,2.621999979019165,170.0,7835.6201171875,3615.0,18.399999618530273,3573.0,1791069965000.0,3615.0,106.81748170405626,18.399999618530273,38.599998474121094,176.0,-6.215246748179197,0.0,-0.18299999833106995,3615.0
83.0,2.556999921798706,166.0,7857.02001953125,3624.0,16.200000762939453,3582.0,1791069974000.0,3624.0,106.81763232685626,16.200000762939453,39.400001525878906,177.0,-6.215125126764178,0.0,-0.24799999594688416,3624.0
84.0,2.546999931335449,168.0,7862.35009765625,3626.0,15.800000190734863,3584.0,1791069976000.0,3626.0,106.81766794994473,15.800000190734863,39.599998474121094,177.0,-6.215092604979873,0.0,-0.17599999904632568,3626.0
83.0,2.500999927520752,166.0,7883.02978515625,3635.0,14.600000381469727,3593.0,1791069985000.0,3635.0,106.81781521998346,14.600000381469727,40.400001525878906,176.0,-6.214977605268359,0.0,-0.1379999965429306,3635.0
83.0,2.490999937057495,166.0,7893.31005859375,3639.0,14.800000190734863,3597.0,1791069989000.0,3639.0,106.81788831017911,14.800000190734863,40.400001525878906,179.0,-6.214920105412602,0.0,0.024000000208616257,3639.0
83.0,2.490999937057495,166.0,7909.0400390625,3645.0,16.600000381469727,3603.0,1791069995000.0,3645.0,106.81799677200615,16.600000381469727,41.0,181.0,-6.214829245582223,0.0,0.31299999356269836,3645.0
82.0,2.5190000534057617,164.0,7927.14990234375,3652.0,19.0,3610.0,1791070002000.0,3652.0,106.81812526658177,19.0,41.20000076293945,182.0,-6.214729165658355,0.0,0.3370000123977661,3652.0
84.0,2.5290000438690186,168.0,7944.35986328125,3659.0,20.600000381469727,3617.0,1791070009000.0,3659.0,106.81824680417776,20.600000381469727,39.599998474121094,184.0,-6.2146329414099455,0.0,0.24799999594688416,3659.0
82.0,2.5380001068115234,165.0,7957.759765625,3664.0,18.600000381469727,3622.0,1791070014000.0,3664.0,106.81833900511265,18.600000381469727,40.20000076293945,184.0,-6.214553564786911,0.5,-0.4309999942779541,3664.0
81.0,2.575000047683716,163.0,7978.85009765625,3674.0,14.600000381469727,3632.0,1791070024000.0,3674.0,106.81860588490963,14.600000381469727,54.0,185.0,-6.214325241744518,0.5,-0.39100000262260437,3674.0
82.0,2.575000047683716,164.0,8007.16015625,3675.0,14.0,3633.0,1791070025000.0,3675.0,106.81860345415771,14.0,48.599998474121094,184.0,-6.214306801557541,0.0,-0.5519999861717224,3675.0
84.0,2.76200008392334,168.0,8017.10986328125,3680.0,15.0,3638.0,1791070030000.0,3680.0,106.81867009028792,15.0,45.20000076293945,185.0,-6.2142477091401815,0.0,0.18199999630451202,3680.0
85.0,2.5940001010894775,170.0,8029.009765625,3686.0,14.399999618530273,3644.0,1791070036000.0,3686.0,106.81873915717006,14.399999618530273,44.20000076293945,187.0,-6.214166823774576,0.0,-0.09099999815225601,3686.0
84.0,2.621999979019165,168.0,8049.10009765625,3694.0,14.0,3652.0,1791070044000.0,3694.0,106.8188370577991,14.0,43.20000076293945,185.0,-6.214015781879425,0.0,-0.05400000140070915,3694.0
84.0,2.575000047683716,168.0,8069.10986328125,3702.0,16.200000762939453,3660.0,1791070052000.0,3702.0,106.81895247660577,16.200000762939453,42.79999923706055,186.0,-6.213876809924841,0.0,0.2809999883174896,3702.0
83.0,2.575000047683716,166.0,8074.2001953125,3704.0,16.799999237060547,3662.0,1791070054000.0,3704.0,106.81898063980043,16.799999237060547,42.599998474121094,186.0,-6.2138404324650764,0.0,0.2770000100135803,3704.0
84.0,2.5940001010894775,168.0,8095.0498046875,3712.0,21.200000762939453,3670.0,1791070062000.0,3712.0,106.81910175830126,21.200000762939453,42.599998474121094,186.0,-6.213696012273431,0.0,0.5450000166893005,3712.0
84.0,2.6029999256134033,168.0,8097.4501953125,3713.0,21.799999237060547,3671.0,1791070063000.0,3713.0,106.81911642663181,21.799999237060547,42.599998474121094,186.0,-6.2136799190193415,0.0,0.5690000057220459,3713.0
83.0,2.61299991607666,166.0,8112.10986328125,3719.0,25.600000381469727,3677.0,1791070069000.0,3719.0,106.8191914446652,25.600000381469727,42.79999923706055,187.0,-6.213571205735207,0.0,0.640999972820282,3719.0
83.0,2.5380001068115234,166.0,8130.7099609375,3727.0,28.0,3685.0,1791070077000.0,3727.0,106.81930183432996,28.0,41.400001525878906,187.0,-6.213445141911507,0.0,0.2919999957084656,3727.0
81.0,2.4820001125335693,163.0,8152.2900390625,3735.0,29.200000762939453,3693.0,1791070085000.0,3735.0,106.81942102499306,29.200000762939453,37.0,186.0,-6.213291333988309,0.5,0.17000000178813934,3735.0
83.0,2.4730000495910645,166.0,8160.9599609375,3739.0,29.399999618530273,3697.0,1791070089000.0,3739.0,106.81946670636535,29.399999618530273,36.400001525878906,187.0,-6.213227212429047,0.0,0.028999999165534973,3739.0
82.0,2.3980000019073486,164.0,8182.3798828125,3748.0,27.799999237060547,3706.0,1791070098000.0,3748.0,106.81957483291626,27.799999237060547,36.599998474121094,186.0,-6.213066028431058,0.0,-0.18400000035762787,3748.0
82.0,2.3889999389648438,164.0,8184.60009765625,3749.0,27.600000381469727,3707.0,1791070099000.0,3749.0,106.81958589702845,27.600000381469727,36.400001525878906,186.0,-6.213049264624715,0.0,-0.2199999988079071,3749.0
83.0,2.369999885559082,166.0,8206.41015625,3757.0,25.0,3715.0,1791070107000.0,3757.0,106.81969352066517,25.0,35.79999923706055,186.0,-6.212883638218045,0.0,-0.3100000023841858,3757.0
83.0,2.2950000762939453,166.0,8223.900390625,3766.0,22.799999237060547,3724.0,1791070116000.0,3766.0,106.81979091838002,22.799999237060547,31.600000381469727,187.0,-6.2127607595175505,0.0,-0.2540000081062317,3766.0
83.0,2.2300000190734863,166.0,8244.1298828125,3775.0,20.600000381469727,3733.0,1791070125000.0,3775.0,106.81987599469721,20.600000381469727,31.399999618530273,186.0,-6.212598821148276,0.0,-0.22699999809265137,3775.0
80.0,2.2109999656677246,160.0,8262.490234375,3783.0,18.799999237060547,3741.0,1791070133000.0,3783.0,106.8199407029897,18.799999237060547,33.400001525878906,185.0,-6.212446186691523,0.0,-0.23499999940395355,3783.0
80.0,2.2300000190734863,160.0,8284.66015625,3792.0,16.0,3750.0,1791070142000.0,3792.0,106.82003038935363,16.0,30.399999618530273,185.0,-6.212266646325588,0.0,-0.31299999356269836,3792.0
81.0,2.249000072479248,163.0,8299.26953125,3799.0,14.199999809265137,3757.0,1791070149000.0,3799.0,106.82009384036064,14.199999809265137,29.200000762939453,185.0,-6.212151730433106,0.5,-0.2590000033378601,3799.0
83.0,2.2769999504089355,166.0,8319.16015625,3806.0,14.199999809265137,3764.0,1791070156000.0,3806.0,106.82017992250621,14.199999809265137,29.0,184.0,-6.211993983015418,0.0,0.00800000037997961,3806.0
84.0,2.3980000019073486,168.0,8338.0498046875,3813.0,15.0,3771.0,1791070163000.0,3813.0,106.82025636546314,15.0,30.600000381469727,186.0,-6.211840845644474,0.0,0.10899999737739563,3813.0
84.0,2.4730000495910645,168.0,8358.76953125,3821.0,20.399999618530273,3779.0,1791070171000.0,3821.0,106.8203397653997,20.399999618530273,32.0,186.0,-6.211673291400075,0.0,0.6779999732971191,3821.0
84.0,2.434999942779541,168.0,8380.419921875,3829.0,26.600000381469727,3787.0,1791070179000.0,3829.0,106.82041771709919,26.600000381469727,35.0,186.0,-6.211496265605092,0.0,0.7789999842643738,3829.0
84.0,2.434999942779541,168.0,8397.8701171875,3836.0,32.20000076293945,3794.0,1791070186000.0,3836.0,106.82050187140703,32.20000076293945,35.20000076293945,185.0,-6.211365005001426,0.0,0.7799999713897705,3836.0
86.0,2.444999933242798,172.0,8418.16015625,3845.0,32.0,3803.0,1791070195000.0,3845.0,106.8205794878304,32.0,35.599998474121094,186.0,-6.2111989594995975,0.0,-0.024000000208616257,3845.0
86.0,2.434999942779541,172.0,8419.6103515625,3846.0,31.399999618530273,3804.0,1791070196000.0,3846.0,106.82057152502239,31.399999618530273,35.599998474121094,185.0,-6.211182363331318,0.0,-0.5920000076293945,3846.0
65.0,1.930999994277954,131.0,8434.650390625,3854.0,28.600000381469727,3812.0,1791070204000.0,3854.0,106.82059700600803,28.600000381469727,35.20000076293945,185.0,-6.211046492680907,0.5,-0.328000009059906,3854.0
60.0,1.6139999628067017,120.0,8447.4697265625,3863.0,26.799999237060547,3821.0,1791070213000.0,3863.0,106.82066531851888,26.799999237060547,35.20000076293945,185.0,-6.210952447727323,0.0,-0.2029999941587448,3863.0
0.0,1.465000033378601,0.0,8456.76953125,3870.0,25.399999618530273,3828.0,1791070220000.0,3870.0,106.82070747949183,25.399999618530273,34.20000076293945,182.0,-6.210879776626825,0.0,-0.19900000095367432,3870.0
61.0,1.5299999713897705,122.0,8463.58984375,3875.0,24.399999618530273,3833.0,1791070225000.0,3875.0,106.82073430158198,24.399999618530273,34.20000076293945,181.0,-6.210824036970735,0.0,-0.1979999989271164,3875.0
63.0,1.5959999561309814,127.0,8479.740234375,3885.0,23.0,3843.0,1791070235000.0,3885.0,106.82081510312855,23.0,37.599998474121094,179.0,-6.210702080279589,0.5,-0.15600000321865082,3885.0
62.0,1.5959999561309814,124.0,8487.4501953125,3890.0,22.799999237060547,3848.0,1791070240000.0,3890.0,106.82085030712187,22.799999237060547,38.599998474121094,176.0,-6.210642149671912,0.0,-0.014999999664723873,3890.0
60.0,1.5859999656677246,120.0,8495.400390625,3895.0,23.0,3853.0,1791070245000.0,3895.0,106.8208746984601,23.0,38.400001525878906,175.0,-6.210574759170413,0.0,0.027000000700354576,3895.0
0.0,1.6050000190734863,0.0,8512.0400390625,3904.0,23.200000762939453,3862.0,1791070254000.0,3904.0,106.82094845920801,23.200000762939453,36.20000076293945,174.0,-6.210443498566747,0.0,0.028999999165534973,3904.0
84.0,2.546999931335449,168.0,8534.080078125,3911.0,24.399999618530273,3869.0,1791070261000.0,3911.0,106.82104795239866,24.399999618530273,34.79999923706055,176.0,-6.210270998999476,0.0,0.1770000010728836,3911.0
84.0,2.6410000324249268,168.0,8547.3896484375,3915.0,24.799999237060547,3873.0,1791070265000.0,3915.0,106.82110310532153,24.799999237060547,34.0,173.0,-6.210163878276944,0.0,0.10300000011920929,3915.0
85.0,2.818000078201294,170.0,8562.1201171875,3920.0,24.399999618530273,3878.0,1791070270000.0,3920.0,106.821144009009,24.399999618530273,32.400001525878906,171.0,-6.210036305710673,0.0,-0.09200000017881393,3920.0
86.0,2.9110000133514404,173.0,8584.849609375,3927.0,24.200000762939453,3885.0,1791070277000.0,3927.0,106.82123905979097,24.200000762939453,31.799999237060547,172.0,-6.209854083135724,0.5,-0.03799999877810478,3927.0
86.0,2.930000066757202,172.0,8590.6201171875,3929.0,24.399999618530273,3887.0,1791070279000.0,3929.0,106.82126227766275,24.399999618530273,31.799999237060547,174.0,-6.209807312116027,0.0,0.1289999932050705,3929.0
85.0,2.9579999446868896,170.0,8596.919921875,3931.0,24.799999237060547,3889.0,1791070281000.0,3931.0,106.82128599844873,24.799999237060547,31.799999237060547,178.0,-6.209755511954427,0.0,0.17499999701976776,3931.0
85.0,2.994999885559082,170.0,8608.1103515625,3935.0,25.0,3893.0,1791070285000.0,3935.0,106.82133637368679,25.0,31.0,181.0,-6.209667669609189,0.0,0.06599999964237213,3935.0
85.0,2.9670000076293945,170.0,8611.2099609375,3936.0,25.0,3894.0,1791070286000.0,3936.0,106.8213517125696,25.0,30.799999237060547,182.0,-6.209644200280309,0.0,0.009999999776482582,3936.0
84.0,2.9760000705718994,168.0,8632.7900390625,3943.0,24.399999618530273,3901.0,1791070293000.0,3943.0,106.82143125683069,24.399999618530273,29.200000762939453,184.0,-6.209466001018882,0.0,-0.08900000154972076,3943.0
84.0,2.9670000076293945,168.0,8635.419921875,3944.0,24.399999618530273,3902.0,1791070294000.0,3944.0,106.8214381299913,24.399999618530273,29.200000762939453,184.0,-6.2094431184232235,0.0,0.024000000208616257,3944.0
84.0,2.8929998874664307,169.0,8658.080078125,3952.0,23.200000762939453,3910.0,1791070302000.0,3952.0,106.82152345776558,23.200000762939453,29.600000381469727,184.0,-6.20925678871572,0.5,-0.14900000393390656,3952.0
84.0,2.874000072479248,168.0,8666.0302734375,3955.0,22.600000381469727,3913.0,1791070305000.0,3955.0,106.82155623100698,22.600000381469727,29.799999237060547,184.0,-6.209192918613553,0.0,-0.19900000095367432,3955.0
83.0,2.8269999027252197,166.0,8684.0400390625,3962.0,22.799999237060547,3920.0,1791070312000.0,3962.0,106.82160669006407,22.799999237060547,29.0,185.0,-6.209036931395531,0.0,0.024000000208616257,3962.0
83.0,2.7990000247955322,167.0,8706.0302734375,3970.0,24.200000762939453,3928.0,1791070320000.0,3970.0,106.82168304920197,24.200000762939453,28.600000381469727,185.0,-6.208853367716074,0.5,0.18000000715255737,3970.0
84.0,2.7990000247955322,169.0,8709.2099609375,3971.0,24.200000762939453,3929.0,1791070321000.0,3971.0,106.82168967090547,24.200000762939453,28.600000381469727,185.0,-6.208825455978513,0.5,-0.024000000208616257,3971.0
83.0,2.8269999027252197,167.0,8728.6103515625,3978.0,28.200000762939453,3936.0,1791070328000.0,3978.0,106.8217489309609,28.200000762939453,28.600000381469727,185.0,-6.208661003038287,0.5,0.5740000009536743,3978.0
82.0,2.8369998931884766,165.0,8748.9404296875,3985.0,27.399999618530273,3943.0,1791070335000.0,3985.0,106.82184934616089,27.399999618530273,26.200000762939453,187.0,-6.208501327782869,0.5,-0.12200000137090683,3985.0
82.0,2.8369998931884766,165.0,8754.330078125,3987.0,27.0,3945.0,1791070337000.0,3987.0,106.82186175137758,27.0,24.600000381469727,187.0,-6.208454053848982,0.5,-0.22699999809265137,3987.0
83.0,2.818000078201294,167.0,8770.169921875,3993.0,23.399999618530273,3951.0,1791070343000.0,3993.0,106.8218951113522,23.399999618530273,23.0,185.0,-6.208316087722778,0.5,-0.6019999980926514,3993.0
83.0,2.753000020980835,167.0,8785.599609375,4000.0,20.600000381469727,3958.0,1791070350000.0,4000.0,106.82191656902432,20.600000381469727,22.799999237060547,186.0,-6.208179043605924,0.5,-0.3930000066757202,4000.0
84.0,2.490999937057495,169.0,8806.6904296875,4008.0,18.600000381469727,3966.0,1791070358000.0,4008.0,106.82189527899027,18.600000381469727,23.799999237060547,186.0,-6.2079808954149485,0.5,-0.24899999797344208,4008.0
84.0,2.4630000591278076,169.0,8809.259765625,4009.0,18.600000381469727,3967.0,1791070359000.0,4009.0,106.82189075276256,18.600000381469727,24.200000762939453,186.0,-6.207956336438656,0.5,0.020999999716877937,4009.0
84.0,2.3510000705718994,169.0,8830.41015625,4017.0,18.0,3975.0,1791070367000.0,4017.0,106.82187700644135,18.0,29.399999618530273,186.0,-6.207758020609617,0.5,-0.06400000303983688,4017.0
84.0,2.3510000705718994,169.0,8833.759765625,4018.0,17.799999237060547,3976.0,1791070368000.0,4018.0,106.82189578190446,17.799999237060547,30.399999618530273,186.0,-6.2077308632433414,0.5,-0.22599999606609344,4018.0
82.0,2.305000066757202,165.0,8854.490234375,4025.0,15.800000190734863,3983.0,1791070375000.0,4025.0,106.82188337668777,15.800000190734863,39.79999923706055,185.0,-6.2075370736420155,0.5,-0.289000004529953,4025.0
82.0,2.257999897003174,165.0,8859.5400390625,4027.0,15.600000381469727,3985.0,1791070377000.0,4027.0,106.82189343497157,15.600000381469727,41.79999923706055,184.0,-6.207492062821984,0.5,-0.16200000047683716,4027.0
83.0,1.875,166.0,8873.16015625,4037.0,14.600000381469727,3995.0,1791070387000.0,4037.0,106.8218715582043,14.600000381469727,47.0,181.0,-6.207365412265062,0.0,-0.09099999815225601,4037.0
84.0,1.8380000591278076,168.0,8889.2197265625,4046.0,16.0,4004.0,1791070396000.0,4046.0,106.82181942276657,16.0,50.400001525878906,181.0,-6.2072172202169895,0.0,0.15800000727176666,4046.0
85.0,1.875,171.0,8902.1904296875,4051.0,18.200000762939453,4009.0,1791070401000.0,4051.0,106.82179779745638,18.200000762939453,51.599998474121094,184.0,-6.207104315981269,0.5,0.4269999861717224,4051.0
86.0,1.8940000534057617,173.0,8906.849609375,4052.0,18.799999237060547,4010.0,1791070402000.0,4052.0,106.8218261282891,18.799999237060547,51.599998474121094,181.0,-6.207062741741538,0.5,0.5669999718666077,4052.0
86.0,1.940999984741211,173.0,8910.8203125,4053.0,19.200000762939453,4011.0,1791070403000.0,4053.0,106.82185311801732,19.200000762939453,51.599998474121094,180.0,-6.207029800862074,0.5,0.3659999966621399,4053.0
86.0,2.0989999771118164,173.0,8916.3603515625,4055.0,20.0,4013.0,1791070405000.0,4055.0,106.82187767699361,20.0,51.79999923706055,176.0,-6.206982275471091,0.5,0.4189999997615814,4055.0
85.0,2.3980000019073486,171.0,8927.169921875,4060.0,22.200000762939453,4018.0,1791070410000.0,4060.0,106.8219003919512,22.200000762939453,51.400001525878906,175.0,-6.20688596740365,0.5,0.4560000002384186,4060.0
84.0,2.2669999599456787,168.0,8934.3896484375,4063.0,23.799999237060547,4021.0,1791070413000.0,4063.0,106.82191472500563,23.799999237060547,50.400001525878906,172.0,-6.206822264939547,0.0,0.5080000162124634,4063.0
84.0,2.2669999599456787,168.0,8948.150390625,4069.0,26.399999618530273,4027.0,1791070419000.0,4069.0,106.82194917462766,26.399999618530273,46.79999923706055,169.0,-6.206703241914511,0.0,0.44699999690055847,4069.0
84.0,2.2860000133514404,168.0,8950.490234375,4070.0,26.799999237060547,4028.0,1791070420000.0,4070.0,106.82195479050279,26.799999237060547,46.0,169.0,-6.206682790070772,0.0,0.46799999475479126,4070.0
84.0,2.509999990463257,169.0,8970.990234375,4079.0,29.600000381469727,4037.0,1791070429000.0,4079.0,106.82198898866773,29.600000381469727,38.79999923706055,171.0,-6.20650190860033,0.5,0.2939999997615814,4079.0
84.0,2.5190000534057617,169.0,8976.1298828125,4081.0,30.0,4039.0,1791070431000.0,4081.0,106.82199435308576,30.0,36.400001525878906,173.0,-6.206455808132887,0.5,0.20999999344348907,4081.0
84.0,2.556999921798706,169.0,8983.48046875,4084.0,30.600000381469727,4042.0,1791070434000.0,4084.0,106.82199980132282,30.600000381469727,33.599998474121094,179.0,-6.2063895072788,0.5,0.21199999749660492,4084.0
84.0,2.565999984741211,169.0,8988.8095703125,4086.0,31.0,4044.0,1791070436000.0,4086.0,106.82200910523534,31.0,32.400001525878906,183.0,-6.206342149525881,0.5,0.1889999955892563,4086.0
84.0,2.575000047683716,169.0,8998.9404296875,4090.0,31.600000381469727,4048.0,1791070440000.0,4090.0,106.8220404535532,31.600000381469727,31.399999618530273,186.0,-6.206255815923214,0.5,0.17800000309944153,4090.0
84.0,2.575000047683716,169.0,9001.4501953125,4091.0,31.799999237060547,4049.0,1791070441000.0,4091.0,106.82205185294151,31.799999237060547,31.200000762939453,186.0,-6.206235950812697,0.5,0.20399999618530273,4091.0
83.0,2.565999984741211,167.0,9022.4501953125,4098.0,34.0,4056.0,1791070448000.0,4098.0,106.82212234474719,34.0,30.0,187.0,-6.206055572256446,0.5,0.2980000078678131,4098.0
83.0,2.509999990463257,167.0,9041.01953125,4107.0,32.79999923706055,4065.0,1791070457000.0,4107.0,106.82215914130211,32.79999923706055,35.0,188.0,-6.205890197306871,0.5,-0.12700000405311584,4107.0
83.0,2.1649999618530273,167.0,9063.3603515625,4119.0,31.799999237060547,4077.0,1791070469000.0,4119.0,106.8221662659198,31.799999237060547,36.20000076293945,186.0,-6.205689534544945,0.5,-0.08100000023841858,4119.0
82.0,2.2950000762939453,165.0,9084.490234375,4126.0,30.200000762939453,4084.0,1791070476000.0,4126.0,106.82211052626371,30.200000762939453,37.400001525878906,185.0,-6.205496247857809,0.5,-0.22699999809265137,4126.0
82.0,2.3420000076293945,165.0,9090.6396484375,4128.0,30.200000762939453,4086.0,1791070478000.0,4128.0,106.8220869731158,30.200000762939453,37.599998474121094,185.0,-6.205443609505892,0.5,-0.020999999716877937,4128.0
82.0,2.509999990463257,165.0,9111.98046875,4135.0,24.0,4093.0,1791070485000.0,4135.0,106.8220695387572,24.0,36.20000076293945,186.0,-6.205251161009073,0.5,-0.8799999952316284,4135.0
82.0,2.509999990463257,165.0,9115.3701171875,4136.0,22.799999237060547,4094.0,1791070486000.0,4136.0,106.82207356207073,22.799999237060547,36.20000076293945,187.0,-6.205220818519592,0.5,-1.1929999589920044,4136.0
84.0,2.490999937057495,169.0,9135.650390625,4144.0,21.799999237060547,4102.0,1791070494000.0,4144.0,106.82204028591514,21.799999237060547,37.400001525878906,186.0,-6.205023927614093,0.5,-0.14800000190734863,4144.0
84.0,2.444999933242798,169.0,9135.91015625,4145.0,21.799999237060547,4103.0,1791070495000.0,4145.0,106.82203324511647,21.799999237060547,37.400001525878906,186.0,-6.205020071938634,0.5,0.012000000104308128,4145.0
64.0,1.9589999914169312,128.0,9138.8701171875,4149.0,21.399999618530273,4107.0,1791070499000.0,4149.0,106.82205269113183,21.399999618530273,35.20000076293945,185.0,-6.204997105523944,0.0,-0.0729999989271164,4149.0
63.0,1.6330000162124634,127.0,9142.830078125,4153.0,21.0,4111.0,1791070503000.0,4153.0,106.82206534780562,21.0,34.0,183.0,-6.204962991178036,0.5,-0.08399999886751175,4153.0
0.0,1.5959999561309814,0.0,9144.9697265625,4155.0,21.0,4113.0,1791070505000.0,4155.0,106.82207096368074,21.0,33.79999923706055,182.0,-6.204943209886551,0.0,-0.09099999815225601,4155.0
62.0,1.5579999685287476,124.0,9155.0595703125,4162.0,20.200000762939453,4120.0,1791070512000.0,4162.0,106.82211748324335,20.200000762939453,34.0,179.0,-6.204861989244819,0.0,-0.10300000011920929,4162.0
61.0,1.5770000219345093,122.0,9164.66015625,4168.0,19.0,4126.0,1791070518000.0,4168.0,106.82216257788241,19.0,34.20000076293945,178.0,-6.204783618450165,0.0,-0.18400000035762787,4168.0
63.0,1.5579999685287476,127.0,9172.3798828125,4175.0,16.0,4133.0,1791070525000.0,4175.0,106.82220029644668,16.0,34.79999923706055,178.0,-6.204716144129634,0.5,-0.4410000145435333,4175.0
61.0,1.5399999618530273,123.0,9184.4599609375,4184.0,11.0,4142.0,1791070534000.0,4184.0,106.82222770527005,11.0,33.0,179.0,-6.204610867425799,0.5,-0.5529999732971191,4184.0
63.0,1.5019999742507935,126.0,9193.7900390625,4191.0,11.800000190734863,4149.0,1791070541000.0,4191.0,106.8222476541996,11.800000190734863,32.0,181.0,-6.204527718946338,0.0,0.09700000286102295,4191.0
67.0,1.5490000247955322,135.0,9205.919921875,4198.0,10.199999809265137,4156.0,1791070548000.0,4198.0,106.82224430143833,10.199999809265137,31.200000762939453,180.0,-6.204420095309615,0.5,-0.20900000631809235,4198.0
67.0,1.5579999685287476,135.0,9207.580078125,4199.0,9.600000381469727,4157.0,1791070549000.0,4199.0,106.82223902083933,9.600000381469727,31.200000762939453,179.0,-6.2044058460742235,0.5,-0.6420000195503235,4199.0
0.0,1.6050000190734863,0.0,9216.76953125,4204.0,8.600000381469727,4162.0,1791070554000.0,4204.0,106.8222341593355,8.600000381469727,31.799999237060547,176.0,-6.204323284327984,0.0,-0.20600000023841858,4204.0
87.0,2.509999990463257,174.0,9229.7099609375,4208.0,11.0,4166.0,1791070558000.0,4208.0,106.82226357981563,11.0,32.20000076293945,178.0,-6.204209625720978,0.0,0.609000027179718,4208.0
84.0,2.994999885559082,169.0,9243.4404296875,4212.0,14.199999809265137,4170.0,1791070562000.0,4212.0,106.82230347767472,14.199999809265137,32.20000076293945,181.0,-6.204092111438513,0.5,0.8190000057220459,4212.0
85.0,3.0789999961853027,171.0,9250.4296875,4214.0,17.0,4172.0,1791070564000.0,4214.0,106.82231512852013,17.0,32.20000076293945,182.0,-6.204030169174075,0.5,1.3680000305175781,4214.0
85.0,3.1540000438690186,171.0,9272.3701171875,4221.0,23.399999618530273,4179.0,1791070571000.0,4221.0,106.82235393673182,23.399999618530273,30.600000381469727,183.0,-6.203835625201464,0.5,0.9010000228881836,4221.0
85.0,3.0510001182556152,171.0,9291.2998046875,4227.0,23.799999237060547,4185.0,1791070577000.0,4227.0,106.82238176465034,23.799999237060547,28.600000381469727,186.0,-6.203666897490621,0.5,0.06599999964237213,4227.0
85.0,3.0510001182556152,171.0,9297.83984375,4229.0,23.600000381469727,4187.0,1791070579000.0,4229.0,106.82238863781095,23.600000381469727,27.600000381469727,187.0,-6.203608140349388,0.5,-0.11100000143051147,4229.0
85.0,3.0420000553131104,171.0,9314.1396484375,4234.0,23.399999618530273,4192.0,1791070584000.0,4234.0,106.82239475660026,23.399999618530273,26.799999237060547,188.0,-6.20346212759614,0.5,-0.03999999910593033,4234.0
85.0,3.0320000648498535,171.0,9336.8798828125,4241.0,22.399999618530273,4199.0,1791070591000.0,4241.0,106.82245996780694,22.399999618530273,27.399999618530273,190.0,-6.20326716452837,0.5,-0.12700000405311584,4241.0
85.0,3.0320000648498535,171.0,9342.919921875,4243.0,21.600000381469727,4201.0,1791070593000.0,4243.0,106.82247220538557,21.600000381469727,27.600000381469727,189.0,-6.203213771805167,0.5,-0.37700000405311584,4243.0
83.0,2.9760000705718994,167.0,9364.8701171875,4251.0,16.799999237060547,4209.0,1791070601000.0,4251.0,106.82253909297287,16.799999237060547,27.799999237060547,189.0,-6.203027023002505,0.5,-0.6129999756813049,4251.0
83.0,2.947999954223633,167.0,9369.1298828125,4253.0,15.199999809265137,4211.0,1791070603000.0,4253.0,106.82255334220827,15.199999809265137,28.0,189.0,-6.202991148456931,0.5,-0.7630000114440918,4253.0
84.0,2.697000026702881,169.0,9383.759765625,4260.0,14.0,4218.0,1791070610000.0,4260.0,106.82259114459157,14.0,30.799999237060547,188.0,-6.202864414080977,0.5,-0.17800000309944153,4260.0
61.0,2.249000072479248,123.0,9395.6396484375,4267.0,13.800000190734863,4225.0,1791070617000.0,4267.0,106.82264084927738,13.800000190734863,32.20000076293945,188.0,-6.2027692794799805,0.5,-0.026000000536441803,4267.0
59.0,1.6519999504089355,119.0,9403.1396484375,4272.0,13.800000190734863,4230.0,1791070622000.0,4272.0,106.82263841852546,13.800000190734863,31.799999237060547,185.0,-6.202699961140752,0.5,0.0020000000949949026,4272.0
59.0,1.5770000219345093,119.0,9410.4501953125,4277.0,13.800000190734863,4235.0,1791070627000.0,4277.0,106.82264780625701,13.800000190734863,31.0,182.0,-6.202634330838919,0.5,-0.013000000268220901,4277.0
59.0,1.5770000219345093,119.0,9412.23046875,4278.0,13.600000381469727,4236.0,1791070628000.0,4278.0,106.82265308685601,13.600000381469727,30.799999237060547,182.0,-6.2026190757751465,0.5,-0.12700000405311584,4278.0
63.0,1.5959999561309814,127.0,9432.1103515625,4290.0,12.0,4248.0,1791070640000.0,4290.0,106.82269583456218,12.0,30.200000762939453,181.0,-6.202445570379496,0.5,-0.12999999523162842,4290.0
84.0,1.6799999475479126,169.0,9447.0400390625,4296.0,12.399999618530273,4254.0,1791070646000.0,4296.0,106.82273061946034,12.399999618530273,29.200000762939453,180.0,-6.202315483242273,0.5,0.052000001072883606,4296.0
85.0,2.8459999561309814,171.0,9468.2197265625,4303.0,13.600000381469727,4261.0,1791070653000.0,4303.0,106.8227833416313,13.600000381469727,28.600000381469727,182.0,-6.2021322548389435,0.5,0.18000000715255737,4303.0
85.0,2.8459999561309814,171.0,9471.169921875,4304.0,13.399999618530273,4262.0,1791070654000.0,4304.0,106.82278904132545,13.399999618530273,28.399999618530273,183.0,-6.20210618712008,0.5,-0.16699999570846558,4304.0
86.0,2.9019999504089355,173.0,9481.0498046875,4307.0,13.0,4265.0,1791070657000.0,4307.0,106.82280463166535,13.0,28.200000762939453,186.0,-6.202018177136779,0.5,-0.19200000166893005,4307.0
84.0,2.994999885559082,169.0,9499.0703125,4313.0,12.0,4271.0,1791070663000.0,4313.0,106.82282147929072,12.0,28.799999237060547,185.0,-6.201856154948473,0.5,-0.15000000596046448,4313.0
85.0,2.947999954223633,171.0,9517.0400390625,4319.0,12.0,4277.0,1791070669000.0,4319.0,106.8228576052934,12.0,28.600000381469727,186.0,-6.201698491349816,0.5,0.0,4319.0
86.0,2.865000009536743,173.0,9534.830078125,4325.0,11.800000190734863,4283.0,1791070675000.0,4325.0,106.82287872768939,11.800000190734863,28.200000762939453,187.0,-6.201539654284716,0.5,-0.026000000536441803,4325.0
82.0,2.8459999561309814,165.0,9557.23046875,4333.0,11.199999809265137,4291.0,1791070683000.0,4333.0,106.82291024364531,11.199999809265137,28.0,187.0,-6.201339410617948,0.5,-0.09000000357627869,4333.0
84.0,2.809000015258789,169.0,9575.6103515625,4340.0,11.399999618530273,4298.0,1791070690000.0,4340.0,106.82293379679322,11.399999618530273,28.600000381469727,188.0,-6.201175712049007,0.5,0.050999999046325684,4340.0
84.0,2.7899999618530273,169.0,9596.83984375,4347.0,11.600000381469727,4305.0,1791070697000.0,4347.0,106.82296992279589,11.600000381469727,28.799999237060547,187.0,-6.200987454503775,0.5,0.01600000075995922,4347.0
85.0,2.809000015258789,171.0,9609.830078125,4352.0,11.399999618530273,4310.0,1791070702000.0,4352.0,106.82298886589706,11.399999618530273,28.600000381469727,187.0,-6.2008714489638805,0.5,-0.0560000017285347,4352.0
65.0,2.5190000534057617,130.0,9623.33984375,4359.0,10.800000190734863,4317.0,1791070709000.0,4359.0,106.82298702187836,10.800000190734863,28.0,187.0,-6.2007492408156395,0.0,-0.06400000303983688,4359.0
64.0,1.902999997138977,128.0,9638.7197265625,4368.0,11.399999618530273,4326.0,1791070718000.0,4368.0,106.82299548760056,11.399999618530273,25.200000762939453,184.0,-6.200610939413309,0.0,0.057999998331069946,4368.0
61.0,1.8849999904632568,122.0,9640.33984375,4369.0,11.399999618530273,4327.0,1791070719000.0,4369.0,106.82299624197185,11.399999618530273,25.0,184.0,-6.200596271082759,0.0,0.00800000037997961,4369.0
63.0,1.5959999561309814,127.0,9658.75,4380.0,12.199999809265137,4338.0,1791070730000.0,4380.0,106.82302893139422,12.199999809265137,23.799999237060547,181.0,-6.200435422360897,0.5,0.06800000369548798,4380.0
84.0,2.7249999046325684,169.0,9675.3701171875,4385.0,13.600000381469727,4343.0,1791070735000.0,4385.0,106.82302163913846,13.600000381469727,25.799999237060547,181.0,-6.200285805389285,0.5,0.3070000112056732,4385.0
85.0,3.059999942779541,171.0,9697.919921875,4392.0,14.800000190734863,4350.0,1791070742000.0,4392.0,106.82302499189973,14.800000190734863,27.399999618530273,182.0,-6.20008229278028,0.5,0.1459999978542328,4392.0
85.0,3.059999942779541,171.0,9700.580078125,4393.0,14.600000381469727,4351.0,1791070743000.0,4393.0,106.82302482426167,14.600000381469727,27.399999618530273,181.0,-6.200058236718178,0.5,-0.0020000000949949026,4393.0
85.0,3.0510001182556152,171.0,9723.4697265625,4400.0,14.199999809265137,4358.0,1791070750000.0,4400.0,106.82299825362861,14.199999809265137,26.0,181.0,-6.199856149032712,0.5,-0.07599999755620956,4400.0
84.0,3.059999942779541,169.0,9737.5498046875,4405.0,13.199999809265137,4363.0,1791070755000.0,4405.0,106.82290253229439,13.199999809265137,26.200000762939453,184.0,-6.199794793501496,0.5,-0.20900000631809235,4405.0
82.0,2.9110000133514404,165.0,9747.419921875,4409.0,13.399999618530273,4367.0,1791070759000.0,4409.0,106.82282675988972,13.399999618530273,26.399999618530273,186.0,-6.199841313064098,0.5,0.05299999937415123,4409.0
83.0,2.8929998874664307,167.0,9750.6396484375,4410.0,13.800000190734863,4368.0,1791070760000.0,4410.0,106.82282709516585,13.800000190734863,26.399999618530273,186.0,-6.199871739372611,0.5,0.4429999887943268,4410.0
82.0,2.8269999027252197,165.0,9771.1904296875,4416.0,12.800000190734863,4374.0,1791070766000.0,4416.0,106.82277521118522,12.800000190734863,27.200000762939453,186.0,-6.200050776824355,0.5,-0.17800000309944153,4416.0
83.0,2.8369998931884766,167.0,9774.759765625,4418.0,12.399999618530273,4376.0,1791070768000.0,4418.0,106.82276682928205,12.399999618530273,28.0,186.0,-6.200082208961248,0.5,-0.17299999296665192,4418.0
84.0,2.818000078201294,169.0,9788.48046875,4423.0,11.199999809265137,4381.0,1791070773000.0,4423.0,106.82274168357253,11.199999809265137,27.600000381469727,187.0,-6.20020299218595,0.5,-0.2460000067949295,4423.0
85.0,3.0320000648498535,171.0,9807.009765625,4429.0,9.399999618530273,4387.0,1791070779000.0,4429.0,106.82271486148238,9.399999618530273,24.799999237060547,187.0,-6.200369792059064,0.5,-0.27799999713897705,4429.0
84.0,2.947999954223633,169.0,9829.8798828125,4435.0,9.199999809265137,4393.0,1791070785000.0,4435.0,106.82271259836853,9.199999809265137,24.600000381469727,189.0,-6.200581267476082,0.5,-0.057999998331069946,4435.0
84.0,2.947999954223633,169.0,9832.25,4436.0,9.399999618530273,4394.0,1791070786000.0,4436.0,106.82271762751043,9.399999618530273,25.399999618530273,189.0,-6.200604569166899,0.5,0.22200000286102295,4436.0
84.0,2.947999954223633,169.0,9833.8701171875,4437.0,9.399999618530273,4395.0,1791070787000.0,4437.0,106.8227154482156,9.399999618530273,26.399999618530273,189.0,-6.200621165335178,0.5,0.09600000083446503,4437.0
84.0,2.7809998989105225,169.0,9843.3203125,4440.0,9.399999618530273,4398.0,1791070790000.0,4440.0,106.8226985167712,9.399999618530273,28.200000762939453,190.0,-6.200703727081418,0.5,-0.013000000268220901,4440.0
83.0,2.7709999084472656,167.0,9859.6298828125,4447.0,9.600000381469727,4405.0,1791070797000.0,4447.0,106.82266532443464,9.600000381469727,28.200000762939453,190.0,-6.200848398730159,0.5,0.032999999821186066,4447.0
83.0,2.697000026702881,167.0,9880.4296875,4455.0,10.0,4413.0,1791070805000.0,4455.0,106.82260740548372,10.0,27.0,191.0,-6.201026095077395,0.5,0.05400000140070915,4455.0
83.0,2.7060000896453857,167.0,9885.0302734375,4457.0,10.399999618530273,4415.0,1791070807000.0,4457.0,106.82259961031377,10.399999618530273,27.0,191.0,-6.201066747307777,0.5,0.1289999932050705,4457.0
83.0,2.1459999084472656,167.0,9892.4697265625,4462.0,10.800000190734863,4420.0,1791070812000.0,4462.0,106.82259567081928,10.800000190734863,27.399999618530273,190.0,-6.201134053990245,0.5,0.09399999678134918,4462.0
0.0,1.7170000076293945,0.0,9908.5595703125,4472.0,11.800000190734863,4430.0,1791070822000.0,4472.0,106.82255443185568,11.800000190734863,24.799999237060547,188.0,-6.2012716848403215,0.0,0.09700000286102295,4472.0
80.0,2.8550000190734863,160.0,9921.900390625,4476.0,13.199999809265137,4434.0,1791070826000.0,4476.0,106.82254303246737,13.199999809265137,22.799999237060547,187.0,-6.201391881331801,0.0,0.37700000405311584,4476.0
85.0,3.2279999256134033,171.0,9943.4697265625,4482.0,15.600000381469727,4440.0,1791070832000.0,4482.0,106.82251604273915,15.600000381469727,22.200000762939453,187.0,-6.201586257666349,0.5,0.38100001215934753,4482.0
86.0,3.171999931335449,172.0,9946.58984375,4483.0,15.800000190734863,4441.0,1791070833000.0,4483.0,106.82251109741628,15.800000190734863,22.200000762939453,188.0,-6.201614169403911,0.0,0.2370000034570694,4483.0
86.0,3.322000026702881,173.0,9967.009765625,4489.0,16.200000762939453,4447.0,1791070839000.0,4489.0,106.8224514182657,16.200000762939453,23.399999618530273,192.0,-6.201789183542132,0.5,0.07999999821186066,4489.0
85.0,3.2839999198913574,171.0,9970.169921875,4490.0,16.399999618530273,4448.0,1791070840000.0,4490.0,106.82243842631578,16.399999618530273,23.600000381469727,188.0,-6.201814915984869,0.5,0.04899999871850014,4490.0
86.0,3.2750000953674316,173.0,9991.6103515625,4496.0,15.399999618530273,4454.0,1791070846000.0,4496.0,106.82239308021963,15.399999618530273,25.799999237060547,189.0,-6.202003173530102,0.5,-0.14800000190734863,4496.0
86.0,3.2839999198913574,173.0,9998.08984375,4498.0,15.800000190734863,4456.0,1791070848000.0,4498.0,106.82235854677856,15.800000190734863,26.399999618530273,190.0,-6.2020497769117355,0.5,0.18299999833106995,4498.0
86.0,3.2839999198913574,173.0,10001.240234375,4499.0,16.200000762939453,4457.0,1791070849000.0,4499.0,106.82233331725001,16.200000762939453,26.399999618530273,191.0,-6.202062936499715,0.5,0.49399998784065247,4499.0
86.0,3.25600004196167,173.0,10006.08984375,4502.0,16.799999237060547,4460.0,1791070852000.0,4502.0,106.82229191064835,16.799999237060547,26.799999237060547,192.0,-6.202074252068996,0.5,0.14100000262260437,4502.0
65.0,1.6330000162124634,131.0,10017.2998046875,4509.0,17.200000762939453,4467.0,1791070859000.0,4509.0,106.82220197282732,17.200000762939453,27.600000381469727,191.0,-6.2020359467715025,0.5,0.05900000035762787,4509.0
57.0,1.5959999561309814,114.0,10024.7197265625,4514.0,17.600000381469727,4472.0,1791070864000.0,4514.0,106.82215126231313,17.600000381469727,30.399999618530273,188.0,-6.20197668671608,0.0,0.0949999988079071,4514.0
60.0,1.5770000219345093,121.0,10028.33984375,4516.0,17.600000381469727,4474.0,1791070866000.0,4516.0,106.8221197463572,17.600000381469727,31.0,187.0,-6.201966628432274,0.5,-0.020999999716877937,4516.0
60.0,1.5679999589920044,121.0,10032.8603515625,4518.0,17.399999618530273,4476.0,1791070868000.0,4518.0,106.8220787588507,17.399999618530273,31.200000762939453,187.0,-6.201962102204561,0.5,-0.05700000002980232,4518.0
0.0,1.6050000190734863,0.0,10041.169921875,4523.0,16.799999237060547,4481.0,1791070873000.0,4523.0,106.82200499810278,16.799999237060547,31.600000381469727,188.0,-6.201927484944463,0.0,-0.12800000607967377,4523.0
62.0,1.6610000133514404,125.0,10055.41015625,4531.0,14.800000190734863,4489.0,1791070881000.0,4531.0,106.8218818679452,14.800000190734863,33.400001525878906,187.0,-6.201889598742127,0.5,-0.24199999868869781,4531.0
63.0,1.6979999542236328,127.0,10062.6796875,4536.0,14.199999809265137,4494.0,1791070886000.0,4536.0,106.82182185351849,14.199999809265137,33.599998474121094,184.0,-6.201856071129441,0.5,-0.14399999380111694,4536.0
63.0,1.6979999542236328,127.0,10064.900390625,4538.0,13.800000190734863,4496.0,1791070888000.0,4538.0,106.8218023236841,13.800000190734863,33.599998474121094,184.0,-6.201859507709742,0.5,-0.16300000250339508,4538.0
63.0,1.6890000104904175,127.0,10066.509765625,4539.0,13.600000381469727,4497.0,1791070889000.0,4539.0,106.82178815826774,13.600000381469727,33.599998474121094,185.0,-6.201862944290042,0.5,-0.257999986410141,4539.0
80.0,1.7079999446868896,160.0,10081.349609375,4545.0,11.600000381469727,4503.0,1791070895000.0,4545.0,106.82166167534888,11.600000381469727,37.79999923706055,186.0,-6.201826483011246,0.0,-0.3409999907016754,4545.0
84.0,3.069999933242798,169.0,10101.7099609375,4551.0,8.800000190734863,4509.0,1791070901000.0,4551.0,106.82148833759129,8.800000190734863,38.0,186.0,-6.201766720041633,0.5,-0.4519999921321869,4551.0
86.0,3.190999984741211,173.0,10114.1298828125,4554.0,9.0,4512.0,1791070904000.0,4554.0,106.82137669064105,9.0,37.20000076293945,190.0,-6.201763870194554,0.5,0.0689999982714653,4554.0
87.0,3.4059998989105225,174.0,10122.009765625,4556.0,9.199999809265137,4514.0,1791070906000.0,4556.0,106.8213067855686,9.199999809265137,36.79999923706055,187.0,-6.20175045914948,0.0,0.12700000405311584,4556.0
87.0,3.490000009536743,174.0,10126.169921875,4557.0,9.800000190734863,4515.0,1791070907000.0,4557.0,106.8212705757469,9.800000190734863,36.599998474121094,187.0,-6.201740484684706,0.0,0.5929999947547913,4557.0
89.0,3.694999933242798,179.0,10143.48046875,4562.0,11.399999618530273,4520.0,1791070912000.0,4562.0,106.82111894711852,11.399999618530273,36.0,190.0,-6.20169673115015,0.5,0.3240000009536743,4562.0
88.0,3.7039999961853027,176.0,10147.26953125,4563.0,11.600000381469727,4521.0,1791070913000.0,4563.0,106.82108474895358,11.600000381469727,36.20000076293945,191.0,-6.201694468036294,0.0,0.19200000166893005,4563.0
88.0,3.6760001182556152,176.0,10156.259765625,4565.0,13.0,4523.0,1791070915000.0,4565.0,106.82100344449282,13.0,36.20000076293945,192.0,-6.201690109446645,0.0,0.6240000128746033,4565.0
