directHeartRate,directRunCadence,directLatitude,sumMovingDuration,directUncorrectedElevation,directDoubleCadence,sumElapsedDuration,directTimestamp,directSpeed,directFractionalCadence,sumDuration,sumDistance,directCorrectedElevation,directElevation,directLongitude,directVerticalSpeed,elapsed_s
106.0,47.0,-6.225276617333293,0.0,43.20000076293945,95.0,0.0,1788045973000.0,0.0,0.5,0.0,0.6800000071525574,20.399999618530273,20.399999618530273,106.80406479164958,,0.0
103.0,72.0,-6.225248705595732,5.0,44.79999923706055,145.0,5.0,1788045978000.0,0.7649999856948853,0.5,5.0,5.329999923706055,19.799999237060547,19.799999237060547,106.80409597232938,-0.13699999451637268,5.0
102.0,72.0,-6.225200090557337,10.0,46.0,145.0,10.0,1788045983000.0,1.0920000076293945,0.5,10.0,11.289999961853027,19.0,19.0,106.804129332304,-0.13300000131130219,10.0
102.0,76.0,-6.225182069465518,12.0,46.20000076293945,152.0,12.0,1788045985000.0,1.0920000076293945,0.0,12.0,14.220000267028809,18.600000381469727,18.600000381469727,106.80414827540517,-0.20600000023841858,12.0
102.0,78.0,-6.22510302811861,17.0,46.599998474121094,157.0,17.0,1788045990000.0,1.2599999904632568,0.5,17.0,23.170000076293945,18.200000762939453,18.200000762939453,106.80417560040951,-0.08100000023841858,17.0
100.0,75.0,-6.225040918216109,24.0,48.20000076293945,150.0,24.0,1788045997000.0,1.343999981880188,0.0,24.0,34.529998779296875,16.600000381469727,16.600000381469727,106.80424684658647,-0.2240000069141388,24.0
103.0,77.0,-6.2250343803316355,26.0,48.599998474121094,154.0,26.0,1788045999000.0,1.343999981880188,0.0,26.0,37.47999954223633,16.399999618530273,16.399999618530273,106.80427350103855,-0.12300000339746475,26.0
105.0,78.0,-6.224991548806429,32.0,47.0,157.0,32.0,1788046005000.0,1.3619999885559082,0.5,32.0,45.59000015258789,16.200000762939453,16.200000762939453,106.80433225817978,-0.04500000178813934,32.0
106.0,77.0,-6.224972018972039,39.0,43.400001525878906,155.0,39.0,1788046012000.0,1.3619999885559082,0.5,39.0,54.9900016784668,15.600000381469727,15.600000381469727,106.80442026816308,-0.07999999821186066,39.0
107.0,77.0,-6.224957853555679,41.0,42.0,154.0,41.0,1788046014000.0,1.3619999885559082,0.0,41.0,57.47999954223633,15.600000381469727,15.600000381469727,106.80443770252168,-0.03700000047683716,41.0
110.0,73.0,-6.2249168660491705,46.0,40.0,147.0,46.0,1788046019000.0,1.343999981880188,0.5,46.0,64.05000305175781,15.399999618530273,15.399999618530273,106.80448061786592,-0.017999999225139618,46.0
111.0,74.0,-6.224861880764365,50.0,39.599998474121094,149.0,50.0,1788046023000.0,1.3339999914169312,0.5,50.0,70.22000122070312,16.0,16.0,106.80451012216508,0.14499999582767487,50.0
114.0,77.0,-6.2248049676418304,57.0,40.599998474121094,154.0,57.0,1788046030000.0,1.343999981880188,0.0,57.0,80.12000274658203,16.399999618530273,16.399999618530273,106.80458136834204,0.04399999976158142,57.0
115.0,77.0,-6.224782504141331,59.0,40.79999923706055,154.0,59.0,1788046032000.0,1.3619999885559082,0.0,59.0,83.4800033569336,16.600000381469727,16.600000381469727,106.80460274219513,0.08500000089406967,59.0
117.0,76.0,-6.22469793073833,68.0,42.400001525878906,152.0,68.0,1788046041000.0,1.4279999732971191,0.0,68.0,96.0,17.200000762939453,17.200000762939453,106.80467910133302,0.07400000095367432,68.0
114.0,77.0,-6.224680999293923,73.0,43.79999923706055,154.0,73.0,1788046046000.0,1.437000036239624,0.0,73.0,102.63999938964844,17.0,17.0,106.8047387804836,-0.03700000047683716,73.0
114.0,77.0,-6.2246715277433395,75.0,44.0,155.0,75.0,1788046048000.0,1.437000036239624,0.5,75.0,105.6500015258789,17.0,17.0,106.80476401001215,-0.023000000044703484,75.0
114.0,77.0,-6.2246680073440075,76.0,43.79999923706055,155.0,76.0,1788046049000.0,1.437000036239624,0.5,76.0,107.36000061035156,16.799999237060547,16.799999237060547,106.80477960035205,-0.06199999898672104,76.0
115.0,79.0,-6.224639844149351,83.0,42.599998474121094,159.0,83.0,1788046056000.0,1.465000033378601,0.5,83.0,120.72000122070312,14.0,14.0,106.8049047421664,-0.4169999957084656,83.0
116.0,78.0,-6.224631797522306,85.0,42.400001525878906,157.0,85.0,1788046058000.0,1.4739999771118164,0.5,85.0,123.16999816894531,13.399999618530273,13.399999618530273,106.80492854677141,-0.29899999499320984,85.0
117.0,77.0,-6.224605226889253,89.0,41.79999923706055,155.0,89.0,1788046062000.0,1.4930000305175781,0.5,89.0,129.1300048828125,12.399999618530273,12.399999618530273,106.80497506633401,-0.2329999953508377,89.0
119.0,77.0,-6.224529789760709,98.0,41.0,155.0,98.0,1788046071000.0,1.5210000276565552,0.5,98.0,145.6199951171875,10.199999809265137,10.199999809265137,106.80510465055704,-0.23800000548362732,98.0
118.0,79.0,-6.224524090066552,99.0,41.0,158.0,99.0,1788046072000.0,1.5299999713897705,0.0,99.0,147.27999877929688,10.199999809265137,10.199999809265137,106.80511864833534,-0.02800000086426735,99.0
120.0,77.0,-6.224487544968724,104.0,40.79999923706055,155.0,104.0,1788046077000.0,1.5579999685287476,0.5,104.0,154.85000610351562,10.399999618530273,10.399999618530273,106.80517799220979,0.029999999329447746,104.0
120.0,75.0,-6.224447730928659,111.0,39.599998474121094,150.0,111.0,1788046084000.0,1.5770000219345093,0.0,111.0,163.72999572753906,10.600000381469727,10.600000381469727,106.8052485678345,0.014000000432133675,111.0
119.0,75.0,-6.2244002893567085,120.0,38.20000076293945,150.0,120.0,1788046093000.0,1.5019999742507935,0.0,120.0,175.61000061035156,10.399999618530273,10.399999618530273,106.80534554645419,-0.008999999612569809,120.0
118.0,76.0,-6.224306831136346,130.0,35.400001525878906,152.0,130.0,1788046103000.0,1.4930000305175781,0.0,130.0,188.47999572753906,12.0,12.0,106.80541964247823,0.16599999368190765,130.0
120.0,77.0,-6.2242294661700726,138.0,37.599998474121094,155.0,138.0,1788046111000.0,1.4930000305175781,0.5,138.0,200.97999572753906,13.600000381469727,13.600000381469727,106.80550295859575,0.17800000309944153,138.0
119.0,77.0,-6.224177246913314,146.0,37.0,155.0,146.0,1788046119000.0,1.5299999713897705,0.5,146.0,212.7100067138672,15.0,15.0,106.8055969197303,0.17399999499320984,146.0
116.0,80.0,-6.224082699045539,154.0,35.0,161.0,154.0,1788046127000.0,1.5959999561309814,0.5,154.0,226.3300018310547,16.200000762939453,16.200000762939453,106.80567738600075,0.164000004529953,154.0
115.0,80.0,-6.224057888612151,156.0,35.20000076293945,161.0,156.0,1788046129000.0,1.6419999599456787,0.5,156.0,230.0500030517578,16.200000762939453,16.200000762939453,106.80570068769157,-0.004999999888241291,156.0
118.0,80.0,-6.224039448425174,159.0,35.599998474121094,161.0,159.0,1788046132000.0,1.6979999542236328,0.5,159.0,235.0500030517578,16.399999618530273,16.399999618530273,106.80574209429324,0.054999999701976776,159.0
119.0,80.0,-6.224020756781101,162.0,36.20000076293945,160.0,162.0,1788046135000.0,1.7079999446868896,0.0,162.0,239.24000549316406,16.399999618530273,16.399999618530273,106.80577511899173,0.03400000184774399,162.0
120.0,79.0,-6.223916234448552,172.0,37.79999923706055,159.0,172.0,1788046145000.0,1.6610000133514404,0.5,172.0,258.9200134277344,16.799999237060547,16.799999237060547,106.80591777898371,0.027000000700354576,172.0
123.0,80.0,-6.223855800926685,178.0,39.20000076293945,161.0,178.0,1788046151000.0,1.6890000104904175,0.5,178.0,267.8500061035156,15.800000190734863,15.800000190734863,106.80597159080207,-0.1679999977350235,178.0
123.0,80.0,-6.223830990493298,180.0,39.20000076293945,160.0,180.0,1788046153000.0,1.6890000104904175,0.0,180.0,271.2200012207031,15.399999618530273,15.399999618530273,106.8059893604368,-0.1850000023841858,180.0
124.0,79.0,-6.223768796771765,186.0,39.599998474121094,159.0,186.0,1788046159000.0,1.7079999446868896,0.5,186.0,282.0299987792969,13.399999618530273,13.399999618530273,106.80606462992728,-0.3140000104904175,186.0
124.0,80.0,-6.223690090700984,195.0,39.400001525878906,160.0,195.0,1788046168000.0,1.7259999513626099,0.0,195.0,295.9100036621094,10.800000190734863,10.800000190734863,106.80616085417569,-0.30399999022483826,195.0
124.0,81.0,-6.223627394065261,205.0,37.79999923706055,163.0,205.0,1788046178000.0,1.7079999446868896,0.5,205.0,311.1000061035156,10.0,10.0,106.80628222413361,-0.08100000023841858,205.0
124.0,80.0,-6.223546843975782,216.0,37.20000076293945,161.0,216.0,1788046189000.0,1.6699999570846558,0.5,216.0,331.3399963378906,10.0,10.0,106.80644952692091,0.006000000052154064,216.0
124.0,80.0,-6.223537791520357,217.0,37.400001525878906,161.0,217.0,1788046190000.0,1.6699999570846558,0.5,217.0,332.82000732421875,10.0,10.0,106.80645958520472,-0.08699999749660492,217.0
127.0,78.0,-6.223499486222863,222.0,37.400001525878906,157.0,222.0,1788046195000.0,1.6890000104904175,0.5,222.0,340.0,10.399999618530273,10.399999618530273,106.80651272647083,0.08299999684095383,222.0
130.0,79.0,-6.223479034379125,225.0,37.0,159.0,225.0,1788046198000.0,1.6890000104904175,0.5,225.0,345.3800048828125,11.0,11.0,106.80655715055764,0.22200000286102295,225.0
131.0,79.0,-6.223468389362097,227.0,36.79999923706055,159.0,227.0,1788046200000.0,1.6890000104904175,0.5,227.0,348.489990234375,11.399999618530273,11.399999618530273,106.8065832182765,0.20499999821186066,227.0
132.0,80.0,-6.223444417119026,230.0,36.79999923706055,161.0,230.0,1788046203000.0,1.6890000104904175,0.5,230.0,351.5199890136719,11.399999618530273,11.399999618530273,106.8065988086164,-0.003000000026077032,230.0
133.0,81.0,-6.2234072014689445,234.0,38.20000076293945,163.0,234.0,1788046207000.0,1.6699999570846558,0.5,234.0,356.70001220703125,11.399999618530273,11.399999618530273,106.80662613362074,0.014000000432133675,234.0
133.0,79.0,-6.223340984433889,239.0,39.79999923706055,159.0,239.0,1788046212000.0,1.6610000133514404,0.5,239.0,366.6000061035156,11.800000190734863,11.800000190734863,106.80668874643743,0.07999999821186066,239.0
133.0,79.0,-6.223309552296996,242.0,41.400001525878906,159.0,242.0,1788046215000.0,1.6519999504089355,0.5,242.0,371.57000732421875,12.199999809265137,12.199999809265137,106.8067227769643,0.09399999678134918,242.0
134.0,80.0,-6.223264457657933,248.0,42.599998474121094,161.0,248.0,1788046221000.0,1.6419999599456787,0.5,248.0,380.4100036621094,12.600000381469727,12.600000381469727,106.80678974837065,0.08699999749660492,248.0
131.0,79.0,-6.223198659718037,256.0,42.400001525878906,159.0,256.0,1788046229000.0,1.6419999599456787,0.5,256.0,395.5899963378906,14.0,14.0,106.80690734647214,0.17100000381469727,256.0
130.0,77.0,-6.223129089921713,264.0,41.599998474121094,155.0,264.0,1788046237000.0,1.6419999599456787,0.5,264.0,410.5400085449219,15.399999618530273,15.399999618530273,106.80702636949718,0.18299999833106995,264.0
131.0,80.0,-6.223072428256273,273.0,39.79999923706055,160.0,273.0,1788046246000.0,1.6519999504089355,0.0,273.0,425.3699951171875,18.399999618530273,18.399999618530273,106.80714815855026,0.3140000104904175,273.0
133.0,76.0,-6.222995398566127,284.0,36.599998474121094,153.0,284.0,1788046257000.0,1.6050000190734863,0.5,284.0,440.9800109863281,21.0,21.0,106.80726634338498,0.24500000476837158,284.0
134.0,79.0,-6.2229295168071985,292.0,35.79999923706055,158.0,292.0,1788046265000.0,1.5679999589920044,0.0,292.0,453.4200134277344,22.600000381469727,22.600000381469727,106.80735904723406,0.1889999955892563,292.0
133.0,75.0,-6.22288852930069,300.0,34.400001525878906,150.0,300.0,1788046273000.0,1.5579999685287476,0.0,300.0,465.010009765625,23.0,23.0,106.80745585821569,0.054999999701976776,300.0
132.0,76.0,-6.22287972830236,301.0,34.400001525878906,152.0,301.0,1788046274000.0,1.5579999685287476,0.0,301.0,466.80999755859375,23.0,23.0,106.80746960453689,0.0949999988079071,301.0
129.0,75.0,-6.222853744402528,305.0,34.20000076293945,150.0,305.0,1788046278000.0,1.5399999618530273,0.0,305.0,472.5199890136719,23.399999618530273,23.399999618530273,106.8075137771666,0.07000000029802322,305.0
127.0,76.0,-6.222803872078657,311.0,35.0,152.0,311.0,1788046284000.0,1.5210000276565552,0.0,311.0,480.9800109863281,23.799999237060547,23.799999237060547,106.80757127702236,0.09000000357627869,311.0
124.0,75.0,-6.222749724984169,319.0,35.599998474121094,150.0,319.0,1788046292000.0,1.5019999742507935,0.0,319.0,491.2900085449219,24.200000762939453,24.200000762939453,106.80764637887478,0.04600000008940697,319.0
121.0,76.0,-6.222733128815889,322.0,35.20000076293945,152.0,322.0,1788046295000.0,1.4839999675750732,0.0,322.0,495.4800109863281,24.399999618530273,24.399999618530273,106.80768024176359,0.01899999938905239,322.0
120.0,77.0,-6.222687615081668,328.0,34.400001525878906,155.0,328.0,1788046301000.0,1.4739999771118164,0.5,328.0,505.0299987792969,24.399999618530273,24.399999618530273,106.80775207467377,0.007000000216066837,328.0
121.0,78.0,-6.222637910395861,335.0,35.0,156.0,335.0,1788046308000.0,1.4739999771118164,0.0,335.0,515.239990234375,23.799999237060547,23.799999237060547,106.80783078074455,-0.06599999964237213,335.0
118.0,79.0,-6.222623996436596,337.0,35.20000076293945,158.0,337.0,1788046310000.0,1.4739999771118164,0.0,337.0,518.030029296875,23.799999237060547,23.799999237060547,106.80785173550248,-0.06300000101327896,337.0
117.0,76.0,-6.222604131326079,341.0,35.400001525878906,153.0,341.0,1788046314000.0,1.4930000305175781,0.5,341.0,524.280029296875,23.600000381469727,23.600000381469727,106.80790387094021,-0.02800000086426735,341.0
119.0,75.0,-6.222569849342108,347.0,35.0,150.0,347.0,1788046320000.0,1.4930000305175781,0.0,347.0,534.3900146484375,23.600000381469727,23.600000381469727,106.80798970162868,-0.020999999716877937,347.0
119.0,76.0,-6.222560713067651,348.0,35.0,152.0,348.0,1788046321000.0,1.4930000305175781,0.0,348.0,535.6199951171875,23.399999618530273,23.399999618530273,106.8079960718751,-0.032999999821186066,348.0
119.0,76.0,-6.222510505467653,355.0,35.400001525878906,152.0,355.0,1788046328000.0,1.5119999647140503,0.0,355.0,544.7999877929688,23.399999618530273,23.399999618530273,106.80806262418628,-0.01600000075995922,355.0
119.0,75.0,-6.222451915964484,364.0,33.79999923706055,150.0,364.0,1788046337000.0,1.5210000276565552,0.0,364.0,558.3800048828125,23.399999618530273,23.399999618530273,106.80816580541432,0.0020000000949949026,364.0
122.0,77.0,-6.222393410280347,372.0,34.400001525878906,155.0,372.0,1788046345000.0,1.5299999713897705,0.5,372.0,569.4500122070312,23.0,23.0,106.80824551731348,-0.0430000014603138,372.0
122.0,77.0,-6.222368599846959,374.0,34.400001525878906,155.0,374.0,1788046347000.0,1.5299999713897705,0.5,374.0,572.739990234375,22.799999237060547,22.799999237060547,106.80826320312917,-0.10199999809265137,374.0
123.0,77.0,-6.222311267629266,383.0,35.79999923706055,155.0,383.0,1788046356000.0,1.5299999713897705,0.5,383.0,585.5700073242188,22.600000381469727,22.600000381469727,106.80836428888142,-0.02800000086426735,383.0
123.0,77.0,-6.22226751409471,389.0,36.20000076293945,155.0,389.0,1788046362000.0,1.5210000276565552,0.5,389.0,594.4199829101562,22.200000762939453,22.200000762939453,106.80843042209744,-0.05299999937415123,389.0
123.0,76.0,-6.2221897300332785,399.0,34.599998474121094,152.0,399.0,1788046372000.0,1.5019999742507935,0.0,399.0,608.0499877929688,21.0,21.0,106.80852631106973,-0.11800000071525574,399.0
123.0,75.0,-6.222113706171513,409.0,34.20000076293945,150.0,409.0,1788046382000.0,1.4559999704360962,0.0,409.0,621.5800170898438,20.200000762939453,20.200000762939453,106.80862421169877,-0.08299999684095383,409.0
123.0,0.0,-6.222065594047308,417.0,34.20000076293945,0.0,417.0,1788046390000.0,1.4459999799728394,0.0,417.0,631.739990234375,20.0,20.0,106.8087019957602,-0.029999999329447746,417.0
123.0,74.0,-6.222005244344473,426.0,33.20000076293945,149.0,426.0,1788046399000.0,1.437000036239624,0.5,426.0,643.8200073242188,20.399999618530273,20.399999618530273,106.80879352614284,0.03700000047683716,426.0
123.0,76.0,-6.221956210210919,434.0,32.79999923706055,152.0,434.0,1788046407000.0,1.437000036239624,0.0,434.0,655.0700073242188,20.600000381469727,20.600000381469727,106.80888229049742,0.03999999910593033,434.0
123.0,76.0,-6.22194648720324,435.0,32.79999923706055,152.0,435.0,1788046408000.0,1.437000036239624,0.0,435.0,656.5900268554688,20.799999237060547,20.799999237060547,106.80889218114316,0.035999998450279236,435.0
122.0,75.0,-6.221866775304079,445.0,33.0,150.0,445.0,1788046418000.0,1.409000039100647,0.0,445.0,670.2899780273438,21.0,21.0,106.808986896649,0.020999999716877937,445.0
125.0,74.0,-6.221808604896069,453.0,33.20000076293945,149.0,453.0,1788046426000.0,1.409000039100647,0.5,453.0,681.52001953125,19.799999237060547,19.799999237060547,106.80907029658556,-0.12700000405311584,453.0
124.0,74.0,-6.221782201901078,456.0,33.20000076293945,149.0,456.0,1788046429000.0,1.399999976158142,0.5,456.0,685.719970703125,19.600000381469727,19.600000381469727,106.80909770540893,-0.1289999932050705,456.0
125.0,77.0,-6.221715649589896,465.0,33.20000076293945,154.0,465.0,1788046438000.0,1.4179999828338623,0.0,465.0,698.77001953125,18.399999618530273,18.399999618530273,106.80919518694282,-0.13099999725818634,465.0
125.0,77.0,-6.221660748124123,473.0,33.79999923706055,155.0,473.0,1788046446000.0,1.4279999732971191,0.5,473.0,710.6400146484375,17.399999618530273,17.399999618530273,106.80928705260158,-0.11699999868869781,473.0
125.0,78.0,-6.221603835001588,481.0,34.400001525878906,157.0,481.0,1788046454000.0,1.4459999799728394,0.5,481.0,722.1199951171875,16.600000381469727,16.600000381469727,106.80937388911843,-0.09000000357627869,481.0
124.0,79.0,-6.221540719270706,489.0,34.0,159.0,489.0,1788046462000.0,1.4459999799728394,0.5,489.0,733.969970703125,16.399999618530273,16.399999618530273,106.8094586301595,-0.028999999165534973,489.0
121.0,81.0,-6.221501408144832,495.0,33.599998474121094,163.0,495.0,1788046468000.0,1.4459999799728394,0.5,495.0,744.1599731445312,16.200000762939453,16.200000762939453,106.80954303592443,-0.03500000014901161,495.0
121.0,78.0,-6.2214528769254684,500.0,34.400001525878906,157.0,500.0,1788046473000.0,1.4739999771118164,0.5,500.0,750.9099731445312,16.200000762939453,16.200000762939453,106.80958184413612,-0.020999999716877937,500.0
124.0,79.0,-6.22138649225235,506.0,35.79999923706055,159.0,506.0,1788046479000.0,1.4930000305175781,0.5,506.0,761.02001953125,16.0,16.0,106.8096452113241,-0.035999998450279236,506.0
126.0,77.0,-6.221305942162871,513.0,36.20000076293945,155.0,513.0,1788046486000.0,1.5210000276565552,0.5,513.0,773.7999877929688,15.600000381469727,15.600000381469727,106.8097263481468,-0.04800000041723251,513.0
129.0,78.0,-6.221282305195928,516.0,35.79999923706055,157.0,516.0,1788046489000.0,1.5210000276565552,0.5,516.0,778.5,15.199999809265137,15.199999809265137,106.8097623065114,-0.11500000208616257,516.0
132.0,77.0,-6.221223380416632,522.0,34.400001525878906,154.0,522.0,1788046495000.0,1.5210000276565552,0.0,522.0,788.3400268554688,14.800000190734863,14.800000190734863,106.80982986465096,-0.07800000160932541,522.0
132.0,77.0,-6.221214663237333,524.0,34.20000076293945,154.0,524.0,1788046497000.0,1.5299999713897705,0.0,524.0,791.1799926757812,14.800000190734863,14.800000190734863,106.8098542559892,0.02800000086426735,524.0
129.0,80.0,-6.221141740679741,531.0,33.400001525878906,160.0,531.0,1788046504000.0,1.5490000247955322,0.0,531.0,803.2000122070312,14.800000190734863,14.800000190734863,106.80993505753577,0.004000000189989805,531.0
129.0,77.0,-6.2211203668266535,533.0,33.400001525878906,155.0,533.0,1788046506000.0,1.5579999685287476,0.5,533.0,805.7100219726562,14.800000190734863,14.800000190734863,106.8099438585341,-0.023000000044703484,533.0
128.0,75.0,-6.221036212518811,543.0,34.20000076293945,150.0,543.0,1788046516000.0,1.5399999618530273,0.0,543.0,820.1199951171875,14.800000190734863,14.800000190734863,106.81004335172474,0.006000000052154064,543.0
130.0,77.0,-6.220954153686762,554.0,33.79999923706055,154.0,554.0,1788046527000.0,1.5299999713897705,0.0,554.0,836.4099731445312,16.200000762939453,16.200000762939453,106.81016463786364,0.11599999666213989,554.0
128.0,79.0,-6.220883242785931,563.0,32.79999923706055,158.0,563.0,1788046536000.0,1.5119999647140503,0.0,563.0,850.1699829101562,17.399999618530273,17.399999618530273,106.81026647798717,0.1509999930858612,563.0
132.0,78.0,-6.220843261107802,570.0,33.0,157.0,570.0,1788046543000.0,1.5210000276565552,0.5,570.0,860.5399780273438,18.600000381469727,18.600000381469727,106.81035130284727,0.1509999930858612,570.0
133.0,76.0,-6.220829263329506,573.0,33.0,152.0,573.0,1788046546000.0,1.5210000276565552,0.0,573.0,863.75,18.799999237060547,18.799999237060547,106.81037670001388,0.09300000220537186,573.0
133.0,74.0,-6.220802776515484,580.0,32.79999923706055,148.0,580.0,1788046553000.0,1.38100004196167,0.0,580.0,870.4600219726562,19.200000762939453,19.200000762939453,106.81042824871838,0.06700000166893005,580.0
130.0,80.0,-6.220767069607973,585.0,32.79999923706055,160.0,585.0,1788046558000.0,1.2970000505447388,0.0,585.0,876.9199829101562,19.799999237060547,19.799999237060547,106.81047359481454,0.09099999815225601,585.0
128.0,80.0,-6.2207436840981245,589.0,32.79999923706055,160.0,589.0,1788046562000.0,1.277999997138977,0.0,589.0,881.8400268554688,20.0,20.0,106.81051114574075,0.0560000017285347,589.0
129.0,70.0,-6.220697499811649,598.0,34.599998474121094,141.0,598.0,1788046571000.0,1.128999948501587,0.5,598.0,889.6900024414062,20.0,20.0,106.81055976077914,0.0020000000949949026,598.0
129.0,72.0,-6.220642430707812,605.0,35.79999923706055,144.0,605.0,1788046578000.0,1.0540000200271606,0.0,605.0,898.27001953125,20.0,20.0,106.81061482988298,0.0,605.0
128.0,76.0,-6.2206358928233385,606.0,36.0,152.0,606.0,1788046579000.0,1.0540000200271606,0.0,606.0,899.7899780273438,20.0,20.0,106.81062698364258,0.03999999910593033,606.0
125.0,76.0,-6.220608819276094,609.0,36.400001525878906,152.0,609.0,1788046582000.0,1.0729999542236328,0.0,609.0,904.030029296875,20.0,20.0,106.81065414100885,-0.028999999165534973,609.0
123.0,73.0,-6.220581578090787,612.0,36.599998474121094,147.0,612.0,1788046585000.0,1.0920000076293945,0.5,612.0,909.1099853515625,19.799999237060547,19.799999237060547,106.81069169193506,-0.06499999761581421,612.0
122.0,76.0,-6.220522066578269,619.0,36.599998474121094,152.0,619.0,1788046592000.0,1.1480000019073486,0.0,619.0,919.1599731445312,19.399999618530273,19.399999618530273,106.81075941771269,-0.061000000685453415,619.0
122.0,75.0,-6.220439001917839,631.0,36.599998474121094,150.0,631.0,1788046604000.0,1.2410000562667847,0.0,631.0,935.3300170898438,18.399999618530273,18.399999618530273,106.81088078767061,-0.0729999989271164,631.0
122.0,75.0,-6.220385106280446,638.0,36.400001525878906,150.0,638.0,1788046611000.0,1.2690000534057617,0.0,638.0,943.8599853515625,17.600000381469727,17.600000381469727,106.81093635968864,-0.12800000607967377,638.0
122.0,77.0,-6.220314111560583,647.0,37.400001525878906,155.0,647.0,1788046620000.0,1.2970000505447388,0.5,647.0,957.9199829101562,15.800000190734863,15.800000190734863,106.81104289367795,-0.19900000095367432,647.0
124.0,76.0,-6.22025191783905,653.0,36.599998474121094,152.0,653.0,1788046626000.0,1.343999981880188,0.0,653.0,967.5800170898438,14.399999618530273,14.399999618530273,106.81110550649464,-0.2240000069141388,653.0
125.0,80.0,-6.220184611156583,662.0,34.0,161.0,662.0,1788046635000.0,1.437000036239624,0.5,662.0,982.8699951171875,13.0,13.0,106.8112248647958,-0.16300000250339508,662.0
124.0,80.0,-6.22015904635191,664.0,33.79999923706055,160.0,664.0,1788046637000.0,1.4559999704360962,0.0,664.0,986.1099853515625,12.800000190734863,12.800000190734863,106.81123743765056,-0.04800000041723251,664.0
125.0,77.0,-6.220132727175951,667.0,33.400001525878906,154.0,667.0,1788046640000.0,1.465000033378601,0.0,667.0,990.530029296875,12.800000190734863,12.800000190734863,106.81126761250198,-0.029999999329447746,667.0
127.0,75.0,-6.2200807593762875,673.0,32.400001525878906,150.0,673.0,1788046646000.0,1.4839999675750732,0.0,673.0,998.7100219726562,12.600000381469727,12.600000381469727,106.81131874211133,-0.03099999949336052,673.0
126.0,74.0,-6.220038766041398,680.0,31.600000381469727,148.0,680.0,1788046653000.0,1.4559999704360962,0.0,680.0,1006.5700073242188,12.399999618530273,12.399999618530273,106.81137674488127,-0.02199999988079071,680.0
125.0,71.0,-6.219987301155925,688.0,32.20000076293945,143.0,688.0,1788046661000.0,1.4179999828338623,0.5,688.0,1014.5499877929688,12.199999809265137,12.199999809265137,106.81142644956708,-0.023000000044703484,688.0
124.0,71.0,-6.219956958666444,693.0,32.0,143.0,693.0,1788046666000.0,1.371999979019165,0.5,693.0,1019.8400268554688,12.199999809265137,12.199999809265137,106.81146089918911,-0.02199999988079071,693.0
122.0,73.0,-6.2198910769075155,702.0,31.600000381469727,146.0,702.0,1788046675000.0,1.3339999914169312,0.0,702.0,1031.949951171875,13.399999618530273,13.399999618530273,106.8115494120866,0.1340000033378601,702.0
120.0,73.0,-6.219816980883479,712.0,32.599998474121094,146.0,712.0,1788046685000.0,1.305999994277954,0.0,712.0,1046.22998046875,15.199999809265137,15.199999809265137,106.8116532638669,0.18700000643730164,712.0
121.0,73.0,-6.219813460484147,713.0,32.79999923706055,147.0,713.0,1788046686000.0,1.305999994277954,0.5,713.0,1047.260009765625,15.399999618530273,15.399999618530273,106.81166214868426,0.1599999964237213,713.0
120.0,75.0,-6.219760570675135,719.0,33.0,150.0,719.0,1788046692000.0,1.3250000476837158,0.0,719.0,1056.31005859375,16.399999618530273,16.399999618530273,106.81172283366323,0.18199999630451202,719.0
119.0,77.0,-6.219671554863453,727.0,32.599998474121094,154.0,727.0,1788046700000.0,1.3530000448226929,0.0,727.0,1067.6099853515625,17.200000762939453,17.200000762939453,106.81177538819611,0.09799999743700027,727.0
119.0,82.0,-6.219587316736579,735.0,33.599998474121094,165.0,735.0,1788046708000.0,1.4839999675750732,0.5,735.0,1082.52001953125,17.600000381469727,17.600000381469727,106.81187211535871,0.05400000140070915,735.0
122.0,82.0,-6.219553453847766,739.0,33.79999923706055,165.0,739.0,1788046712000.0,1.5959999561309814,0.5,739.0,1090.0699462890625,18.0,18.0,106.811931040138,0.06800000369548798,739.0
126.0,81.0,-6.219521854072809,742.0,33.79999923706055,163.0,742.0,1788046715000.0,1.6519999504089355,0.5,742.0,1095.02001953125,18.0,18.0,106.81196322664618,0.0020000000949949026,742.0
129.0,77.0,-6.219500312581658,745.0,33.599998474121094,155.0,745.0,1788046718000.0,1.6699999570846558,0.5,745.0,1099.4599609375,18.200000762939453,18.200000762939453,106.81199926882982,0.052000001072883606,745.0
130.0,77.0,-6.219492517411709,746.0,33.599998474121094,155.0,746.0,1788046719000.0,1.6610000133514404,0.5,746.0,1100.5999755859375,18.0,18.0,106.81200605817139,-0.010999999940395355,746.0
131.0,78.0,-6.219468293711543,749.0,33.0,157.0,749.0,1788046722000.0,1.6239999532699585,0.5,749.0,1104.06005859375,18.0,18.0,106.81202785111964,-0.008999999612569809,749.0
131.0,77.0,-6.2194558046758175,751.0,32.599998474121094,155.0,751.0,1788046724000.0,1.6050000190734863,0.5,751.0,1105.6600341796875,18.0,18.0,106.81203447282314,-0.04399999976158142,751.0
129.0,76.0,,755.0,,152.0,755.0,1788046728000.0,0.36000001430511475,0.0,755.0,1107.0999755859375,,32.20000076293945,,3.555999994277954,755.0
126.0,0.0,,755.0,,0.0,760.0,1788046733000.0,0.0,0.0,760.0,1111.5799560546875,,32.20000076293945,,0.0,760.0
123.0,0.0,,755.0,,0.0,766.0,1788046739000.0,0.0,0.0,766.0,1111.5799560546875,,32.20000076293945,,0.0,766.0
126.0,0.0,,755.0,,0.0,776.0,1788046749000.0,0.0,0.0,776.0,1111.5799560546875,,32.20000076293945,,0.0,776.0
123.0,0.0,,755.0,,0.0,791.0,1788046764000.0,0.0,0.0,791.0,1111.5799560546875,,32.20000076293945,,0.0,791.0
120.0,0.0,,755.0,,0.0,802.0,1788046775000.0,0.0,0.0,802.0,1111.5799560546875,,32.20000076293945,,0.0,802.0
116.0,78.0,-6.219124887138605,755.0,24.0,157.0,814.0,1788046787000.0,0.0,0.5,814.0,1111.5799560546875,16.799999237060547,16.799999237060547,106.81239288300276,-1.277999997138977,814.0
116.0,78.0,-6.21918423101306,755.0,25.200000762939453,157.0,815.0,1788046788000.0,0.0,0.5,815.0,1134.760009765625,17.399999618530273,17.399999618530273,106.8123959004879,0.4490000009536743,815.0
115.0,78.0,-6.219206107780337,758.0,25.200000762939453,157.0,818.0,1788046791000.0,0.36399999260902405,0.5,818.0,1135.31005859375,17.399999618530273,17.399999618530273,106.81238014250994,0.014999999664723873,818.0
118.0,73.0,,762.0,,146.0,822.0,1788046795000.0,0.8769999742507935,0.0,822.0,1135.31005859375,,25.0,,1.9110000133514404,822.0
114.0,72.0,,772.0,,145.0,832.0,1788046805000.0,1.315999984741211,0.5,832.0,1147.2900390625,,25.0,,0.0,832.0
111.0,81.0,,774.0,,163.0,834.0,1788046807000.0,1.3250000476837158,0.5,834.0,1149.93994140625,,25.0,,0.0,834.0
114.0,83.0,-6.2189954705536366,782.0,22.200000762939453,167.0,842.0,1788046815000.0,1.6239999532699585,0.5,842.0,1161.6400146484375,15.199999809265137,15.199999809265137,106.81247686967254,-1.225000023841858,842.0
114.0,83.0,-6.219023382291198,783.0,24.399999618530273,167.0,843.0,1788046816000.0,1.6979999542236328,0.5,843.0,1163.3299560546875,15.800000190734863,15.800000190734863,106.81247460655868,0.5860000252723694,843.0
118.0,83.0,-6.219008294865489,784.0,27.799999237060547,167.0,844.0,1788046817000.0,1.753999948501587,0.5,844.0,1173.449951171875,16.0,16.0,106.81255348026752,0.24199999868869781,844.0
122.0,82.0,-6.219019526615739,786.0,27.399999618530273,165.0,846.0,1788046819000.0,1.930999994277954,0.5,846.0,1177.4200439453125,16.799999237060547,16.799999237060547,106.81261039339006,0.41100001335144043,846.0
125.0,83.0,-6.219001756981015,788.0,25.600000381469727,167.0,848.0,1788046821000.0,1.996999979019165,0.5,848.0,1180.8599853515625,16.799999237060547,16.799999237060547,106.81263763457537,0.004000000189989805,848.0
127.0,83.0,-6.218997733667493,790.0,25.600000381469727,167.0,850.0,1788046823000.0,1.9869999885559082,0.5,850.0,1183.7099609375,17.200000762939453,17.200000762939453,106.81266571395099,0.1589999943971634,850.0
130.0,83.0,-6.218983232975006,792.0,25.600000381469727,167.0,852.0,1788046825000.0,1.9869999885559082,0.5,852.0,1186.1400146484375,17.200000762939453,17.200000762939453,106.81268272921443,-0.03400000184774399,852.0
132.0,82.0,-6.218897234648466,800.0,24.600000381469727,165.0,860.0,1788046833000.0,1.819000005722046,0.5,860.0,1201.0,16.600000381469727,16.600000381469727,106.8127864971757,-0.05999999865889549,860.0
133.0,83.0,-6.2188290897756815,807.0,23.799999237060547,167.0,867.0,1788046840000.0,1.7359999418258667,0.5,867.0,1213.0699462890625,16.0,16.0,106.81287534534931,-0.07599999755620956,867.0
136.0,82.0,-6.218744097277522,814.0,23.399999618530273,165.0,874.0,1788046847000.0,1.7079999446868896,0.5,874.0,1225.4000244140625,15.199999809265137,15.199999809265137,106.81295237503946,-0.12700000405311584,874.0
136.0,82.0,-6.2187177781015635,816.0,23.399999618530273,165.0,876.0,1788046849000.0,1.7170000076293945,0.5,876.0,1228.6099853515625,15.0,15.0,106.81296377442777,-0.11500000208616257,876.0
139.0,79.0,-6.218678215518594,819.0,23.799999237060547,159.0,879.0,1788046852000.0,1.7259999513626099,0.5,879.0,1232.9300537109375,14.0,14.0,106.81296737864614,-0.3140000104904175,879.0
141.0,77.0,-6.218605963513255,824.0,24.200000762939453,155.0,884.0,1788046857000.0,1.6610000133514404,0.5,884.0,1240.8900146484375,12.0,12.0,106.81296612136066,-0.42100000381469727,884.0
142.0,78.0,-6.218494148924947,833.0,26.399999618530273,157.0,893.0,1788046866000.0,1.6419999599456787,0.5,893.0,1253.3199462890625,9.800000190734863,9.800000190734863,106.8129950389266,-0.23800000548362732,893.0
142.0,77.0,-6.218482665717602,834.0,26.600000381469727,155.0,894.0,1788046867000.0,1.6419999599456787,0.5,894.0,1254.56005859375,9.600000381469727,9.600000381469727,106.8129931949079,-0.1979999989271164,894.0
142.0,77.0,-6.218429859727621,839.0,27.200000762939453,154.0,899.0,1788046872000.0,1.5679999589920044,0.0,899.0,1261.4100341796875,8.199999809265137,8.199999809265137,106.81295966729522,-0.29600000381469727,899.0
144.0,0.0,-6.218342017382383,847.0,29.600000381469727,0.0,907.0,1788046880000.0,1.5299999713897705,0.0,907.0,1273.0400390625,3.5999999046325684,3.5999999046325684,106.81290099397302,-0.5540000200271606,907.0
142.0,0.0,-6.21834184974432,848.0,30.200000762939453,0.0,908.0,1788046881000.0,1.5399999618530273,0.0,908.0,1273.5400390625,3.5999999046325684,3.5999999046325684,106.81289571337402,-0.17599999904632568,908.0
139.0,0.0,-6.2182883732020855,852.0,31.600000381469727,0.0,912.0,1788046885000.0,1.5210000276565552,0.0,912.0,1279.3599853515625,1.399999976158142,1.399999976158142,106.81287978775799,-0.5139999985694885,912.0
138.0,0.0,-6.218280829489231,853.0,32.0,0.0,913.0,1788046886000.0,1.5019999742507935,0.0,913.0,1280.5899658203125,1.0,1.0,106.81287123821676,-0.49399998784065247,913.0
141.0,70.0,-6.218228191137314,860.0,33.20000076293945,141.0,920.0,1788046893000.0,1.277999997138977,0.5,920.0,1288.72998046875,0.20000000298023224,0.20000000298023224,106.81282069534063,-0.10000000149011612,920.0
143.0,73.0,-6.21819868683815,864.0,32.599998474121094,146.0,924.0,1788046897000.0,1.2319999933242798,0.0,924.0,1293.1600341796875,0.4000000059604645,0.4000000059604645,106.81279269978404,0.052000001072883606,924.0
140.0,72.0,-6.2181611359119415,873.0,30.399999618530273,144.0,933.0,1788046906000.0,1.184999942779541,0.0,933.0,1304.8699951171875,1.0,1.0,106.81269572116435,0.05400000140070915,933.0
139.0,73.0,-6.218153424561024,875.0,29.799999237060547,146.0,935.0,1788046908000.0,1.194000005722046,0.0,935.0,1307.8599853515625,0.800000011920929,0.800000011920929,106.81266982108355,-0.03999999910593033,935.0
137.0,73.0,-6.218139259144664,882.0,28.600000381469727,147.0,942.0,1788046915000.0,1.315999984741211,0.5,942.0,1317.93994140625,0.20000000298023224,0.20000000298023224,106.81258013471961,-0.08299999684095383,942.0
140.0,74.0,-6.218156861141324,889.0,29.200000762939453,149.0,949.0,1788046922000.0,1.315999984741211,0.5,949.0,1327.7900390625,2.0,2.0,106.81249271146953,0.24300000071525574,949.0
141.0,77.0,-6.218171613290906,893.0,29.200000762939453,154.0,953.0,1788046926000.0,1.3250000476837158,0.0,953.0,1334.7099609375,3.200000047683716,3.200000047683716,106.8124318588525,0.30000001192092896,953.0
140.0,73.0,-6.21824998408556,903.0,28.799999237060547,146.0,963.0,1788046936000.0,1.371999979019165,0.0,963.0,1350.239990234375,5.800000190734863,5.800000190734863,106.81231937371194,0.2590000033378601,963.0
140.0,74.0,-6.2183543387800455,913.0,30.399999618530273,149.0,973.0,1788046946000.0,1.38100004196167,0.5,973.0,1363.8800048828125,8.600000381469727,8.600000381469727,106.8122574314475,0.27900001406669617,973.0
141.0,74.0,-6.218468332663178,921.0,34.0,149.0,981.0,1788046954000.0,1.3899999856948853,0.5,981.0,1378.7099609375,11.399999618530273,11.399999618530273,106.81220185942948,0.3529999852180481,981.0
140.0,73.0,-6.218586098402739,932.0,34.20000076293945,147.0,992.0,1788046965000.0,1.3899999856948853,0.5,992.0,1392.1300048828125,12.399999618530273,12.399999618530273,106.8121866043657,0.09200000017881393,992.0
137.0,72.0,-6.218670085072517,941.0,32.599998474121094,144.0,1001.0,1788046974000.0,1.343999981880188,0.0,1001.0,1401.8299560546875,12.0,12.0,106.81220697239041,-0.05299999937415123,1001.0
137.0,73.0,-6.218696320429444,943.0,32.599998474121094,146.0,1003.0,1788046976000.0,1.3339999914169312,0.0,1003.0,1404.9599609375,11.800000190734863,11.800000190734863,106.81221761740744,-0.05900000035762787,1003.0
135.0,70.0,-6.2188382260501385,958.0,33.79999923706055,141.0,1018.0,1788046991000.0,1.305999994277954,0.5,1018.0,1423.4000244140625,10.600000381469727,10.600000381469727,106.8123042024672,-0.07999999821186066,1018.0
132.0,71.0,-6.218908717855811,967.0,33.0,142.0,1027.0,1788047000000.0,1.2690000534057617,0.0,1027.0,1432.760009765625,12.399999618530273,12.399999618530273,106.8123493809253,0.20000000298023224,1027.0
132.0,70.0,-6.218916177749634,968.0,33.0,141.0,1028.0,1788047001000.0,1.2690000534057617,0.5,1028.0,1433.719970703125,12.600000381469727,12.600000381469727,106.81235390715301,0.1940000057220459,1028.0
129.0,73.0,-6.2189816404134035,975.0,33.0,147.0,1035.0,1788047008000.0,1.2130000591278076,0.5,1035.0,1442.3399658203125,14.399999618530273,14.399999618530273,106.81239640340209,0.2460000067949295,1035.0
127.0,70.0,-6.219042995944619,982.0,33.0,141.0,1042.0,1788047015000.0,1.194000005722046,0.5,1042.0,1450.2900390625,16.0,16.0,106.81243454106152,0.2280000001192093,1042.0
126.0,70.0,-6.219143830239773,993.0,31.799999237060547,140.0,1053.0,1788047026000.0,1.184999942779541,0.0,1053.0,1464.3399658203125,17.799999237060547,17.799999237060547,106.81251198984683,0.17599999904632568,1053.0
126.0,74.0,-6.219166461378336,995.0,31.600000381469727,149.0,1055.0,1788047028000.0,1.194000005722046,0.5,1055.0,1467.260009765625,18.200000762939453,18.200000762939453,106.81252556852996,0.1599999964237213,1055.0
126.0,73.0,-6.219273582100868,1005.0,32.0,146.0,1065.0,1788047038000.0,1.2690000534057617,0.0,1065.0,1481.4100341796875,20.0,20.0,106.81259564124048,0.18199999630451202,1065.0
125.0,76.0,-6.219421522691846,1017.0,32.400001525878906,152.0,1077.0,1788047050000.0,1.315999984741211,0.0,1077.0,1500.800048828125,20.0,20.0,106.81268960237503,0.00800000037997961,1077.0
128.0,82.0,-6.219561416655779,1026.0,32.599998474121094,165.0,1086.0,1788047059000.0,1.847000002861023,0.5,1086.0,1519.550048828125,20.399999618530273,20.399999618530273,106.81278482079506,0.03400000184774399,1086.0
131.0,82.0,-6.219656886532903,1032.0,32.20000076293945,165.0,1092.0,1788047065000.0,2.052999973297119,0.5,1092.0,1532.3599853515625,21.0,21.0,106.8128496967256,0.0949999988079071,1092.0
133.0,82.0,-6.219707261770964,1035.0,32.20000076293945,165.0,1095.0,1788047068000.0,2.0339999198913574,0.5,1095.0,1539.22998046875,20.600000381469727,20.600000381469727,106.81288573890924,-0.14000000059604645,1095.0
136.0,82.0,-6.219752775505185,1038.0,32.20000076293945,165.0,1098.0,1788047071000.0,2.062000036239624,0.5,1098.0,1546.0400390625,19.600000381469727,19.600000381469727,106.81292706169188,-0.296999990940094,1098.0
136.0,82.0,-6.2198274582624435,1043.0,33.20000076293945,164.0,1103.0,1788047076000.0,2.0810000896453857,0.0,1103.0,1557.8800048828125,19.200000762939453,19.200000762939453,106.8130016606301,-0.10899999737739563,1103.0
138.0,82.0,-6.2199329026043415,1051.0,33.599998474121094,165.0,1111.0,1788047084000.0,2.2860000133514404,0.5,1111.0,1575.5999755859375,21.799999237060547,21.799999237060547,106.81311875581741,0.3319999873638153,1111.0
141.0,80.0,-6.219976404681802,1055.0,33.599998474121094,161.0,1115.0,1788047088000.0,2.2860000133514404,0.5,1115.0,1583.93994140625,21.799999237060547,21.799999237060547,106.81318027898669,0.007000000216066837,1115.0
144.0,80.0,-6.220003478229046,1059.0,33.20000076293945,161.0,1119.0,1788047092000.0,2.2769999504089355,0.5,1119.0,1591.760009765625,21.200000762939453,21.200000762939453,106.8132458254695,-0.15299999713897705,1119.0
144.0,80.0,-6.220007333904505,1060.0,33.0,161.0,1120.0,1788047093000.0,2.2669999599456787,0.5,1120.0,1593.7900390625,21.0,21.0,106.81326376274228,-0.18000000715255737,1120.0
147.0,80.0,-6.220003310590982,1064.0,32.400001525878906,161.0,1124.0,1788047097000.0,2.249000072479248,0.5,1124.0,1602.3199462890625,20.200000762939453,20.200000762939453,106.81334163062274,-0.2070000022649765,1124.0
148.0,80.0,-6.219991156831384,1067.0,32.400001525878906,161.0,1127.0,1788047100000.0,2.2300000190734863,0.5,1127.0,1608.5400390625,20.0,20.0,106.81339720264077,-0.057999998331069946,1127.0
146.0,86.0,-6.219916390255094,1074.0,33.79999923706055,173.0,1134.0,1788047107000.0,2.2109999656677246,0.5,1134.0,1623.719970703125,16.600000381469727,16.600000381469727,106.81351396255195,-0.49399998784065247,1134.0
145.0,85.0,-6.219851095229387,1079.0,34.400001525878906,171.0,1139.0,1788047112000.0,2.249000072479248,0.5,1139.0,1634.0699462890625,13.600000381469727,13.600000381469727,106.81358118541539,-0.5740000009536743,1139.0
148.0,83.0,-6.219733497127891,1086.0,34.599998474121094,167.0,1146.0,1788047119000.0,2.2769999504089355,0.5,1146.0,1648.5400390625,10.199999809265137,10.199999809265137,106.81363767944276,-0.5059999823570251,1146.0
149.0,82.0,-6.219595028087497,1094.0,34.400001525878906,165.0,1154.0,1788047127000.0,2.239000082015991,0.5,1154.0,1664.5699462890625,6.599999904632568,6.599999904632568,106.81367204524577,-0.43299999833106995,1154.0
145.0,82.0,-6.219496289268136,1099.0,34.79999923706055,164.0,1159.0,1788047132000.0,2.2109999656677246,0.0,1159.0,1675.760009765625,5.599999904632568,5.599999904632568,106.81365000084043,-0.22100000083446503,1159.0
150.0,81.0,-6.219476340338588,1100.0,34.79999923706055,163.0,1160.0,1788047133000.0,2.2019999027252197,0.5,1160.0,1678.1099853515625,5.400000095367432,5.400000095367432,106.81364262476563,-0.1809999942779541,1160.0
148.0,81.0,-6.219426803290844,1103.0,35.20000076293945,163.0,1163.0,1788047136000.0,2.183000087738037,0.5,1163.0,1684.030029296875,5.0,5.0,106.81362259201705,-0.1420000046491623,1163.0
148.0,80.0,-6.219310881569982,1112.0,35.599998474121094,161.0,1172.0,1788047145000.0,2.127000093460083,0.5,1172.0,1699.8800048828125,5.800000190734863,5.800000190734863,106.81354095228016,0.10100000351667404,1172.0
149.0,80.0,-6.219212729483843,1120.0,34.599998474121094,161.0,1180.0,1788047153000.0,2.062000036239624,0.5,1180.0,1716.280029296875,8.0,8.0,106.81343022733927,0.2669999897480011,1180.0
148.0,79.0,-6.219155648723245,1128.0,34.20000076293945,159.0,1188.0,1788047161000.0,2.0250000953674316,0.5,1188.0,1731.760009765625,10.600000381469727,10.600000381469727,106.81330257095397,0.33000001311302185,1188.0
148.0,81.0,-6.219143075868487,1134.0,33.79999923706055,163.0,1194.0,1788047167000.0,2.015000104904175,0.5,1194.0,1743.6300048828125,12.600000381469727,12.600000381469727,106.81319486349821,0.33799999952316284,1194.0
149.0,78.0,-6.21913829818368,1141.0,32.79999923706055,157.0,1201.0,1788047174000.0,2.00600004196167,0.5,1201.0,1755.7900390625,14.800000190734863,14.800000190734863,106.81308640167117,0.3059999942779541,1201.0
148.0,75.0,-6.219157660380006,1147.0,32.400001525878906,150.0,1207.0,1788047180000.0,1.8940000534057617,0.0,1207.0,1764.8499755859375,16.0,16.0,106.81300685741007,0.19099999964237213,1207.0
144.0,77.0,-6.219207448884845,1156.0,32.20000076293945,154.0,1216.0,1788047189000.0,1.5490000247955322,0.0,1216.0,1778.5899658203125,17.600000381469727,17.600000381469727,106.81289336644113,0.18199999630451202,1216.0
143.0,77.0,-6.219229744747281,1159.0,31.600000381469727,154.0,1219.0,1788047192000.0,1.5019999742507935,0.0,1219.0,1783.1800537109375,18.0,18.0,106.8128584139049,0.1599999964237213,1219.0
140.0,75.0,-6.21927609667182,1165.0,31.0,150.0,1225.0,1788047198000.0,1.38100004196167,0.0,1225.0,1791.5999755859375,18.799999237060547,18.799999237060547,106.81279781274498,0.10899999737739563,1225.0
139.0,72.0,-6.2193141505122185,1170.0,30.600000381469727,144.0,1230.0,1788047203000.0,1.315999984741211,0.0,1230.0,1798.5899658203125,19.200000762939453,19.200000762939453,106.81274718604982,0.10899999737739563,1230.0
137.0,70.0,,1183.0,,141.0,1243.0,1788047216000.0,0.9120000004768372,0.5,1243.0,1810.43994140625,,32.599998474121094,,1.0260000228881836,1243.0
139.0,70.0,-6.219411380589008,1185.0,34.0,141.0,1245.0,1788047218000.0,1.2599999904632568,0.5,1245.0,1812.949951171875,20.399999618530273,20.399999618530273,106.81265205144882,-6.071000099182129,1245.0
138.0,70.0,-6.219426300376654,1190.0,35.0,140.0,1250.0,1788047223000.0,1.1759999990463257,0.0,1250.0,1821.8199462890625,20.799999237060547,20.799999237060547,106.81262271478772,0.07400000095367432,1250.0
137.0,0.0,-6.219453290104866,1190.0,35.400001525878906,0.0,1256.0,1788047229000.0,0.0,0.0,1256.0,1825.760009765625,21.200000762939453,21.200000762939453,106.81260410696268,0.05000000074505806,1256.0
137.0,0.0,-6.219449853524566,1190.0,35.79999923706055,0.0,1261.0,1788047234000.0,0.0,0.0,1261.0,1828.8499755859375,21.200000762939453,21.200000762939453,106.81259497068822,0.017000000923871994,1261.0
137.0,0.0,-6.2194558046758175,1190.0,35.20000076293945,0.0,1266.0,1788047239000.0,0.0,0.0,1266.0,1830.010009765625,21.399999618530273,21.399999618530273,106.81258767843246,0.019999999552965164,1266.0
135.0,0.0,-6.2194425612688065,1190.0,34.400001525878906,0.0,1274.0,1788047247000.0,0.0,0.0,1274.0,1832.1099853515625,21.200000762939453,21.200000762939453,106.81258709169924,-0.004999999888241291,1274.0
133.0,0.0,-6.219440968707204,1190.0,34.599998474121094,0.0,1278.0,1788047251000.0,0.0,0.0,1278.0,1834.280029296875,21.200000762939453,21.200000762939453,106.81257585994899,-0.019999999552965164,1278.0
133.0,0.0,-6.2194254621863365,1190.0,34.79999923706055,0.0,1282.0,1788047255000.0,0.0,0.0,1282.0,1842.510009765625,20.600000381469727,20.600000381469727,106.81251919828355,-0.12399999797344208,1282.0
130.0,0.0,-6.219286238774657,1190.0,34.400001525878906,0.0,1286.0,1788047259000.0,0.0,0.0,1286.0,1853.43994140625,17.799999237060547,17.799999237060547,106.81236555799842,-0.7160000205039978,1286.0
127.0,54.0,-6.219162018969655,1190.0,33.20000076293945,109.0,1290.0,1788047263000.0,0.0,0.5,1290.0,1853.43994140625,16.200000762939453,16.200000762939453,106.81223924271762,-0.3880000114440918,1290.0
127.0,61.0,-6.219264194369316,1196.0,31.799999237060547,122.0,1296.0,1788047269000.0,0.9240000247955322,0.0,1296.0,1897.969970703125,17.0,17.0,106.81224913336337,0.1289999932050705,1296.0
127.0,61.0,-6.219288669526577,1197.0,31.600000381469727,122.0,1297.0,1788047270000.0,1.0449999570846558,0.0,1297.0,1897.969970703125,17.200000762939453,17.200000762939453,106.81225298903883,0.1899999976158142,1297.0
126.0,76.0,-6.2193079479038715,1198.0,31.399999618530273,152.0,1298.0,1788047271000.0,1.0640000104904175,0.0,1298.0,1897.969970703125,17.399999618530273,17.399999618530273,106.81226363405585,0.1770000010728836,1298.0
123.0,76.0,-6.219329657033086,1200.0,31.200000762939453,152.0,1300.0,1788047273000.0,1.184999942779541,0.0,1300.0,1899.949951171875,17.600000381469727,17.600000381469727,106.81227092631161,0.09099999815225601,1300.0
123.0,76.0,-6.219353377819061,1201.0,31.399999618530273,152.0,1301.0,1788047274000.0,1.194000005722046,0.0,1301.0,1901.9100341796875,17.799999237060547,17.799999237060547,106.8122716806829,0.17299999296665192,1301.0
122.0,76.0,-6.219370141625404,1202.0,31.399999618530273,152.0,1302.0,1788047275000.0,1.222000002861023,0.0,1302.0,1903.530029296875,17.799999237060547,17.799999237060547,106.81226598098874,0.11299999803304672,1302.0
122.0,76.0,-6.219397215172648,1204.0,31.799999237060547,152.0,1304.0,1788047277000.0,1.2690000534057617,0.0,1304.0,1906.5899658203125,18.200000762939453,18.200000762939453,106.8122563418001,0.1289999932050705,1304.0
122.0,79.0,-6.219428228214383,1206.0,32.400001525878906,158.0,1306.0,1788047279000.0,1.437000036239624,0.0,1306.0,1910.72998046875,18.399999618530273,18.399999618530273,106.81223446503282,0.12800000607967377,1306.0
122.0,79.0,-6.219439459964633,1207.0,32.599998474121094,159.0,1307.0,1788047280000.0,1.5019999742507935,0.5,1307.0,1910.72998046875,18.399999618530273,18.399999618530273,106.81222574785352,0.09000000357627869,1307.0
122.0,81.0,-6.219452954828739,1209.0,33.20000076293945,163.0,1309.0,1788047282000.0,1.6050000190734863,0.5,1309.0,1912.5699462890625,18.600000381469727,18.600000381469727,106.81221761740744,0.057999998331069946,1309.0
123.0,81.0,-6.219474161043763,1210.0,33.400001525878906,163.0,1310.0,1788047283000.0,1.6239999532699585,0.5,1310.0,1915.0699462890625,18.799999237060547,18.799999237060547,106.81220638565719,0.17000000178813934,1310.0
126.0,77.0,-6.21959812939167,1215.0,33.79999923706055,155.0,1315.0,1788047288000.0,1.6890000104904175,0.5,1315.0,1925.18994140625,19.600000381469727,19.600000381469727,106.81215475313365,0.17800000309944153,1315.0
129.0,81.0,-6.2196628376841545,1219.0,33.20000076293945,163.0,1319.0,1788047292000.0,1.7910000085830688,0.5,1319.0,1934.5699462890625,20.0,20.0,106.81208493188024,0.08299999684095383,1319.0
132.0,81.0,-6.21973785571754,1223.0,32.79999923706055,163.0,1323.0,1788047296000.0,1.940999984741211,0.5,1323.0,1944.72998046875,20.0,20.0,106.81202189996839,-0.02500000037252903,1323.0
134.0,78.0,-6.219859896227717,1231.0,30.799999237060547,157.0,1331.0,1788047304000.0,1.7450000047683716,0.5,1331.0,1961.030029296875,19.0,19.0,106.81193321943283,-0.11999999731779099,1331.0
137.0,75.0,-6.219927035272121,1238.0,31.0,150.0,1338.0,1788047311000.0,1.5490000247955322,0.0,1338.0,1971.3399658203125,18.200000762939453,18.200000762939453,106.81186314672232,-0.11299999803304672,1338.0
138.0,74.0,-6.219943463802338,1240.0,31.200000762939453,149.0,1340.0,1788047313000.0,1.5299999713897705,0.5,1340.0,1974.3900146484375,17.799999237060547,17.799999237060547,106.81184101849794,-0.17900000512599945,1340.0
138.0,77.0,-6.220044046640396,1252.0,33.0,155.0,1352.0,1788047325000.0,1.5019999742507935,0.5,1352.0,1991.5400390625,16.0,16.0,106.8117227498442,-0.15800000727176666,1352.0
138.0,77.0,-6.220127698034048,1262.0,32.20000076293945,155.0,1362.0,1788047335000.0,1.4739999771118164,0.5,1362.0,2005.9599609375,14.600000381469727,14.600000381469727,106.81162334047258,-0.13199999928474426,1362.0
137.0,76.0,-6.220207577571273,1272.0,31.200000762939453,152.0,1372.0,1788047345000.0,1.465000033378601,0.0,1372.0,2019.800048828125,13.399999618530273,13.399999618530273,106.81152686476707,-0.11100000143051147,1372.0
137.0,77.0,-6.220301454886794,1283.0,31.399999618530273,155.0,1383.0,1788047356000.0,1.4559999704360962,0.5,1383.0,2035.6199951171875,14.600000381469727,14.600000381469727,106.81141848675907,0.1080000028014183,1383.0
136.0,76.0,-6.2203633133322,1291.0,32.20000076293945,152.0,1391.0,1788047364000.0,1.4459999799728394,0.0,1391.0,2049.0,16.0,16.0,106.81131237186491,0.1589999943971634,1391.0
133.0,77.0,-6.220425590872765,1298.0,31.200000762939453,154.0,1398.0,1788047371000.0,1.4559999704360962,0.0,1398.0,2059.6298828125,17.0,17.0,106.81123953312635,0.1599999964237213,1398.0
133.0,76.0,-6.220435397699475,1299.0,31.200000762939453,152.0,1399.0,1788047372000.0,1.4559999704360962,0.0,1399.0,2061.0400390625,17.200000762939453,17.200000762939453,106.81123064830899,0.17599999904632568,1399.0
134.0,77.0,-6.2205275148153305,1308.0,32.79999923706055,155.0,1408.0,1788047381000.0,1.4739999771118164,0.5,1408.0,2075.669921875,18.200000762939453,18.200000762939453,106.81113492697477,0.10999999940395355,1408.0
134.0,79.0,-6.220608400180936,1318.0,32.400001525878906,158.0,1418.0,1788047391000.0,1.4930000305175781,0.0,1418.0,2090.239990234375,18.600000381469727,18.600000381469727,106.8110314104706,0.03700000047683716,1418.0
133.0,79.0,-6.220683669671416,1326.0,32.20000076293945,158.0,1426.0,1788047399000.0,1.5119999647140503,0.0,1426.0,2103.139892578125,19.0,19.0,106.81094281375408,0.03999999910593033,1426.0
132.0,77.0,-6.220751479268074,1335.0,31.799999237060547,155.0,1435.0,1788047408000.0,1.5119999647140503,0.5,1435.0,2115.219970703125,19.399999618530273,19.399999618530273,106.81085840798914,0.057999998331069946,1435.0
131.0,75.0,-6.220843093469739,1346.0,30.799999237060547,150.0,1446.0,1788047419000.0,1.4739999771118164,0.0,1446.0,2130.820068359375,19.600000381469727,19.600000381469727,106.81075153872371,0.013000000268220901,1446.0
134.0,73.0,-6.220923224464059,1355.0,31.0,147.0,1455.0,1788047428000.0,1.4459999799728394,0.5,1455.0,2143.31005859375,19.600000381469727,19.600000381469727,106.81067207828164,-0.0010000000474974513,1455.0
134.0,79.0,-6.2210046127438545,1364.0,31.600000381469727,159.0,1464.0,1788047437000.0,1.4739999771118164,0.5,1464.0,2159.300048828125,18.799999237060547,18.799999237060547,106.81055263616145,-0.07699999958276749,1464.0
134.0,81.0,-6.221101088449359,1373.0,32.0,163.0,1473.0,1788047446000.0,1.6699999570846558,0.5,1473.0,2176.449951171875,17.799999237060547,17.799999237060547,106.81043160147965,-0.12600000202655792,1473.0
134.0,79.0,-6.221170909702778,1379.0,31.600000381469727,159.0,1479.0,1788047452000.0,1.7359999418258667,0.5,1479.0,2187.5400390625,17.0,17.0,106.81036027148366,-0.12700000405311584,1479.0
138.0,81.0,-6.221232432872057,1384.0,31.600000381469727,163.0,1484.0,1788047457000.0,1.753999948501587,0.5,1484.0,2198.090087890625,16.200000762939453,16.200000762939453,106.81028734892607,-0.14100000262260437,1484.0
141.0,80.0,-6.221265206113458,1387.0,31.799999237060547,161.0,1487.0,1788047460000.0,1.7730000019073486,0.5,1487.0,2204.06005859375,16.0,16.0,106.81024451740086,-0.12999999523162842,1487.0
142.0,79.0,-6.221293117851019,1390.0,32.0,159.0,1490.0,1788047463000.0,1.7910000085830688,0.5,1490.0,2209.800048828125,15.600000381469727,15.600000381469727,106.81020084768534,-0.11900000274181366,1490.0
143.0,79.0,-6.221353970468044,1398.0,32.400001525878906,159.0,1498.0,1788047471000.0,1.8009999990463257,0.5,1498.0,2222.97998046875,15.199999809265137,15.199999809265137,106.81009883992374,-0.0430000014603138,1498.0
144.0,79.0,-6.221376350149512,1400.0,32.599998474121094,159.0,1500.0,1788047473000.0,1.8009999990463257,0.5,1500.0,2226.659912109375,15.199999809265137,15.199999809265137,106.81007419712842,0.017000000923871994,1500.0
143.0,80.0,-6.221459079533815,1407.0,33.79999923706055,160.0,1507.0,1788047480000.0,1.8009999990463257,0.0,1507.0,2240.75,15.600000381469727,15.600000381469727,106.80997738614678,0.0430000014603138,1507.0
140.0,81.0,-6.2214908469468355,1410.0,34.20000076293945,163.0,1510.0,1788047483000.0,1.809999942779541,0.5,1510.0,2245.7900390625,15.600000381469727,15.600000381469727,106.80994478054345,0.03799999877810478,1510.0
140.0,79.0,-6.221540970727801,1415.0,34.20000076293945,158.0,1515.0,1788047488000.0,1.819000005722046,0.0,1515.0,2254.919921875,15.800000190734863,15.800000190734863,106.80987923406065,0.035999998450279236,1515.0
143.0,82.0,-6.221592770889401,1419.0,33.400001525878906,164.0,1519.0,1788047492000.0,1.8289999961853027,0.0,1519.0,2263.4599609375,16.0,16.0,106.80982248857617,0.05299999937415123,1519.0
145.0,83.0,-6.221640044823289,1423.0,32.79999923706055,167.0,1523.0,1788047496000.0,1.847000002861023,0.5,1523.0,2271.489990234375,16.200000762939453,16.200000762939453,106.80976716801524,0.017000000923871994,1523.0
146.0,80.0,-6.221729060634971,1431.0,33.0,161.0,1531.0,1788047504000.0,1.9220000505447388,0.5,1531.0,2286.760009765625,16.0,16.0,106.80966205894947,-0.013000000268220901,1531.0
146.0,0.0,-6.221787063404918,1439.0,33.79999923706055,0.0,1539.0,1788047512000.0,1.7640000581741333,0.0,1539.0,2297.1201171875,16.0,16.0,106.80958888493478,0.0,1539.0
147.0,78.0,-6.2218710500746965,1448.0,31.799999237060547,157.0,1548.0,1788047521000.0,1.5859999656677246,0.5,1548.0,2311.35009765625,16.399999618530273,16.399999618530273,106.80949232541025,0.04399999976158142,1548.0
145.0,76.0,-6.221971716731787,1459.0,32.400001525878906,152.0,1559.0,1788047532000.0,1.5859999656677246,0.0,1559.0,2328.6201171875,17.399999618530273,17.399999618530273,106.80937279947102,0.08399999886751175,1559.0
141.0,76.0,-6.222047908231616,1469.0,32.79999923706055,152.0,1569.0,1788047542000.0,1.5119999647140503,0.0,1569.0,2343.429931640625,18.200000762939453,18.200000762939453,106.80926266126335,0.09099999815225601,1569.0
142.0,74.0,-6.222146982327104,1480.0,33.79999923706055,149.0,1580.0,1788047553000.0,1.4930000305175781,0.5,1580.0,2359.60009765625,18.600000381469727,18.600000381469727,106.8091547023505,0.03999999910593033,1580.0
140.0,74.0,-6.222230885177851,1492.0,34.400001525878906,149.0,1592.0,1788047565000.0,1.465000033378601,0.5,1592.0,2375.610107421875,18.399999618530273,18.399999618530273,106.80903827771544,-0.03099999949336052,1592.0
137.0,74.0,-6.2223033886402845,1501.0,35.20000076293945,149.0,1601.0,1788047574000.0,1.4179999828338623,0.5,1601.0,2388.530029296875,18.200000762939453,18.200000762939453,106.80894649587572,-0.008999999612569809,1601.0
137.0,73.0,-6.222333647310734,1504.0,35.20000076293945,147.0,1604.0,1788047577000.0,1.4179999828338623,0.5,1604.0,2393.02001953125,18.200000762939453,18.200000762939453,106.80891925469041,0.017999999225139618,1604.0
137.0,75.0,-6.2224047258496284,1513.0,35.20000076293945,150.0,1613.0,1788047586000.0,1.409000039100647,0.0,1613.0,2405.840087890625,19.0,19.0,106.80882764048874,0.0689999982714653,1613.0
133.0,74.0,-6.222459375858307,1520.0,34.20000076293945,149.0,1620.0,1788047593000.0,1.409000039100647,0.5,1620.0,2416.330078125,20.0,20.0,106.80875019170344,0.16200000047683716,1620.0
130.0,74.0,-6.2224730383604765,1522.0,34.0,149.0,1622.0,1788047595000.0,1.4179999828338623,0.5,1622.0,2419.300048828125,20.399999618530273,20.399999618530273,106.80872689001262,0.20999999344348907,1622.0
126.0,75.0,-6.2224862817674875,1524.0,33.79999923706055,150.0,1624.0,1788047597000.0,1.4179999828338623,0.0,1624.0,2421.949951171875,20.799999237060547,20.799999237060547,106.80870694108307,0.17900000512599945,1624.0
128.0,74.0,-6.222513858228922,1528.0,33.20000076293945,149.0,1628.0,1788047601000.0,1.4179999828338623,0.5,1628.0,2426.929931640625,21.799999237060547,21.799999237060547,106.80867190472782,0.24699999392032623,1628.0
131.0,73.0,-6.222561635077,1533.0,32.400001525878906,146.0,1633.0,1788047606000.0,1.409000039100647,0.0,1633.0,2434.510009765625,23.399999618530273,23.399999618530273,106.80862328968942,0.3149999976158142,1633.0
133.0,77.0,-6.222630869597197,1539.0,32.20000076293945,154.0,1639.0,1788047612000.0,1.4279999732971191,0.0,1639.0,2444.570068359375,25.399999618530273,25.399999618530273,106.80856369435787,0.32199999690055847,1639.0
132.0,80.0,-6.222664061933756,1542.0,32.20000076293945,160.0,1642.0,1788047615000.0,1.4459999799728394,0.0,1642.0,2450.7099609375,26.799999237060547,26.799999237060547,106.80851968936622,0.4749999940395355,1642.0
132.0,81.0,-6.222709743306041,1546.0,32.0,163.0,1646.0,1788047619000.0,1.5210000276565552,0.5,1646.0,2459.610107421875,29.0,29.0,106.80845389142632,0.5649999976158142,1646.0
135.0,80.0,-6.222732961177826,1550.0,32.0,161.0,1650.0,1788047623000.0,1.7170000076293945,0.5,1650.0,2469.25,29.799999237060547,29.799999237060547,106.80836864747107,0.21400000154972076,1650.0
138.0,80.0,-6.222741845995188,1551.0,32.20000076293945,161.0,1651.0,1788047624000.0,1.781999945640564,0.5,1651.0,2472.489990234375,29.600000381469727,29.600000381469727,106.80833822116256,-0.27799999713897705,1651.0
142.0,80.0,-6.222765147686005,1553.0,33.20000076293945,161.0,1653.0,1788047626000.0,1.8849999904632568,0.5,1653.0,2477.72998046875,29.399999618530273,29.399999618530273,106.80829756893218,-0.08299999684095383,1653.0
145.0,78.0,-6.22283672913909,1559.0,35.79999923706055,156.0,1659.0,1788047632000.0,1.940999984741211,0.0,1659.0,2490.2099609375,29.399999618530273,29.399999618530273,106.80820754729211,-0.0010000000474974513,1659.0
146.0,80.0,-6.22285433113575,1561.0,36.20000076293945,161.0,1661.0,1788047634000.0,1.9589999914169312,0.5,1661.0,2494.409912109375,29.200000762939453,29.200000762939453,106.8081739358604,-0.08399999886751175,1661.0
147.0,81.0,-6.222942927852273,1569.0,36.599998474121094,163.0,1669.0,1788047642000.0,2.118000030517578,0.5,1669.0,2511.610107421875,28.0,28.0,106.8080478720367,-0.15299999713897705,1669.0
145.0,80.0,-6.223026076331735,1577.0,36.400001525878906,161.0,1677.0,1788047650000.0,2.0989999771118164,0.5,1677.0,2527.7900390625,26.399999618530273,26.399999618530273,106.80792750790715,-0.19200000166893005,1677.0
147.0,82.0,-6.2231324426829815,1586.0,37.0,165.0,1686.0,1788047659000.0,2.183000087738037,0.5,1686.0,2549.510009765625,25.0,25.0,106.80776255205274,-0.16899999976158142,1686.0
147.0,80.0,-6.223154906183481,1588.0,37.0,161.0,1688.0,1788047661000.0,2.2209999561309814,0.5,1688.0,2553.85009765625,24.799999237060547,24.799999237060547,106.80773036554456,-0.08699999749660492,1688.0
150.0,80.0,-6.223186841234565,1591.0,37.0,161.0,1691.0,1788047664000.0,2.249000072479248,0.5,1691.0,2560.10009765625,24.600000381469727,24.600000381469727,106.80768392980099,-0.08699999749660492,1691.0
150.0,81.0,-6.223205700516701,1593.0,37.0,162.0,1693.0,1788047666000.0,2.249000072479248,0.0,1693.0,2563.7099609375,24.399999618530273,24.399999618530273,106.8076572753489,-0.07000000029802322,1693.0
151.0,82.0,-6.2232608534395695,1602.0,38.599998474121094,164.0,1702.0,1788047675000.0,1.9869999885559082,0.0,1702.0,2576.110107421875,23.600000381469727,23.600000381469727,106.80756004527211,-0.08799999952316284,1702.0
149.0,0.0,-6.223275437951088,1609.0,39.0,0.0,1709.0,1788047682000.0,1.5210000276565552,0.0,1709.0,2583.070068359375,22.799999237060547,22.799999237060547,106.80750204250216,-0.12700000405311584,1709.0
150.0,0.0,-6.223281305283308,1615.0,38.79999923706055,0.0,1715.0,1788047688000.0,0.9520000219345093,0.0,1715.0,2586.669921875,22.200000762939453,22.200000762939453,106.80747513659298,-0.07000000029802322,1715.0
151.0,0.0,-6.223294548690319,1615.0,39.79999923706055,0.0,1722.0,1788047695000.0,0.0,0.0,1722.0,2591.610107421875,21.600000381469727,21.600000381469727,106.8074347358197,-0.08299999684095383,1722.0
151.0,0.0,-6.223303433507681,1615.0,40.0,0.0,1727.0,1788047700000.0,0.0,0.0,1727.0,2592.89990234375,21.799999237060547,21.799999237060547,106.80742995813489,0.0020000000949949026,1727.0
150.0,0.0,-6.223318604752421,1615.0,39.599998474121094,0.0,1736.0,1788047709000.0,0.0,0.0,1736.0,2596.7099609375,21.399999618530273,21.399999618530273,106.80739877745509,-0.04399999976158142,1736.0
147.0,0.0,-6.223320113494992,1615.0,40.79999923706055,0.0,1742.0,1788047715000.0,0.0,0.0,1742.0,2596.77001953125,21.399999618530273,21.399999618530273,106.80739928036928,0.004000000189989805,1742.0
143.0,0.0,-6.223320113494992,1615.0,41.0,0.0,1744.0,1788047717000.0,0.0,0.0,1744.0,2596.77001953125,21.399999618530273,21.399999618530273,106.80739928036928,0.0,1744.0
141.0,0.0,-6.223320113494992,1615.0,41.0,0.0,1745.0,1788047718000.0,0.0,0.0,1745.0,2596.77001953125,21.399999618530273,21.399999618530273,106.80739928036928,0.0,1745.0
138.0,0.0,-6.223320113494992,1615.0,41.20000076293945,0.0,1747.0,1788047720000.0,0.0,0.0,1747.0,2596.77001953125,21.399999618530273,21.399999618530273,106.80739928036928,0.0,1747.0
135.0,0.0,-6.223320113494992,1615.0,41.20000076293945,0.0,1750.0,1788047723000.0,0.0,0.0,1750.0,2596.77001953125,21.399999618530273,21.399999618530273,106.80739928036928,0.0,1750.0
136.0,0.0,-6.223356490954757,1615.0,40.79999923706055,0.0,1764.0,1788047737000.0,0.0,0.0,1764.0,2602.830078125,21.0,21.0,106.8073565326631,-0.027000000700354576,1764.0
135.0,0.0,-6.223394125699997,1615.0,37.599998474121094,0.0,1772.0,1788047745000.0,0.0,0.0,1772.0,2608.52001953125,20.600000381469727,20.600000381469727,106.80731889791787,-0.03400000184774399,1772.0
134.0,43.0,-6.223434191197157,1615.0,37.0,87.0,1781.0,1788047754000.0,0.0,0.5,1781.0,2614.610107421875,20.600000381469727,20.600000381469727,106.80728319101036,-0.014000000432133675,1781.0
131.0,46.0,-6.223441064357758,1615.0,37.20000076293945,92.0,1784.0,1788047757000.0,0.0,0.0,1784.0,2616.070068359375,20.600000381469727,20.600000381469727,106.80727447383106,-0.017000000923871994,1784.0
130.0,0.0,-6.2234425731003284,1615.0,37.400001525878906,0.0,1787.0,1788047760000.0,0.0,0.0,1787.0,2616.409912109375,20.399999618530273,20.399999618530273,106.80727154016495,-0.008999999612569809,1787.0
129.0,0.0,-6.223445339128375,1615.0,37.0,0.0,1793.0,1788047766000.0,0.0,0.0,1793.0,2617.169921875,20.600000381469727,20.600000381469727,106.80727262981236,0.00800000037997961,1793.0
126.0,0.0,-6.223445842042565,1615.0,35.400001525878906,0.0,1813.0,1788047786000.0,0.0,0.0,1813.0,2617.22998046875,20.600000381469727,20.600000381469727,106.8072724621743,0.0,1813.0
123.0,0.0,-6.2234455067664385,1615.0,35.400001525878906,0.0,1815.0,1788047788000.0,0.0,0.0,1815.0,2617.22998046875,20.600000381469727,20.600000381469727,106.80727212689817,-0.004000000189989805,1815.0
120.0,0.0,-6.22344559058547,1615.0,35.400001525878906,0.0,1819.0,1788047792000.0,0.0,0.0,1819.0,2617.260009765625,20.600000381469727,20.600000381469727,106.8072724621743,0.0010000000474974513,1819.0
119.0,0.0,-6.2234455067664385,1615.0,35.400001525878906,0.0,1821.0,1788047794000.0,0.0,0.0,1821.0,2617.27001953125,20.600000381469727,20.600000381469727,106.80727262981236,0.0010000000474974513,1821.0
116.0,0.0,-6.22345732524991,1615.0,35.599998474121094,0.0,1835.0,1788047808000.0,0.0,0.0,1835.0,2619.77001953125,20.600000381469727,20.600000381469727,106.8072616495192,-0.0020000000949949026,1835.0
116.0,81.0,-6.223478866741061,1615.0,35.599998474121094,162.0,1837.0,1788047810000.0,0.0,0.0,1837.0,2624.070068359375,20.200000762939453,20.200000762939453,106.80722870863974,-0.12099999934434891,1837.0
119.0,81.0,-6.223506694659591,1617.0,35.599998474121094,163.0,1839.0,1788047812000.0,1.1100000143051147,0.5,1839.0,2628.8701171875,20.0,20.0,106.80719333700836,-0.10400000214576721,1839.0
121.0,82.0,-6.22356821782887,1621.0,35.599998474121094,165.0,1843.0,1788047816000.0,2.1089999675750732,0.5,1843.0,2639.699951171875,19.799999237060547,19.799999237060547,106.80711446329951,-0.08699999749660492,1843.0
124.0,82.0,-6.223596381023526,1623.0,35.20000076293945,165.0,1845.0,1788047818000.0,2.193000078201294,0.5,1845.0,2644.1298828125,19.600000381469727,19.600000381469727,106.80708529427648,-0.007000000216066837,1845.0
121.0,85.0,-6.2236398831009865,1626.0,34.400001525878906,171.0,1848.0,1788047821000.0,2.257999897003174,0.5,1848.0,2651.760009765625,19.600000381469727,19.600000381469727,106.80703156627715,-0.04899999871850014,1848.0
122.0,85.0,-6.223650276660919,1627.0,34.0,171.0,1849.0,1788047822000.0,2.2769999504089355,0.5,1849.0,2654.300048828125,19.200000762939453,19.200000762939453,106.80701111443341,-0.27900001406669617,1849.0
125.0,82.0,-6.223679361864924,1630.0,33.400001525878906,165.0,1852.0,1788047825000.0,2.313999891281128,0.5,1852.0,2661.570068359375,18.399999618530273,18.399999618530273,106.80695235729218,-0.28299999237060547,1852.0
128.0,83.0,-6.223728898912668,1634.0,33.0,167.0,1856.0,1788047829000.0,2.2950000762939453,0.5,1856.0,2670.93994140625,17.600000381469727,17.600000381469727,106.80688329041004,-0.19499999284744263,1856.0
128.0,83.0,-6.223745159804821,1635.0,33.0,167.0,1857.0,1788047830000.0,2.2860000133514404,0.5,1857.0,2673.35009765625,17.600000381469727,17.600000381469727,106.80686870589852,-0.08100000023841858,1857.0
132.0,83.0,-6.22376368381083,1637.0,33.400001525878906,167.0,1859.0,1788047832000.0,2.2769999504089355,0.5,1859.0,2677.419921875,17.200000762939453,17.200000762939453,106.8068369384855,-0.20999999344348907,1859.0
135.0,84.0,-6.223788661882281,1640.0,34.0,169.0,1862.0,1788047835000.0,2.249000072479248,0.5,1862.0,2683.030029296875,16.600000381469727,16.600000381469727,106.80679343640804,-0.19300000369548798,1862.0
136.0,82.0,-6.223820094019175,1642.0,35.0,165.0,1864.0,1788047837000.0,2.2209999561309814,0.5,1864.0,2687.330078125,16.399999618530273,16.399999618530273,106.80676711723208,-0.10100000351667404,1864.0
137.0,81.0,-6.223905086517334,1650.0,37.599998474121094,163.0,1872.0,1788047845000.0,2.1549999713897705,0.5,1872.0,2705.5,13.800000190734863,13.800000190734863,106.80662722326815,-0.3109999895095825,1872.0
140.0,83.0,-6.22394741512835,1654.0,36.79999923706055,167.0,1876.0,1788047849000.0,2.1649999618530273,0.5,1876.0,2714.489990234375,12.800000190734863,12.800000190734863,106.80655773729086,-0.2879999876022339,1876.0
144.0,83.0,-6.223954875022173,1655.0,36.400001525878906,167.0,1877.0,1788047850000.0,2.1740000247955322,0.5,1877.0,2716.610107421875,12.399999618530273,12.399999618530273,106.80653996765614,-0.28299999237060547,1877.0
141.0,85.0,-6.223960407078266,1656.0,36.20000076293945,171.0,1878.0,1788047851000.0,2.1740000247955322,0.5,1878.0,2718.60009765625,12.199999809265137,12.199999809265137,106.80652261711657,-0.27000001072883606,1878.0
143.0,85.0,-6.223994605243206,1659.0,35.400001525878906,171.0,1881.0,1788047854000.0,2.193000078201294,0.5,1881.0,2725.570068359375,11.399999618530273,11.399999618530273,106.80646981112659,-0.2590000033378601,1881.0
144.0,87.0,-6.224018661305308,1662.0,35.20000076293945,175.0,1884.0,1788047857000.0,2.2109999656677246,0.5,1884.0,2731.9599609375,11.800000190734863,11.800000190734863,106.80641809478402,0.15700000524520874,1884.0
144.0,87.0,-6.224026456475258,1663.0,35.20000076293945,175.0,1885.0,1788047858000.0,2.2209999561309814,0.5,1885.0,2734.1201171875,12.0,12.0,106.80640015751123,0.16599999368190765,1885.0
146.0,82.0,-6.224053194746375,1666.0,35.599998474121094,165.0,1888.0,1788047861000.0,2.2300000190734863,0.5,1888.0,2739.85009765625,12.399999618530273,12.399999618530273,106.8063567392528,0.12399999797344208,1888.0
147.0,82.0,-6.224075490608811,1668.0,35.79999923706055,165.0,1890.0,1788047863000.0,2.2300000190734863,0.5,1890.0,2743.659912109375,12.600000381469727,12.600000381469727,106.80633000098169,0.10400000214576721,1890.0
148.0,82.0,-6.224090158939362,1670.0,36.0,165.0,1892.0,1788047865000.0,2.2300000190734863,0.5,1892.0,2747.5400390625,12.800000190734863,12.800000190734863,106.80629865266383,0.14399999380111694,1892.0
150.0,82.0,-6.224116310477257,1673.0,36.400001525878906,165.0,1895.0,1788047868000.0,2.2300000190734863,0.5,1895.0,2753.56005859375,13.600000381469727,13.600000381469727,106.80625070817769,0.2669999897480011,1895.0
152.0,81.0,-6.224237680435181,1683.0,37.20000076293945,163.0,1905.0,1788047878000.0,2.1549999713897705,0.5,1905.0,2774.280029296875,16.200000762939453,16.200000762939453,106.80610503070056,0.25600001215934753,1905.0
152.0,84.0,-6.224251175299287,1684.0,36.79999923706055,169.0,1906.0,1788047879000.0,2.1549999713897705,0.5,1906.0,2776.56005859375,16.600000381469727,16.600000381469727,106.80608893744648,0.2619999945163727,1906.0
153.0,81.0,-6.224368941038847,1693.0,33.0,163.0,1915.0,1788047888000.0,2.1459999084472656,0.5,1915.0,2795.820068359375,18.799999237060547,18.799999237060547,106.80596044287086,0.24300000071525574,1915.0
153.0,81.0,-6.224382687360048,1694.0,32.79999923706055,163.0,1916.0,1788047889000.0,2.13700008392334,0.5,1916.0,2797.97998046875,18.799999237060547,18.799999237060547,106.80594636127353,0.1509999930858612,1916.0
154.0,81.0,-6.224431386217475,1698.0,32.400001525878906,163.0,1920.0,1788047893000.0,2.118000030517578,0.5,1920.0,2807.909912109375,17.600000381469727,17.600000381469727,106.80587117560208,-0.33000001311302185,1920.0
154.0,81.0,-6.224496765062213,1704.0,33.599998474121094,163.0,1926.0,1788047899000.0,2.127000093460083,0.5,1926.0,2820.219970703125,14.600000381469727,14.600000381469727,106.80577646009624,-0.49000000953674316,1926.0
157.0,0.0,-6.224520485848188,1709.0,34.599998474121094,0.0,1931.0,1788047904000.0,2.071000099182129,0.0,1931.0,2825.7900390625,13.399999618530273,13.399999618530273,106.8057322036475,-0.2280000001192093,1931.0
160.0,0.0,-6.224521491676569,1709.0,35.599998474121094,0.0,1934.0,1788047907000.0,0.0,0.0,1934.0,2826.47998046875,13.399999618530273,13.399999618530273,106.80572583340108,-0.0430000014603138,1934.0
159.0,0.0,-6.224535573273897,1709.0,36.20000076293945,0.0,1937.0,1788047910000.0,0.0,0.0,1937.0,2828.64990234375,12.800000190734863,12.800000190734863,106.8057129252702,-0.14499999582767487,1937.0
155.0,58.0,-6.224569268524647,1715.0,37.20000076293945,117.0,1943.0,1788047916000.0,0.36399999260902405,0.5,1943.0,2836.10009765625,11.399999618530273,11.399999618530273,106.80565433576703,-0.25699999928474426,1943.0
154.0,57.0,-6.2245740462094545,1716.0,37.20000076293945,114.0,1944.0,1788047917000.0,0.597000002861023,0.0,1944.0,2837.14990234375,11.199999809265137,11.199999809265137,106.80564612150192,-0.21699999272823334,1944.0
151.0,55.0,-6.2245887983590364,1718.0,37.20000076293945,111.0,1946.0,1788047919000.0,0.8399999737739563,0.5,1946.0,2839.39990234375,10.600000381469727,10.600000381469727,106.80563195608556,-0.24899999797344208,1946.0
148.0,0.0,-6.224616793915629,1721.0,37.0,0.0,1949.0,1788047922000.0,1.0260000228881836,0.0,1949.0,2843.35009765625,9.800000190734863,9.800000190734863,106.80560982786119,-0.2939999997615814,1949.0
147.0,0.0,-6.224648058414459,1725.0,36.400001525878906,0.0,1953.0,1788047926000.0,1.156999945640564,0.0,1953.0,2849.0,8.399999618530273,8.399999618530273,106.8055694270879,-0.3160000145435333,1953.0
146.0,79.0,-6.224770937114954,1735.0,33.79999923706055,158.0,1963.0,1788047936000.0,1.6699999570846558,0.0,1963.0,2866.010009765625,7.800000190734863,7.800000190734863,106.80547404102981,-0.0729999989271164,1963.0
145.0,77.0,-6.224847547709942,1742.0,33.599998474121094,155.0,1970.0,1788047943000.0,1.8940000534057617,0.5,1970.0,2879.510009765625,6.400000095367432,6.400000095367432,106.80537655949593,-0.18299999833106995,1970.0
142.0,78.0,-6.22485626488924,1743.0,33.599998474121094,156.0,1971.0,1788047944000.0,1.902999997138977,0.0,1971.0,2881.75,6.199999809265137,6.199999809265137,106.80535837076604,-0.20800000429153442,1971.0
145.0,78.0,-6.224869843572378,1744.0,33.79999923706055,156.0,1972.0,1788047945000.0,1.9129999876022339,0.0,1972.0,2883.840087890625,6.400000095367432,6.400000095367432,106.80534512735903,0.1469999998807907,1972.0
144.0,80.0,-6.224940503016114,1749.0,33.20000076293945,161.0,1977.0,1788047950000.0,2.015000104904175,0.5,1977.0,2895.840087890625,7.0,7.0,106.80526306852698,0.11599999666213989,1977.0
146.0,81.0,-6.225008396431804,1756.0,32.400001525878906,163.0,1984.0,1788047957000.0,2.1459999084472656,0.5,1984.0,2910.320068359375,7.0,7.0,106.80515033192933,0.0,1984.0
148.0,81.0,-6.225016778334975,1758.0,32.599998474121094,163.0,1986.0,1788047959000.0,2.0989999771118164,0.5,1986.0,2912.169921875,7.0,7.0,106.805136250332,0.0,1986.0
148.0,0.0,-6.22503605671227,1762.0,33.0,0.0,1990.0,1788047963000.0,1.6139999628067017,0.0,1990.0,2917.469970703125,7.0,7.0,106.8050929158926,0.0,1990.0
145.0,76.0,-6.225059777498245,1766.0,33.400001525878906,152.0,1994.0,1788047967000.0,1.5490000247955322,0.0,1994.0,2923.409912109375,7.0,7.0,106.8050445523113,0.0,1994.0
148.0,77.0,-6.2251130025833845,1773.0,33.400001525878906,154.0,2001.0,1788047974000.0,1.5859999656677246,0.0,2001.0,2933.68994140625,7.0,7.0,106.80497095920146,0.0,2001.0
146.0,74.0,-6.2251783814281225,1782.0,33.0,149.0,2010.0,1788047983000.0,1.5579999685287476,0.5,2010.0,2945.419921875,7.0,7.0,106.80488990619779,0.0,2010.0
144.0,75.0,-6.225263625383377,1791.0,34.20000076293945,150.0,2019.0,1788047992000.0,1.5210000276565552,0.0,2019.0,2957.97998046875,7.599999904632568,7.599999904632568,106.8048185762018,0.07500000298023224,2019.0
142.0,76.0,-6.225331434980035,1798.0,35.20000076293945,152.0,2026.0,1788047999000.0,1.5119999647140503,0.0,2026.0,2967.489990234375,8.0,8.0,106.80476551875472,0.04100000113248825,2026.0
142.0,77.0,-6.225336464121938,1799.0,35.20000076293945,154.0,2027.0,1788048000000.0,1.5119999647140503,0.0,2027.0,2969.22998046875,7.800000190734863,7.800000190734863,106.80475026369095,-0.10999999940395355,2027.0
140.0,80.0,-6.225422127172351,1806.0,35.599998474121094,161.0,2034.0,1788048007000.0,1.6050000190734863,0.5,2034.0,2985.3701171875,7.599999904632568,7.599999904632568,106.80463409051299,-0.04699999839067459,2034.0
143.0,82.0,-6.225503012537956,1813.0,35.599998474121094,165.0,2041.0,1788048014000.0,2.1740000247955322,0.5,2041.0,3004.75,8.199999809265137,8.199999809265137,106.80447801947594,0.0989999994635582,2041.0
144.0,80.0,-6.225499911233783,1814.0,35.599998474121094,160.0,2042.0,1788048015000.0,2.193000078201294,0.0,2042.0,3005.7900390625,8.600000381469727,8.600000381469727,106.8044644407928,0.42399999499320984,2042.0
147.0,0.0,-6.225507706403732,1817.0,35.79999923706055,0.0,2045.0,1788048018000.0,1.6330000162124634,0.0,2045.0,3007.43994140625,9.0,9.0,106.80445086210966,0.10199999809265137,2045.0
149.0,0.0,-6.225484739989042,1817.0,36.400001525878906,0.0,2051.0,1788048024000.0,0.0,0.0,2051.0,3010.739990234375,9.600000381469727,9.600000381469727,106.80443946272135,0.09600000083446503,2051.0
150.0,60.0,-6.225495971739292,1817.0,36.599998474121094,121.0,2056.0,1788048029000.0,0.0,0.5,2056.0,3013.85009765625,10.199999809265137,10.199999809265137,106.80441381409764,0.12300000339746475,2056.0
148.0,0.0,-6.2255200278013945,1817.0,36.79999923706055,0.0,2063.0,1788048036000.0,0.0,0.0,2063.0,3017.530029296875,10.600000381469727,10.600000381469727,106.80439101532102,0.05700000002980232,2063.0
147.0,0.0,-6.225575348362327,1817.0,37.599998474121094,0.0,2070.0,1788048043000.0,0.0,0.0,2070.0,3024.5400390625,10.600000381469727,10.600000381469727,106.80436494760215,0.02199999988079071,2070.0
144.0,0.0,-6.225581299513578,1817.0,35.79999923706055,0.0,2075.0,1788048048000.0,0.0,0.0,2075.0,3026.340087890625,11.0,11.0,106.80435178801417,0.06300000101327896,2075.0
144.0,0.0,-6.225582221522927,1817.0,35.400001525878906,0.0,2076.0,1788048049000.0,0.0,0.0,2076.0,3026.3701171875,11.0,11.0,106.80435170419514,-0.00800000037997961,2076.0
141.0,0.0,-6.22557551600039,1817.0,34.20000076293945,0.0,2083.0,1788048056000.0,0.0,0.0,2083.0,3027.510009765625,11.199999809265137,11.199999809265137,106.8043455015868,0.035999998450279236,2083.0
138.0,0.0,-6.225579455494881,1817.0,35.20000076293945,0.0,2093.0,1788048066000.0,0.0,0.0,2093.0,3027.550048828125,11.0,11.0,106.80434927344322,-0.014999999664723873,2093.0
135.0,0.0,-6.225579455494881,1817.0,35.400001525878906,0.0,2095.0,1788048068000.0,0.0,0.0,2095.0,3027.550048828125,11.0,11.0,106.80434927344322,0.0,2095.0
136.0,0.0,-6.225579455494881,1817.0,35.599998474121094,0.0,2100.0,1788048073000.0,0.0,0.0,2100.0,3027.639892578125,11.199999809265137,11.199999809265137,106.80434801615775,0.007000000216066837,2100.0
133.0,0.0,-6.225579455494881,1817.0,35.599998474121094,0.0,2103.0,1788048076000.0,0.0,0.0,2103.0,3027.679931640625,11.199999809265137,11.199999809265137,106.80434751324356,0.004999999888241291,2103.0
131.0,55.0,-6.2256118934601545,1822.0,35.599998474121094,110.0,2108.0,1788048081000.0,0.671999990940094,0.0,2108.0,3036.110107421875,12.800000190734863,12.800000190734863,106.80427718907595,0.33500000834465027,2108.0
135.0,83.0,-6.225693114101887,1829.0,35.79999923706055,167.0,2115.0,1788048088000.0,1.9220000505447388,0.5,2115.0,3053.77001953125,16.0,16.0,106.80413872003555,0.4440000057220459,2115.0
137.0,84.0,-6.225718008354306,1831.0,36.0,169.0,2117.0,1788048090000.0,2.0989999771118164,0.5,2117.0,3058.659912109375,16.799999237060547,16.799999237060547,106.80410125292838,0.4050000011920929,2117.0
139.0,84.0,-6.22579101473093,1836.0,36.400001525878906,169.0,2122.0,1788048095000.0,2.2769999504089355,0.5,2122.0,3067.469970703125,17.799999237060547,17.799999237060547,106.80405791848898,0.21400000154972076,2122.0
136.0,80.0,-6.22584281489253,1840.0,36.400001525878906,160.0,2126.0,1788048099000.0,2.2669999599456787,0.0,2126.0,3074.580078125,19.399999618530273,19.399999618530273,106.80401768535376,0.382999986410141,2126.0
135.0,79.0,-6.225891262292862,1846.0,36.400001525878906,159.0,2132.0,1788048105000.0,2.193000078201294,0.5,2132.0,3085.3701171875,22.399999618530273,22.399999618530273,106.8039324413985,0.515999972820282,2132.0
133.0,81.0,-6.22594197280705,1852.0,36.20000076293945,163.0,2138.0,1788048111000.0,2.118000030517578,0.5,2138.0,3098.110107421875,26.399999618530273,26.399999618530273,106.80383135564625,0.6669999957084656,2138.0
136.0,82.0,-6.22599964030087,1857.0,35.400001525878906,165.0,2143.0,1788048116000.0,2.1740000247955322,0.5,2143.0,3109.679931640625,30.0,30.0,106.8037445191294,0.7080000042915344,2143.0
137.0,81.0,-6.22603191062808,1859.0,35.0,163.0,2145.0,1788048118000.0,2.2109999656677246,0.5,2145.0,3114.10009765625,31.0,31.0,106.80372004397213,0.5569999814033508,2145.0
140.0,82.0,-6.226092344149947,1863.0,34.400001525878906,165.0,2149.0,1788048122000.0,2.239000082015991,0.5,2149.0,3123.760009765625,29.600000381469727,29.600000381469727,106.80365717969835,-0.3580000102519989,2149.0
143.0,78.0,-6.226144731044769,1868.0,34.0,157.0,2154.0,1788048127000.0,2.257999897003174,0.5,2154.0,3133.5,26.799999237060547,26.799999237060547,106.80358668789268,-0.5550000071525574,2154.0
143.0,79.0,-6.226153951138258,1869.0,34.0,159.0,2155.0,1788048128000.0,2.249000072479248,0.5,2155.0,3135.56005859375,26.200000762939453,26.200000762939453,106.80357051081955,-0.7080000042915344,2155.0
146.0,82.0,-6.226190747693181,1873.0,33.20000076293945,165.0,2159.0,1788048132000.0,2.2300000190734863,0.5,2159.0,3143.7900390625,23.200000762939453,23.200000762939453,106.80350555106997,-0.734000027179718,2159.0
147.0,83.0,-6.226223269477487,1878.0,33.400001525878906,167.0,2164.0,1788048137000.0,2.1549999713897705,0.5,2164.0,3150.239990234375,21.0,21.0,106.80345676839352,-0.4449999928474426,2164.0
144.0,0.0,-6.226258389651775,1887.0,34.599998474121094,0.0,2173.0,1788048146000.0,1.4179999828338623,0.0,2173.0,3161.22998046875,18.600000381469727,18.600000381469727,106.80336691439152,-0.2630000114440918,2173.0
144.0,0.0,-6.226279344409704,1892.0,35.400001525878906,0.0,2178.0,1788048151000.0,1.38100004196167,0.0,2178.0,3166.340087890625,18.200000762939453,18.200000762939453,106.80332676507533,-0.10199999809265137,2178.0
144.0,0.0,-6.226286385208368,1893.0,35.599998474121094,0.0,2179.0,1788048152000.0,1.3530000448226929,0.0,2179.0,3167.93994140625,18.0,18.0,106.80331368930638,-0.16699999570846558,2179.0
144.0,62.0,-6.2263761553913355,1902.0,36.400001525878906,125.0,2188.0,1788048161000.0,1.2599999904632568,0.5,2188.0,3179.820068359375,17.399999618530273,17.399999618530273,106.8032505735755,-0.061000000685453415,2188.0
144.0,0.0,-6.22644136659801,1913.0,35.0,0.0,2199.0,1788048172000.0,1.38100004196167,0.0,2199.0,3193.8701171875,16.399999618530273,16.399999618530273,106.80313951335847,-0.08699999749660492,2199.0
144.0,61.0,-6.226525017991662,1925.0,35.0,123.0,2211.0,1788048184000.0,1.371999979019165,0.5,2211.0,3208.6298828125,17.799999237060547,17.799999237060547,106.80303733795881,0.11699999868869781,2211.0
145.0,60.0,-6.226590815931559,1934.0,33.79999923706055,121.0,2220.0,1788048193000.0,1.343999981880188,0.5,2220.0,3221.830078125,19.200000762939453,19.200000762939453,106.80293851532042,0.14499999582767487,2220.0
140.0,64.0,-6.226624343544245,1938.0,34.400001525878906,129.0,2224.0,1788048197000.0,1.371999979019165,0.5,2224.0,3227.679931640625,19.799999237060547,19.799999237060547,106.80289744399488,0.17100000381469727,2224.0
139.0,64.0,-6.226666169241071,1943.0,35.0,129.0,2229.0,1788048202000.0,1.437000036239624,0.5,2229.0,3234.360107421875,20.600000381469727,20.600000381469727,106.80285452865064,0.1420000046491623,2229.0
135.0,64.0,-6.226684777066112,1946.0,35.599998474121094,129.0,2232.0,1788048205000.0,1.437000036239624,0.5,2232.0,3238.659912109375,20.799999237060547,20.799999237060547,106.80282041430473,0.0860000029206276,2232.0
132.0,0.0,-6.226699696853757,1948.0,36.0,0.0,2234.0,1788048207000.0,1.4459999799728394,0.0,2234.0,3241.43994140625,21.0,21.0,106.80280021391809,0.09000000357627869,2234.0
131.0,0.0,-6.22673406265676,1952.0,36.599998474121094,0.0,2238.0,1788048211000.0,1.4459999799728394,0.0,2238.0,3247.580078125,21.399999618530273,21.399999618530273,106.80275646038353,0.10100000351667404,2238.0
131.0,59.0,-6.226808410137892,1963.0,35.400001525878906,118.0,2249.0,1788048222000.0,1.5019999742507935,0.0,2249.0,3264.68994140625,22.600000381469727,22.600000381469727,106.80262084119022,0.1080000028014183,2249.0
128.0,57.0,-6.226866580545902,1971.0,35.20000076293945,114.0,2257.0,1788048230000.0,1.4839999675750732,0.0,2257.0,3275.2900390625,22.799999237060547,22.799999237060547,106.80254557169974,0.03200000151991844,2257.0
129.0,58.0,-6.2268750462681055,1972.0,35.20000076293945,116.0,2258.0,1788048231000.0,1.4739999771118164,0.0,2258.0,3276.60009765625,22.799999237060547,22.799999237060547,106.80253718979657,-0.05299999937415123,2258.0
129.0,58.0,-6.22690211981535,1975.0,35.599998474121094,116.0,2261.0,1788048234000.0,1.465000033378601,0.0,2261.0,3280.739990234375,22.600000381469727,22.600000381469727,106.80251045152545,-0.06499999761581421,2261.0
128.0,57.0,-6.226942101493478,1979.0,36.400001525878906,114.0,2265.0,1788048238000.0,1.465000033378601,0.0,2265.0,3288.010009765625,22.200000762939453,22.200000762939453,106.80245823226869,-0.08299999684095383,2265.0
128.0,80.0,-6.227052574977279,1986.0,38.0,161.0,2272.0,1788048245000.0,2.0429999828338623,0.5,2272.0,3305.840087890625,21.399999618530273,21.399999618530273,106.80234189145267,-0.11699999868869781,2272.0
131.0,82.0,-6.227118289098144,1991.0,38.20000076293945,165.0,2277.0,1788048250000.0,2.313999891281128,0.5,2277.0,3317.5400390625,21.0,21.0,106.8022589944303,-0.10700000077486038,2277.0
136.0,83.0,-6.227164221927524,1994.0,37.79999923706055,167.0,2280.0,1788048253000.0,2.3510000705718994,0.5,2280.0,3325.2900390625,20.600000381469727,20.600000381469727,106.80220627225935,-0.14000000059604645,2280.0
137.0,85.0,-6.227192133665085,1996.0,37.400001525878906,171.0,2282.0,1788048255000.0,2.369999885559082,0.5,2282.0,3330.25,20.200000762939453,20.200000762939453,106.80217115208507,-0.164000004529953,2282.0
141.0,86.0,-6.227221302688122,1999.0,36.79999923706055,173.0,2285.0,1788048258000.0,2.4260001182556152,0.5,2285.0,3336.7099609375,19.799999237060547,19.799999237060547,106.80212035775185,-0.13099999725818634,2285.0
144.0,41.0,-6.2272466160357,2002.0,36.20000076293945,83.0,2288.0,1788048261000.0,2.305000066757202,0.5,2288.0,3341.02001953125,19.600000381469727,19.600000381469727,106.80209043435752,-0.09700000286102295,2288.0
147.0,58.0,-6.227262960746884,2005.0,36.0,117.0,2291.0,1788048264000.0,1.1660000085830688,0.5,2291.0,3344.39990234375,19.200000762939453,19.200000762939453,106.80206470191479,-0.07000000029802322,2291.0
144.0,58.0,-6.2272788025438786,2009.0,36.0,117.0,2295.0,1788048268000.0,1.399999976158142,0.5,2295.0,3350.830078125,19.200000762939453,19.200000762939453,106.8020089622587,-0.026000000536441803,2295.0
144.0,58.0,-6.227286346256733,2010.0,36.0,117.0,2296.0,1788048269000.0,1.4179999828338623,0.5,2296.0,3353.10009765625,19.200000762939453,19.200000762939453,106.80198985151947,0.08299999684095383,2296.0
143.0,83.0,-6.227370500564575,2017.0,36.0,167.0,2303.0,1788048276000.0,1.6890000104904175,0.5,2303.0,3367.239990234375,19.399999618530273,19.399999618530273,106.80189706385136,0.008999999612569809,2303.0
146.0,81.0,-6.227439986541867,2022.0,35.79999923706055,163.0,2308.0,1788048281000.0,1.8940000534057617,0.5,2308.0,3378.3701171875,19.200000762939453,19.200000762939453,106.80182489566505,-0.007000000216066837,2308.0
147.0,81.0,-6.227464377880096,2024.0,36.0,163.0,2310.0,1788048283000.0,1.940999984741211,0.5,2310.0,3382.1298828125,19.200000762939453,19.200000762939453,106.80180109106004,-0.04600000008940697,2310.0
149.0,81.0,-6.227508382871747,2030.0,35.79999923706055,162.0,2316.0,1788048289000.0,1.8569999933242798,0.0,2316.0,3390.60009765625,19.200000762939453,19.200000762939453,106.80173906497657,-0.004999999888241291,2316.0
146.0,0.0,-6.2275482807308435,2035.0,34.79999923706055,0.0,2321.0,1788048294000.0,1.809999942779541,0.0,2321.0,3398.8798828125,19.200000762939453,19.200000762939453,106.80167561396956,0.004999999888241291,2321.0
145.0,79.0,-6.227572839707136,2038.0,34.400001525878906,159.0,2324.0,1788048297000.0,1.781999945640564,0.5,2324.0,3403.739990234375,19.200000762939453,19.200000762939453,106.80163873359561,0.0,2324.0
148.0,81.0,-6.227616593241692,2043.0,33.79999923706055,163.0,2329.0,1788048302000.0,1.7640000581741333,0.5,2329.0,3411.530029296875,19.200000762939453,19.200000762939453,106.80158358067274,-0.014999999664723873,2329.0
149.0,81.0,-6.227647857740521,2046.0,33.400001525878906,163.0,2332.0,1788048305000.0,1.753999948501587,0.5,2332.0,3416.330078125,19.0,19.0,106.80155340582132,-0.03999999910593033,2332.0
146.0,0.0,-6.227740393951535,2056.0,33.0,0.0,2342.0,1788048315000.0,1.5119999647140503,0.0,2342.0,3431.6201171875,19.0,19.0,106.80145055986941,0.0020000000949949026,2342.0
145.0,55.0,-6.2277977261692286,2064.0,35.0,111.0,2350.0,1788048323000.0,1.5119999647140503,0.5,2350.0,3443.949951171875,19.399999618530273,19.399999618530273,106.80135643109679,0.03999999910593033,2350.0
144.0,58.0,-6.227863356471062,2072.0,35.20000076293945,117.0,2358.0,1788048331000.0,1.5119999647140503,0.5,2358.0,3455.580078125,19.600000381469727,19.600000381469727,106.80127554573119,0.029999999329447746,2358.0
141.0,58.0,-6.227891016751528,2076.0,35.20000076293945,117.0,2362.0,1788048335000.0,1.4930000305175781,0.5,2362.0,3460.969970703125,19.600000381469727,19.600000381469727,106.80123656988144,0.02500000037252903,2362.0
139.0,58.0,-6.227905265986919,2078.0,34.79999923706055,116.0,2364.0,1788048337000.0,1.4839999675750732,0.0,2364.0,3463.35009765625,19.799999237060547,19.799999237060547,106.80121988989413,0.026000000536441803,2364.0
136.0,59.0,-6.227973159402609,2086.0,35.0,119.0,2372.0,1788048345000.0,1.4459999799728394,0.5,2372.0,3473.1201171875,20.200000762939453,20.200000762939453,106.80116331204772,0.05900000035762787,2372.0
136.0,59.0,-6.227987324818969,2087.0,35.0,119.0,2373.0,1788048346000.0,1.437000036239624,0.5,2373.0,3474.780029296875,20.200000762939453,20.200000762939453,106.80115853436291,0.032999999821186066,2373.0
134.0,78.0,-6.228108862414956,2096.0,34.20000076293945,157.0,2382.0,1788048355000.0,1.4459999799728394,0.5,2382.0,3489.050048828125,20.200000762939453,20.200000762939453,106.80111561901867,-0.014000000432133675,2382.0
131.0,77.0,-6.228141384199262,2098.0,34.400001525878906,154.0,2384.0,1788048357000.0,1.465000033378601,0.0,2384.0,3492.68994140625,20.0,20.0,106.80111033841968,-0.03999999910593033,2384.0
130.0,77.0,-6.22824246995151,2105.0,34.79999923706055,155.0,2391.0,1788048364000.0,1.5679999589920044,0.5,2391.0,3504.010009765625,19.799999237060547,19.799999237060547,106.80110044777393,-0.041999999433755875,2391.0
132.0,77.0,-6.228371551260352,2111.0,35.79999923706055,154.0,2397.0,1788048370000.0,1.6239999532699585,0.0,2397.0,3519.070068359375,18.799999237060547,18.799999237060547,106.80106264539063,-0.1679999977350235,2397.0
135.0,77.0,-6.228389572352171,2112.0,36.400001525878906,155.0,2398.0,1788048371000.0,1.6239999532699585,0.5,2398.0,3521.030029296875,18.600000381469727,18.600000381469727,106.80106264539063,-0.19499999284744263,2398.0
137.0,79.0,-6.22842812910676,2114.0,38.0,159.0,2400.0,1788048373000.0,1.6519999504089355,0.5,2400.0,3523.31005859375,18.0,18.0,106.80107027292252,-0.23600000143051147,2400.0
137.0,80.0,-6.228465177118778,2114.0,40.20000076293945,160.0,2403.0,1788048376000.0,1.7259999513626099,0.0,2400.0,3523.31005859375,17.600000381469727,17.600000381469727,106.80106750689447,,2403.0
137.0,0.0,-6.228509517386556,2119.0,42.20000076293945,0.0,2408.0,1788048381000.0,1.5019999742507935,0.0,2405.0,3528.2099609375,17.200000762939453,17.200000762939453,106.80106767453253,-0.09600000083446503,2408.0
136.0,0.0,-6.228534244000912,2122.0,42.599998474121094,0.0,2411.0,1788048384000.0,1.1759999990463257,0.0,2408.0,3530.929931640625,17.0,17.0,106.80106817744672,-0.09000000357627869,2411.0
135.0,0.0,-6.2285505048930645,2122.0,43.400001525878906,0.0,2415.0,1788048388000.0,0.0,0.0,2412.0,3532.659912109375,16.799999237060547,16.799999237060547,106.80107169784606,-0.03700000047683716,2415.0
133.0,0.0,-6.228564251214266,2122.0,43.400001525878906,0.0,2420.0,1788048393000.0,0.0,0.0,2417.0,3534.840087890625,16.600000381469727,16.600000381469727,106.80108536034822,-0.039000000804662704,2420.0
129.0,0.0,-6.228564837947488,2122.0,43.20000076293945,0.0,2425.0,1788048398000.0,0.0,0.0,2422.0,3536.159912109375,16.600000381469727,16.600000381469727,106.80109600536525,-0.01600000075995922,2425.0
129.0,0.0,-6.228559305891395,2122.0,42.79999923706055,0.0,2428.0,1788048401000.0,0.0,0.0,2425.0,3536.800048828125,16.600000381469727,16.600000381469727,106.80109709501266,0.010999999940395355,2428.0
132.0,0.0,-6.228559222072363,2122.0,41.79999923706055,0.0,2432.0,1788048405000.0,0.0,0.0,2429.0,3536.889892578125,16.600000381469727,16.600000381469727,106.80109608918428,0.0020000000949949026,2432.0
129.0,0.0,-6.2285659275949,2122.0,41.20000076293945,0.0,2447.0,1788048420000.0,0.0,0.0,2444.0,3536.889892578125,16.399999618530273,16.399999618530273,106.80109818466008,-0.004000000189989805,2447.0
126.0,0.0,-6.228574477136135,2122.0,42.20000076293945,0.0,2453.0,1788048426000.0,0.0,0.0,2450.0,3536.889892578125,16.399999618530273,16.399999618530273,106.80110019631684,-0.013000000268220901,2453.0
125.0,74.0,-6.22862946242094,2130.0,43.0,149.0,2461.0,1788048434000.0,0.7739999890327454,0.5,2458.0,3543.06005859375,16.200000762939453,16.200000762939453,106.80108385160565,-0.03500000014901161,2461.0
122.0,75.0,-6.228735828772187,2136.0,41.400001525878906,150.0,2467.0,1788048440000.0,1.4559999704360962,0.0,2464.0,3555.02001953125,15.399999618530273,15.399999618530273,106.80106448940933,-0.10400000214576721,2467.0
120.0,78.0,-6.228802548721433,2140.0,40.20000076293945,157.0,2471.0,1788048444000.0,1.5859999656677246,0.5,2468.0,3562.550048828125,15.199999809265137,15.199999809265137,106.80105233564973,-0.09799999743700027,2471.0
123.0,80.0,-6.228908663615584,2146.0,38.79999923706055,161.0,2477.0,1788048450000.0,1.7359999418258667,0.5,2474.0,3574.3701171875,15.399999618530273,15.399999618530273,106.80105024017394,0.04600000008940697,2477.0
123.0,80.0,-6.228941939771175,2148.0,38.400001525878906,161.0,2479.0,1788048452000.0,1.753999948501587,0.5,2476.0,3578.280029296875,15.399999618530273,15.399999618530273,106.80106239393353,0.01600000075995922,2479.0
126.0,81.0,-6.2290017027407885,2151.0,38.20000076293945,163.0,2482.0,1788048455000.0,1.809999942779541,0.5,2479.0,3584.929931640625,15.399999618530273,15.399999618530273,106.8010657466948,-0.007000000216066837,2482.0
129.0,82.0,-6.229082169011235,2155.0,38.599998474121094,165.0,2486.0,1788048459000.0,1.902999997138977,0.5,2483.0,3593.800048828125,15.399999618530273,15.399999618530273,106.80105669423938,0.024000000208616257,2486.0
131.0,81.0,-6.2291209772229195,2157.0,39.0,163.0,2488.0,1788048461000.0,1.9589999914169312,0.5,2485.0,3598.070068359375,15.800000190734863,15.800000190734863,106.8010572809726,0.15600000321865082,2488.0
134.0,81.0,-6.22916255146265,2160.0,39.79999923706055,163.0,2491.0,1788048464000.0,2.015000104904175,0.5,2488.0,3602.6201171875,16.200000762939453,16.200000762939453,106.80105677805841,0.1509999930858612,2491.0
137.0,78.0,-6.229234132915735,2165.0,39.79999923706055,157.0,2496.0,1788048469000.0,1.9869999885559082,0.5,2493.0,3610.929931640625,16.799999237060547,16.799999237060547,106.80107991211116,0.10499999672174454,2496.0
138.0,82.0,-6.2292929738759995,2171.0,39.599998474121094,164.0,2502.0,1788048475000.0,1.940999984741211,0.0,2499.0,3622.1298828125,16.600000381469727,16.600000381469727,106.80115467868745,-0.028999999165534973,2502.0
138.0,80.0,-6.229269672185183,2177.0,39.20000076293945,161.0,2508.0,1788048481000.0,1.930999994277954,0.5,2505.0,3633.75,16.399999618530273,16.399999618530273,106.80125559680164,-0.04100000113248825,2508.0
141.0,82.0,-6.229264056310058,2186.0,36.79999923706055,165.0,2517.0,1788048490000.0,1.8940000534057617,0.5,2514.0,3653.0400390625,16.600000381469727,16.600000381469727,106.8014301918447,0.028999999165534973,2517.0
143.0,83.0,-6.229263721033931,2187.0,36.400001525878906,167.0,2518.0,1788048491000.0,1.8940000534057617,0.5,2515.0,3655.39990234375,16.600000381469727,16.600000381469727,106.80145156569779,-0.0010000000474974513,2518.0
144.0,81.0,-6.229258105158806,2195.0,34.20000076293945,163.0,2526.0,1788048499000.0,1.9589999914169312,0.5,2523.0,3674.25,18.600000381469727,18.600000381469727,106.80162104777992,0.24799999594688416,2526.0
147.0,79.0,-6.229261960834265,2200.0,34.0,159.0,2531.0,1788048504000.0,1.809999942779541,0.5,2528.0,3680.81005859375,19.200000762939453,19.200000762939453,106.80168014019728,0.12800000607967377,2531.0
147.0,79.0,-6.229264140129089,2201.0,34.20000076293945,159.0,2532.0,1788048505000.0,1.7359999418258667,0.5,2529.0,3682.639892578125,19.399999618530273,19.399999618530273,106.80169648490846,0.17599999904632568,2532.0
146.0,77.0,-6.22926564887166,2209.0,39.20000076293945,154.0,2540.0,1788048513000.0,1.5119999647140503,0.0,2537.0,3698.239990234375,21.600000381469727,21.600000381469727,106.80183788761497,0.27000001072883606,2540.0
144.0,0.0,-6.2292891182005405,2215.0,41.0,0.0,2546.0,1788048519000.0,1.305999994277954,0.0,2543.0,3704.330078125,21.600000381469727,21.600000381469727,106.80188491009176,0.010999999940395355,2546.0
142.0,74.0,-6.22928861528635,2219.0,41.20000076293945,149.0,2550.0,1788048523000.0,1.343999981880188,0.5,2547.0,3711.14990234375,21.799999237060547,21.799999237060547,106.8019468523562,0.057999998331069946,2550.0
143.0,74.0,-6.229289788752794,2222.0,41.0,148.0,2553.0,1788048526000.0,1.465000033378601,0.0,2550.0,3714.8701171875,22.0,22.0,106.80198071524501,0.03500000014901161,2553.0
144.0,78.0,-6.229286016896367,2231.0,39.20000076293945,156.0,2562.0,1788048535000.0,1.4930000305175781,0.0,2559.0,3727.22998046875,22.0,22.0,106.8020988162607,-0.003000000026077032,2562.0
145.0,80.0,-6.229300433769822,2236.0,38.0,161.0,2567.0,1788048540000.0,1.5399999618530273,0.5,2564.0,3736.110107421875,22.399999618530273,22.399999618530273,106.80218397639692,0.08500000089406967,2567.0
143.0,80.0,-6.229304792359471,2237.0,37.79999923706055,161.0,2568.0,1788048541000.0,1.5490000247955322,0.5,2565.0,3737.199951171875,22.399999618530273,22.399999618530273,106.8021934479475,0.052000001072883606,2568.0
140.0,81.0,-6.229320131242275,2240.0,37.599998474121094,162.0,2571.0,1788048544000.0,1.5679999589920044,0.0,2568.0,3741.840087890625,22.600000381469727,22.600000381469727,106.80223317816854,0.07699999958276749,2571.0
140.0,78.0,-6.229333709925413,2243.0,38.20000076293945,157.0,2574.0,1788048547000.0,1.5679999589920044,0.5,2571.0,3746.820068359375,23.0,23.0,106.80228028446436,0.09700000286102295,2574.0
141.0,78.0,-6.22933354228735,2249.0,41.400001525878906,156.0,2580.0,1788048553000.0,1.5679999589920044,0.0,2577.0,3756.469970703125,22.600000381469727,22.600000381469727,106.80236686952412,-0.06300000101327896,2580.0
141.0,88.0,-6.229324154555798,2254.0,43.599998474121094,177.0,2585.0,1788048558000.0,1.5859999656677246,0.5,2582.0,3765.0400390625,22.0,22.0,106.80244247429073,-0.10899999737739563,2585.0
142.0,88.0,-6.229314850643277,2255.0,44.0,177.0,2586.0,1788048559000.0,1.6699999570846558,0.5,2583.0,3768.320068359375,21.799999237060547,21.799999237060547,106.80247088894248,-0.20499999821186066,2586.0
146.0,85.0,-6.229312336072326,2259.0,44.400001525878906,171.0,2590.0,1788048563000.0,2.743000030517578,0.5,2587.0,3780.9599609375,21.0,21.0,106.8025853857398,-0.20999999344348907,2590.0
146.0,85.0,-6.229302696883678,2260.0,44.400001525878906,171.0,2591.0,1788048564000.0,2.7060000896453857,0.5,2588.0,3783.330078125,20.600000381469727,20.600000381469727,106.80260550230742,-0.3619999885559082,2591.0
149.0,83.0,-6.229277718812227,2264.0,45.0,167.0,2595.0,1788048568000.0,2.2019999027252197,0.5,2592.0,3791.89990234375,19.200000762939453,19.200000762939453,106.80267943069339,-0.32899999618530273,2595.0
149.0,81.0,-6.2292879447340965,2267.0,45.599998474121094,163.0,2598.0,1788048571000.0,2.0899999141693115,0.5,2595.0,3798.1298828125,18.600000381469727,18.600000381469727,106.80273676291108,-0.2630000114440918,2598.0
152.0,79.0,-6.229293728247285,2270.0,45.79999923706055,159.0,2601.0,1788048574000.0,2.0429999828338623,0.5,2598.0,3804.989990234375,17.600000381469727,17.600000381469727,106.80279870517552,-0.28999999165534973,2601.0
148.0,85.0,-6.229281909763813,2277.0,46.20000076293945,171.0,2608.0,1788048581000.0,1.9869999885559082,0.5,2605.0,3818.389892578125,15.800000190734863,15.800000190734863,106.80291873402894,-0.2529999911785126,2608.0
145.0,83.0,-6.229297500103712,2281.0,44.0,167.0,2612.0,1788048585000.0,1.996999979019165,0.5,2609.0,3826.080078125,15.600000381469727,15.600000381469727,106.80298620834947,-0.08699999749660492,2612.0
146.0,81.0,-6.229298422113061,2285.0,41.599998474121094,162.0,2616.0,1788048589000.0,1.968999981880188,0.0,2613.0,3831.679931640625,15.399999618530273,15.399999618530273,106.80303683504462,-0.041999999433755875,2616.0
145.0,78.0,-6.229327926412225,2297.0,36.20000076293945,157.0,2628.0,1788048601000.0,1.6050000190734863,0.5,2625.0,3846.419921875,15.600000381469727,15.600000381469727,106.80316700600088,0.028999999165534973,2628.0
144.0,78.0,-6.229345696046948,2299.0,34.79999923706055,157.0,2630.0,1788048603000.0,1.6050000190734863,0.5,2627.0,3849.659912109375,16.200000762939453,16.200000762939453,106.80319014005363,0.2529999911785126,2630.0
143.0,78.0,-6.229372601956129,2301.0,34.20000076293945,157.0,2632.0,1788048605000.0,1.6050000190734863,0.5,2629.0,3852.699951171875,16.600000381469727,16.600000381469727,106.80319215171039,0.19300000369548798,2632.0
142.0,78.0,-6.2293807324022055,2302.0,34.0,157.0,2633.0,1788048606000.0,1.6139999628067017,0.5,2630.0,3854.1201171875,16.600000381469727,16.600000381469727,106.80318192578852,-0.052000001072883606,2633.0
142.0,79.0,-6.229376792907715,2308.0,34.20000076293945,159.0,2639.0,1788048612000.0,1.6610000133514404,0.5,2636.0,3864.340087890625,16.200000762939453,16.200000762939453,106.80308846756816,-0.04500000178813934,2639.0
139.0,77.0,-6.229367488995194,2317.0,35.599998474121094,154.0,2648.0,1788048621000.0,1.5959999561309814,0.0,2645.0,3876.340087890625,16.600000381469727,16.600000381469727,106.80298025719821,0.03099999949336052,2648.0
138.0,56.0,-6.229375954717398,2322.0,35.79999923706055,113.0,2653.0,1788048626000.0,1.5679999589920044,0.5,2650.0,3881.760009765625,16.799999237060547,16.799999237060547,106.80293298326433,0.05400000140070915,2653.0
138.0,57.0,-6.2293795589357615,2325.0,36.0,115.0,2656.0,1788048629000.0,1.4179999828338623,0.5,2653.0,3885.3798828125,17.0,17.0,106.80290037766099,0.052000001072883606,2656.0
137.0,0.0,-6.229383163154125,2333.0,36.599998474121094,0.0,2664.0,1788048637000.0,1.371999979019165,0.0,2661.0,3896.199951171875,17.799999237060547,17.799999237060547,106.80280297994614,0.11599999666213989,2664.0
137.0,54.0,-6.229384504258633,2335.0,36.400001525878906,109.0,2666.0,1788048639000.0,1.38100004196167,0.5,2663.0,3898.760009765625,18.200000762939453,18.200000762939453,106.80278034880757,0.16500000655651093,2666.0
135.0,56.0,-6.229395987465978,2339.0,36.400001525878906,113.0,2670.0,1788048643000.0,1.38100004196167,0.5,2667.0,3905.8701171875,19.200000762939453,19.200000762939453,106.80271656252444,0.23999999463558197,2670.0
135.0,56.0,-6.229387605562806,2346.0,36.0,113.0,2677.0,1788048650000.0,1.3899999856948853,0.5,2674.0,3914.64990234375,20.200000762939453,20.200000762939453,106.80263785645366,0.15800000727176666,2677.0
132.0,54.0,-6.229361621662974,2356.0,35.79999923706055,109.0,2687.0,1788048660000.0,1.3619999885559082,0.5,2684.0,3927.6201171875,21.399999618530273,21.399999618530273,106.80252503603697,0.11299999803304672,2687.0
131.0,54.0,-6.22936044819653,2358.0,35.599998474121094,109.0,2689.0,1788048662000.0,1.3619999885559082,0.5,2686.0,3931.47998046875,21.600000381469727,21.600000381469727,106.802490754053,0.12300000339746475,2689.0
131.0,57.0,-6.229344941675663,2362.0,35.79999923706055,114.0,2693.0,1788048666000.0,1.3619999885559082,0.0,2690.0,3938.25,22.200000762939453,22.200000762939453,106.80242990143597,0.10999999940395355,2693.0
130.0,0.0,-6.2293515633791685,2365.0,36.400001525878906,0.0,2696.0,1788048669000.0,1.3899999856948853,0.0,2693.0,3941.9599609375,22.399999618530273,22.399999618530273,106.80239637382329,0.07999999821186066,2696.0
129.0,0.0,-6.229358185082674,2367.0,37.20000076293945,0.0,2698.0,1788048671000.0,1.399999976158142,0.0,2695.0,3944.510009765625,22.600000381469727,22.600000381469727,106.80237466469407,0.07800000160932541,2698.0
126.0,55.0,-6.229363465681672,2374.0,39.79999923706055,111.0,2705.0,1788048678000.0,1.399999976158142,0.5,2702.0,3954.75,22.799999237060547,22.799999237060547,106.8022830504924,0.05000000074505806,2705.0
126.0,55.0,-6.22936237603426,2375.0,40.0,111.0,2706.0,1788048679000.0,1.399999976158142,0.5,2703.0,3956.2900390625,22.799999237060547,22.799999237060547,106.80226888507605,-0.09799999743700027,2706.0
126.0,60.0,-6.229370757937431,2377.0,40.599998474121094,121.0,2708.0,1788048681000.0,1.409000039100647,0.5,2705.0,3959.27001953125,22.600000381469727,22.600000381469727,106.80224290117621,-0.10899999737739563,2708.0
126.0,0.0,-6.22937117703259,2379.0,41.400001525878906,0.0,2710.0,1788048683000.0,1.4179999828338623,0.0,2707.0,3963.389892578125,22.200000762939453,22.200000762939453,106.80220576934516,-0.1340000033378601,2710.0
126.0,82.0,-6.229374362155795,2387.0,41.20000076293945,165.0,2718.0,1788048691000.0,1.6239999532699585,0.5,2715.0,3980.360107421875,21.200000762939453,21.200000762939453,106.80205263197422,-0.13899999856948853,2718.0
129.0,81.0,-6.229372266680002,2389.0,40.79999923706055,163.0,2720.0,1788048693000.0,1.7450000047683716,0.5,2717.0,3984.60009765625,21.0,21.0,106.80201441049576,-0.10899999737739563,2720.0
132.0,81.0,-6.229363800957799,2392.0,40.400001525878906,163.0,2723.0,1788048696000.0,1.902999997138977,0.5,2720.0,3990.35009765625,20.799999237060547,20.799999237060547,106.80196277797222,-0.03200000151991844,2723.0
134.0,80.0,-6.2293648067861795,2395.0,39.20000076293945,161.0,2726.0,1788048699000.0,2.00600004196167,0.5,2723.0,3995.760009765625,20.600000381469727,20.600000381469727,106.80191416293383,-0.06300000101327896,2726.0
131.0,80.0,-6.229363130405545,2396.0,38.79999923706055,161.0,2727.0,1788048700000.0,2.015000104904175,0.5,2724.0,3997.6298828125,20.600000381469727,20.600000381469727,106.80189731530845,-0.03700000047683716,2727.0
135.0,80.0,-6.229363130405545,2397.0,38.599998474121094,161.0,2728.0,1788048701000.0,2.0250000953674316,0.5,2725.0,3999.469970703125,20.600000381469727,20.600000381469727,106.80188063532114,-0.05999999865889549,2728.0
138.0,82.0,-6.229352401569486,2402.0,37.400001525878906,165.0,2733.0,1788048706000.0,2.052999973297119,0.5,2730.0,4010.820068359375,20.399999618530273,20.399999618530273,106.80177946574986,-0.041999999433755875,2733.0
138.0,82.0,-6.229357346892357,2403.0,37.20000076293945,165.0,2734.0,1788048707000.0,2.052999973297119,0.5,2731.0,4013.31005859375,20.200000762939453,20.200000762939453,106.80175742134452,-0.22200000286102295,2734.0
144.0,81.0,-6.229360951110721,2407.0,36.0,163.0,2738.0,1788048711000.0,2.183000087738037,0.5,2735.0,4021.949951171875,19.200000762939453,19.200000762939453,106.80167963728309,-0.22200000286102295,2738.0
141.0,81.0,-6.2293589394539595,2408.0,35.599998474121094,163.0,2739.0,1788048712000.0,2.2019999027252197,0.5,2736.0,4023.89990234375,19.0,19.0,106.80166211910546,-0.1889999955892563,2739.0
143.0,80.0,-6.229357430711389,2412.0,35.0,161.0,2743.0,1788048716000.0,2.2300000190734863,0.5,2740.0,4032.159912109375,18.200000762939453,18.200000762939453,106.8015876878053,-0.20100000500679016,2743.0
144.0,80.0,-6.229334631934762,2420.0,34.599998474121094,161.0,2751.0,1788048724000.0,2.1740000247955322,0.5,2748.0,4046.659912109375,16.799999237060547,16.799999237060547,106.8014597799629,-0.17100000381469727,2751.0
144.0,82.0,-6.229344522580504,2425.0,35.400001525878906,165.0,2756.0,1788048729000.0,2.118000030517578,0.5,2753.0,4052.469970703125,17.0,17.0,106.80140680633485,0.007000000216066837,2756.0
144.0,82.0,-6.229341672733426,2426.0,35.79999923706055,165.0,2757.0,1788048730000.0,2.071000099182129,0.5,2754.0,4053.260009765625,17.0,17.0,106.8013990111649,-0.009999999776482582,2757.0
147.0,82.0,-6.229351814836264,2431.0,38.20000076293945,165.0,2762.0,1788048735000.0,1.6799999475479126,0.5,2759.0,4057.909912109375,17.0,17.0,106.80135768838227,0.007000000216066837,2762.0
147.0,76.0,-6.229350473731756,2433.0,39.0,152.0,2764.0,1788048737000.0,1.5859999656677246,0.0,2761.0,4060.97998046875,17.0,17.0,106.80132969282568,-0.0020000000949949026,2764.0
147.0,75.0,-6.229346031323075,2442.0,40.599998474121094,150.0,2773.0,1788048746000.0,1.3250000476837158,0.0,2770.0,4072.159912109375,17.0,17.0,106.8012285232544,-0.0020000000949949026,2773.0
144.0,75.0,-6.229345528408885,2448.0,41.0,150.0,2779.0,1788048752000.0,1.222000002861023,0.0,2776.0,4077.22998046875,16.799999237060547,16.799999237060547,106.80118225514889,-0.006000000052154064,2779.0
143.0,73.0,-6.22934234328568,2450.0,41.400001525878906,147.0,2781.0,1788048754000.0,1.194000005722046,0.5,2778.0,4079.18994140625,17.0,17.0,106.80116498842835,0.07599999755620956,2781.0
142.0,73.0,-6.229343852028251,2455.0,42.79999923706055,147.0,2786.0,1788048759000.0,1.1100000143051147,0.5,2783.0,4085.0400390625,17.600000381469727,17.600000381469727,106.80111302062869,0.11500000208616257,2786.0
141.0,74.0,-6.229346534237266,2464.0,40.79999923706055,149.0,2795.0,1788048768000.0,1.1009999513626099,0.5,2792.0,4102.06982421875,19.399999618530273,19.399999618530273,106.80095728486776,0.1899999976158142,2795.0
141.0,77.0,-6.229345444589853,2467.0,40.20000076293945,154.0,2798.0,1788048771000.0,1.1200000047683716,0.0,2795.0,4106.27001953125,19.799999237060547,19.799999237060547,106.80091889575124,0.1340000033378601,2798.0
140.0,77.0,-6.229356424883008,2470.0,40.20000076293945,155.0,2801.0,1788048774000.0,1.2410000562667847,0.5,2798.0,4110.85009765625,20.200000762939453,20.200000762939453,106.80087883025408,0.1379999965429306,2801.0
143.0,77.0,-6.22936581261456,2476.0,40.0,154.0,2807.0,1788048780000.0,1.343999981880188,0.0,2804.0,4118.81005859375,20.799999237060547,20.799999237060547,106.8008083384484,0.10100000351667404,2807.0
143.0,76.0,-6.229366986081004,2477.0,39.79999923706055,152.0,2808.0,1788048781000.0,1.343999981880188,0.0,2805.0,4119.919921875,20.799999237060547,20.799999237060547,106.80079794488847,0.08699999749660492,2808.0
139.0,76.0,-6.229417026042938,2486.0,40.400001525878906,152.0,2817.0,1788048790000.0,1.38100004196167,0.0,2814.0,4136.080078125,22.200000762939453,22.200000762939453,106.80065880529583,0.15199999511241913,2817.0
140.0,76.0,-6.229423899203539,2487.0,40.599998474121094,152.0,2818.0,1788048791000.0,1.38100004196167,0.0,2815.0,4137.5,22.399999618530273,22.399999618530273,106.80064799264073,0.12700000405311584,2818.0
137.0,73.0,-6.229464048519731,2493.0,41.0,147.0,2824.0,1788048797000.0,1.38100004196167,0.5,2821.0,4145.06982421875,22.600000381469727,22.600000381469727,106.80059191770852,0.03099999949336052,2824.0
138.0,74.0,-6.229509897530079,2498.0,41.400001525878906,149.0,2829.0,1788048802000.0,1.4279999732971191,0.5,2826.0,4152.10986328125,22.600000381469727,22.600000381469727,106.80054632015526,0.032999999821186066,2829.0
138.0,75.0,-6.229559518396854,2508.0,42.400001525878906,150.0,2839.0,1788048812000.0,1.4839999675750732,0.0,2836.0,4166.06982421875,22.600000381469727,22.600000381469727,106.80043157190084,-0.006000000052154064,2839.0
136.0,74.0,-6.2295798026025295,2518.0,42.400001525878906,148.0,2849.0,1788048822000.0,1.5119999647140503,0.0,2846.0,4179.31982421875,22.200000762939453,22.200000762939453,106.80031422525644,-0.04500000178813934,2849.0
134.0,71.0,-6.2295527290552855,2528.0,40.400001525878906,142.0,2859.0,1788048832000.0,1.4839999675750732,0.0,2856.0,4194.0498046875,21.0,21.0,106.80018413811922,-0.11299999803304672,2859.0
135.0,81.0,-6.229499336332083,2538.0,38.79999923706055,162.0,2869.0,1788048842000.0,1.781999945640564,0.0,2866.0,4213.6298828125,20.600000381469727,20.600000381469727,106.80001809261739,-0.052000001072883606,2869.0
138.0,78.0,-6.229485590010881,2540.0,38.79999923706055,157.0,2871.0,1788048844000.0,1.8380000591278076,0.5,2868.0,4217.4599609375,20.399999618530273,20.399999618530273,106.79998632520437,-0.11400000005960464,2871.0
138.0,81.0,-6.229414930567145,2546.0,40.599998474121094,163.0,2877.0,1788048850000.0,2.00600004196167,0.5,2874.0,4232.35009765625,19.0,19.0,106.79987384006381,-0.2329999953508377,2877.0
139.0,83.0,-6.22938240878284,2549.0,41.0,167.0,2880.0,1788048853000.0,2.062000036239624,0.5,2877.0,4238.43994140625,18.399999618530273,18.399999618530273,106.79982933215797,-0.19900000095367432,2880.0
142.0,80.0,-6.2293974962085485,2551.0,41.0,161.0,2882.0,1788048855000.0,2.0899999141693115,0.5,2879.0,4241.3798828125,18.200000762939453,18.200000762939453,106.79980703629553,-0.09300000220537186,2882.0
145.0,80.0,-6.229422809556127,2554.0,40.20000076293945,161.0,2885.0,1788048858000.0,2.118000030517578,0.5,2882.0,4247.6298828125,18.399999618530273,18.399999618530273,106.79975749924779,0.0820000022649765,2885.0
145.0,82.0,-6.229449296370149,2557.0,39.79999923706055,165.0,2888.0,1788048861000.0,2.127000093460083,0.5,2885.0,4253.5400390625,18.399999618530273,18.399999618530273,106.79971123114228,0.035999998450279236,2888.0
147.0,79.0,-6.22951190918684,2566.0,39.400001525878906,159.0,2897.0,1788048870000.0,2.0899999141693115,0.5,2894.0,4268.27001953125,18.600000381469727,18.600000381469727,106.79959421977401,0.007000000216066837,2897.0
149.0,79.0,-6.2295295111835,2575.0,40.400001525878906,159.0,2906.0,1788048879000.0,1.8849999904632568,0.5,2903.0,4285.52978515625,18.399999618530273,18.399999618530273,106.79944074712694,-0.02500000037252903,2906.0
148.0,82.0,-6.229468239471316,2583.0,41.20000076293945,165.0,2914.0,1788048887000.0,2.0339999198913574,0.5,2911.0,4304.0,18.0,18.0,106.79928543046117,-0.04600000008940697,2914.0
148.0,83.0,-6.229354413226247,2589.0,42.20000076293945,167.0,2920.0,1788048893000.0,2.13700008392334,0.5,2917.0,4318.52001953125,17.200000762939453,17.200000762939453,106.79922508075833,-0.10899999737739563,2920.0
149.0,82.0,-6.2292293552309275,2596.0,43.599998474121094,165.0,2927.0,1788048900000.0,2.1649999618530273,0.5,2924.0,4332.41015625,18.200000762939453,18.200000762939453,106.79922692477703,0.12700000405311584,2927.0
152.0,79.0,-6.229128520935774,2603.0,42.20000076293945,158.0,2934.0,1788048907000.0,2.0429999828338623,0.0,2931.0,4343.93017578125,18.600000381469727,18.600000381469727,106.79925399832428,0.07400000095367432,2934.0
153.0,78.0,-6.229116702452302,2604.0,42.20000076293945,157.0,2935.0,1788048908000.0,2.0250000953674316,0.5,2932.0,4345.43017578125,18.600000381469727,18.600000381469727,106.79926078766584,0.012000000104308128,2935.0
156.0,77.0,-6.229101279750466,2606.0,42.0,155.0,2937.0,1788048910000.0,1.9869999885559082,0.5,2934.0,4347.39013671875,18.600000381469727,18.600000381469727,106.79927134886384,-0.0020000000949949026,2937.0
157.0,0.0,-6.229092059656978,2608.0,42.0,0.0,2939.0,1788048912000.0,1.930999994277954,0.0,2936.0,4348.740234375,18.600000381469727,18.600000381469727,106.79928090423346,-0.017999999225139618,2939.0
157.0,0.0,-6.229092730209231,2609.0,42.0,0.0,2940.0,1788048913000.0,1.8849999904632568,0.0,2937.0,4348.89990234375,18.600000381469727,18.600000381469727,106.79928216151893,-0.017999999225139618,2940.0
154.0,0.0,-6.229063980281353,2609.0,42.79999923706055,0.0,2946.0,1788048919000.0,0.0,0.0,2943.0,4353.259765625,18.600000381469727,18.600000381469727,106.79930814541876,0.004000000189989805,2946.0
153.0,0.0,-6.229059956967831,2609.0,43.0,0.0,2947.0,1788048920000.0,0.0,0.0,2944.0,4354.31982421875,18.600000381469727,18.600000381469727,106.79931711405516,-0.05299999937415123,2947.0
150.0,0.0,-6.229049144312739,2609.0,41.599998474121094,0.0,2951.0,1788048924000.0,0.0,0.0,2948.0,4359.35009765625,18.200000762939453,18.200000762939453,106.79936036467552,-0.08799999952316284,2951.0
148.0,57.0,-6.229013605043292,2613.0,40.0,114.0,2955.0,1788048928000.0,0.3919999897480011,0.0,2952.0,4364.669921875,18.200000762939453,18.200000762939453,106.79939355701208,0.006000000052154064,2955.0
145.0,0.0,-6.228966917842627,2617.0,39.20000076293945,0.0,2959.0,1788048932000.0,0.8489999771118164,0.0,2956.0,4370.60009765625,18.399999618530273,18.399999618530273,106.79942331276834,0.04600000008940697,2959.0
142.0,0.0,-6.22894168831408,2623.0,37.0,0.0,2965.0,1788048938000.0,1.128999948501587,0.0,2962.0,4380.2998046875,17.799999237060547,17.799999237060547,106.79950796999037,-0.10700000077486038,2965.0
140.0,61.0,-6.228892905637622,2632.0,36.400001525878906,123.0,2974.0,1788048947000.0,1.4459999799728394,0.5,2971.0,4392.580078125,17.600000381469727,17.600000381469727,106.79960771463811,-0.028999999165534973,2974.0
138.0,0.0,-6.2288332264870405,2640.0,36.20000076293945,0.0,2982.0,1788048955000.0,1.5019999742507935,0.0,2979.0,4404.080078125,17.600000381469727,17.600000381469727,106.79969270713627,0.004000000189989805,2982.0
134.0,0.0,-6.228809002786875,2643.0,36.0,0.0,2985.0,1788048958000.0,1.5119999647140503,0.0,2982.0,4407.72021484375,17.799999237060547,17.799999237060547,106.79971500299871,0.03400000184774399,2985.0
138.0,0.0,-6.228802632540464,2644.0,36.0,0.0,2986.0,1788048959000.0,1.4839999675750732,0.0,2983.0,4408.8798828125,17.799999237060547,17.799999237060547,106.79972338490188,0.00800000037997961,2986.0
134.0,0.0,-6.228792909532785,2645.0,36.20000076293945,0.0,2987.0,1788048960000.0,1.465000033378601,0.0,2984.0,4410.35009765625,17.799999237060547,17.799999237060547,106.79973260499537,0.039000000804662704,2987.0
137.0,55.0,-6.228761980310082,2648.0,36.79999923706055,111.0,2990.0,1788048963000.0,1.409000039100647,0.5,2987.0,4414.77001953125,17.799999237060547,17.799999237060547,106.79975791834295,0.050999999046325684,2990.0
137.0,55.0,-6.228755107149482,2649.0,37.0,111.0,2991.0,1788048964000.0,1.409000039100647,0.5,2988.0,4416.08984375,17.799999237060547,17.799999237060547,106.79976839572191,-0.0010000000474974513,2991.0
134.0,0.0,-6.2287098448723555,2655.0,37.20000076293945,0.0,2997.0,1788048970000.0,1.371999979019165,0.0,2994.0,4424.080078125,18.0,18.0,106.79982447065413,0.014000000432133675,2997.0
133.0,0.0,-6.228694003075361,2657.0,36.599998474121094,0.0,2999.0,1788048972000.0,1.38100004196167,0.0,2996.0,4426.919921875,18.0,18.0,106.79984483867884,0.012000000104308128,2999.0
130.0,0.0,-6.228658379986882,2661.0,36.20000076293945,0.0,3003.0,1788048976000.0,1.3899999856948853,0.0,3000.0,4431.33984375,18.200000762939453,18.200000762939453,106.79986260831356,0.06400000303983688,3003.0
129.0,0.0,-6.228644214570522,2662.0,36.20000076293945,0.0,3004.0,1788048977000.0,1.3899999856948853,0.0,3001.0,4432.9599609375,18.399999618530273,18.399999618530273,106.79986847564578,0.11100000143051147,3004.0
127.0,0.0,-6.228627618402243,2664.0,36.400001525878906,0.0,3006.0,1788048979000.0,1.3899999856948853,0.0,3003.0,4435.52001953125,18.399999618530273,18.399999618530273,106.7998844012618,0.03200000151991844,3006.0
125.0,82.0,-6.228503817692399,2672.0,37.599998474121094,164.0,3014.0,1788048987000.0,1.4930000305175781,0.0,3011.0,4452.93017578125,19.0,19.0,106.79998473264277,0.06199999898672104,3014.0
129.0,81.0,-6.228434331715107,2677.0,38.599998474121094,163.0,3019.0,1788048992000.0,1.8660000562667847,0.5,3016.0,4464.2900390625,18.799999237060547,18.799999237060547,106.80006050504744,-0.008999999612569809,3019.0
129.0,81.0,-6.228408515453339,2679.0,38.79999923706055,163.0,3021.0,1788048994000.0,1.9780000448226929,0.5,3018.0,4468.68994140625,19.0,19.0,106.80009076371789,0.010999999940395355,3021.0
133.0,83.0,-6.228306507691741,2685.0,38.20000076293945,166.0,3027.0,1788049000000.0,2.1089999675750732,0.0,3024.0,4482.9599609375,19.600000381469727,19.600000381469727,106.80016762576997,0.12200000137090683,3027.0
134.0,82.0,-6.228295443579555,2686.0,38.20000076293945,165.0,3028.0,1788049001000.0,2.118000030517578,0.5,3025.0,4485.06982421875,19.799999237060547,19.799999237060547,106.8001832999289,0.07999999821186066,3028.0
137.0,82.0,-6.228253366425633,2690.0,38.400001525878906,165.0,3032.0,1788049005000.0,2.127000093460083,0.5,3029.0,4492.990234375,20.0,20.0,106.80024079978466,0.07199999690055847,3032.0
139.0,82.0,-6.228192765265703,2695.0,37.599998474121094,165.0,3037.0,1788049010000.0,2.118000030517578,0.5,3034.0,4503.81005859375,20.200000762939453,20.200000762939453,106.80031657218933,0.04399999976158142,3037.0
141.0,83.0,-6.228120597079396,2701.0,36.599998474121094,167.0,3043.0,1788049016000.0,2.13700008392334,0.5,3040.0,4516.85009765625,20.799999237060547,20.799999237060547,106.80040759965777,0.0989999994635582,3043.0
142.0,81.0,-6.22808120213449,2704.0,36.20000076293945,163.0,3046.0,1788049019000.0,2.1549999713897705,0.5,3043.0,4523.47021484375,21.200000762939453,21.200000762939453,106.80045269429684,0.1550000011920929,3046.0
145.0,81.0,-6.22799763455987,2711.0,35.79999923706055,163.0,3053.0,1788049026000.0,2.127000093460083,0.5,3050.0,4539.8798828125,22.399999618530273,22.399999618530273,106.80057565681636,0.16899999976158142,3053.0
146.0,83.0,-6.227986318990588,2712.0,35.79999923706055,167.0,3054.0,1788049027000.0,2.127000093460083,0.5,3051.0,4542.08984375,22.600000381469727,22.600000381469727,106.80059233680367,0.16099999845027924,3054.0
146.0,83.0,-6.227949606254697,2718.0,37.79999923706055,167.0,3060.0,1788049033000.0,2.0989999771118164,0.5,3057.0,4549.240234375,23.0,23.0,106.80064556188881,0.052000001072883606,3060.0
146.0,62.0,-6.227912809699774,2724.0,39.400001525878906,124.0,3066.0,1788049039000.0,1.3250000476837158,0.0,3063.0,4555.31982421875,22.600000381469727,22.600000381469727,106.80068504065275,-0.04699999839067459,3066.0
147.0,57.0,-6.227836534380913,2732.0,39.79999923706055,114.0,3074.0,1788049047000.0,1.409000039100647,0.0,3071.0,4567.68994140625,22.0,22.0,106.80076844058931,-0.07500000298023224,3074.0
147.0,59.0,-6.227799151092768,2739.0,40.0,119.0,3081.0,1788049054000.0,1.5019999742507935,0.5,3078.0,4578.27978515625,21.600000381469727,21.600000381469727,106.80085661821067,-0.07199999690055847,3081.0
144.0,58.0,-6.22772254049778,2748.0,40.20000076293945,117.0,3090.0,1788049063000.0,1.5299999713897705,0.5,3087.0,4591.83984375,20.799999237060547,20.799999237060547,106.8009534291923,-0.08399999886751175,3090.0
141.0,58.0,-6.227691024541855,2751.0,40.79999923706055,117.0,3093.0,1788049066000.0,1.5399999618530273,0.5,3090.0,4595.81005859375,20.600000381469727,20.600000381469727,106.80097128264606,-0.08100000023841858,3093.0
140.0,60.0,-6.227673506364226,2755.0,41.0,121.0,3097.0,1788049070000.0,1.5399999618530273,0.5,3094.0,4600.2998046875,20.200000762939453,20.200000762939453,106.80100824683905,-0.0820000022649765,3097.0
137.0,58.0,-6.227639811113477,2760.0,40.599998474121094,117.0,3102.0,1788049075000.0,1.5210000276565552,0.5,3099.0,4607.64013671875,19.799999237060547,19.799999237060547,106.80106532759964,-0.10599999874830246,3102.0
137.0,55.0,-6.227608295157552,2764.0,40.599998474121094,111.0,3106.0,1788049079000.0,1.5019999742507935,0.5,3103.0,4613.35009765625,19.399999618530273,19.399999618530273,106.80110606364906,-0.10199999809265137,3106.0
134.0,80.0,-6.22751098126173,2774.0,40.400001525878906,160.0,3116.0,1788049089000.0,1.5210000276565552,0.0,3113.0,4630.31005859375,18.600000381469727,18.600000381469727,106.80122349411249,-0.07800000160932541,3116.0
134.0,80.0,-6.227497067302465,2775.0,40.599998474121094,160.0,3117.0,1788049090000.0,1.5770000219345093,0.0,3114.0,4632.72998046875,18.600000381469727,18.600000381469727,106.8012404255569,0.07199999690055847,3117.0
136.0,83.0,-6.227410985156894,2782.0,41.400001525878906,167.0,3124.0,1788049097000.0,2.2109999656677246,0.5,3121.0,4649.27001953125,19.399999618530273,19.399999618530273,106.80136263370514,0.10199999809265137,3124.0
139.0,83.0,-6.227344432845712,2787.0,41.599998474121094,167.0,3129.0,1788049102000.0,2.305000066757202,0.5,3126.0,4662.10009765625,20.399999618530273,20.399999618530273,106.80145734921098,0.23199999332427979,3129.0
139.0,82.0,-6.22731794603169,2789.0,41.0,165.0,3131.0,1788049104000.0,2.305000066757202,0.5,3128.0,4667.97998046875,20.600000381469727,20.600000381469727,106.80150353349745,0.0949999988079071,3131.0
143.0,82.0,-6.227207221090794,2797.0,40.599998474121094,165.0,3139.0,1788049112000.0,2.378999948501587,0.5,3136.0,4687.8701171875,21.0,21.0,106.80164552293718,0.035999998450279236,3139.0
146.0,82.0,-6.227178052067757,2799.0,40.599998474121094,165.0,3141.0,1788049114000.0,2.3889999389648438,0.5,3138.0,4692.259765625,21.0,21.0,106.80167284794152,0.0560000017285347,3141.0
146.0,82.0,-6.227114852517843,2806.0,37.400001525878906,164.0,3148.0,1788049121000.0,2.2769999504089355,0.0,3145.0,4705.27001953125,21.200000762939453,21.200000762939453,106.80176798254251,0.007000000216066837,3148.0
144.0,0.0,-6.227059448137879,2813.0,34.20000076293945,0.0,3155.0,1788049128000.0,2.0429999828338623,0.0,3152.0,4716.35009765625,21.0,21.0,106.80185096338391,-0.020999999716877937,3155.0
146.0,58.0,-6.226984430104494,2822.0,36.400001525878906,117.0,3164.0,1788049137000.0,1.7450000047683716,0.5,3161.0,4729.31982421875,20.799999237060547,20.799999237060547,106.80194098502398,-0.006000000052154064,3164.0
146.0,58.0,-6.226933049038053,2829.0,35.400001525878906,117.0,3171.0,1788049144000.0,1.5399999618530273,0.5,3168.0,4737.85009765625,20.799999237060547,20.799999237060547,106.80199823342264,-0.003000000026077032,3171.0
144.0,58.0,-6.226867167279124,2839.0,35.0,117.0,3181.0,1788049154000.0,1.409000039100647,0.5,3178.0,4750.41015625,21.200000762939453,21.200000762939453,106.80209093727171,0.03500000014901161,3181.0
141.0,57.0,-6.226826598867774,2845.0,35.400001525878906,114.0,3187.0,1788049160000.0,1.4179999828338623,0.0,3184.0,4758.919921875,21.600000381469727,21.600000381469727,106.80215648375452,0.06400000303983688,3187.0
138.0,57.0,-6.226772870868444,2851.0,35.79999923706055,115.0,3193.0,1788049166000.0,1.4179999828338623,0.5,3190.0,4767.10009765625,22.0,22.0,106.80220711044967,0.06300000101327896,3193.0
136.0,0.0,-6.226745629683137,2854.0,35.79999923706055,0.0,3196.0,1788049169000.0,1.4279999732971191,0.0,3193.0,4771.68994140625,22.200000762939453,22.200000762939453,106.80223787203431,0.07000000029802322,3196.0
137.0,0.0,-6.226728279143572,2857.0,35.79999923706055,0.0,3199.0,1788049172000.0,1.4279999732971191,0.0,3196.0,4775.77978515625,22.399999618530273,22.399999618530273,106.80227056145668,0.05999999865889549,3199.0
137.0,57.0,-6.2266933266073465,2862.0,35.599998474121094,115.0,3204.0,1788049177000.0,1.4279999732971191,0.5,3201.0,4781.91015625,22.600000381469727,22.600000381469727,106.80231255479157,0.050999999046325684,3204.0
137.0,57.0,-6.2266868725419044,2863.0,35.599998474121094,115.0,3205.0,1788049178000.0,1.4279999732971191,0.5,3202.0,4782.85009765625,22.600000381469727,22.600000381469727,106.80231867358088,0.023000000044703484,3205.0
137.0,62.0,-6.226665582507849,2866.0,35.400001525878906,124.0,3208.0,1788049181000.0,1.4179999828338623,0.0,3205.0,4786.77001953125,22.799999237060547,22.799999237060547,106.80234683677554,0.026000000536441803,3208.0
137.0,58.0,-6.226639933884144,2869.0,35.20000076293945,116.0,3211.0,1788049184000.0,1.409000039100647,0.0,3208.0,4791.10986328125,22.799999237060547,22.799999237060547,106.8023765925318,0.03099999949336052,3211.0
135.0,61.0,-6.226588804274797,2875.0,34.400001525878906,122.0,3217.0,1788049190000.0,1.4179999828338623,0.0,3214.0,4799.740234375,23.0,23.0,106.80243576876819,0.029999999329447746,3217.0
134.0,61.0,-6.226546559482813,2878.0,33.20000076293945,123.0,3220.0,1788049193000.0,1.437000036239624,0.5,3217.0,4805.43994140625,23.0,23.0,106.80246686562896,0.0,3220.0
131.0,80.0,-6.226480174809694,2883.0,31.200000762939453,160.0,3225.0,1788049198000.0,1.819000005722046,0.0,3222.0,4819.75,23.0,23.0,106.80257784202695,0.0,3225.0
131.0,80.0,-6.226463662460446,2884.0,31.0,161.0,3226.0,1788049199000.0,2.00600004196167,0.5,3223.0,4822.25,22.799999237060547,22.799999237060547,106.80259343236685,-0.2029999941587448,3226.0
136.0,82.0,-6.226368946954608,2891.0,30.600000381469727,165.0,3233.0,1788049206000.0,2.434999942779541,0.5,3230.0,4842.490234375,19.399999618530273,19.399999618530273,106.80274891667068,-0.47999998927116394,3233.0
140.0,82.0,-6.226356457918882,2893.0,31.0,165.0,3235.0,1788049208000.0,2.4260001182556152,0.5,3232.0,4845.7998046875,18.799999237060547,18.799999237060547,106.80277607403696,-0.2930000126361847,3235.0
143.0,82.0,-6.226338353008032,2895.0,31.600000381469727,165.0,3237.0,1788049210000.0,2.052999973297119,0.5,3234.0,4848.2900390625,18.600000381469727,18.600000381469727,106.8027896527201,-0.1469999998807907,3237.0
144.0,57.0,-6.2263084296137094,2900.0,32.79999923706055,114.0,3242.0,1788049215000.0,1.8569999933242798,0.0,3239.0,4854.759765625,17.600000381469727,17.600000381469727,106.80284027941525,-0.20900000631809235,3242.0
144.0,57.0,-6.226305495947599,2901.0,33.0,114.0,3243.0,1788049216000.0,1.8009999990463257,0.0,3240.0,4855.85986328125,17.399999618530273,17.399999618530273,106.80285008624196,-0.18000000715255737,3243.0
143.0,0.0,-6.226292755454779,2909.0,33.599998474121094,0.0,3251.0,1788049224000.0,1.0360000133514404,0.0,3248.0,4858.9599609375,17.200000762939453,17.200000762939453,106.80287472903728,-0.019999999552965164,3251.0
141.0,0.0,-6.226269956678152,2918.0,33.20000076293945,0.0,3260.0,1788049233000.0,0.6809999942779541,0.0,3257.0,4862.52978515625,17.399999618530273,17.399999618530273,106.8028961867094,0.01899999938905239,3260.0
141.0,57.0,-6.226218156516552,2924.0,33.599998474121094,114.0,3266.0,1788049239000.0,0.3449999988079071,0.0,3263.0,4870.85986328125,17.799999237060547,17.799999237060547,106.80294974707067,0.061000000685453415,3266.0
141.0,86.0,-6.22613400220871,2929.0,34.0,172.0,3271.0,1788049244000.0,2.938999891281128,0.0,3268.0,4886.02978515625,18.200000762939453,18.200000762939453,106.80305820889771,0.10400000214576721,3271.0
145.0,88.0,-6.226052027195692,2933.0,34.599998474121094,176.0,3275.0,1788049248000.0,3.171999931335449,0.0,3272.0,4900.64013671875,18.799999237060547,18.799999237060547,106.80316164158285,0.1679999977350235,3275.0
147.0,88.0,-6.226006513461471,2935.0,34.79999923706055,176.0,3277.0,1788049250000.0,3.171999931335449,0.0,3274.0,4906.9501953125,20.0,20.0,106.80319651030004,0.5139999985694885,3277.0
149.0,85.0,-6.225944738835096,2940.0,35.0,171.0,3282.0,1788049255000.0,2.7990000247955322,0.5,3279.0,4919.06005859375,21.799999237060547,21.799999237060547,106.8032851908356,0.375,3282.0
152.0,84.0,-6.225872319191694,2945.0,33.599998474121094,169.0,3287.0,1788049260000.0,2.5850000381469727,0.5,3284.0,4933.47021484375,24.0,24.0,106.80339256301522,0.44200000166893005,3287.0
153.0,84.0,-6.225833175703883,2947.0,33.400001525878906,169.0,3289.0,1788049262000.0,2.5850000381469727,0.5,3286.0,4940.14990234375,24.600000381469727,24.600000381469727,106.80343925021589,0.30399999022483826,3289.0
155.0,83.0,-6.225736616179347,2954.0,32.400001525878906,167.0,3296.0,1788049269000.0,2.6500000953674316,0.5,3293.0,4961.330078125,23.600000381469727,23.600000381469727,106.80360395461321,-0.15000000596046448,3296.0
158.0,83.0,-6.225649360567331,2958.0,32.20000076293945,167.0,3300.0,1788049273000.0,2.7060000896453857,0.5,3297.0,4974.47021484375,24.399999618530273,24.399999618530273,106.80368576198816,0.1860000044107437,3300.0
157.0,84.0,-6.225630501285195,2959.0,32.400001525878906,169.0,3301.0,1788049274000.0,2.7249999046325684,0.5,3298.0,4977.419921875,24.399999618530273,24.399999618530273,106.80370470508933,0.10100000351667404,3301.0
162.0,85.0,-6.225569732487202,2962.0,32.79999923706055,171.0,3304.0,1788049277000.0,2.743000030517578,0.5,3301.0,4987.60986328125,24.399999618530273,24.399999618530273,106.80377393960953,0.0020000000949949026,3304.0
160.0,85.0,-6.225508209317923,2965.0,33.20000076293945,171.0,3307.0,1788049280000.0,2.7990000247955322,0.5,3304.0,4997.490234375,24.600000381469727,24.600000381469727,106.80383965373039,0.039000000804662704,3307.0
159.0,84.0,-6.225446937605739,2969.0,34.400001525878906,169.0,3311.0,1788049284000.0,2.7899999618530273,0.5,3308.0,5007.81005859375,23.799999237060547,23.799999237060547,106.80391006171703,-0.20600000023841858,3311.0
