directLongitude,directElevation,directSpeed,directHeartRate,directCorrectedElevation,directDoubleCadence,directFractionalCadence,directTimestamp,sumDuration,directLatitude,sumMovingDuration,directRunCadence,sumElapsedDuration,sumDistance,directUncorrectedElevation,directVerticalSpeed,elapsed_s
106.89387830905616,82.19999694824219,0.8769999742507935,76.0,82.19999694824219,152.0,0.0,1790290477000.0,0.0,-6.42938744276762,0.0,76.0,0.0,0.0,63.20000076293945,,0.0
106.89386045560241,82.0,0.9700000286102295,77.0,82.0,153.0,0.5,1790290480000.0,3.0,-6.42939867451787,3.0,76.0,3.0,2.3299999237060547,63.20000076293945,-0.07199999690055847,3.0
106.89384520053864,81.80000305175781,1.0729999542236328,77.0,81.80000305175781,142.0,0.0,1790290482000.0,5.0,-6.4294167794287205,5.0,71.0,5.0,5.010000228881836,63.20000076293945,-0.07699999958276749,5.0
106.89384235069156,81.80000305175781,1.156999945640564,77.0,81.80000305175781,142.0,0.0,1790290483000.0,6.0,-6.429432034492493,6.0,71.0,6.0,6.710000038146973,63.20000076293945,-0.03799999877810478,6.0
106.8937914725393,80.5999984741211,1.38100004196167,80.0,80.5999984741211,161.0,0.5,1790290488000.0,11.0,-6.429518200457096,11.0,80.0,11.0,17.639999389648438,63.400001525878906,-0.20900000631809235,11.0
106.8937830068171,80.4000015258789,1.6979999542236328,78.0,80.4000015258789,163.0,0.5,1790290490000.0,13.0,-6.429555248469114,13.0,81.0,13.0,21.829999923706055,63.599998474121094,-0.12800000607967377,13.0
106.89377286471426,80.19999694824219,1.9129999876022339,82.0,80.19999694824219,164.0,0.0,1790290492000.0,15.0,-6.429601600393653,15.0,82.0,15.0,27.079999923706055,63.599998474121094,-0.15600000321865082,15.0
106.89376548863947,80.0,1.9500000476837158,85.0,80.0,166.0,0.0,1790290493000.0,16.0,-6.429623477160931,16.0,83.0,16.0,29.6200008392334,63.79999923706055,-0.1850000023841858,16.0
106.89375945366919,79.80000305175781,1.9589999914169312,91.0,79.80000305175781,168.0,0.0,1790290494000.0,17.0,-6.429640324786305,17.0,84.0,17.0,31.59000015258789,63.79999923706055,-0.14800000190734863,17.0
106.8937327992171,79.19999694824219,1.9780000448226929,94.0,79.19999694824219,168.0,0.0,1790290496000.0,19.0,-6.429683575406671,19.0,84.0,19.0,37.209999084472656,64.0,-0.27000001072883606,19.0
106.8937211483717,79.0,2.015000104904175,96.0,79.0,166.0,0.0,1790290497000.0,20.0,-6.429703859612346,20.0,83.0,20.0,39.79999923706055,64.0,-0.22499999403953552,20.0
106.8937158677727,79.0,2.052999973297119,97.0,79.0,166.0,0.0,1790290498000.0,21.0,-6.42972506582737,21.0,83.0,21.0,42.20000076293945,64.0,0.041999999433755875,21.0
106.89371075481176,79.19999694824219,2.118000030517578,100.0,79.19999694824219,166.0,0.0,1790290500000.0,23.0,-6.4297751896083355,23.0,83.0,23.0,47.88999938964844,64.0,0.08100000023841858,23.0
106.8937121797353,79.4000015258789,2.13700008392334,101.0,79.4000015258789,165.0,0.5,1790290501000.0,24.0,-6.429795473814011,24.0,82.0,24.0,50.130001068115234,64.19999694824219,0.07800000160932541,24.0
106.893703462556,79.4000015258789,2.118000030517578,107.0,79.4000015258789,163.0,0.5,1790290503000.0,26.0,-6.429830342531204,26.0,81.0,26.0,54.11000061035156,64.19999694824219,0.04699999839067459,26.0
106.89370136708021,79.4000015258789,2.0810000896453857,110.0,79.4000015258789,160.0,0.0,1790290504000.0,27.0,-6.429846016690135,27.0,80.0,27.0,55.849998474121094,64.19999694824219,0.04899999871850014,27.0
106.89368820749223,79.5999984741211,2.015000104904175,113.0,79.5999984741211,161.0,0.5,1790290506000.0,29.0,-6.42987510189414,29.0,80.0,29.0,59.38999938964844,64.19999694824219,0.028999999165534973,29.0
106.89366851001978,79.4000015258789,1.9780000448226929,113.0,79.4000015258789,162.0,0.0,1790290507000.0,30.0,-6.429886417463422,30.0,81.0,30.0,61.90999984741211,64.19999694824219,-0.029999999329447746,30.0
106.89365333877504,79.5999984741211,1.930999994277954,117.0,79.5999984741211,160.0,0.0,1790290509000.0,32.0,-6.429912904277444,32.0,80.0,32.0,65.33000183105469,64.19999694824219,0.019999999552965164,32.0
106.89364420250058,79.5999984741211,1.8940000534057617,120.0,79.5999984741211,161.0,0.5,1790290512000.0,35.0,-6.4299610164016485,35.0,80.0,35.0,70.66999816894531,64.19999694824219,0.04699999839067459,35.0
106.89363556914032,80.0,1.875,124.0,80.0,157.0,0.5,1790290515000.0,38.0,-6.4300034288316965,38.0,78.0,38.0,75.4000015258789,64.19999694824219,0.12300000339746475,38.0
106.89362777397037,80.19999694824219,1.8569999933242798,123.0,80.19999694824219,157.0,0.5,1790290516000.0,39.0,-6.430017175152898,39.0,78.0,39.0,77.08999633789062,64.19999694824219,0.17000000178813934,39.0
106.8936278577894,80.4000015258789,1.8289999961853027,128.0,80.4000015258789,157.0,0.5,1790290517000.0,40.0,-6.430032094940543,40.0,78.0,40.0,78.5999984741211,64.19999694824219,0.2150000035762787,40.0
106.89362408593297,80.5999984741211,1.809999942779541,131.0,80.5999984741211,157.0,0.5,1790290518000.0,41.0,-6.430047936737537,41.0,78.0,41.0,80.4000015258789,64.19999694824219,0.21400000154972076,41.0
106.89361444674432,80.80000305175781,1.781999945640564,133.0,80.80000305175781,159.0,0.5,1790290519000.0,42.0,-6.430060928687453,42.0,79.0,42.0,82.18000030517578,64.19999694824219,0.15199999511241913,42.0
106.89361209981143,81.19999694824219,1.7640000581741333,136.0,81.19999694824219,157.0,0.5,1790290521000.0,44.0,-6.4300930313766,44.0,78.0,44.0,85.72000122070312,64.19999694824219,0.21899999678134918,44.0
106.89360681921244,81.5999984741211,1.7640000581741333,137.0,81.5999984741211,157.0,0.5,1790290523000.0,46.0,-6.430121278390288,46.0,78.0,46.0,88.86000061035156,64.19999694824219,0.15199999511241913,46.0
106.89360254444182,81.5999984741211,1.7640000581741333,137.0,81.5999984741211,156.0,0.0,1790290524000.0,47.0,-6.43013502471149,47.0,78.0,47.0,90.41000366210938,64.19999694824219,0.14800000190734863,47.0
106.89357086084783,82.5999984741211,1.7170000076293945,137.0,82.5999984741211,152.0,0.0,1790290531000.0,54.0,-6.430226722732186,54.0,76.0,54.0,101.13999938964844,66.4000015258789,0.14100000262260437,54.0
106.89352794550359,83.19999694824219,1.6890000104904175,135.0,83.19999694824219,152.0,0.0,1790290537000.0,60.0,-6.430317331105471,60.0,76.0,60.0,112.18000030517578,68.80000305175781,0.09200000017881393,60.0
106.89346424303949,83.5999984741211,1.6139999628067017,134.0,83.5999984741211,149.0,0.5,1790290548000.0,71.0,-6.430435851216316,71.0,74.0,71.0,126.70999908447266,70.19999694824219,0.039000000804662704,71.0
106.89345460385084,83.80000305175781,1.5770000219345093,130.0,83.80000305175781,147.0,0.5,1790290552000.0,75.0,-6.430489160120487,75.0,73.0,75.0,132.49000549316406,72.19999694824219,0.04800000041723251,75.0
106.89345292747021,83.80000305175781,1.5770000219345093,130.0,83.80000305175781,147.0,0.5,1790290553000.0,76.0,-6.430500978603959,76.0,73.0,76.0,133.80999755859375,72.4000015258789,0.0430000014603138,76.0
106.89344664104283,84.0,1.5579999685287476,129.0,84.0,146.0,0.0,1790290555000.0,78.0,-6.430526291951537,78.0,73.0,78.0,136.69000244140625,72.80000305175781,0.04600000008940697,78.0
106.89339970238507,84.0,1.4930000305175781,130.0,84.0,149.0,0.5,1790290567000.0,90.0,-6.430643890053034,90.0,74.0,90.0,150.6999969482422,73.5999984741211,0.003000000026077032,90.0
106.89336734823883,84.0,1.465000033378601,130.0,84.0,150.0,0.0,1790290578000.0,101.0,-6.430809767916799,101.0,75.0,101.0,169.60000610351562,75.80000305175781,0.0,101.0
106.89333306625485,84.5999984741211,1.5210000276565552,129.0,84.5999984741211,150.0,0.0,1790290588000.0,111.0,-6.430959049612284,111.0,75.0,111.0,186.4600067138672,77.80000305175781,0.06499999761581421,111.0
106.89327171072364,85.4000015258789,1.5490000247955322,126.0,85.4000015258789,155.0,0.5,1790290598000.0,121.0,-6.431096848100424,121.0,77.0,121.0,203.10000610351562,79.19999694824219,0.07699999958276749,121.0
106.89323348924518,86.4000015258789,1.5770000219345093,124.0,86.4000015258789,160.0,0.0,1790290608000.0,131.0,-6.431247973814607,131.0,80.0,131.0,220.3800048828125,80.19999694824219,0.0949999988079071,131.0
106.89322812482715,86.5999984741211,1.5770000219345093,125.0,86.5999984741211,157.0,0.5,1790290611000.0,134.0,-6.431288290768862,134.0,78.0,134.0,224.75999450683594,80.19999694824219,0.09000000357627869,134.0
106.89319686032832,87.0,1.5579999685287476,125.0,87.0,157.0,0.5,1790290616000.0,139.0,-6.4313531666994095,139.0,78.0,139.0,232.74000549316406,80.80000305175781,0.07100000232458115,139.0
106.89315260387957,87.0,1.5679999589920044,125.0,87.0,159.0,0.5,1790290626000.0,149.0,-6.431502364575863,149.0,79.0,149.0,249.9499969482422,83.19999694824219,0.008999999612569809,149.0
106.89311270602047,87.4000015258789,1.5770000219345093,126.0,87.4000015258789,156.0,0.0,1790290634000.0,157.0,-6.431613676249981,157.0,78.0,157.0,262.7699890136719,83.5999984741211,0.035999998450279236,157.0
106.89306769520044,87.0,1.5770000219345093,125.0,87.0,158.0,0.0,1790290641000.0,164.0,-6.431734710931778,164.0,79.0,164.0,276.94000244140625,84.5999984741211,-0.0430000014603138,164.0
106.89302838407457,86.80000305175781,1.6419999599456787,128.0,86.80000305175781,159.0,0.5,1790290649000.0,172.0,-6.431859517470002,172.0,79.0,172.0,291.4700012207031,86.80000305175781,-0.0430000014603138,172.0
106.89300994388759,86.5999984741211,1.6799999475479126,128.0,86.5999984741211,158.0,0.0,1790290652000.0,175.0,-6.431905534118414,175.0,79.0,175.0,296.9599914550781,87.4000015258789,-0.032999999821186066,175.0
106.89296183176339,87.19999694824219,1.753999948501587,129.0,87.19999694824219,161.0,0.5,1790290661000.0,184.0,-6.432032268494368,184.0,80.0,184.0,311.989990234375,88.0,0.05400000140070915,184.0
106.89290114678442,87.80000305175781,1.6979999542236328,129.0,87.80000305175781,157.0,0.5,1790290672000.0,195.0,-6.432189093902707,195.0,78.0,195.0,330.5400085449219,89.19999694824219,0.07100000232458115,195.0
106.89285605214536,88.4000015258789,1.6799999475479126,130.0,88.4000015258789,157.0,0.5,1790290679000.0,202.0,-6.432293364778161,202.0,78.0,202.0,343.07000732421875,90.0,0.061000000685453415,202.0
106.89280006103218,88.80000305175781,1.6799999475479126,129.0,88.80000305175781,159.0,0.5,1790290687000.0,210.0,-6.432434096932411,210.0,79.0,210.0,360.19000244140625,94.19999694824219,0.06300000101327896,210.0
106.8927554693073,89.5999984741211,1.7450000047683716,131.0,89.5999984741211,157.0,0.5,1790290696000.0,219.0,-6.432565692812204,219.0,78.0,219.0,375.6199951171875,98.5999984741211,0.0860000029206276,219.0
106.89272512681782,91.19999694824219,1.7170000076293945,131.0,91.19999694824219,155.0,0.5,1790290704000.0,227.0,-6.432695863768458,227.0,77.0,227.0,390.489990234375,97.0,0.18799999356269836,227.0
106.89266796223819,91.80000305175781,1.7359999418258667,129.0,91.80000305175781,154.0,0.0,1790290714000.0,237.0,-6.432821257039905,237.0,77.0,237.0,405.739990234375,96.4000015258789,0.07400000095367432,237.0
106.89262496307492,91.80000305175781,1.6699999570846558,127.0,91.80000305175781,153.0,0.5,1790290724000.0,247.0,-6.432945728302002,247.0,76.0,247.0,420.3299865722656,95.19999694824219,-0.0020000000949949026,247.0
106.89261364750564,92.0,1.6699999570846558,124.0,92.0,153.0,0.5,1790290728000.0,251.0,-6.432998450472951,251.0,76.0,251.0,426.32000732421875,93.80000305175781,0.017000000923871994,251.0
106.89259981736541,91.80000305175781,1.6699999570846558,122.0,91.80000305175781,153.0,0.5,1790290735000.0,258.0,-6.433089897036552,258.0,76.0,258.0,436.7099914550781,91.80000305175781,-0.024000000208616257,258.0
106.89261264167726,91.19999694824219,1.6699999570846558,125.0,91.19999694824219,156.0,0.0,1790290746000.0,269.0,-6.433247057721019,269.0,78.0,269.0,454.1499938964844,92.19999694824219,-0.0430000014603138,269.0
106.89261054620147,91.19999694824219,1.6610000133514404,126.0,91.19999694824219,155.0,0.5,1790290748000.0,271.0,-6.433274634182453,271.0,77.0,271.0,457.19000244140625,92.4000015258789,-0.05700000002980232,271.0
106.89261280931532,91.0,1.6519999504089355,126.0,91.0,158.0,0.0,1790290757000.0,280.0,-6.433411678299308,280.0,79.0,280.0,472.3399963378906,93.0,-0.01600000075995922,280.0
106.89261515624821,91.0,1.6699999570846558,129.0,91.0,155.0,0.5,1790290765000.0,288.0,-6.43354226835072,288.0,77.0,288.0,486.79998779296875,93.4000015258789,0.0010000000474974513,288.0
106.89261649735272,91.0,1.6699999570846558,129.0,91.0,156.0,0.0,1790290766000.0,289.0,-6.433556014671922,289.0,78.0,289.0,488.3299865722656,93.5999984741211,0.004999999888241291,289.0
106.89261641353369,91.0,1.6799999475479126,132.0,91.0,153.0,0.5,1790290773000.0,296.0,-6.433653496205807,296.0,76.0,296.0,499.1400146484375,94.19999694824219,-0.004000000189989805,296.0
106.89261700026691,91.0,1.6799999475479126,132.0,91.0,153.0,0.5,1790290775000.0,298.0,-6.43368249759078,298.0,76.0,298.0,502.3399963378906,94.4000015258789,0.0,298.0
106.89261448569596,91.0,1.6799999475479126,131.0,91.0,156.0,0.0,1790290778000.0,301.0,-6.433727676048875,301.0,78.0,301.0,507.3500061035156,94.80000305175781,0.0,301.0
106.89259051345289,91.0,1.6799999475479126,133.0,91.0,157.0,0.5,1790290785000.0,308.0,-6.433843765407801,308.0,78.0,308.0,520.4500122070312,95.0,-0.009999999776482582,308.0
106.89252530224621,92.19999694824219,1.7450000047683716,135.0,92.19999694824219,163.0,0.5,1790290795000.0,318.0,-6.434015175327659,318.0,81.0,318.0,540.72998046875,92.80000305175781,0.12700000405311584,318.0
106.89249521121383,92.5999984741211,1.7730000019073486,132.0,92.5999984741211,161.0,0.5,1790290800000.0,323.0,-6.434104694053531,323.0,80.0,323.0,551.1599731445312,93.0,0.08699999749660492,323.0
106.89247258007526,93.0,1.8009999990463257,133.0,93.0,165.0,0.5,1790290804000.0,327.0,-6.434166720137,327.0,82.0,327.0,558.4299926757812,93.80000305175781,0.11400000005960464,327.0
106.89244114793837,94.0,1.819000005722046,136.0,94.0,163.0,0.5,1790290808000.0,331.0,-6.434235703200102,331.0,81.0,331.0,566.8400268554688,94.4000015258789,0.2370000034570694,331.0
106.89239420928061,95.19999694824219,1.8289999961853027,139.0,95.19999694824219,161.0,0.5,1790290812000.0,335.0,-6.434304686263204,335.0,80.0,335.0,576.0499877929688,94.5999984741211,0.2930000126361847,335.0
106.8923709075898,95.80000305175781,1.8380000591278076,139.0,95.80000305175781,161.0,0.5,1790290814000.0,337.0,-6.43433628603816,337.0,80.0,337.0,580.3900146484375,94.80000305175781,0.2809999883174896,337.0
106.89228272996843,97.5999984741211,1.8940000534057617,142.0,97.5999984741211,165.0,0.5,1790290821000.0,344.0,-6.434446927160025,344.0,82.0,344.0,596.0499877929688,96.5999984741211,0.24899999797344208,344.0
106.89224953763187,97.80000305175781,1.9129999876022339,143.0,97.80000305175781,163.0,0.5,1790290824000.0,347.0,-6.434496883302927,347.0,81.0,347.0,602.6500244140625,97.5999984741211,0.11900000274181366,347.0
106.89217653125525,98.5999984741211,1.9500000476837158,146.0,98.5999984741211,167.0,0.5,1790290830000.0,353.0,-6.43459084443748,353.0,83.0,353.0,615.780029296875,99.0,0.13099999725818634,353.0
106.89213822595775,99.0,1.968999981880188,149.0,99.0,163.0,0.5,1790290833000.0,356.0,-6.434628227725625,356.0,81.0,356.0,621.7100219726562,99.80000305175781,0.1379999965429306,356.0
106.8921267427504,99.19999694824219,1.968999981880188,149.0,99.19999694824219,163.0,0.5,1790290834000.0,357.0,-6.434641219675541,357.0,81.0,357.0,623.6099853515625,100.0,0.12399999797344208,357.0
106.892049042508,100.0,1.9869999885559082,149.0,100.0,165.0,0.5,1790290841000.0,364.0,-6.434741299599409,364.0,82.0,364.0,637.5999755859375,100.4000015258789,0.11299999803304672,364.0
106.89191224984825,100.0,1.968999981880188,149.0,100.0,161.0,0.5,1790290852000.0,375.0,-6.434874320402741,375.0,80.0,375.0,658.75,101.0,0.0,375.0
106.89190194010735,100.0,1.968999981880188,149.0,100.0,161.0,0.5,1790290853000.0,376.0,-6.43488404341042,376.0,80.0,376.0,660.3099975585938,101.0,0.0,376.0
106.89181795343757,100.0,1.9589999914169312,146.0,100.0,159.0,0.5,1790290861000.0,384.0,-6.434983033686876,384.0,79.0,384.0,674.6699829101562,102.0,0.0020000000949949026,384.0
106.89180387184024,100.19999694824219,1.9589999914169312,146.0,100.19999694824219,159.0,0.5,1790290862000.0,385.0,-6.434994600713253,385.0,79.0,385.0,676.6900024414062,102.0,0.16699999570846558,385.0
106.89171393401921,101.0,1.9500000476837158,147.0,101.0,159.0,0.5,1790290870000.0,393.0,-6.435084789991379,393.0,79.0,393.0,690.77001953125,102.5999984741211,0.10700000077486038,393.0
106.89157655462623,101.80000305175781,1.940999984741211,146.0,101.80000305175781,160.0,0.0,1790290881000.0,404.0,-6.435206243768334,404.0,80.0,404.0,711.4099731445312,100.0,0.0689999982714653,404.0
106.89143934287131,101.4000015258789,1.940999984741211,147.0,101.4000015258789,161.0,0.5,1790290891000.0,414.0,-6.435283105820417,414.0,80.0,414.0,728.8900146484375,98.4000015258789,-0.03799999877810478,414.0
106.89138335175812,100.80000305175781,1.930999994277954,143.0,100.80000305175781,163.0,0.5,1790290895000.0,418.0,-6.435301713645458,418.0,81.0,418.0,735.4000244140625,98.5999984741211,-0.1509999930858612,418.0
106.8912846967578,99.80000305175781,1.9220000505447388,142.0,99.80000305175781,159.0,0.5,1790290902000.0,425.0,-6.435348400846124,425.0,79.0,425.0,747.52001953125,98.80000305175781,-0.13099999725818634,425.0
106.89118511974812,98.80000305175781,1.902999997138977,143.0,98.80000305175781,165.0,0.5,1790290909000.0,432.0,-6.435384023934603,432.0,82.0,432.0,759.2000122070312,98.4000015258789,-0.1679999977350235,432.0
106.89101178199053,96.4000015258789,1.9129999876022339,144.0,96.4000015258789,163.0,0.5,1790290919000.0,442.0,-6.435446301475167,442.0,81.0,442.0,779.5999755859375,98.80000305175781,-0.2370000034570694,442.0
106.89083810895681,95.4000015258789,1.8849999904632568,142.0,95.4000015258789,159.0,0.5,1790290931000.0,454.0,-6.435512267053127,454.0,79.0,454.0,800.1400146484375,100.19999694824219,-0.07500000298023224,454.0
106.89082587137818,95.4000015258789,1.8849999904632568,142.0,95.4000015258789,159.0,0.5,1790290932000.0,455.0,-6.4355172123759985,455.0,79.0,455.0,801.5999755859375,100.4000015258789,-0.00800000037997961,455.0
106.89069855026901,95.19999694824219,1.8569999933242798,139.0,95.19999694824219,159.0,0.5,1790290941000.0,464.0,-6.4355681743472815,464.0,79.0,464.0,816.760009765625,101.0,-0.02199999988079071,464.0
106.89066678285599,95.19999694824219,1.847000002861023,139.0,95.19999694824219,159.0,0.5,1790290943000.0,466.0,-6.4355790708214045,466.0,79.0,466.0,820.47998046875,101.5999984741211,-0.03799999877810478,466.0
106.89051875844598,95.19999694824219,1.809999942779541,138.0,95.19999694824219,159.0,0.5,1790290953000.0,476.0,-6.435633134096861,476.0,79.0,476.0,837.9500122070312,102.5999984741211,0.0010000000474974513,476.0
106.89035237766802,95.4000015258789,1.8380000591278076,140.0,95.4000015258789,165.0,0.5,1790290963000.0,486.0,-6.435708152130246,486.0,82.0,486.0,858.1099853515625,101.4000015258789,0.017999999225139618,486.0
106.89026344567537,96.19999694824219,1.875,141.0,96.19999694824219,163.0,0.5,1790290970000.0,493.0,-6.435793228447437,493.0,81.0,493.0,871.7100219726562,101.4000015258789,0.13300000131130219,493.0
106.89022966660559,96.80000305175781,1.875,144.0,96.80000305175781,161.0,0.5,1790290974000.0,497.0,-6.435858942568302,497.0,80.0,497.0,879.8599853515625,101.80000305175781,0.14900000393390656,497.0
106.89018155448139,97.80000305175781,1.8849999904632568,145.0,97.80000305175781,160.0,0.0,1790290981000.0,504.0,-6.435962710529566,504.0,80.0,504.0,892.47998046875,103.0,0.13099999725818634,504.0
106.89014559611678,98.80000305175781,1.875,143.0,98.80000305175781,161.0,0.5,1790290989000.0,512.0,-6.436072094365954,512.0,80.0,512.0,905.280029296875,103.80000305175781,0.12200000137090683,512.0
106.89011164940894,99.0,1.847000002861023,141.0,99.0,159.0,0.5,1790290996000.0,519.0,-6.436181562021375,519.0,79.0,519.0,918.010009765625,103.19999694824219,0.032999999821186066,519.0
106.89006647095084,98.5999984741211,1.8569999933242798,142.0,98.5999984741211,159.0,0.5,1790291005000.0,528.0,-6.436347691342235,528.0,79.0,528.0,937.030029296875,103.4000015258789,-0.05000000074505806,528.0
106.89002799801528,97.80000305175781,1.8660000562667847,143.0,97.80000305175781,163.0,0.5,1790291012000.0,535.0,-6.436460763216019,535.0,81.0,535.0,950.2899780273438,103.80000305175781,-0.10100000351667404,535.0
106.88997460529208,97.0,1.875,142.0,97.0,159.0,0.5,1790291019000.0,542.0,-6.436549611389637,542.0,79.0,542.0,961.6799926757812,104.0,-0.10999999940395355,542.0
106.88993831165135,96.5999984741211,1.847000002861023,142.0,96.5999984741211,161.0,0.5,1790291025000.0,548.0,-6.436621528118849,548.0,80.0,548.0,970.8300170898438,106.19999694824219,-0.08699999749660492,548.0
106.88989832997322,96.4000015258789,1.8009999990463257,142.0,96.4000015258789,161.0,0.5,1790291033000.0,556.0,-6.436745580285788,556.0,80.0,556.0,984.989990234375,108.0,-0.028999999165534973,556.0
106.88983596861362,95.80000305175781,1.7910000085830688,142.0,95.80000305175781,158.0,0.0,1790291040000.0,563.0,-6.436844067648053,563.0,79.0,563.0,997.8400268554688,110.19999694824219,-0.07800000160932541,563.0
106.8897560890764,95.5999984741211,1.809999942779541,142.0,95.5999984741211,163.0,0.5,1790291048000.0,571.0,-6.43696216866374,571.0,81.0,571.0,1013.489990234375,110.80000305175781,-0.027000000700354576,571.0
106.88968165777624,96.19999694824219,1.8009999990463257,144.0,96.19999694824219,161.0,0.5,1790291055000.0,578.0,-6.437058225274086,578.0,80.0,578.0,1026.489990234375,108.0,0.09399999678134918,578.0
106.88957881182432,96.80000305175781,1.8009999990463257,146.0,96.80000305175781,163.0,0.5,1790291064000.0,587.0,-6.4371708780527115,587.0,81.0,587.0,1043.4300537109375,102.80000305175781,0.061000000685453415,587.0
106.88952382653952,97.4000015258789,1.809999942779541,146.0,97.4000015258789,159.0,0.5,1790291073000.0,596.0,-6.437300378456712,596.0,79.0,596.0,1059.010009765625,101.0,0.06800000369548798,596.0
106.88947227783501,98.0,1.7910000085830688,145.0,98.0,161.0,0.5,1790291083000.0,606.0,-6.437452342361212,606.0,80.0,606.0,1076.75,100.0,0.05400000140070915,606.0
106.88941896893084,97.19999694824219,1.781999945640564,146.0,97.19999694824219,160.0,0.0,1790291093000.0,616.0,-6.437596259638667,616.0,80.0,616.0,1093.699951171875,102.19999694824219,-0.07699999958276749,616.0
106.88937840051949,96.4000015258789,1.7640000581741333,145.0,96.4000015258789,157.0,0.5,1790291100000.0,623.0,-6.4377018716186285,623.0,78.0,623.0,1106.2099609375,103.4000015258789,-0.09399999678134918,623.0
106.88934219069779,95.80000305175781,1.7640000581741333,143.0,95.80000305175781,157.0,0.5,1790291107000.0,630.0,-6.437801197171211,630.0,78.0,630.0,1118.0699462890625,104.80000305175781,-0.0949999988079071,630.0
106.88929743133485,94.5999984741211,1.7730000019073486,141.0,94.5999984741211,159.0,0.5,1790291117000.0,640.0,-6.437950059771538,640.0,79.0,640.0,1135.1500244140625,103.80000305175781,-0.11800000071525574,640.0
106.88924722373486,94.19999694824219,1.7640000581741333,140.0,94.19999694824219,161.0,0.5,1790291128000.0,651.0,-6.438128594309092,651.0,80.0,651.0,1155.6600341796875,101.4000015258789,-0.03799999877810478,651.0
106.88920514658093,94.4000015258789,1.781999945640564,142.0,94.4000015258789,161.0,0.5,1790291135000.0,658.0,-6.438239570707083,658.0,80.0,658.0,1168.7099609375,99.80000305175781,0.03500000014901161,658.0
106.88919592648745,94.5999984741211,1.781999945640564,142.0,94.5999984741211,161.0,0.5,1790291136000.0,659.0,-6.438258346170187,659.0,80.0,659.0,1171.02001953125,99.80000305175781,0.03400000184774399,659.0
106.8891635723412,94.80000305175781,1.8009999990463257,143.0,94.80000305175781,163.0,0.5,1790291142000.0,665.0,-6.438355660066009,665.0,81.0,665.0,1182.3800048828125,102.0,0.039000000804662704,665.0
106.88912694342434,95.0,1.8009999990463257,146.0,95.0,163.0,0.5,1790291148000.0,671.0,-6.438448783010244,671.0,81.0,671.0,1193.43994140625,103.4000015258789,0.03400000184774399,671.0
106.8891202379018,95.0,1.8009999990463257,146.0,95.0,163.0,0.5,1790291149000.0,672.0,-6.438465379178524,672.0,81.0,672.0,1195.4200439453125,103.4000015258789,0.035999998450279236,672.0
106.8890755623579,95.80000305175781,1.819000005722046,148.0,95.80000305175781,161.0,0.5,1790291158000.0,681.0,-6.438618432730436,681.0,80.0,681.0,1213.0799560546875,105.0,0.09399999678134918,681.0
106.88903306610882,96.80000305175781,1.819000005722046,146.0,96.80000305175781,155.0,0.5,1790291168000.0,691.0,-6.438742149621248,691.0,77.0,691.0,1227.530029296875,104.4000015258789,0.10300000011920929,691.0
106.8889822717756,97.80000305175781,1.7640000581741333,143.0,97.80000305175781,160.0,0.0,1790291177000.0,700.0,-6.4388693030923605,700.0,80.0,700.0,1242.6500244140625,104.80000305175781,0.09399999678134918,700.0
106.88897447660565,98.19999694824219,1.7640000581741333,143.0,98.19999694824219,159.0,0.5,1790291179000.0,702.0,-6.438901908695698,702.0,79.0,702.0,1246.3399658203125,105.4000015258789,0.22699999809265137,702.0
106.88893508166075,100.5999984741211,1.753999948501587,144.0,100.5999984741211,159.0,0.5,1790291188000.0,711.0,-6.439051441848278,711.0,79.0,711.0,1263.3800048828125,104.80000305175781,0.2639999985694885,711.0
106.88889116048813,102.4000015258789,1.7640000581741333,146.0,102.4000015258789,159.0,0.5,1790291197000.0,720.0,-6.439193012192845,720.0,79.0,720.0,1279.760009765625,102.0,0.21699999272823334,720.0
106.88883810304105,103.5999984741211,1.7730000019073486,145.0,103.5999984741211,157.0,0.5,1790291207000.0,730.0,-6.4393313974142075,730.0,78.0,730.0,1296.1099853515625,104.5999984741211,0.10199999809265137,730.0
106.88877641223371,103.5999984741211,1.7259999513626099,143.0,103.5999984741211,159.0,0.5,1790291217000.0,740.0,-6.439456455409527,740.0,79.0,740.0,1311.6199951171875,106.4000015258789,0.010999999940395355,740.0
106.88874271698296,104.19999694824219,1.7079999446868896,146.0,104.19999694824219,156.0,0.0,1790291225000.0,748.0,-6.4395613968372345,748.0,78.0,748.0,1323.760009765625,110.0,0.06400000303983688,748.0
106.88872318714857,104.80000305175781,1.6699999570846558,148.0,104.80000305175781,156.0,0.0,1790291233000.0,756.0,-6.439674636349082,756.0,78.0,756.0,1336.4300537109375,110.5999984741211,0.08399999886751175,756.0
106.88871279358864,105.0,1.6610000133514404,147.0,105.0,159.0,0.5,1790291236000.0,759.0,-6.439711768180132,759.0,79.0,759.0,1340.6800537109375,110.0,0.07900000363588333,759.0
106.88869167119265,105.4000015258789,1.6419999599456787,145.0,105.4000015258789,157.0,0.5,1790291240000.0,763.0,-6.43976298160851,763.0,78.0,763.0,1346.7900390625,108.5999984741211,0.06499999761581421,763.0
106.8886407930404,105.80000305175781,1.6139999628067017,145.0,105.80000305175781,158.0,0.0,1790291247000.0,770.0,-6.439864654093981,770.0,79.0,770.0,1359.4000244140625,108.4000015258789,0.07800000160932541,770.0
106.88863744027913,106.0,1.6139999628067017,144.0,106.0,158.0,0.0,1790291248000.0,771.0,-6.439877478405833,771.0,79.0,771.0,1360.8399658203125,108.5999984741211,0.057999998331069946,771.0
106.88862604089081,106.19999694824219,1.6139999628067017,144.0,106.19999694824219,158.0,0.0,1790291252000.0,775.0,-6.439921399578452,775.0,79.0,775.0,1365.81005859375,109.5999984741211,0.05000000074505806,775.0
106.88858128152788,106.19999694824219,1.5959999561309814,144.0,106.19999694824219,161.0,0.5,1790291259000.0,782.0,-6.440036399289966,782.0,80.0,782.0,1379.4000244140625,110.0,0.0,782.0
106.88854683190584,105.5999984741211,1.6050000190734863,144.0,105.5999984741211,159.0,0.5,1790291264000.0,787.0,-6.440115105360746,787.0,79.0,787.0,1388.9100341796875,109.19999694824219,-0.08900000154972076,787.0
106.888536689803,105.4000015258789,1.6239999532699585,145.0,105.4000015258789,159.0,0.5,1790291267000.0,790.0,-6.440162463113666,790.0,79.0,790.0,1394.2099609375,109.0,-0.10100000351667404,790.0
106.88851992599666,105.19999694824219,1.6330000162124634,142.0,105.19999694824219,158.0,0.0,1790291271000.0,794.0,-6.440216023474932,794.0,79.0,794.0,1400.3900146484375,109.80000305175781,-0.050999999046325684,794.0
106.8884936068207,104.80000305175781,1.6330000162124634,142.0,104.80000305175781,155.0,0.5,1790291275000.0,798.0,-6.4402770437300205,798.0,77.0,798.0,1407.739990234375,111.4000015258789,-0.0689999982714653,798.0
106.88845320604742,103.80000305175781,1.6610000133514404,142.0,103.80000305175781,157.0,0.5,1790291285000.0,808.0,-6.44043680280447,808.0,78.0,808.0,1425.989990234375,112.80000305175781,-0.11500000208616257,808.0
106.88841439783573,102.5999984741211,1.6979999542236328,140.0,102.5999984741211,156.0,0.0,1790291294000.0,817.0,-6.440574014559388,817.0,78.0,817.0,1441.780029296875,111.4000015258789,-0.13500000536441803,817.0
106.88836293295026,101.5999984741211,1.7170000076293945,142.0,101.5999984741211,154.0,0.0,1790291304000.0,827.0,-6.440714495256543,827.0,77.0,827.0,1458.3599853515625,110.4000015258789,-0.09300000220537186,827.0
106.88833418302238,101.19999694824219,1.7259999513626099,143.0,101.19999694824219,158.0,0.0,1790291312000.0,835.0,-6.440843576565385,835.0,79.0,835.0,1473.050048828125,110.0,-0.04100000113248825,835.0
106.88833116553724,101.5999984741211,1.7450000047683716,145.0,101.5999984741211,157.0,0.5,1790291321000.0,844.0,-6.440979698672891,844.0,78.0,844.0,1488.1300048828125,109.4000015258789,0.03999999910593033,844.0
106.88836301676929,101.4000015258789,1.7450000047683716,147.0,101.4000015258789,155.0,0.5,1790291329000.0,852.0,-6.44109545275569,852.0,77.0,852.0,1501.3900146484375,108.5999984741211,-0.023000000044703484,852.0
106.88837894238532,101.4000015258789,1.7450000047683716,148.0,101.4000015258789,158.0,0.0,1790291332000.0,855.0,-6.441138284280896,855.0,79.0,855.0,1506.43994140625,108.5999984741211,-0.013000000268220901,855.0
106.88842210918665,101.19999694824219,1.7640000581741333,149.0,101.19999694824219,157.0,0.5,1790291337000.0,860.0,-6.4412053395062685,860.0,78.0,860.0,1515.27001953125,109.19999694824219,-0.052000001072883606,860.0
106.88851674087346,100.80000305175781,1.7730000019073486,147.0,100.80000305175781,157.0,0.5,1790291348000.0,871.0,-6.441330648958683,871.0,78.0,871.0,1532.6800537109375,111.4000015258789,-0.03700000047683716,871.0
106.88861011527479,99.5999984741211,1.7259999513626099,145.0,99.5999984741211,154.0,0.0,1790291360000.0,883.0,-6.441459646448493,883.0,77.0,883.0,1550.4000244140625,112.5999984741211,-0.08799999952316284,883.0
106.88864104449749,99.19999694824219,1.7079999446868896,142.0,99.19999694824219,150.0,0.0,1790291365000.0,888.0,-6.4415160566568375,888.0,75.0,888.0,1557.52001953125,113.19999694824219,-0.10000000149011612,888.0
106.88868748024106,98.5999984741211,1.6699999570846558,143.0,98.5999984741211,37.0,0.5,1790291371000.0,894.0,-6.441578920930624,894.0,18.0,894.0,1566.1800537109375,114.80000305175781,-0.08500000089406967,894.0
106.88872452825308,98.19999694824219,1.6239999532699585,140.0,98.19999694824219,122.0,0.0,1790291376000.0,899.0,-6.441636336967349,899.0,61.0,899.0,1573.760009765625,117.19999694824219,-0.08900000154972076,899.0
106.88874766230583,98.4000015258789,1.5859999656677246,139.0,98.4000015258789,0.0,0.0,1790291380000.0,903.0,-6.441672211512923,903.0,0.0,903.0,1578.47998046875,118.0,0.07000000029802322,903.0
106.88884137198329,100.4000015258789,1.5959999561309814,139.0,100.4000015258789,163.0,0.5,1790291390000.0,913.0,-6.441823588684201,913.0,81.0,913.0,1598.280029296875,120.4000015258789,0.1889999955892563,913.0
106.88889945857227,101.5999984741211,1.6519999504089355,142.0,101.5999984741211,165.0,0.5,1790291395000.0,918.0,-6.441914783790708,918.0,82.0,918.0,1610.2900390625,121.5999984741211,0.2329999953508377,918.0
106.88893650658429,102.5999984741211,1.7640000581741333,144.0,102.5999984741211,165.0,0.5,1790291398000.0,921.0,-6.4419652428478,921.0,82.0,921.0,1617.22998046875,121.5999984741211,0.3709999918937683,921.0
106.88898260705173,103.4000015258789,1.902999997138977,147.0,103.4000015258789,163.0,0.5,1790291403000.0,926.0,-6.44204487092793,926.0,81.0,926.0,1627.4000244140625,121.0,0.14100000262260437,926.0
106.88903541304171,104.0,1.8849999904632568,149.0,104.0,161.0,0.5,1790291408000.0,931.0,-6.442117793485522,931.0,80.0,931.0,1637.3599853515625,120.5999984741211,0.1459999978542328,931.0
106.88912317156792,105.0,1.8289999961853027,150.0,105.0,161.0,0.5,1790291418000.0,941.0,-6.442244863137603,941.0,80.0,941.0,1654.449951171875,119.19999694824219,0.0949999988079071,941.0
106.88920808024704,105.80000305175781,1.6799999475479126,149.0,105.80000305175781,151.0,0.5,1790291428000.0,951.0,-6.44234636798501,951.0,75.0,951.0,1669.1600341796875,119.4000015258789,0.07100000232458115,951.0
106.88932358287275,106.0,1.5959999561309814,150.0,106.0,149.0,0.5,1790291441000.0,964.0,-6.4424885250627995,964.0,74.0,964.0,1689.43994140625,120.5999984741211,0.017999999225139618,964.0
106.88940824009478,106.0,1.5579999685287476,150.0,106.0,150.0,0.0,1790291451000.0,974.0,-6.44258676096797,974.0,75.0,974.0,1703.8299560546875,120.19999694824219,0.0,974.0
106.88945936970413,106.19999694824219,1.5399999618530273,147.0,106.19999694824219,150.0,0.0,1790291457000.0,980.0,-6.4426463562995195,980.0,75.0,980.0,1712.489990234375,120.5999984741211,0.04100000113248825,980.0
106.88950790092349,106.5999984741211,1.5299999713897705,145.0,106.5999984741211,146.0,0.0,1790291462000.0,985.0,-6.442692372947931,985.0,73.0,985.0,1719.8800048828125,121.4000015258789,0.06800000369548798,985.0
106.88963438384235,107.19999694824219,1.5399999618530273,144.0,107.19999694824219,152.0,0.0,1790291473000.0,996.0,-6.442799745127559,996.0,76.0,996.0,1738.239990234375,123.4000015258789,0.06400000303983688,996.0
106.8897196277976,107.5999984741211,1.5679999589920044,144.0,107.5999984741211,152.0,0.0,1790291482000.0,1005.0,-6.442884234711528,1005.0,76.0,1005.0,1751.780029296875,125.4000015258789,0.039000000804662704,1005.0
106.88977369107306,108.4000015258789,1.5679999589920044,141.0,108.4000015258789,157.0,0.5,1790291490000.0,1013.0,-6.4429874159395695,1013.0,78.0,1013.0,1764.800048828125,126.80000305175781,0.0949999988079071,1013.0
106.88977813348174,108.4000015258789,1.5679999589920044,140.0,108.4000015258789,157.0,0.5,1790291491000.0,1014.0,-6.443002000451088,1014.0,78.0,1014.0,1766.469970703125,126.80000305175781,0.08399999886751175,1014.0
106.88975525088608,108.4000015258789,1.5679999589920044,139.0,108.4000015258789,152.0,0.0,1790291494000.0,1017.0,-6.443028906360269,1017.0,76.0,1017.0,1770.5999755859375,127.0,-0.023000000044703484,1017.0
106.88958845101297,107.19999694824219,1.6239999532699585,139.0,107.19999694824219,163.0,0.5,1790291503000.0,1026.0,-6.442979034036398,1026.0,81.0,1026.0,1790.6199951171875,125.80000305175781,-0.14300000667572021,1026.0
106.8894471321255,106.5999984741211,2.0339999198913574,142.0,106.5999984741211,163.0,0.5,1790291511000.0,1034.0,-6.442870907485485,1034.0,81.0,1034.0,1810.3199462890625,126.0,-0.06400000303983688,1034.0
106.88940212130547,106.4000015258789,2.118000030517578,144.0,106.4000015258789,165.0,0.5,1790291514000.0,1037.0,-6.442826651036739,1037.0,82.0,1037.0,1817.3299560546875,126.0,-0.05400000140070915,1037.0
106.88929441384971,106.0,2.1459999084472656,146.0,106.0,161.0,0.5,1790291521000.0,1044.0,-6.442738473415375,1044.0,80.0,1044.0,1832.7099609375,125.0,-0.06499999761581421,1044.0
106.88916181214154,105.5999984741211,2.062000036239624,146.0,105.5999984741211,161.0,0.5,1790291531000.0,1054.0,-6.442606458440423,1054.0,80.0,1054.0,1853.4100341796875,123.5999984741211,-0.04100000113248825,1054.0
106.88904739916325,105.19999694824219,2.00600004196167,145.0,105.19999694824219,162.0,0.0,1790291541000.0,1064.0,-6.442471677437425,1064.0,81.0,1064.0,1873.050048828125,123.19999694824219,-0.04100000113248825,1064.0
106.88894656486809,104.0,1.996999979019165,143.0,104.0,161.0,0.5,1790291551000.0,1074.0,-6.442330610007048,1074.0,80.0,1074.0,1892.25,121.4000015258789,-0.10999999940395355,1074.0
106.88883349299431,103.19999694824219,2.015000104904175,144.0,103.19999694824219,165.0,0.5,1790291561000.0,1084.0,-6.442172359675169,1084.0,82.0,1084.0,1913.739990234375,120.5999984741211,-0.07999999821186066,1084.0
106.88873584382236,100.5999984741211,2.0429999828338623,143.0,100.5999984741211,163.0,0.5,1790291571000.0,1094.0,-6.442021569237113,1094.0,81.0,1094.0,1933.5999755859375,119.80000305175781,-0.2709999978542328,1094.0
106.88866887241602,98.5999984741211,2.0339999198913574,145.0,98.5999984741211,159.0,0.5,1790291580000.0,1103.0,-6.44189634360373,1103.0,79.0,1103.0,1949.3699951171875,120.4000015258789,-0.2290000021457672,1103.0
106.88855311833322,97.4000015258789,2.015000104904175,147.0,97.4000015258789,161.0,0.5,1790291590000.0,1113.0,-6.4417355787009,1113.0,80.0,1113.0,1971.2900390625,121.19999694824219,-0.1120000034570694,1113.0
106.88850215636194,97.19999694824219,2.0250000953674316,144.0,97.19999694824219,165.0,0.5,1790291595000.0,1118.0,-6.441657627001405,1118.0,82.0,1118.0,1981.6700439453125,120.5999984741211,-0.03700000047683716,1118.0
106.88848069868982,97.4000015258789,2.0250000953674316,142.0,97.4000015258789,161.0,0.5,1790291597000.0,1120.0,-6.44162611104548,1120.0,80.0,1120.0,1985.8900146484375,120.4000015258789,0.09300000220537186,1120.0
106.88838983885944,98.4000015258789,1.996999979019165,143.0,98.4000015258789,163.0,0.5,1790291606000.0,1129.0,-6.441497532650828,1129.0,81.0,1129.0,2003.260009765625,119.4000015258789,0.11800000071525574,1129.0
106.88833870925009,99.0,1.9869999885559082,146.0,99.0,161.0,0.5,1790291611000.0,1134.0,-6.441427292302251,1134.0,80.0,1134.0,2012.81005859375,118.0,0.11500000208616257,1134.0
106.8882969673723,99.4000015258789,1.9780000448226929,146.0,99.4000015258789,162.0,0.0,1790291614000.0,1137.0,-6.441379180178046,1137.0,81.0,1137.0,2019.8599853515625,117.4000015258789,0.12300000339746475,1137.0
106.88820853829384,99.80000305175781,1.996999979019165,147.0,99.80000305175781,161.0,0.5,1790291622000.0,1145.0,-6.441235430538654,1145.0,80.0,1145.0,2038.6099853515625,116.4000015258789,0.050999999046325684,1145.0
106.88813586719334,99.4000015258789,2.062000036239624,150.0,99.4000015258789,161.0,0.5,1790291631000.0,1154.0,-6.441056812182069,1154.0,80.0,1154.0,2060.0400390625,116.19999694824219,-0.0430000014603138,1154.0
106.88813360407948,99.19999694824219,2.071000099182129,150.0,99.19999694824219,161.0,0.5,1790291632000.0,1155.0,-6.441036611795425,1155.0,80.0,1155.0,2062.280029296875,116.19999694824219,-0.17000000178813934,1155.0
106.88813695684075,98.0,2.0989999771118164,149.0,98.0,157.0,0.5,1790291642000.0,1165.0,-6.44085749052465,1165.0,78.0,1165.0,2082.2099609375,115.0,-0.125,1165.0
106.88816277310252,98.19999694824219,2.0339999198913574,146.0,98.19999694824219,155.0,0.5,1790291649000.0,1172.0,-6.440746430307627,1172.0,77.0,1172.0,2094.85009765625,113.80000305175781,0.03500000014901161,1172.0
106.88818029128015,98.80000305175781,1.9780000448226929,147.0,98.80000305175781,159.0,0.5,1790291653000.0,1176.0,-6.440681554377079,1176.0,79.0,1176.0,2102.280029296875,113.19999694824219,0.11999999731779099,1176.0
106.8882139865309,99.5999984741211,1.930999994277954,144.0,99.5999984741211,155.0,0.5,1790291661000.0,1184.0,-6.440558256581426,1184.0,77.0,1184.0,2116.389892578125,112.0,0.11599999666213989,1184.0
106.88822303898633,100.0,1.9129999876022339,144.0,100.0,154.0,0.0,1790291663000.0,1186.0,-6.440529339015484,1186.0,77.0,1186.0,2119.760009765625,112.0,0.13500000536441803,1186.0
106.88825296238065,101.0,1.8569999933242798,141.0,101.0,154.0,0.0,1790291669000.0,1192.0,-6.440443843603134,1192.0,77.0,1192.0,2129.840087890625,112.19999694824219,0.1809999942779541,1192.0
106.88826930709183,101.80000305175781,1.8380000591278076,141.0,101.80000305175781,154.0,0.0,1790291672000.0,1195.0,-6.440398162230849,1195.0,77.0,1195.0,2135.2099609375,112.0,0.257999986410141,1195.0
106.88832194544375,104.19999694824219,1.809999942779541,140.0,104.19999694824219,154.0,0.0,1790291681000.0,1204.0,-6.440260950475931,1204.0,77.0,1204.0,2151.4599609375,111.5999984741211,0.26100000739097595,1204.0
106.88837089575827,105.80000305175781,1.8380000591278076,139.0,105.80000305175781,159.0,0.5,1790291690000.0,1213.0,-6.44008400849998,1213.0,79.0,1213.0,2171.77001953125,111.80000305175781,0.1809999942779541,1213.0
106.88837734982371,106.0,1.847000002861023,139.0,106.0,159.0,0.5,1790291691000.0,1214.0,-6.440066993236542,1214.0,79.0,1214.0,2173.780029296875,111.80000305175781,0.16899999976158142,1214.0
106.88843107782304,106.4000015258789,1.9129999876022339,139.0,106.4000015258789,161.0,0.5,1790291699000.0,1222.0,-6.439912766218185,1222.0,80.0,1222.0,2191.8798828125,111.4000015258789,0.06499999761581421,1222.0
106.88846527598798,105.5999984741211,1.9589999914169312,142.0,105.5999984741211,161.0,0.5,1790291705000.0,1228.0,-6.439796928316355,1228.0,80.0,1228.0,2205.260009765625,111.5999984741211,-0.13300000131130219,1228.0
106.88848690129817,105.19999694824219,1.9780000448226929,143.0,105.19999694824219,163.0,0.5,1790291708000.0,1231.0,-6.439740685746074,1231.0,81.0,1231.0,2211.929931640625,111.80000305175781,-0.13500000536441803,1231.0
106.88852076418698,104.5999984741211,2.00600004196167,146.0,104.5999984741211,163.0,0.5,1790291713000.0,1236.0,-6.439643623307347,1236.0,81.0,1236.0,2223.280029296875,111.4000015258789,-0.14000000059604645,1236.0
106.88854180276394,103.4000015258789,2.0339999198913574,147.0,103.4000015258789,163.0,0.5,1790291717000.0,1240.0,-6.439567264169455,1240.0,81.0,1240.0,2232.080078125,110.80000305175781,-0.27300000190734863,1240.0
106.888586897403,101.5999984741211,2.052999973297119,150.0,101.5999984741211,163.0,0.5,1790291724000.0,1247.0,-6.439449079334736,1247.0,81.0,1247.0,2246.070068359375,110.4000015258789,-0.2720000147819519,1247.0
106.88859963789582,101.0,2.052999973297119,150.0,101.0,159.0,0.5,1790291726000.0,1249.0,-6.439416389912367,1249.0,79.0,1249.0,2249.93994140625,110.4000015258789,-0.2409999966621399,1249.0
106.88864531926811,99.19999694824219,2.0250000953674316,149.0,99.19999694824219,159.0,0.5,1790291735000.0,1258.0,-6.439276244491339,1258.0,79.0,1258.0,2266.260009765625,109.80000305175781,-0.2070000022649765,1258.0
106.88871690072119,97.4000015258789,1.9780000448226929,147.0,97.4000015258789,158.0,0.0,1790291746000.0,1269.0,-6.439115982502699,1269.0,79.0,1269.0,2285.659912109375,108.4000015258789,-0.17100000381469727,1269.0
106.88877590931952,95.5999984741211,1.940999984741211,145.0,95.5999984741211,159.0,0.5,1790291755000.0,1278.0,-6.4389650244265795,1278.0,79.0,1278.0,2303.580078125,107.80000305175781,-0.18199999630451202,1278.0
106.88880901783705,94.19999694824219,1.940999984741211,145.0,94.19999694824219,159.0,0.5,1790291763000.0,1286.0,-6.43883066251874,1286.0,79.0,1286.0,2318.840087890625,108.4000015258789,-0.19099999964237213,1286.0
106.88886140473187,94.0,1.940999984741211,145.0,94.0,158.0,0.0,1790291774000.0,1297.0,-6.438644165173173,1297.0,79.0,1297.0,2340.25,108.80000305175781,-0.014000000432133675,1297.0
106.88886718824506,94.0,1.930999994277954,145.0,94.0,158.0,0.0,1790291775000.0,1298.0,-6.4386254735291,1298.0,79.0,1298.0,2342.389892578125,108.5999984741211,0.041999999433755875,1298.0
106.88891027122736,94.0,1.930999994277954,142.0,94.0,158.0,0.0,1790291782000.0,1305.0,-6.438507959246635,1305.0,79.0,1305.0,2356.22998046875,107.80000305175781,0.0,1305.0
106.88892594538629,94.0,1.930999994277954,141.0,94.0,158.0,0.0,1790291785000.0,1308.0,-6.438464038074017,1308.0,79.0,1308.0,2361.389892578125,107.80000305175781,-0.014999999664723873,1308.0
106.88895871862769,94.0,1.930999994277954,141.0,94.0,156.0,0.0,1790291794000.0,1317.0,-6.438322551548481,1317.0,78.0,1317.0,2377.489990234375,107.5999984741211,-0.004999999888241291,1317.0
106.88900029286742,92.80000305175781,1.902999997138977,139.0,92.80000305175781,157.0,0.5,1790291802000.0,1325.0,-6.438204618170857,1325.0,78.0,1325.0,2391.31005859375,106.80000305175781,-0.14300000667572021,1325.0
106.88906013965607,91.80000305175781,1.8660000562667847,137.0,91.80000305175781,158.0,0.0,1790291812000.0,1335.0,-6.438043853268027,1335.0,79.0,1335.0,2410.360107421875,107.19999694824219,-0.10899999737739563,1335.0
106.88911965116858,92.5999984741211,1.8940000534057617,140.0,92.5999984741211,161.0,0.5,1790291821000.0,1344.0,-6.437878981232643,1344.0,80.0,1344.0,2429.760009765625,108.0,0.0989999994635582,1344.0
106.88912711106241,92.80000305175781,1.8940000534057617,140.0,92.80000305175781,163.0,0.5,1790291822000.0,1345.0,-6.437861463055015,1345.0,81.0,1345.0,2431.860107421875,108.0,0.07100000232458115,1345.0
106.88919072970748,93.80000305175781,1.968999981880188,142.0,93.80000305175781,166.0,0.0,1790291831000.0,1354.0,-6.437679324299097,1354.0,83.0,1354.0,2453.199951171875,108.5999984741211,0.11900000274181366,1354.0
106.88920313492417,94.19999694824219,1.9780000448226929,143.0,94.19999694824219,166.0,0.0,1790291833000.0,1356.0,-6.437634816393256,1356.0,83.0,1356.0,2458.31005859375,108.5999984741211,0.19200000166893005,1356.0
106.88922115601599,94.80000305175781,2.00600004196167,146.0,94.80000305175781,166.0,0.0,1790291836000.0,1359.0,-6.437568599358201,1359.0,83.0,1359.0,2465.89990234375,108.4000015258789,0.18799999356269836,1359.0
106.88924487680197,95.4000015258789,2.193000078201294,149.0,95.4000015258789,163.0,0.5,1790291840000.0,1363.0,-6.4374930784106255,1363.0,81.0,1363.0,2474.64990234375,108.4000015258789,0.17499999701976776,1363.0
106.88926113769412,95.4000015258789,2.239000082015991,152.0,95.4000015258789,163.0,0.5,1790291843000.0,1366.0,-6.437439266592264,1366.0,81.0,1366.0,2480.85009765625,108.4000015258789,0.006000000052154064,1366.0
106.88931184820831,95.0,2.052999973297119,152.0,95.0,156.0,0.0,1790291852000.0,1375.0,-6.437298869714141,1375.0,78.0,1375.0,2497.389892578125,108.4000015258789,-0.04100000113248825,1375.0
106.88934545964003,94.80000305175781,1.902999997138977,151.0,94.80000305175781,160.0,0.0,1790291857000.0,1380.0,-6.437220918014646,1380.0,80.0,1380.0,2506.760009765625,108.19999694824219,-0.03999999910593033,1380.0
106.88935744576156,94.4000015258789,1.902999997138977,150.0,94.4000015258789,160.0,0.0,1790291860000.0,1383.0,-6.4371720515191555,1383.0,80.0,1383.0,2512.31005859375,108.0,-0.19200000166893005,1383.0
106.88941678963602,92.80000305175781,1.8940000534057617,148.0,92.80000305175781,161.0,0.5,1790291869000.0,1392.0,-6.437049172818661,1392.0,80.0,1392.0,2527.52001953125,108.0,-0.16899999976158142,1392.0
106.88953220844269,92.0,1.781999945640564,148.0,92.0,158.0,0.0,1790291879000.0,1402.0,-6.436942890286446,1402.0,79.0,1402.0,2544.919921875,106.80000305175781,-0.07000000029802322,1402.0
106.88963907770813,93.0,1.7259999513626099,145.0,93.0,159.0,0.5,1790291888000.0,1411.0,-6.436850102618337,1411.0,79.0,1411.0,2560.570068359375,107.0,0.09799999743700027,1411.0
106.88965785317123,93.19999694824219,1.7259999513626099,144.0,93.19999694824219,156.0,0.0,1790291890000.0,1413.0,-6.436829650774598,1413.0,78.0,1413.0,2563.64990234375,107.5999984741211,0.09799999743700027,1413.0
106.88973421230912,93.5999984741211,1.7079999446868896,144.0,93.5999984741211,156.0,0.0,1790291899000.0,1422.0,-6.436705011874437,1422.0,78.0,1422.0,2579.860107421875,110.0,0.03999999910593033,1422.0
106.88977846875787,94.0,1.7170000076293945,147.0,94.0,158.0,0.0,1790291906000.0,1429.0,-6.436599064618349,1429.0,79.0,1429.0,2592.590087890625,108.5999984741211,0.07599999755620956,1429.0
106.88979011960328,94.4000015258789,1.7259999513626099,147.0,94.4000015258789,160.0,0.0,1790291908000.0,1431.0,-6.436567297205329,1431.0,80.0,1431.0,2596.35009765625,108.0,0.18299999833106995,1431.0
106.88983513042331,95.80000305175781,1.753999948501587,147.0,95.80000305175781,160.0,0.0,1790291916000.0,1439.0,-6.43643100745976,1439.0,80.0,1439.0,2612.2099609375,108.19999694824219,0.1770000010728836,1439.0
106.88986932858825,96.4000015258789,1.7730000019073486,144.0,96.4000015258789,157.0,0.5,1790291923000.0,1446.0,-6.436322629451752,1446.0,78.0,1446.0,2624.81005859375,108.5999984741211,0.09399999678134918,1446.0
106.8898805603385,96.80000305175781,1.781999945640564,144.0,96.80000305175781,156.0,0.0,1790291925000.0,1448.0,-6.436284827068448,1448.0,78.0,1448.0,2629.14990234375,108.5999984741211,0.15600000321865082,1448.0
106.88992314040661,97.80000305175781,1.8009999990463257,142.0,97.80000305175781,156.0,0.0,1790291934000.0,1457.0,-6.43615398555994,1457.0,78.0,1457.0,2644.39990234375,107.4000015258789,0.12200000137090683,1457.0
106.88994350843132,98.19999694824219,1.8009999990463257,139.0,98.19999694824219,157.0,0.5,1790291937000.0,1460.0,-6.436112746596336,1460.0,78.0,1460.0,2649.5,107.19999694824219,0.12300000339746475,1460.0
106.88997963443398,98.0,1.7910000085830688,139.0,98.0,158.0,0.0,1790291943000.0,1466.0,-6.436015265062451,1466.0,79.0,1466.0,2661.02001953125,106.4000015258789,-0.04899999871850014,1466.0
106.89004518091679,96.5999984741211,1.847000002861023,142.0,96.5999984741211,163.0,0.5,1790291954000.0,1477.0,-6.43582709133625,1477.0,81.0,1477.0,2682.969970703125,106.19999694824219,-0.11900000274181366,1477.0
106.89005247317255,96.5999984741211,1.8569999933242798,142.0,96.5999984741211,163.0,0.5,1790291955000.0,1478.0,-6.435809321701527,1478.0,81.0,1478.0,2685.10009765625,106.19999694824219,-0.11699999868869781,1478.0
106.89013805240393,95.80000305175781,1.9129999876022339,143.0,95.80000305175781,160.0,0.0,1790291965000.0,1488.0,-6.435654675588012,1488.0,80.0,1488.0,2704.830078125,106.4000015258789,-0.0820000022649765,1488.0
106.89026176929474,94.5999984741211,1.875,144.0,94.5999984741211,158.0,0.0,1790291975000.0,1498.0,-6.435559457167983,1498.0,79.0,1498.0,2722.14990234375,108.0,-0.11299999803304672,1498.0
106.89034131355584,94.19999694824219,1.8380000591278076,147.0,94.19999694824219,160.0,0.0,1790291981000.0,1504.0,-6.435514613986015,1504.0,80.0,1504.0,2732.219970703125,108.5999984741211,-0.07400000095367432,1504.0
106.89038464799523,94.0,1.819000005722046,147.0,94.0,160.0,0.0,1790291984000.0,1507.0,-6.435501370579004,1507.0,80.0,1507.0,2737.260009765625,108.19999694824219,-0.052000001072883606,1507.0
106.8905470892787,93.80000305175781,1.781999945640564,145.0,93.80000305175781,158.0,0.0,1790291995000.0,1518.0,-6.4354323875159025,1518.0,79.0,1518.0,2756.800048828125,107.80000305175781,-0.017000000923871994,1518.0
106.89068069681525,94.0,1.8009999990463257,142.0,94.0,158.0,0.0,1790292003000.0,1526.0,-6.43537949770689,1526.0,79.0,1526.0,2772.699951171875,108.19999694824219,0.013000000268220901,1526.0
106.8906974606216,94.0,1.809999942779541,142.0,94.0,158.0,0.0,1790292004000.0,1527.0,-6.435372792184353,1527.0,79.0,1527.0,2774.699951171875,108.4000015258789,0.012000000104308128,1527.0
106.89082176424563,94.0,1.8380000591278076,139.0,94.0,159.0,0.5,1790292012000.0,1535.0,-6.435317890718579,1535.0,79.0,1535.0,2789.75,108.5999984741211,0.007000000216066837,1535.0
106.89084104262292,94.0,1.8380000591278076,139.0,94.0,160.0,0.0,1790292013000.0,1536.0,-6.435312610119581,1536.0,80.0,1536.0,2791.949951171875,108.5999984741211,0.03099999949336052,1536.0
106.89093860797584,94.19999694824219,1.847000002861023,136.0,94.19999694824219,159.0,0.5,1790292020000.0,1543.0,-6.43527589738369,1543.0,79.0,1543.0,2803.489990234375,109.19999694824219,0.012000000104308128,1543.0
106.89095327630639,94.19999694824219,1.847000002861023,136.0,94.19999694824219,159.0,0.5,1790292021000.0,1544.0,-6.435270449146628,1544.0,79.0,1544.0,2805.22998046875,109.4000015258789,0.13600000739097595,1544.0
106.89108294434845,95.0,1.8289999961853027,136.0,95.0,162.0,0.0,1790292029000.0,1552.0,-6.4352115243673325,1552.0,81.0,1552.0,2820.989990234375,109.80000305175781,0.09300000220537186,1552.0
106.89119501039386,96.0,1.875,137.0,96.0,163.0,0.5,1790292035000.0,1558.0,-6.435181014239788,1558.0,81.0,1558.0,2833.85009765625,109.5999984741211,0.1589999943971634,1558.0
106.89132191240788,97.4000015258789,1.940999984741211,140.0,97.4000015258789,166.0,0.0,1790292041000.0,1564.0,-6.435128375887871,1564.0,83.0,1564.0,2849.1298828125,108.4000015258789,0.23800000548362732,1564.0
106.89136667177081,97.80000305175781,1.9589999914169312,141.0,97.80000305175781,166.0,0.0,1790292043000.0,1566.0,-6.4351078402251005,1566.0,83.0,1566.0,2854.580078125,108.19999694824219,0.2619999945163727,1566.0
106.89144060015678,98.5999984741211,2.0810000896453857,144.0,98.5999984741211,166.0,0.0,1790292047000.0,1570.0,-6.435079509392381,1570.0,83.0,1570.0,2863.340087890625,108.0,0.17299999296665192,1570.0
106.89151000231504,98.5999984741211,2.2300000190734863,145.0,98.5999984741211,168.0,0.0,1790292051000.0,1574.0,-6.435014382004738,1574.0,84.0,1574.0,2873.909912109375,108.0,-0.007000000216066837,1574.0
106.89163070172071,98.5999984741211,2.257999897003174,148.0,98.5999984741211,165.0,0.5,1790292059000.0,1582.0,-6.4349006395787,1582.0,82.0,1582.0,2892.300048828125,108.80000305175781,0.014000000432133675,1582.0
106.89176506362855,99.19999694824219,2.2209999561309814,150.0,99.19999694824219,166.0,0.0,1790292068000.0,1591.0,-6.434773486107588,1591.0,83.0,1591.0,2912.7900390625,110.19999694824219,0.05700000002980232,1591.0
106.89184938557446,99.19999694824219,2.13700008392334,150.0,99.19999694824219,165.0,0.5,1790292076000.0,1599.0,-6.434675250202417,1599.0,82.0,1599.0,2927.1298828125,110.5999984741211,0.010999999940395355,1599.0
106.89194929786026,99.5999984741211,2.071000099182129,150.0,99.5999984741211,169.0,0.5,1790292084000.0,1607.0,-6.434587826952338,1607.0,84.0,1607.0,2941.949951171875,109.4000015258789,0.04500000178813934,1607.0
106.89207435585558,99.80000305175781,2.0250000953674316,149.0,99.80000305175781,165.0,0.5,1790292093000.0,1616.0,-6.434441730380058,1616.0,82.0,1616.0,2963.219970703125,108.19999694824219,0.01600000075995922,1616.0
106.89217259176075,97.5999984741211,2.052999973297119,150.0,97.5999984741211,163.0,0.5,1790292101000.0,1624.0,-6.4342923648655415,1624.0,81.0,1624.0,2982.89990234375,109.80000305175781,-0.26600000262260437,1624.0
106.89223604276776,96.19999694824219,2.0899999141693115,152.0,96.19999694824219,161.0,0.5,1790292107000.0,1630.0,-6.434202091768384,1630.0,80.0,1630.0,2995.050048828125,110.0,-0.2549999952316284,1630.0
106.89230703748763,93.0,2.0989999771118164,150.0,93.0,159.0,0.5,1790292118000.0,1641.0,-6.434034453704953,1641.0,79.0,1641.0,3015.280029296875,107.4000015258789,-0.2800000011920929,1641.0
106.89235808327794,90.5999984741211,2.0429999828338623,151.0,90.5999984741211,157.0,0.5,1790292127000.0,1650.0,-6.433893050998449,1650.0,78.0,1650.0,3031.889892578125,106.19999694824219,-0.28200000524520874,1650.0
106.89238691702485,90.0,2.00600004196167,148.0,90.0,152.0,0.0,1790292136000.0,1659.0,-6.433757934719324,1659.0,76.0,1659.0,3047.31005859375,104.4000015258789,-0.0560000017285347,1659.0
106.89238725230098,89.80000305175781,1.9869999885559082,151.0,89.80000305175781,152.0,0.0,1790292140000.0,1663.0,-6.433695573359728,1663.0,76.0,1663.0,3054.22998046875,103.5999984741211,-0.0560000017285347,1663.0
106.89239345490932,89.5999984741211,1.968999981880188,154.0,89.5999984741211,152.0,0.0,1790292143000.0,1666.0,-6.433649472892284,1666.0,76.0,1666.0,3059.3798828125,103.19999694824219,-0.03999999910593033,1666.0
106.89239404164255,89.4000015258789,1.9589999914169312,156.0,89.4000015258789,150.0,0.0,1790292146000.0,1669.0,-6.433604042977095,1669.0,75.0,1669.0,3064.409912109375,102.80000305175781,-0.05299999937415123,1669.0
106.8923965562135,89.4000015258789,1.940999984741211,153.0,89.4000015258789,150.0,0.0,1790292149000.0,1672.0,-6.433567414060235,1672.0,75.0,1672.0,3068.449951171875,102.5999984741211,-0.00800000037997961,1672.0
106.89239412546158,89.4000015258789,1.9220000505447388,150.0,89.4000015258789,144.0,0.0,1790292152000.0,1675.0,-6.433532210066915,1675.0,72.0,1675.0,3072.360107421875,102.4000015258789,-0.006000000052154064,1675.0
106.89239244908094,89.4000015258789,1.875,148.0,89.4000015258789,144.0,0.0,1790292154000.0,1677.0,-6.433508824557066,1677.0,72.0,1677.0,3074.9599609375,102.5999984741211,-0.006000000052154064,1677.0
106.89239035360515,89.4000015258789,1.6890000104904175,145.0,89.4000015258789,121.0,0.5,1790292158000.0,1681.0,-6.433453755453229,1681.0,60.0,1681.0,3081.0400390625,102.80000305175781,-0.004000000189989805,1681.0
106.89239756204188,89.4000015258789,1.5770000219345093,142.0,89.4000015258789,125.0,0.5,1790292161000.0,1684.0,-6.433416372165084,1684.0,62.0,1684.0,3085.260009765625,102.5999984741211,0.017000000923871994,1684.0
106.89239211380482,89.4000015258789,1.5679999589920044,141.0,89.4000015258789,119.0,0.5,1790292164000.0,1687.0,-6.433370020240545,1687.0,59.0,1687.0,3090.429931640625,102.0,-0.013000000268220901,1687.0
106.89239596948028,89.80000305175781,1.847000002861023,142.0,89.80000305175781,163.0,0.5,1790292172000.0,1695.0,-6.43322316929698,1695.0,81.0,1695.0,3106.75,101.19999694824219,0.04500000178813934,1695.0
106.89239462837577,90.4000015258789,2.193000078201294,142.0,90.4000015258789,165.0,0.5,1790292182000.0,1705.0,-6.433024350553751,1705.0,82.0,1705.0,3128.760009765625,101.5999984741211,0.06199999898672104,1705.0
106.89243209548295,89.5999984741211,2.257999897003174,145.0,89.5999984741211,165.0,0.5,1790292191000.0,1714.0,-6.43283324316144,1714.0,82.0,1714.0,3150.3798828125,99.5999984741211,-0.08799999952316284,1714.0
106.89243846572936,89.5999984741211,2.2669999599456787,146.0,89.5999984741211,165.0,0.5,1790292192000.0,1715.0,-6.432809690013528,1715.0,82.0,1715.0,3153.080078125,99.4000015258789,-0.10100000351667404,1715.0
106.8924827221781,89.19999694824219,2.2950000762939453,149.0,89.19999694824219,165.0,0.5,1790292198000.0,1721.0,-6.432707849889994,1721.0,82.0,1721.0,3165.360107421875,99.19999694824219,-0.0430000014603138,1721.0
106.89251038245857,89.0,2.2860000133514404,149.0,89.0,163.0,0.5,1790292202000.0,1725.0,-6.432641884312034,1725.0,81.0,1725.0,3173.27001953125,99.4000015258789,-0.04399999976158142,1725.0
106.89256117679179,88.80000305175781,2.2209999561309814,152.0,88.80000305175781,161.0,0.5,1790292210000.0,1733.0,-6.432508025318384,1733.0,80.0,1733.0,3189.10009765625,101.5999984741211,-0.041999999433755875,1733.0
106.8925797007978,88.80000305175781,2.2019999027252197,152.0,88.80000305175781,161.0,0.5,1790292212000.0,1735.0,-6.4324702229350805,1735.0,80.0,1735.0,3193.75,102.0,0.03799999877810478,1735.0
106.892622532323,89.4000015258789,2.1089999675750732,152.0,89.4000015258789,157.0,0.5,1790292221000.0,1744.0,-6.432348685339093,1744.0,78.0,1744.0,3208.010009765625,103.19999694824219,0.061000000685453415,1744.0
106.8926534615457,89.4000015258789,1.847000002861023,149.0,89.4000015258789,155.0,0.5,1790292228000.0,1751.0,-6.43226008862257,1751.0,77.0,1751.0,3218.179931640625,104.0,0.014000000432133675,1751.0
106.89266519621015,89.5999984741211,1.7730000019073486,147.0,89.5999984741211,155.0,0.5,1790292230000.0,1753.0,-6.432212144136429,1753.0,77.0,1753.0,3223.570068359375,104.19999694824219,0.04399999976158142,1753.0
106.89272277988493,88.80000305175781,1.7259999513626099,146.0,88.80000305175781,156.0,0.0,1790292238000.0,1761.0,-6.432119607925415,1761.0,78.0,1761.0,3235.489990234375,104.80000305175781,-0.0860000029206276,1761.0
106.89276142045856,88.4000015258789,1.6979999542236328,144.0,88.4000015258789,158.0,0.0,1790292245000.0,1768.0,-6.432015169411898,1768.0,79.0,1768.0,3247.85009765625,103.4000015258789,-0.05700000002980232,1768.0
106.89278656616807,88.5999984741211,1.7170000076293945,143.0,88.5999984741211,155.0,0.5,1790292252000.0,1775.0,-6.431906372308731,1775.0,77.0,1775.0,3260.1298828125,102.0,0.014000000432133675,1775.0
106.89284465275705,89.0,1.753999948501587,142.0,89.0,156.0,0.0,1790292262000.0,1785.0,-6.43174166791141,1785.0,78.0,1785.0,3279.389892578125,101.4000015258789,0.03500000014901161,1785.0
106.89290357753634,88.80000305175781,1.781999945640564,144.0,88.80000305175781,159.0,0.5,1790292271000.0,1794.0,-6.431610407307744,1794.0,79.0,1794.0,3295.31005859375,101.80000305175781,-0.014000000432133675,1794.0
106.89294691197574,88.19999694824219,1.781999945640564,144.0,88.19999694824219,161.0,0.5,1790292279000.0,1802.0,-6.431484762579203,1802.0,80.0,1802.0,3310.02001953125,102.4000015258789,-0.07599999755620956,1802.0
106.89300399273634,87.4000015258789,1.7730000019073486,144.0,87.4000015258789,157.0,0.5,1790292289000.0,1812.0,-6.431335397064686,1812.0,78.0,1812.0,3327.699951171875,102.80000305175781,-0.08699999749660492,1812.0
106.89305336214602,86.19999694824219,1.753999948501587,145.0,86.19999694824219,159.0,0.5,1790292297000.0,1820.0,-6.431198185309768,1820.0,79.0,1820.0,3343.85009765625,103.19999694824219,-0.14300000667572021,1820.0
106.89310893416405,85.4000015258789,1.781999945640564,144.0,85.4000015258789,161.0,0.5,1790292305000.0,1828.0,-6.431071367114782,1828.0,80.0,1828.0,3359.199951171875,103.4000015258789,-0.10700000077486038,1828.0
106.89317079260945,84.4000015258789,1.819000005722046,144.0,84.4000015258789,161.0,0.5,1790292314000.0,1837.0,-6.430906662717462,1837.0,80.0,1837.0,3378.580078125,103.0,-0.10999999940395355,1837.0
106.89321404322982,84.0,1.809999942779541,144.0,84.0,160.0,0.0,1790292323000.0,1846.0,-6.430780766531825,1846.0,80.0,1846.0,3393.320068359375,105.0,-0.03700000047683716,1846.0
106.8933046516031,84.0,1.8009999990463257,143.0,84.0,159.0,0.5,1790292332000.0,1855.0,-6.43065394833684,1855.0,79.0,1855.0,3410.669921875,103.80000305175781,0.0,1855.0
106.89333884976804,83.80000305175781,1.819000005722046,143.0,83.80000305175781,161.0,0.5,1790292341000.0,1864.0,-6.430486394092441,1864.0,80.0,1864.0,3429.429931640625,104.0,-0.019999999552965164,1864.0
106.8933717906475,83.4000015258789,1.8660000562667847,144.0,83.4000015258789,159.0,0.5,1790292349000.0,1872.0,-6.430345997214317,1872.0,79.0,1872.0,3445.47998046875,105.19999694824219,-0.06300000101327896,1872.0
106.8934000376612,83.0,1.8660000562667847,145.0,83.0,159.0,0.5,1790292356000.0,1879.0,-6.430241642519832,1879.0,79.0,1879.0,3457.340087890625,105.5999984741211,-0.057999998331069946,1879.0
106.89342350699008,81.19999694824219,1.847000002861023,142.0,81.19999694824219,160.0,0.0,1790292364000.0,1887.0,-6.430131085216999,1887.0,80.0,1887.0,3469.820068359375,103.5999984741211,-0.20999999344348907,1887.0
106.89348561689258,79.0,1.809999942779541,141.0,79.0,159.0,0.5,1790292376000.0,1899.0,-6.429952047765255,1899.0,79.0,1899.0,3490.85009765625,99.0,-0.18199999630451202,1899.0
106.89353330992162,78.80000305175781,1.809999942779541,140.0,78.80000305175781,163.0,0.5,1790292384000.0,1907.0,-6.4298102259635925,1907.0,81.0,1907.0,3507.320068359375,99.19999694824219,-0.041999999433755875,1907.0
106.89354051835835,78.5999984741211,1.809999942779541,140.0,78.5999984741211,167.0,0.5,1790292385000.0,1908.0,-6.429788516834378,1908.0,83.0,1908.0,3509.85009765625,99.19999694824219,-0.052000001072883606,1908.0
106.89356147311628,78.5999984741211,1.9129999876022339,141.0,78.5999984741211,165.0,0.5,1790292392000.0,1915.0,-6.42963663674891,1915.0,82.0,1915.0,3527.93994140625,100.0,0.0010000000474974513,1915.0
106.89353783614933,78.5999984741211,1.968999981880188,142.0,78.5999984741211,165.0,0.5,1790292394000.0,1917.0,-6.429606880992651,1917.0,82.0,1917.0,3532.330078125,100.4000015258789,0.008999999612569809,1917.0
106.8934587109834,77.80000305175781,2.0429999828338623,145.0,77.80000305175781,163.0,0.5,1790292398000.0,1921.0,-6.429571006447077,1921.0,81.0,1921.0,3542.0400390625,100.80000305175781,-0.2460000067949295,1921.0
106.893354607746,77.4000015258789,2.0899999141693115,148.0,77.4000015258789,165.0,0.5,1790292403000.0,1926.0,-6.429545022547245,1926.0,82.0,1926.0,3553.8798828125,100.4000015258789,-0.05400000140070915,1926.0
106.89330783672631,77.4000015258789,2.0989999771118164,148.0,77.4000015258789,165.0,0.5,1790292405000.0,1928.0,-6.429534712806344,1928.0,82.0,1928.0,3559.169921875,100.0,-0.01899999938905239,1928.0
106.89317079260945,77.19999694824219,2.1740000247955322,150.0,77.19999694824219,161.0,0.5,1790292414000.0,1937.0,-6.4294736087322235,1937.0,80.0,1937.0,3575.830078125,101.4000015258789,-0.024000000208616257,1937.0
106.89306233078241,77.0,2.071000099182129,150.0,77.0,161.0,0.5,1790292421000.0,1944.0,-6.429432118311524,1944.0,80.0,1944.0,3588.780029296875,103.0,-0.017999999225139618,1944.0
106.89299158751965,77.0,2.052999973297119,150.0,77.0,163.0,0.5,1790292425000.0,1948.0,-6.42941870726645,1948.0,81.0,1948.0,3596.75,103.4000015258789,-0.01899999938905239,1948.0
106.89295621588826,77.0,2.0429999828338623,151.0,77.0,163.0,0.5,1790292427000.0,1950.0,-6.4294047094881535,1950.0,81.0,1950.0,3601.050048828125,103.5999984741211,-0.02500000037252903,1950.0
106.89294322393835,76.80000305175781,2.0429999828338623,151.0,76.80000305175781,163.0,0.5,1790292428000.0,1951.0,-6.429389705881476,1951.0,81.0,1951.0,3603.2099609375,103.80000305175781,-0.05400000140070915,1951.0
106.89280517399311,76.80000305175781,2.052999973297119,149.0,76.80000305175781,163.0,0.5,1790292436000.0,1959.0,-6.429300857707858,1959.0,81.0,1959.0,3621.699951171875,105.19999694824219,-0.003000000026077032,1959.0
106.89272437244654,76.80000305175781,2.0989999771118164,147.0,76.80000305175781,163.0,0.5,1790292441000.0,1964.0,-6.4292689226567745,1964.0,81.0,1964.0,3631.510009765625,105.80000305175781,0.006000000052154064,1964.0
106.89272445626557,76.80000305175781,2.0989999771118164,146.0,76.80000305175781,163.0,0.5,1790292442000.0,1965.0,-6.429251823574305,1965.0,81.0,1965.0,3633.39990234375,105.80000305175781,-0.12300000339746475,1965.0
106.89272906631231,76.5999984741211,2.1089999675750732,147.0,76.5999984741211,161.0,0.5,1790292443000.0,1966.0,-6.429233718663454,1966.0,80.0,1966.0,3635.4599609375,106.0,-0.12999999523162842,1966.0
106.89278145320714,76.4000015258789,2.118000030517578,149.0,76.4000015258789,158.0,0.0,1790292446000.0,1969.0,-6.429199352860451,1969.0,79.0,1969.0,3642.590087890625,106.0,-0.0820000022649765,1969.0
106.89289167523384,76.19999694824219,2.118000030517578,148.0,76.19999694824219,0.0,0.0,1790292452000.0,1975.0,-6.429225001484156,1975.0,0.0,1975.0,3655.219970703125,103.19999694824219,-0.01600000075995922,1975.0
106.8930234387517,76.4000015258789,2.062000036239624,149.0,76.4000015258789,159.0,0.5,1790292461000.0,1984.0,-6.429251739755273,1984.0,79.0,1984.0,3670.14990234375,100.5999984741211,0.010999999940395355,1984.0
106.89311186783016,76.5999984741211,2.0250000953674316,150.0,76.5999984741211,157.0,0.5,1790292468000.0,1991.0,-6.42929021269083,1991.0,78.0,1991.0,3680.919921875,99.80000305175781,0.019999999552965164,1991.0
106.893122009933,76.5999984741211,2.0250000953674316,150.0,76.5999984741211,157.0,0.5,1790292469000.0,1992.0,-6.429294236004353,1992.0,78.0,1992.0,3682.1201171875,100.0,0.014000000432133675,1992.0
106.89324949868023,77.0,1.847000002861023,151.0,77.0,160.0,0.0,1790292478000.0,2001.0,-6.429352071136236,2001.0,80.0,2001.0,3697.6298828125,104.19999694824219,0.052000001072883606,2001.0
106.89338327385485,77.0,1.8380000591278076,151.0,77.0,159.0,0.5,1790292487000.0,2010.0,-6.429403871297836,2010.0,79.0,2010.0,3713.489990234375,108.19999694824219,0.0,2010.0
106.89351143315434,77.80000305175781,1.8289999961853027,150.0,77.80000305175781,157.0,0.5,1790292496000.0,2019.0,-6.429444272071123,2019.0,78.0,2019.0,3728.31005859375,111.4000015258789,0.09000000357627869,2019.0
106.89367387443781,79.4000015258789,1.7359999418258667,149.0,79.4000015258789,150.0,0.0,1790292505000.0,2028.0,-6.4294161926954985,2028.0,75.0,2028.0,3747.320068359375,110.5999984741211,0.18000000715255737,2028.0
106.89371209591627,79.19999694824219,1.6799999475479126,148.0,79.19999694824219,157.0,0.5,1790292512000.0,2035.0,-6.429319381713867,2035.0,78.0,2035.0,3758.760009765625,107.0,-0.04100000113248825,2035.0
106.89378149807453,79.0,1.6610000133514404,148.0,79.0,157.0,0.5,1790292523000.0,2046.0,-6.429138081148267,2046.0,78.0,2046.0,3780.179931640625,106.0,-0.010999999940395355,2046.0
106.89383329823613,79.0,1.7079999446868896,148.0,79.0,159.0,0.5,1790292532000.0,2055.0,-6.428990978747606,2055.0,79.0,2055.0,3797.409912109375,105.5999984741211,0.003000000026077032,2055.0
106.89386129379272,79.0,1.7359999418258667,146.0,79.0,161.0,0.5,1790292540000.0,2063.0,-6.428861645981669,2063.0,80.0,2063.0,3811.550048828125,104.80000305175781,-0.00800000037997961,2063.0
106.89390789717436,79.19999694824219,1.7359999418258667,146.0,79.19999694824219,159.0,0.5,1790292549000.0,2072.0,-6.428704736754298,2072.0,79.0,2072.0,3829.77001953125,102.80000305175781,0.012000000104308128,2072.0
106.8939539976418,79.5999984741211,1.7450000047683716,143.0,79.5999984741211,156.0,0.0,1790292558000.0,2081.0,-6.428585881367326,2081.0,78.0,2081.0,3843.89990234375,101.80000305175781,0.04600000008940697,2081.0
106.89396942034364,79.5999984741211,1.7359999418258667,141.0,79.5999984741211,156.0,0.0,1790292562000.0,2085.0,-6.42853869125247,2085.0,78.0,2085.0,3849.39990234375,101.4000015258789,0.041999999433755875,2085.0
106.89399330876768,80.0,1.7259999513626099,141.0,80.0,160.0,0.0,1790292565000.0,2088.0,-6.428499883040786,2088.0,80.0,2088.0,3854.429931640625,100.4000015258789,0.0860000029206276,2088.0
106.89403588883579,80.19999694824219,1.7170000076293945,142.0,80.19999694824219,157.0,0.5,1790292573000.0,2096.0,-6.428371807560325,2096.0,78.0,2096.0,3869.360107421875,98.4000015258789,0.04100000113248825,2096.0
106.89405994489789,80.4000015258789,1.7259999513626099,142.0,80.4000015258789,158.0,0.0,1790292577000.0,2100.0,-6.4283182471990585,2100.0,79.0,2100.0,3875.889892578125,97.80000305175781,0.0430000014603138,2100.0
106.89407402649522,80.19999694824219,1.7359999418258667,143.0,80.19999694824219,158.0,0.0,1790292580000.0,2103.0,-6.428275415673852,2103.0,79.0,2103.0,3880.860107421875,98.0,-0.05700000002980232,2103.0
106.89411878585815,79.80000305175781,1.7170000076293945,143.0,79.80000305175781,156.0,0.0,1790292589000.0,2112.0,-6.428140802308917,2112.0,78.0,2112.0,3896.43994140625,96.80000305175781,-0.050999999046325684,2112.0
106.89412456937134,79.5999984741211,1.7079999446868896,144.0,79.5999984741211,157.0,0.5,1790292594000.0,2117.0,-6.4280646946281195,2117.0,78.0,2117.0,3905.110107421875,96.19999694824219,-0.050999999046325684,2117.0
106.89409967511892,79.4000015258789,1.6979999542236328,143.0,79.4000015258789,155.0,0.5,1790292596000.0,2119.0,-6.428050445392728,2119.0,77.0,2119.0,3908.340087890625,96.0,-0.07000000029802322,2119.0
106.89398811198771,79.0,1.6979999542236328,143.0,79.0,157.0,0.5,1790292604000.0,2127.0,-6.427999148145318,2127.0,78.0,2127.0,3922.159912109375,97.19999694824219,-0.061000000685453415,2127.0
106.89391971565783,78.4000015258789,1.6890000104904175,143.0,78.4000015258789,154.0,0.0,1790292609000.0,2132.0,-6.427979785948992,2132.0,77.0,2132.0,3929.739990234375,98.0,-0.09799999743700027,2132.0
106.89389465376735,78.19999694824219,1.6799999475479126,143.0,78.19999694824219,158.0,0.0,1790292611000.0,2134.0,-6.427968889474869,2134.0,79.0,2134.0,3932.7099609375,97.80000305175781,-0.09000000357627869,2134.0
106.89387395046651,78.19999694824219,1.6699999570846558,144.0,78.19999694824219,158.0,0.0,1790292613000.0,2136.0,-6.427953215315938,2136.0,79.0,2136.0,3935.580078125,97.5999984741211,-0.07500000298023224,2136.0
106.89382139593363,77.80000305175781,1.6610000133514404,145.0,77.80000305175781,156.0,0.0,1790292617000.0,2140.0,-6.42793083563447,2140.0,78.0,2140.0,3941.949951171875,96.4000015258789,-0.08799999952316284,2140.0
106.89371896907687,78.19999694824219,1.6699999570846558,143.0,78.19999694824219,157.0,0.5,1790292624000.0,2147.0,-6.427866211161017,2147.0,78.0,2147.0,3955.419921875,96.0,0.06599999964237213,2147.0
106.89368410035968,79.0,1.6890000104904175,141.0,79.0,156.0,0.0,1790292632000.0,2155.0,-6.427748613059521,2155.0,78.0,2155.0,3969.1201171875,97.4000015258789,0.09799999743700027,2155.0
106.89368711784482,79.0,1.6890000104904175,141.0,79.0,156.0,0.0,1790292633000.0,2156.0,-6.4277327712625265,2156.0,78.0,2156.0,3970.840087890625,97.4000015258789,0.0,2156.0
106.89368334598839,79.0,1.6890000104904175,140.0,79.0,162.0,0.0,1790292637000.0,2160.0,-6.427673092111945,2160.0,81.0,2160.0,3977.4599609375,97.0,0.0,2160.0
106.8936968408525,79.0,1.6979999542236328,140.0,79.0,155.0,0.5,1790292643000.0,2166.0,-6.427605366334319,2166.0,77.0,2166.0,3984.14990234375,95.80000305175781,0.0,2166.0
106.89370136708021,79.0,1.6890000104904175,139.0,79.0,155.0,0.5,1790292644000.0,2167.0,-6.427605869248509,2167.0,77.0,2167.0,3984.610107421875,95.4000015258789,0.0,2167.0
106.89369382336736,79.0,1.7079999446868896,139.0,79.0,157.0,0.5,1790292649000.0,2172.0,-6.427659764885902,2172.0,78.0,2172.0,3988.340087890625,89.0,0.0,2172.0
106.89369047060609,79.0,1.819000005722046,139.0,79.0,157.0,0.5,1790292650000.0,2173.0,-6.427673762664199,2173.0,78.0,2173.0,3990.159912109375,87.80000305175781,0.0,2173.0
106.89368334598839,79.0,1.809999942779541,139.0,79.0,159.0,0.5,1790292654000.0,2177.0,-6.427737548947334,2177.0,79.0,2177.0,4004.27001953125,86.5999984741211,0.0,2177.0
106.89369097352028,79.0,1.7730000019073486,139.0,79.0,159.0,0.5,1790292655000.0,2178.0,-6.427756156772375,2178.0,79.0,2178.0,4006.47998046875,87.5999984741211,0.0,2178.0
106.89370857551694,78.80000305175781,1.7359999418258667,142.0,78.80000305175781,159.0,0.5,1790292657000.0,2180.0,-6.427780212834477,2180.0,79.0,2180.0,4009.7900390625,88.4000015258789,-0.10199999809265137,2180.0
106.89373849891126,78.80000305175781,1.7359999418258667,143.0,78.80000305175781,159.0,0.5,1790292659000.0,2182.0,-6.427783900871873,2182.0,79.0,2182.0,4012.72998046875,88.0,0.00800000037997961,2182.0
106.89376515336335,78.80000305175781,1.7450000047683716,145.0,78.80000305175781,159.0,0.5,1790292661000.0,2184.0,-6.427790690213442,2184.0,79.0,2184.0,4015.43994140625,88.19999694824219,-0.024000000208616257,2184.0
106.8938052188605,78.5999984741211,1.753999948501587,145.0,78.5999984741211,157.0,0.5,1790292663000.0,2186.0,-6.427800329402089,2186.0,78.0,2186.0,4019.68994140625,88.4000015258789,-0.03500000014901161,2186.0
106.89382600598037,78.5999984741211,1.753999948501587,146.0,78.5999984741211,157.0,0.5,1790292664000.0,2187.0,-6.4278037659823895,2187.0,78.0,2187.0,4021.929931640625,88.5999984741211,-0.02500000037252903,2187.0
106.8938953243196,78.5999984741211,1.7450000047683716,149.0,78.5999984741211,162.0,0.0,1790292668000.0,2191.0,-6.4278255589306355,2191.0,81.0,2191.0,4029.68994140625,89.19999694824219,-0.039000000804662704,2191.0
106.89399674534798,79.0,1.7450000047683716,150.0,79.0,161.0,0.5,1790292671000.0,2194.0,-6.427895883098245,2194.0,80.0,2194.0,4042.7099609375,90.0,0.1589999943971634,2194.0
106.89403404481709,79.0,1.7359999418258667,154.0,79.0,157.0,0.5,1790292673000.0,2196.0,-6.427921699360013,2196.0,78.0,2196.0,4047.610107421875,91.0,0.006000000052154064,2196.0
106.89406782388687,79.0,1.6139999628067017,157.0,79.0,154.0,0.0,1790292675000.0,2198.0,-6.427933182567358,2198.0,77.0,2198.0,4051.570068359375,92.0,0.0,2198.0
106.8941461108625,79.19999694824219,1.6419999599456787,154.0,79.19999694824219,155.0,0.5,1790292681000.0,2204.0,-6.427932009100914,2204.0,77.0,2204.0,4060.159912109375,95.19999694824219,0.027000000700354576,2204.0
106.89417142421007,79.19999694824219,1.6610000133514404,151.0,79.19999694824219,154.0,0.0,1790292683000.0,2206.0,-6.4279259741306305,2206.0,77.0,2206.0,4063.0400390625,95.5999984741211,0.03500000014901161,2206.0
106.8942201230675,79.19999694824219,1.6610000133514404,151.0,79.19999694824219,160.0,0.0,1790292687000.0,2210.0,-6.427891105413437,2210.0,80.0,2210.0,4069.77001953125,96.0,0.012000000104308128,2210.0
106.89422682859004,79.19999694824219,1.6799999475479126,150.0,79.19999694824219,158.0,0.0,1790292689000.0,2212.0,-6.4278605952858925,2212.0,79.0,2212.0,4073.179931640625,96.19999694824219,-0.0430000014603138,2212.0
106.8942404910922,79.0,1.6979999542236328,150.0,79.0,157.0,0.5,1790292693000.0,2216.0,-6.42779647372663,2216.0,78.0,2216.0,4080.47998046875,96.80000305175781,-0.04500000178813934,2216.0
106.89426907338202,79.0,1.7079999446868896,150.0,79.0,154.0,0.0,1790292697000.0,2220.0,-6.427734866738319,2220.0,77.0,2220.0,4087.949951171875,98.0,-0.023000000044703484,2220.0
106.8943134136498,78.4000015258789,1.6979999542236328,152.0,78.4000015258789,160.0,0.0,1790292706000.0,2229.0,-6.427619950845838,2229.0,80.0,2229.0,4101.72021484375,99.19999694824219,-0.061000000685453415,2229.0
106.89436672255397,77.5999984741211,1.7640000581741333,151.0,77.5999984741211,159.0,0.5,1790292716000.0,2239.0,-6.427448792383075,2239.0,79.0,2239.0,4121.64013671875,99.5999984741211,-0.08100000023841858,2239.0
106.89440108835697,77.0,1.847000002861023,152.0,77.0,154.0,0.0,1790292725000.0,2248.0,-6.427314765751362,2248.0,77.0,2248.0,4137.1298828125,101.0,-0.06700000166893005,2248.0
106.8944032676518,76.5999984741211,1.847000002861023,149.0,76.5999984741211,152.0,0.0,1790292732000.0,2255.0,-6.427216278389096,2255.0,76.0,2255.0,4148.08984375,100.80000305175781,-0.052000001072883606,2255.0
106.89441039226949,76.4000015258789,1.8380000591278076,147.0,76.4000015258789,151.0,0.5,1790292735000.0,2258.0,-6.427172189578414,2258.0,75.0,2258.0,4153.02978515625,100.5999984741211,-0.061000000685453415,2258.0
106.89441760070622,75.80000305175781,1.8289999961853027,145.0,75.80000305175781,156.0,0.0,1790292744000.0,2267.0,-6.427021147683263,2267.0,78.0,2267.0,4169.7900390625,99.5999984741211,-0.06300000101327896,2267.0
106.89442464150488,75.4000015258789,1.902999997138977,145.0,75.4000015258789,159.0,0.5,1790292755000.0,2278.0,-6.426836075261235,2278.0,79.0,2278.0,4190.35009765625,97.0,-0.03400000184774399,2278.0
106.89443595707417,75.4000015258789,1.9129999876022339,146.0,75.4000015258789,161.0,0.5,1790292761000.0,2284.0,-6.4267385099083185,2284.0,80.0,2284.0,4201.64990234375,96.4000015258789,-0.02199999988079071,2284.0
106.89439505338669,75.4000015258789,1.9869999885559082,147.0,75.4000015258789,163.0,0.5,1790292770000.0,2293.0,-6.426555532962084,2293.0,81.0,2293.0,4222.39990234375,96.4000015258789,-0.0010000000474974513,2293.0
106.89437015913427,75.80000305175781,2.062000036239624,150.0,75.80000305175781,161.0,0.5,1790292778000.0,2301.0,-6.426406502723694,2301.0,80.0,2301.0,4239.1201171875,96.5999984741211,0.06700000166893005,2301.0
106.89434417523444,75.80000305175781,2.071000099182129,153.0,75.80000305175781,161.0,0.5,1790292784000.0,2307.0,-6.426311284303665,2307.0,80.0,2307.0,4250.02978515625,96.80000305175781,-0.010999999940395355,2307.0
106.89433981664479,75.80000305175781,2.071000099182129,153.0,75.80000305175781,161.0,0.5,1790292785000.0,2308.0,-6.42629686743021,2308.0,80.0,2308.0,4251.7001953125,96.80000305175781,0.03400000184774399,2308.0
106.89429924823344,77.5999984741211,1.9780000448226929,151.0,77.5999984741211,159.0,0.5,1790292796000.0,2319.0,-6.426123026758432,2319.0,79.0,2319.0,4271.490234375,96.4000015258789,0.15399999916553497,2319.0
106.89426446333528,78.5999984741211,1.9220000505447388,148.0,78.5999984741211,159.0,0.5,1790292805000.0,2328.0,-6.425986401736736,2328.0,79.0,2328.0,4287.080078125,96.4000015258789,0.10899999737739563,2328.0
106.89425851218402,78.5999984741211,1.9129999876022339,148.0,78.5999984741211,159.0,0.5,1790292807000.0,2330.0,-6.425955891609192,2330.0,79.0,2330.0,4290.47998046875,96.4000015258789,0.08699999749660492,2330.0
106.89423437230289,79.19999694824219,1.875,146.0,79.19999694824219,156.0,0.0,1790292815000.0,2338.0,-6.425855308771133,2338.0,78.0,2338.0,4301.97021484375,96.19999694824219,0.07800000160932541,2338.0
106.89420151524246,80.0,1.6519999504089355,146.0,80.0,156.0,0.0,1790292823000.0,2346.0,-6.4257304184138775,2346.0,78.0,2346.0,4316.22998046875,97.80000305175781,0.09700000286102295,2346.0
106.89417779445648,80.4000015258789,1.6699999570846558,144.0,80.4000015258789,160.0,0.0,1790292828000.0,2351.0,-6.425660094246268,2351.0,80.0,2351.0,4324.6298828125,99.0,0.06800000369548798,2351.0
106.89419380389154,80.19999694824219,1.6890000104904175,144.0,80.19999694824219,157.0,0.5,1790292830000.0,2353.0,-6.425630254670978,2353.0,78.0,2353.0,4328.419921875,99.4000015258789,-0.11500000208616257,2353.0
106.89429891295731,78.5999984741211,1.8289999961853027,143.0,78.5999984741211,159.0,0.5,1790292835000.0,2358.0,-6.425622208043933,2358.0,79.0,2358.0,4340.75,99.4000015258789,-0.3190000057220459,2358.0
106.89436010085046,77.4000015258789,2.7709999084472656,143.0,77.4000015258789,167.0,0.5,1790292839000.0,2362.0,-6.42570024356246,2362.0,83.0,2362.0,4352.0400390625,99.5999984741211,-0.2750000059604645,2362.0
106.8943771161139,77.19999694824219,2.239000082015991,146.0,77.19999694824219,161.0,0.5,1790292845000.0,2368.0,-6.425805017352104,2368.0,80.0,2368.0,4363.77978515625,99.5999984741211,-0.050999999046325684,2368.0
106.89438507892191,77.0,2.1740000247955322,148.0,77.0,161.0,0.5,1790292847000.0,2370.0,-6.425837120041251,2370.0,80.0,2370.0,4367.43994140625,99.4000015258789,-0.11599999666213989,2370.0
106.89439815469086,76.5999984741211,2.071000099182129,151.0,76.5999984741211,163.0,0.5,1790292850000.0,2373.0,-6.425883304327726,2373.0,81.0,2373.0,4372.759765625,99.4000015258789,-0.1340000033378601,2373.0
106.89441005699337,76.19999694824219,2.00600004196167,154.0,76.19999694824219,159.0,0.5,1790292853000.0,2376.0,-6.425922615453601,2376.0,79.0,2376.0,4377.27978515625,99.5999984741211,-0.11900000274181366,2376.0
106.894422294572,76.0,1.9500000476837158,153.0,76.0,159.0,0.5,1790292856000.0,2379.0,-6.4259695541113615,2379.0,79.0,2379.0,4382.64013671875,99.80000305175781,-0.0689999982714653,2379.0
106.89447619020939,75.4000015258789,1.8380000591278076,154.0,75.4000015258789,161.0,0.5,1790292869000.0,2392.0,-6.426157057285309,2392.0,80.0,2392.0,4404.22998046875,99.19999694824219,-0.04800000041723251,2392.0
106.8944997433573,75.80000305175781,1.781999945640564,151.0,75.80000305175781,152.0,0.0,1790292879000.0,2402.0,-6.426292844116688,2402.0,76.0,2402.0,4419.47021484375,99.5999984741211,0.03700000047683716,2402.0
106.89451416023076,76.0,1.7259999513626099,153.0,76.0,154.0,0.0,1790292885000.0,2408.0,-6.426375154405832,2408.0,77.0,2408.0,4428.72021484375,99.0,0.04100000113248825,2408.0
106.89454399980605,75.5999984741211,1.6610000133514404,152.0,75.5999984741211,119.0,0.5,1790292894000.0,2417.0,-6.426483280956745,2417.0,59.0,2417.0,4441.16015625,98.19999694824219,-0.0430000014603138,2417.0
106.8945531360805,75.4000015258789,1.437000036239624,149.0,75.4000015258789,114.0,0.0,1790292900000.0,2423.0,-6.426550755277276,2423.0,57.0,2423.0,4448.68994140625,97.19999694824219,-0.03999999910593033,2423.0
106.8945568241179,75.19999694824219,1.3339999914169312,149.0,75.19999694824219,111.0,0.5,1790292905000.0,2428.0,-6.426605908200145,2428.0,55.0,2428.0,4454.7998046875,97.0,-0.04600000008940697,2428.0
106.89457450993359,74.80000305175781,1.3899999856948853,150.0,74.80000305175781,158.0,0.0,1790292914000.0,2437.0,-6.426755860447884,2437.0,79.0,2437.0,4471.52001953125,97.19999694824219,-0.03700000047683716,2437.0
106.89456461928785,74.80000305175781,1.940999984741211,150.0,74.80000305175781,164.0,0.0,1790292921000.0,2444.0,-6.4268972631543875,2444.0,82.0,2444.0,4487.22998046875,96.80000305175781,0.014999999664723873,2444.0
106.89455405808985,75.5999984741211,2.127000093460083,150.0,75.5999984741211,165.0,0.5,1790292929000.0,2452.0,-6.427063476294279,2452.0,82.0,2452.0,4505.64990234375,96.5999984741211,0.07699999958276749,2452.0
106.89451709389687,76.19999694824219,2.13700008392334,150.0,76.19999694824219,167.0,0.5,1790292938000.0,2461.0,-6.427242765203118,2461.0,83.0,2461.0,4525.89990234375,95.80000305175781,0.0860000029206276,2461.0
106.89451013691723,76.4000015258789,2.1459999084472656,149.0,76.4000015258789,167.0,0.5,1790292939000.0,2462.0,-6.4272642228752375,2462.0,83.0,2462.0,4528.39990234375,95.80000305175781,0.10199999809265137,2462.0
106.89446646720171,77.19999694824219,2.1549999713897705,152.0,77.19999694824219,163.0,0.5,1790292947000.0,2470.0,-6.427429849281907,2470.0,81.0,2470.0,4547.35986328125,96.19999694824219,0.09399999678134918,2470.0
106.8944600969553,77.19999694824219,2.1649999618530273,153.0,77.19999694824219,163.0,0.5,1790292948000.0,2471.0,-6.427445355802774,2471.0,81.0,2471.0,4549.22021484375,96.19999694824219,0.07900000363588333,2471.0
106.89441910944879,77.80000305175781,2.1549999713897705,155.0,77.80000305175781,163.0,0.5,1790292955000.0,2478.0,-6.4275658037513494,2478.0,81.0,2478.0,4563.330078125,98.19999694824219,0.08299999684095383,2478.0
106.89441324211657,78.0,2.127000093460083,159.0,78.0,160.0,0.0,1790292959000.0,2482.0,-6.427633780986071,2482.0,80.0,2482.0,4570.89990234375,98.5999984741211,0.06599999964237213,2482.0
106.89440125599504,78.19999694824219,2.0899999141693115,161.0,78.19999694824219,161.0,0.5,1790292962000.0,2485.0,-6.427683988586068,2485.0,80.0,2485.0,4576.6201171875,98.5999984741211,0.07500000298023224,2485.0
106.89435607753694,79.0,1.9869999885559082,159.0,79.0,162.0,0.0,1790292971000.0,2494.0,-6.427810890600085,2494.0,81.0,2494.0,4591.6201171875,97.19999694824219,0.0689999982714653,2494.0
106.89433948136866,79.0,1.9500000476837158,156.0,79.0,159.0,0.5,1790292974000.0,2497.0,-6.427847435697913,2497.0,79.0,2497.0,4596.06005859375,96.5999984741211,0.06400000303983688,2497.0
106.89433068037033,79.19999694824219,1.9220000505447388,156.0,79.19999694824219,157.0,0.5,1790292976000.0,2499.0,-6.427875263616443,2499.0,78.0,2499.0,4599.27001953125,96.19999694824219,0.06599999964237213,2499.0
106.8943205382675,79.4000015258789,1.8940000534057617,155.0,79.4000015258789,155.0,0.5,1790292978000.0,2501.0,-6.427900744602084,2501.0,77.0,2501.0,4602.18017578125,96.0,0.06400000303983688,2501.0
106.89427712000906,79.80000305175781,1.6979999542236328,155.0,79.80000305175781,155.0,0.5,1790292985000.0,2508.0,-6.427996968850493,2508.0,77.0,2508.0,4613.58984375,95.0,0.07199999690055847,2508.0
106.89427074976265,80.0,1.6890000104904175,152.0,80.0,152.0,0.0,1790292987000.0,2510.0,-6.428021360188723,2510.0,76.0,2510.0,4616.31982421875,94.4000015258789,0.035999998450279236,2510.0
106.89427309669554,80.19999694824219,1.6519999504089355,149.0,80.19999694824219,152.0,0.0,1790292989000.0,2512.0,-6.428054803982377,2512.0,76.0,2512.0,4620.02978515625,94.0,0.09399999678134918,2512.0
106.89427049830556,80.4000015258789,1.5770000219345093,146.0,80.4000015258789,152.0,0.0,1790292993000.0,2516.0,-6.4281065203249454,2516.0,76.0,2516.0,4625.7001953125,93.0,0.08799999952316284,2516.0
106.89424585551023,81.0,1.4839999675750732,145.0,81.0,154.0,0.0,1790292999000.0,2522.0,-6.428197044879198,2522.0,77.0,2522.0,4635.8798828125,93.0,0.07900000363588333,2522.0
106.89423940144479,81.0,1.4930000305175781,144.0,81.0,156.0,0.0,1790293001000.0,2524.0,-6.428224621340632,2524.0,78.0,2524.0,4639.009765625,93.19999694824219,0.07599999755620956,2524.0
106.89421291463077,81.5999984741211,1.5019999742507935,142.0,81.5999984741211,0.0,0.0,1790293010000.0,2533.0,-6.4283697959035635,2533.0,0.0,2533.0,4654.66015625,94.4000015258789,0.05000000074505806,2533.0
106.89417603425682,81.80000305175781,1.5579999685287476,143.0,81.80000305175781,158.0,0.0,1790293018000.0,2541.0,-6.428490411490202,2541.0,79.0,2541.0,4668.2998046875,94.80000305175781,0.035999998450279236,2541.0
106.89416890963912,82.0,1.5579999685287476,145.0,82.0,159.0,0.5,1790293021000.0,2544.0,-6.428533913567662,2544.0,79.0,2544.0,4673.259765625,95.0,0.07000000029802322,2544.0
106.89416346140206,82.4000015258789,1.5770000219345093,148.0,82.4000015258789,159.0,0.5,1790293024000.0,2547.0,-6.428586216643453,2547.0,79.0,2547.0,4679.02001953125,95.0,0.0989999994635582,2547.0
106.89415264874697,82.4000015258789,1.5859999656677246,148.0,82.4000015258789,161.0,0.5,1790293026000.0,2549.0,-6.428623348474503,2549.0,80.0,2549.0,4683.259765625,95.0,-0.0020000000949949026,2549.0
106.89410135149956,81.80000305175781,1.6050000190734863,149.0,81.80000305175781,157.0,0.5,1790293030000.0,2553.0,-6.428678082302213,2553.0,78.0,2553.0,4691.5498046875,95.0,-0.13500000536441803,2553.0
106.89406581223011,81.4000015258789,1.6050000190734863,150.0,81.4000015258789,157.0,0.5,1790293032000.0,2555.0,-6.428708676248789,2555.0,78.0,2555.0,4696.4501953125,95.0,-0.20100000500679016,2555.0
106.89402893185616,81.0,1.6239999532699585,149.0,81.0,158.0,0.0,1790293036000.0,2559.0,-6.428768187761307,2559.0,79.0,2559.0,4704.10009765625,94.4000015258789,-0.07900000363588333,2559.0
106.89397939480841,80.80000305175781,1.6239999532699585,149.0,80.80000305175781,158.0,0.0,1790293044000.0,2567.0,-6.428881259635091,2567.0,79.0,2567.0,4717.68994140625,91.80000305175781,-0.03799999877810478,2567.0
106.89396363683045,80.80000305175781,1.6050000190734863,149.0,80.80000305175781,159.0,0.5,1790293048000.0,2571.0,-6.428939430043101,2571.0,79.0,2571.0,4724.35009765625,89.19999694824219,0.02800000086426735,2571.0
106.8939611222595,81.0,1.5959999561309814,148.0,81.0,159.0,0.5,1790293050000.0,2573.0,-6.428973125293851,2573.0,79.0,2573.0,4727.85009765625,88.19999694824219,0.0989999994635582,2573.0
106.89395458437502,81.0,1.5959999561309814,148.0,81.0,159.0,0.5,1790293051000.0,2574.0,-6.428985195234418,2574.0,79.0,2574.0,4729.27978515625,87.80000305175781,-0.03099999949336052,2574.0
106.8939399998635,81.0,1.5959999561309814,148.0,81.0,159.0,0.5,1790293052000.0,2575.0,-6.429005144163966,2575.0,79.0,2575.0,4731.990234375,87.5999984741211,-0.11900000274181366,2575.0
106.8939317855984,81.4000015258789,1.5859999656677246,147.0,81.4000015258789,160.0,0.0,1790293057000.0,2580.0,-6.42908988520503,2580.0,80.0,2580.0,4741.06005859375,87.19999694824219,0.09200000017881393,2580.0
106.89392575062811,81.5999984741211,1.5859999656677246,147.0,81.5999984741211,160.0,0.0,1790293059000.0,2582.0,-6.4291237480938435,2582.0,80.0,2582.0,4744.56982421875,87.5999984741211,0.06800000369548798,2582.0
106.89393673092127,82.0,1.5859999656677246,144.0,82.0,155.0,0.5,1790293062000.0,2585.0,-6.429167166352272,2585.0,77.0,2585.0,4749.10009765625,88.4000015258789,0.17000000178813934,2585.0
106.89393974840641,82.19999694824219,1.5859999656677246,143.0,82.19999694824219,155.0,0.5,1790293063000.0,2586.0,-6.42917588353157,2586.0,77.0,2586.0,4749.8798828125,89.0,0.11699999868869781,2586.0
106.89391468651593,82.4000015258789,1.5490000247955322,143.0,82.4000015258789,158.0,0.0,1790293072000.0,2595.0,-6.429298259317875,2595.0,79.0,2595.0,4763.7001953125,90.19999694824219,0.020999999716877937,2595.0
106.89390110783279,82.4000015258789,1.5490000247955322,143.0,82.4000015258789,158.0,0.0,1790293075000.0,2598.0,-6.429349388927221,2598.0,79.0,2598.0,4769.5400390625,89.5999984741211,-0.004000000189989805,2598.0
106.8938762973994,82.19999694824219,1.5579999685287476,144.0,82.19999694824219,159.0,0.5,1790293079000.0,2602.0,-6.429416025057435,2602.0,79.0,2602.0,4777.3798828125,89.5999984741211,-0.028999999165534973,2602.0
106.8938588630408,81.80000305175781,1.5579999685287476,146.0,81.80000305175781,159.0,0.5,1790293082000.0,2605.0,-6.429454665631056,2605.0,79.0,2605.0,4782.0498046875,91.0,-0.10899999737739563,2605.0
106.89384620636702,81.5999984741211,1.5579999685287476,147.0,81.5999984741211,160.0,0.0,1790293085000.0,2608.0,-6.429501185193658,2608.0,80.0,2608.0,4787.2900390625,91.4000015258789,-0.11699999868869781,2608.0
106.89380094408989,80.5999984741211,1.5679999589920044,147.0,80.5999984741211,159.0,0.5,1790293094000.0,2617.0,-6.429632697254419,2617.0,79.0,2617.0,4802.77001953125,92.5999984741211,-0.1120000034570694,2617.0
106.89379507675767,80.4000015258789,1.5679999589920044,147.0,80.4000015258789,159.0,0.5,1790293095000.0,2618.0,-6.429640827700496,2618.0,79.0,2618.0,4803.85986328125,92.80000305175781,-0.08900000154972076,2618.0
106.89377563074231,80.19999694824219,1.5770000219345093,146.0,80.19999694824219,157.0,0.5,1790293097000.0,2620.0,-6.4296662248671055,2620.0,78.0,2620.0,4807.31982421875,93.4000015258789,-0.15399999916553497,2620.0
106.89375475980341,79.80000305175781,1.5770000219345093,146.0,79.80000305175781,155.0,0.5,1790293099000.0,2622.0,-6.42969329841435,2622.0,77.0,2622.0,4810.5,93.80000305175781,-0.16500000655651093,2622.0
106.89369935542345,79.19999694824219,1.5959999561309814,146.0,79.19999694824219,159.0,0.5,1790293105000.0,2628.0,-6.429799664765596,2628.0,79.0,2628.0,4823.419921875,94.4000015258789,-0.08699999749660492,2628.0
106.89367454499006,79.4000015258789,1.6239999532699585,146.0,79.4000015258789,159.0,0.5,1790293111000.0,2634.0,-6.429884238168597,2634.0,79.0,2634.0,4833.25,95.4000015258789,0.035999998450279236,2634.0
106.8936606310308,79.5999984741211,1.6330000162124634,147.0,79.5999984741211,157.0,0.5,1790293115000.0,2638.0,-6.429949114099145,2638.0,78.0,2638.0,4840.43994140625,96.0,0.04600000008940697,2638.0
106.89365727826953,79.80000305175781,1.6330000162124634,147.0,79.80000305175781,155.0,0.5,1790293117000.0,2640.0,-6.429986245930195,2640.0,77.0,2640.0,4844.41015625,96.5999984741211,0.09200000017881393,2640.0
106.89365082420409,80.0,1.6419999599456787,147.0,80.0,155.0,0.5,1790293118000.0,2641.0,-6.430001920089126,2641.0,77.0,2641.0,4846.27001953125,96.80000305175781,0.20200000703334808,2641.0
106.89359835349023,81.80000305175781,1.6610000133514404,146.0,81.80000305175781,157.0,0.5,1790293129000.0,2652.0,-6.43015556037426,2652.0,78.0,2652.0,4864.4501953125,100.0,0.16699999570846558,2652.0
106.89355996437371,83.19999694824219,1.6699999570846558,145.0,83.19999694824219,157.0,0.5,1790293138000.0,2661.0,-6.430286569520831,2661.0,78.0,2661.0,4879.56982421875,99.5999984741211,0.13500000536441803,2661.0
106.89356004819274,83.19999694824219,1.6699999570846558,146.0,83.19999694824219,157.0,0.5,1790293139000.0,2662.0,-6.430298974737525,2662.0,78.0,2662.0,4880.93017578125,99.5999984741211,0.04500000178813934,2662.0
106.89351704902947,83.5999984741211,1.6799999475479126,148.0,83.5999984741211,157.0,0.5,1790293147000.0,2670.0,-6.4304139744490385,2670.0,78.0,2670.0,4894.509765625,97.4000015258789,0.052000001072883606,2670.0
106.89347832463682,84.19999694824219,1.6979999542236328,150.0,84.19999694824219,159.0,0.5,1790293155000.0,2678.0,-6.430539367720485,2678.0,79.0,2678.0,4909.0498046875,95.4000015258789,0.08699999749660492,2678.0
106.89347228966653,84.19999694824219,1.7079999446868896,150.0,84.19999694824219,157.0,0.5,1790293156000.0,2679.0,-6.430553365498781,2679.0,78.0,2679.0,4910.740234375,95.19999694824219,-0.0430000014603138,2679.0
106.89343130216002,84.0,1.7170000076293945,150.0,84.0,159.0,0.5,1790293162000.0,2685.0,-6.430651852861047,2685.0,79.0,2685.0,4922.47021484375,93.5999984741211,-0.035999998450279236,2685.0
106.89340028911829,84.0,1.7259999513626099,150.0,84.0,157.0,0.5,1790293172000.0,2695.0,-6.430803649127483,2695.0,78.0,2695.0,4939.6201171875,86.5999984741211,0.0,2695.0
106.89339593052864,84.4000015258789,1.7259999513626099,148.0,84.4000015258789,156.0,0.0,1790293179000.0,2702.0,-6.43090071156621,2702.0,78.0,2702.0,4950.47021484375,87.80000305175781,0.06499999761581421,2702.0
106.89340330660343,84.5999984741211,1.7259999513626099,147.0,84.5999984741211,156.0,0.0,1790293180000.0,2703.0,-6.430909093469381,2703.0,78.0,2703.0,4951.7001953125,88.19999694824219,0.08699999749660492,2703.0
106.8935380037874,86.0,1.7079999446868896,146.0,86.0,157.0,0.5,1790293189000.0,2712.0,-6.430944884195924,2712.0,78.0,2712.0,4966.7998046875,92.4000015258789,0.1589999943971634,2712.0
106.89362668432295,87.0,1.7079999446868896,145.0,87.0,159.0,0.5,1790293196000.0,2719.0,-6.430986374616623,2719.0,79.0,2719.0,4977.56982421875,97.4000015258789,0.13899999856948853,2719.0
106.8937277700752,87.80000305175781,1.7259999513626099,146.0,87.80000305175781,157.0,0.5,1790293203000.0,2726.0,-6.431018728762865,2726.0,78.0,2726.0,4990.22998046875,100.19999694824219,0.13199999928474426,2726.0
106.8937314581126,88.0,1.7259999513626099,147.0,88.0,156.0,0.0,1790293204000.0,2727.0,-6.431044712662697,2727.0,78.0,2727.0,4993.06982421875,100.4000015258789,0.1599999964237213,2727.0
106.89368166960776,88.0,1.7450000047683716,149.0,88.0,160.0,0.0,1790293210000.0,2733.0,-6.431136578321457,2733.0,80.0,2733.0,5005.39990234375,101.80000305175781,0.0020000000949949026,2733.0
106.89358150586486,87.4000015258789,1.7640000581741333,149.0,87.4000015258789,158.0,0.0,1790293216000.0,2739.0,-6.4311473071575165,2739.0,79.0,2739.0,5016.68017578125,102.4000015258789,-0.10700000077486038,2739.0
106.89350296743214,86.5999984741211,1.781999945640564,150.0,86.5999984741211,150.0,0.0,1790293222000.0,2745.0,-6.431116126477718,2745.0,75.0,2745.0,5026.06005859375,102.80000305175781,-0.13199999928474426,2745.0
106.89349274151027,86.4000015258789,1.781999945640564,150.0,86.4000015258789,147.0,0.5,1790293223000.0,2746.0,-6.431109504774213,2746.0,73.0,2746.0,5027.41015625,103.0,-0.12099999934434891,2746.0
106.89346583560109,86.19999694824219,1.7730000019073486,149.0,86.19999694824219,147.0,0.5,1790293225000.0,2748.0,-6.431100284680724,2748.0,73.0,2748.0,5030.56005859375,103.4000015258789,-0.12999999523162842,2748.0
106.89344831742346,86.0,1.7640000581741333,153.0,86.0,147.0,0.5,1790293226000.0,2749.0,-6.431098273023963,2749.0,73.0,2749.0,5032.509765625,103.4000015258789,-0.14100000262260437,2749.0
106.89342903904617,86.0,1.753999948501587,149.0,86.0,148.0,0.0,1790293227000.0,2750.0,-6.431097015738487,2750.0,74.0,2750.0,5034.64013671875,103.4000015258789,-0.0989999994635582,2750.0
106.89339224249125,85.80000305175781,1.7450000047683716,149.0,85.80000305175781,148.0,0.0,1790293229000.0,2752.0,-6.431099781766534,2752.0,74.0,2752.0,5038.7001953125,103.5999984741211,-0.0560000017285347,2752.0
106.8932718783617,85.5999984741211,1.7730000019073486,148.0,85.5999984741211,154.0,0.0,1790293236000.0,2759.0,-6.431123502552509,2759.0,77.0,2759.0,5052.2900390625,104.0,-0.03700000047683716,2759.0
106.89326592721045,85.5999984741211,1.781999945640564,148.0,85.5999984741211,152.0,0.0,1790293237000.0,2760.0,-6.431138589978218,2760.0,76.0,2760.0,5054.08984375,104.0,0.08699999749660492,2760.0
106.89324857667089,86.19999694824219,1.7910000085830688,148.0,86.19999694824219,155.0,0.5,1790293241000.0,2764.0,-6.431211847811937,2764.0,77.0,2764.0,5062.419921875,104.0,0.11599999666213989,2764.0
106.89322602935135,86.5999984741211,1.7910000085830688,149.0,86.5999984741211,158.0,0.0,1790293245000.0,2768.0,-6.431273957714438,2768.0,79.0,2768.0,5069.7900390625,103.4000015258789,0.09099999815225601,2768.0
106.89315997995436,87.0,1.7910000085830688,149.0,87.0,158.0,0.0,1790293256000.0,2779.0,-6.431452492251992,2779.0,79.0,2779.0,5090.81982421875,101.4000015258789,0.04600000008940697,2779.0
106.89315520226955,87.0,1.7910000085830688,149.0,87.0,158.0,0.0,1790293257000.0,2780.0,-6.431469339877367,2780.0,79.0,2780.0,5092.75,101.4000015258789,0.03400000184774399,2780.0
106.89311706461012,87.4000015258789,1.8009999990463257,149.0,87.4000015258789,157.0,0.5,1790293264000.0,2787.0,-6.431573191657662,2787.0,78.0,2787.0,5105.02001953125,101.5999984741211,0.039000000804662704,2787.0
106.8930765800178,87.4000015258789,1.819000005722046,147.0,87.4000015258789,161.0,0.5,1790293271000.0,2794.0,-6.4316806476563215,2794.0,80.0,2794.0,5117.7099609375,101.80000305175781,0.00800000037997961,2794.0
106.89304791390896,86.80000305175781,1.809999942779541,147.0,86.80000305175781,157.0,0.5,1790293280000.0,2803.0,-6.431818110868335,2803.0,78.0,2803.0,5132.990234375,99.5999984741211,-0.06599999964237213,2803.0
106.89300717785954,86.5999984741211,1.8009999990463257,148.0,86.5999984741211,159.0,0.5,1790293288000.0,2811.0,-6.4319289196282625,2811.0,79.0,2811.0,5146.1201171875,96.5999984741211,-0.02800000086426735,2811.0
106.8929697945714,87.0,1.7910000085830688,145.0,87.0,159.0,0.5,1790293295000.0,2818.0,-6.432030675932765,2818.0,79.0,2818.0,5158.22021484375,96.5999984741211,0.07199999690055847,2818.0
106.89296501688659,87.19999694824219,1.7910000085830688,145.0,87.19999694824219,159.0,0.5,1790293296000.0,2819.0,-6.432043835520744,2819.0,79.0,2819.0,5159.759765625,96.5999984741211,0.06499999761581421,2819.0
106.89289410598576,88.0,1.781999945640564,145.0,88.0,159.0,0.5,1790293307000.0,2830.0,-6.432208037003875,2830.0,79.0,2830.0,5179.47998046875,95.5999984741211,0.07699999958276749,2830.0
106.8928302358836,88.4000015258789,1.809999942779541,146.0,88.4000015258789,159.0,0.5,1790293315000.0,2838.0,-6.4323141518980265,2838.0,79.0,2838.0,5193.2099609375,96.0,0.050999999046325684,2838.0
106.89279017038643,88.80000305175781,1.819000005722046,146.0,88.80000305175781,160.0,0.0,1790293323000.0,2846.0,-6.432439377531409,2846.0,80.0,2846.0,5207.81005859375,97.0,0.0560000017285347,2846.0
106.89275404438376,89.4000015258789,1.819000005722046,148.0,89.4000015258789,160.0,0.0,1790293330000.0,2853.0,-6.432547587901354,2853.0,80.0,2853.0,5220.39990234375,98.19999694824219,0.09000000357627869,2853.0
106.89269076101482,91.0,1.8009999990463257,151.0,91.0,157.0,0.5,1790293342000.0,2865.0,-6.432713298127055,2865.0,78.0,2865.0,5239.97021484375,99.4000015258789,0.13199999928474426,2865.0
106.89268950372934,91.4000015258789,1.8009999990463257,150.0,91.4000015258789,155.0,0.5,1790293343000.0,2866.0,-6.43272964283824,2866.0,77.0,2866.0,5241.759765625,99.4000015258789,0.2809999883174896,2866.0
106.89265379682183,91.80000305175781,1.7910000085830688,147.0,91.80000305175781,157.0,0.5,1790293350000.0,2873.0,-6.4328469056636095,2873.0,78.0,2873.0,5255.25,99.19999694824219,0.06599999964237213,2873.0
106.89261213876307,91.80000305175781,1.8009999990463257,148.0,91.80000305175781,154.0,0.0,1790293358000.0,2881.0,-6.432965928688645,2881.0,77.0,2881.0,5269.31005859375,97.5999984741211,-0.003000000026077032,2881.0
106.89259210601449,91.80000305175781,1.8009999990463257,145.0,91.80000305175781,157.0,0.5,1790293364000.0,2887.0,-6.433052513748407,2887.0,78.0,2887.0,5279.14990234375,97.4000015258789,0.007000000216066837,2887.0
106.89259110018611,91.80000305175781,1.8009999990463257,143.0,91.80000305175781,157.0,0.5,1790293365000.0,2888.0,-6.433069445192814,2888.0,78.0,2888.0,5281.02001953125,97.19999694824219,-0.06800000369548798,2888.0
106.89259998500347,91.5999984741211,1.8009999990463257,140.0,91.5999984741211,158.0,0.0,1790293370000.0,2893.0,-6.433147815987468,2893.0,79.0,2893.0,5289.759765625,96.80000305175781,-0.04399999976158142,2893.0
106.89260199666023,91.4000015258789,1.8009999990463257,140.0,91.4000015258789,155.0,0.5,1790293374000.0,2897.0,-6.433204226195812,2897.0,77.0,2897.0,5296.0,96.80000305175781,-0.04699999839067459,2897.0
106.89260945655406,91.0,1.7910000085830688,142.0,91.0,159.0,0.5,1790293383000.0,2906.0,-6.4333405159413815,2906.0,79.0,2906.0,5311.0498046875,97.19999694824219,-0.03799999877810478,2906.0
106.89261389896274,91.0,1.847000002861023,144.0,91.0,159.0,0.5,1790293393000.0,2916.0,-6.4335348922759295,2916.0,79.0,2916.0,5332.5400390625,96.4000015258789,0.0020000000949949026,2916.0
106.89259638078511,91.0,1.8940000534057617,147.0,91.0,161.0,0.5,1790293397000.0,2920.0,-6.43361259251833,2920.0,80.0,2920.0,5341.39990234375,96.19999694824219,-0.01600000075995922,2920.0
106.89258992671967,91.0,1.940999984741211,149.0,91.0,161.0,0.5,1790293401000.0,2924.0,-6.433690628036857,2924.0,80.0,2924.0,5350.080078125,96.0,-0.006000000052154064,2924.0
106.89258514903486,91.0,1.968999981880188,152.0,91.0,163.0,0.5,1790293404000.0,2927.0,-6.433751145377755,2927.0,81.0,2927.0,5356.7900390625,96.0,-0.006000000052154064,2927.0
106.89255321398377,91.0,2.00600004196167,153.0,91.0,159.0,0.5,1790293411000.0,2934.0,-6.433878969401121,2934.0,79.0,2934.0,5371.39990234375,98.5999984741211,0.004999999888241291,2934.0
106.8925102148205,92.4000015258789,2.00600004196167,155.0,92.4000015258789,161.0,0.5,1790293419000.0,2942.0,-6.4339925441890955,2942.0,80.0,2942.0,5384.830078125,100.80000305175781,0.18400000035762787,2942.0
106.89246294088662,93.19999694824219,1.930999994277954,156.0,93.19999694824219,154.0,0.0,1790293430000.0,2953.0,-6.43415205180645,2953.0,77.0,2953.0,5403.18017578125,102.0,0.06400000303983688,2953.0
106.89245481044054,93.5999984741211,1.9129999876022339,155.0,93.5999984741211,117.0,0.5,1790293433000.0,2956.0,-6.434202510863543,2956.0,58.0,2956.0,5408.89990234375,102.4000015258789,0.1599999964237213,2956.0
106.8924346100539,94.19999694824219,1.7259999513626099,155.0,94.19999694824219,121.0,0.5,1790293437000.0,2960.0,-6.434254562482238,2960.0,60.0,2960.0,5415.080078125,103.0,0.16599999368190765,2960.0
106.8924087099731,95.0,1.6610000133514404,153.0,95.0,118.0,0.0,1790293441000.0,2964.0,-6.43429228104651,2964.0,59.0,2964.0,5420.14990234375,103.80000305175781,0.16099999845027924,2964.0
106.8923857435584,95.4000015258789,1.6239999532699585,151.0,95.4000015258789,116.0,0.0,1790293444000.0,2967.0,-6.434322874993086,2967.0,58.0,2967.0,5424.3701171875,104.0,0.18400000035762787,2967.0
106.89230033196509,97.4000015258789,1.6139999628067017,151.0,97.4000015258789,124.0,0.0,1790293454000.0,2977.0,-6.434428654611111,2977.0,62.0,2977.0,5439.35986328125,103.19999694824219,0.1860000044107437,2977.0
106.89223101362586,98.0,1.6050000190734863,151.0,98.0,123.0,0.5,1790293461000.0,2984.0,-6.43450191244483,2984.0,61.0,2984.0,5450.52001953125,103.19999694824219,0.10700000077486038,2984.0
106.89216488040984,98.80000305175781,1.6799999475479126,153.0,98.80000305175781,162.0,0.0,1790293468000.0,2991.0,-6.434580534696579,2991.0,81.0,2991.0,5461.89990234375,103.19999694824219,0.10199999809265137,2991.0
106.89214208163321,99.0,1.7170000076293945,154.0,99.0,157.0,0.5,1790293470000.0,2993.0,-6.434596125036478,2993.0,78.0,2993.0,5464.9501953125,103.19999694824219,0.12300000339746475,2993.0
106.8921129964292,99.4000015258789,1.6979999542236328,154.0,99.4000015258789,155.0,0.5,1790293473000.0,2996.0,-6.434615906327963,2996.0,77.0,2996.0,5468.77978515625,103.0,0.10499999672174454,2996.0
106.89207997173071,99.80000305175781,1.6330000162124634,153.0,99.80000305175781,152.0,0.0,1790293477000.0,3000.0,-6.434652954339981,3000.0,76.0,3000.0,5474.2900390625,101.5999984741211,0.08900000154972076,3000.0
106.89201543107629,100.0,1.5770000219345093,151.0,100.0,154.0,0.0,1790293484000.0,3007.0,-6.434735264629126,3007.0,77.0,3007.0,5485.7998046875,98.80000305175781,0.03799999877810478,3007.0
106.89192289486527,100.0,1.6050000190734863,152.0,100.0,154.0,0.0,1790293493000.0,3016.0,-6.434839954599738,3016.0,77.0,3016.0,5501.25,99.4000015258789,0.003000000026077032,3016.0
106.89189682714641,100.0,1.6139999628067017,152.0,100.0,154.0,0.0,1790293496000.0,3019.0,-6.434879181906581,3019.0,77.0,3019.0,5506.43017578125,99.80000305175781,0.0,3019.0
106.89185827039182,100.0,1.6239999532699585,148.0,100.0,155.0,0.5,1790293500000.0,3023.0,-6.434935927391052,3023.0,77.0,3023.0,5514.02001953125,100.19999694824219,0.0,3023.0
106.8918473739177,100.0,1.6239999532699585,148.0,100.0,155.0,0.5,1790293501000.0,3024.0,-6.434948164969683,3024.0,77.0,3024.0,5515.81982421875,100.4000015258789,0.0,3024.0
106.89180437475443,100.19999694824219,1.6419999599456787,145.0,100.19999694824219,157.0,0.5,1790293505000.0,3028.0,-6.434995271265507,3028.0,78.0,3028.0,5522.85986328125,101.19999694824219,0.04800000041723251,3028.0
106.89173790626228,100.80000305175781,1.6610000133514404,144.0,100.80000305175781,154.0,0.0,1790293511000.0,3034.0,-6.435051765292883,3034.0,77.0,3034.0,5532.580078125,102.0,0.09000000357627869,3034.0
106.89165039919317,101.19999694824219,1.6610000133514404,145.0,101.19999694824219,154.0,0.0,1790293519000.0,3042.0,-6.435130387544632,3042.0,77.0,3042.0,5545.27978515625,103.4000015258789,0.06300000101327896,3042.0
106.89160153269768,101.4000015258789,1.6519999504089355,145.0,101.4000015258789,154.0,0.0,1790293523000.0,3046.0,-6.435162741690874,3046.0,77.0,3046.0,5551.72021484375,103.5999984741211,0.028999999165534973,3046.0
106.89156766980886,101.4000015258789,1.6519999504089355,144.0,101.4000015258789,154.0,0.0,1790293526000.0,3049.0,-6.435188306495547,3049.0,77.0,3049.0,5556.39013671875,104.19999694824219,0.04100000113248825,3049.0
106.89142978750169,101.19999694824219,1.6330000162124634,142.0,101.19999694824219,155.0,0.5,1790293537000.0,3060.0,-6.4352701138705015,3060.0,77.0,3060.0,5574.080078125,106.4000015258789,-0.03099999949336052,3060.0
106.89128536731005,99.80000305175781,1.6050000190734863,140.0,99.80000305175781,159.0,0.5,1790293548000.0,3071.0,-6.435335157439113,3071.0,79.0,3071.0,5591.68994140625,107.19999694824219,-0.125,3071.0
106.89115553162992,98.19999694824219,1.5859999656677246,140.0,98.19999694824219,159.0,0.5,1790293557000.0,3080.0,-6.435387460514903,3080.0,79.0,3080.0,5607.18017578125,105.0,-0.17100000381469727,3080.0
106.8910510931164,96.80000305175781,1.5770000219345093,141.0,96.80000305175781,159.0,0.5,1790293565000.0,3088.0,-6.435420652851462,3088.0,79.0,3088.0,5619.27978515625,105.0,-0.18700000643730164,3088.0
106.89089929684997,95.5999984741211,1.5679999589920044,142.0,95.5999984741211,157.0,0.5,1790293575000.0,3098.0,-6.435490977019072,3098.0,78.0,3098.0,5637.83984375,104.80000305175781,-0.12200000137090683,3098.0
106.89076870679855,95.4000015258789,1.6050000190734863,141.0,95.4000015258789,159.0,0.5,1790293583000.0,3106.0,-6.435539843514562,3106.0,79.0,3106.0,5653.22998046875,104.80000305175781,-0.01600000075995922,3106.0
106.89059075899422,95.19999694824219,1.6699999570846558,143.0,95.19999694824219,161.0,0.5,1790293593000.0,3116.0,-6.435601282864809,3116.0,80.0,3116.0,5674.06982421875,104.5999984741211,-0.01899999938905239,3116.0
106.89050953835249,95.19999694824219,1.7079999446868896,147.0,95.19999694824219,161.0,0.5,1790293598000.0,3121.0,-6.435629278421402,3121.0,80.0,3121.0,5683.56982421875,103.19999694824219,-0.017999999225139618,3121.0
106.8904762621969,95.0,1.7170000076293945,150.0,95.0,161.0,0.5,1790293600000.0,3123.0,-6.435639504343271,3123.0,80.0,3123.0,5687.419921875,102.5999984741211,-0.023000000044703484,3123.0
106.89042890444398,95.0,1.7359999418258667,148.0,95.0,161.0,0.5,1790293603000.0,3126.0,-6.43566096201539,3126.0,80.0,3126.0,5693.169921875,101.80000305175781,-0.004999999888241291,3126.0
106.8903089594096,95.80000305175781,1.7450000047683716,148.0,95.80000305175781,159.0,0.5,1790293611000.0,3134.0,-6.4357381593436,3134.0,79.0,3134.0,5709.10009765625,99.5999984741211,0.08500000089406967,3134.0
106.89024022780359,96.80000305175781,1.7730000019073486,147.0,96.80000305175781,159.0,0.5,1790293619000.0,3142.0,-6.435858774930239,3142.0,79.0,3142.0,5724.5498046875,101.0,0.13899999856948853,3142.0
106.89018331468105,98.0,1.7910000085830688,150.0,98.0,159.0,0.5,1790293629000.0,3152.0,-6.4360034465789795,3152.0,79.0,3152.0,5741.7900390625,103.0,0.125,3152.0
106.89017652533948,98.19999694824219,1.7910000085830688,150.0,98.19999694824219,159.0,0.5,1790293630000.0,3153.0,-6.436020378023386,3153.0,79.0,3153.0,5743.77978515625,103.0,0.1459999978542328,3153.0
106.89011994749308,99.0,1.8009999990463257,151.0,99.0,159.0,0.5,1790293640000.0,3163.0,-6.436185836791992,3163.0,79.0,3163.0,5763.080078125,104.4000015258789,0.07699999958276749,3163.0
106.8900803849101,98.5999984741211,1.8289999961853027,152.0,98.5999984741211,161.0,0.5,1790293648000.0,3171.0,-6.436316929757595,3171.0,80.0,3171.0,5778.22998046875,106.80000305175781,-0.03799999877810478,3171.0
106.89002598635852,97.80000305175781,1.847000002861023,153.0,97.80000305175781,157.0,0.5,1790293656000.0,3179.0,-6.436444083228707,3179.0,78.0,3179.0,5793.56005859375,108.5999984741211,-0.10599999874830246,3179.0
106.88998692668974,97.19999694824219,1.8660000562667847,153.0,97.19999694824219,157.0,0.5,1790293664000.0,3187.0,-6.436567632481456,3187.0,78.0,3187.0,5807.7998046875,111.4000015258789,-0.07500000298023224,3187.0
106.88993663527071,96.80000305175781,1.847000002861023,150.0,96.80000305175781,157.0,0.5,1790293674000.0,3197.0,-6.436710879206657,3197.0,78.0,3197.0,5824.52978515625,110.5999984741211,-0.05000000074505806,3197.0
106.88988047651947,96.4000015258789,1.8380000591278076,148.0,96.4000015258789,156.0,0.0,1790293682000.0,3205.0,-6.43681213259697,3205.0,78.0,3205.0,5837.22998046875,110.4000015258789,-0.0560000017285347,3205.0
106.88980679959059,95.80000305175781,1.809999942779541,148.0,95.80000305175781,154.0,0.0,1790293691000.0,3214.0,-6.436932077631354,3214.0,77.0,3214.0,5852.75,110.4000015258789,-0.06199999898672104,3214.0
106.8897476233542,96.0,1.7910000085830688,145.0,96.0,157.0,0.5,1790293697000.0,3220.0,-6.436993181705475,3220.0,78.0,3220.0,5862.22998046875,109.5999984741211,0.04100000113248825,3220.0
106.88971837051213,96.19999694824219,1.7730000019073486,145.0,96.19999694824219,157.0,0.5,1790293700000.0,3223.0,-6.437024613842368,3223.0,78.0,3223.0,5867.02001953125,108.4000015258789,0.04800000041723251,3223.0
106.88963362947106,96.4000015258789,1.7359999418258667,145.0,96.4000015258789,154.0,0.0,1790293708000.0,3231.0,-6.437111785635352,3231.0,77.0,3231.0,5880.3798828125,107.0,0.04399999976158142,3231.0
106.88954629004002,97.0,1.7079999446868896,143.0,97.0,157.0,0.5,1790293718000.0,3241.0,-6.437217481434345,3241.0,78.0,3241.0,5895.60009765625,107.19999694824219,0.05299999937415123,3241.0
106.8894984293729,97.5999984741211,1.7079999446868896,143.0,97.5999984741211,157.0,0.5,1790293727000.0,3250.0,-6.437361231073737,3250.0,78.0,3250.0,5912.419921875,106.80000305175781,0.057999998331069946,3250.0
106.8894553463906,97.80000305175781,1.753999948501587,142.0,97.80000305175781,160.0,0.0,1790293737000.0,3260.0,-6.437516799196601,3260.0,80.0,3260.0,5930.2998046875,107.4000015258789,0.028999999165534973,3260.0
106.88940941356122,97.0,1.7640000581741333,143.0,97.0,157.0,0.5,1790293747000.0,3270.0,-6.437668092548847,3270.0,78.0,3270.0,5947.759765625,107.80000305175781,-0.08900000154972076,3270.0
106.88936130143702,96.19999694824219,1.7450000047683716,140.0,96.19999694824219,157.0,0.5,1790293756000.0,3279.0,-6.437792731449008,3279.0,78.0,3279.0,5962.56005859375,106.19999694824219,-0.09000000357627869,3279.0
106.88935535028577,96.0,1.7359999418258667,140.0,96.0,157.0,0.5,1790293757000.0,3280.0,-6.437809243798256,3280.0,78.0,3280.0,5964.5,106.19999694824219,-0.14499999582767487,3280.0
106.8892912287265,94.4000015258789,1.8009999990463257,140.0,94.4000015258789,159.0,0.5,1790293767000.0,3290.0,-6.437973529100418,3290.0,79.0,3290.0,5984.0498046875,106.5999984741211,-0.1509999930858612,3290.0
106.88922828063369,94.19999694824219,1.875,142.0,94.19999694824219,163.0,0.5,1790293776000.0,3299.0,-6.438144939020276,3299.0,81.0,3299.0,6004.27978515625,106.0,-0.02800000086426735,3299.0
106.88921235501766,94.4000015258789,1.8940000534057617,144.0,94.4000015258789,163.0,0.5,1790293778000.0,3301.0,-6.438186261802912,3301.0,81.0,3301.0,6009.169921875,105.5999984741211,0.04600000008940697,3301.0
106.8891720380634,94.5999984741211,2.2019999027252197,144.0,94.5999984741211,163.0,0.5,1790293785000.0,3308.0,-6.43832397647202,3308.0,81.0,3308.0,6025.06005859375,105.5999984741211,0.05000000074505806,3308.0
106.88911596313119,95.19999694824219,2.322999954223633,146.0,95.19999694824219,161.0,0.5,1790293794000.0,3317.0,-6.43850376829505,3317.0,80.0,3317.0,6045.8798828125,106.5999984741211,0.061000000685453415,3317.0
106.88910481519997,95.4000015258789,2.313999891281128,147.0,95.4000015258789,161.0,0.5,1790293796000.0,3319.0,-6.438540313392878,3319.0,80.0,3319.0,6050.10009765625,106.5999984741211,0.09099999815225601,3319.0
106.88906466588378,96.0,2.2669999599456787,150.0,96.0,159.0,0.5,1790293802000.0,3325.0,-6.438644668087363,3325.0,79.0,3325.0,6062.47021484375,106.4000015258789,0.10700000077486038,3325.0
106.88903583213687,96.80000305175781,2.183000087738037,152.0,96.80000305175781,159.0,0.5,1790293807000.0,3330.0,-6.438727397471666,3330.0,79.0,3330.0,6072.18017578125,106.4000015258789,0.13699999451637268,3330.0
106.88899224624038,97.80000305175781,2.0250000953674316,153.0,97.80000305175781,159.0,0.5,1790293817000.0,3340.0,-6.438867626711726,3340.0,79.0,3340.0,6088.43017578125,107.19999694824219,0.11500000208616257,3340.0
106.8889579642564,99.80000305175781,1.9500000476837158,150.0,99.80000305175781,157.0,0.5,1790293825000.0,3348.0,-6.438991092145443,3348.0,78.0,3348.0,6102.64990234375,108.0,0.2329999953508377,3348.0
106.88895737752318,100.0,1.940999984741211,150.0,100.0,157.0,0.5,1790293826000.0,3349.0,-6.439004838466644,3349.0,78.0,3349.0,6104.14990234375,108.0,0.2840000092983246,3349.0
106.88891261816025,101.5999984741211,1.902999997138977,149.0,101.5999984741211,158.0,0.0,1790293835000.0,3358.0,-6.439127046614885,3358.0,79.0,3358.0,6118.56982421875,108.0,0.1860000044107437,3358.0
106.8888699542731,103.0,1.847000002861023,151.0,103.0,159.0,0.5,1790293844000.0,3367.0,-6.439248081296682,3367.0,79.0,3367.0,6132.759765625,108.19999694824219,0.14900000393390656,3367.0
106.88883684575558,103.5999984741211,1.819000005722046,148.0,103.5999984741211,159.0,0.5,1790293850000.0,3373.0,-6.43933835439384,3373.0,79.0,3373.0,6143.39013671875,108.0,0.08299999684095383,3373.0
106.88880524598062,103.5999984741211,1.809999942779541,148.0,103.5999984741211,160.0,0.0,1790293855000.0,3378.0,-6.439417898654938,3378.0,80.0,3378.0,6152.83984375,108.5999984741211,0.012000000104308128,3378.0
106.88874707557261,104.0,1.7910000085830688,148.0,104.0,155.0,0.5,1790293864000.0,3387.0,-6.439545387402177,3387.0,77.0,3387.0,6168.31982421875,110.19999694824219,0.052000001072883606,3387.0
106.88870935700834,104.5999984741211,1.7910000085830688,149.0,104.5999984741211,159.0,0.5,1790293871000.0,3394.0,-6.439641276374459,3394.0,79.0,3394.0,6179.68994140625,111.80000305175781,0.07000000029802322,3394.0
106.88862872309983,105.4000015258789,1.7640000581741333,149.0,105.4000015258789,158.0,0.0,1790293881000.0,3404.0,-6.439766502007842,3404.0,79.0,3404.0,6196.47998046875,113.0,0.09000000357627869,3404.0
106.88857675530016,106.0,1.7359999418258667,146.0,106.0,155.0,0.5,1790293887000.0,3410.0,-6.439833892509341,3410.0,77.0,3410.0,6205.830078125,113.19999694824219,0.08100000023841858,3410.0
106.88857264816761,106.0,1.7259999513626099,146.0,106.0,155.0,0.5,1790293888000.0,3411.0,-6.439847722649574,3411.0,77.0,3411.0,6207.419921875,113.4000015258789,0.10000000149011612,3411.0
106.88856803812087,106.19999694824219,1.7170000076293945,147.0,106.19999694824219,155.0,0.5,1790293890000.0,3413.0,-6.439876556396484,3413.0,77.0,3413.0,6210.66015625,113.5999984741211,0.06800000369548798,3413.0
106.88853744417429,106.5999984741211,1.6979999542236328,147.0,106.5999984741211,152.0,0.0,1790293896000.0,3419.0,-6.439953921362758,3419.0,76.0,3419.0,6219.89013671875,113.80000305175781,0.06499999761581421,3419.0
106.88852026127279,106.5999984741211,1.6890000104904175,147.0,106.5999984741211,152.0,0.0,1790293897000.0,3420.0,-6.439956519752741,3420.0,76.0,3420.0,6221.75,113.80000305175781,0.07100000232458115,3420.0
106.88845890574157,106.4000015258789,1.6979999542236328,147.0,106.4000015258789,152.0,0.0,1790293901000.0,3424.0,-6.439907820895314,3424.0,76.0,3424.0,6230.56982421875,114.4000015258789,-0.04100000113248825,3424.0
106.88846703618765,105.80000305175781,1.7359999418258667,145.0,105.80000305175781,157.0,0.5,1790293906000.0,3429.0,-6.43982064910233,3429.0,78.0,3429.0,6240.4501953125,115.0,-0.125,3429.0
106.88851347193122,105.0,1.809999942779541,146.0,105.0,157.0,0.5,1790293914000.0,3437.0,-6.43969408236444,3437.0,78.0,3437.0,6255.3701171875,116.5999984741211,-0.11400000005960464,3437.0
106.88856502063572,103.4000015258789,1.819000005722046,146.0,103.4000015258789,158.0,0.0,1790293924000.0,3447.0,-6.439547063782811,3447.0,79.0,3447.0,6272.60009765625,117.19999694824219,-0.15600000321865082,3447.0
106.88859477639198,101.4000015258789,1.7910000085830688,149.0,101.4000015258789,159.0,0.5,1790293931000.0,3454.0,-6.439433069899678,3454.0,79.0,3454.0,6285.6201171875,116.4000015258789,-0.28999999165534973,3454.0
106.88860659487545,101.0,1.781999945640564,149.0,101.0,160.0,0.0,1790293933000.0,3456.0,-6.439401553943753,3456.0,80.0,3456.0,6289.35009765625,116.19999694824219,-0.20800000429153442,3456.0
106.88866711221635,99.0,1.781999945640564,150.0,99.0,155.0,0.5,1790293944000.0,3467.0,-6.439241878688335,3467.0,77.0,3467.0,6308.25,116.19999694824219,-0.18199999630451202,3467.0
106.88867708668113,98.5999984741211,1.7730000019073486,147.0,98.5999984741211,155.0,0.5,1790293946000.0,3469.0,-6.439215140417218,3469.0,77.0,3469.0,6311.41015625,116.19999694824219,-0.16899999976158142,3469.0
106.8887283001095,96.5999984741211,1.753999948501587,145.0,96.5999984741211,157.0,0.5,1790293956000.0,3479.0,-6.439058566465974,3479.0,78.0,3479.0,6329.68994140625,115.4000015258789,-0.20499999821186066,3479.0
106.8887565471232,95.4000015258789,1.7640000581741333,142.0,95.4000015258789,156.0,0.0,1790293962000.0,3485.0,-6.438969299197197,3485.0,78.0,3485.0,6340.10986328125,114.80000305175781,-0.18299999833106995,3485.0
106.88877062872052,95.19999694824219,1.7640000581741333,141.0,95.19999694824219,157.0,0.5,1790293964000.0,3487.0,-6.438940884545445,3487.0,78.0,3487.0,6343.60009765625,114.4000015258789,-0.1289999932050705,3487.0
106.88881907612085,94.0,1.7359999418258667,140.0,94.0,158.0,0.0,1790293973000.0,3496.0,-6.438802499324083,3496.0,79.0,3496.0,6359.830078125,112.80000305175781,-0.12399999797344208,3496.0
106.88887992873788,94.19999694824219,1.875,141.0,94.19999694824219,161.0,0.5,1790293982000.0,3505.0,-6.438617007806897,3505.0,80.0,3505.0,6381.419921875,112.19999694824219,0.012000000104308128,3505.0
106.88893625512719,94.0,2.2209999561309814,140.0,94.0,159.0,0.5,1790293990000.0,3513.0,-6.438461523503065,3513.0,79.0,3513.0,6399.759765625,111.80000305175781,-0.008999999612569809,3513.0
106.88899065367877,93.80000305175781,2.2209999561309814,139.0,93.80000305175781,165.0,0.5,1790293998000.0,3521.0,-6.438293466344476,3521.0,82.0,3521.0,6419.31005859375,111.4000015258789,-0.04100000113248825,3521.0
106.88904287293553,92.4000015258789,2.3329999446868896,142.0,92.4000015258789,165.0,0.5,1790294006000.0,3529.0,-6.438127001747489,3529.0,82.0,3529.0,6438.6298828125,110.4000015258789,-0.16300000250339508,3529.0
106.88906466588378,92.0,2.313999891281128,145.0,92.0,166.0,0.0,1790294009000.0,3532.0,-6.438068579882383,3532.0,83.0,3532.0,6445.509765625,109.4000015258789,-0.13199999928474426,3532.0
106.88912979327142,92.80000305175781,2.305000066757202,145.0,92.80000305175781,163.0,0.5,1790294017000.0,3540.0,-6.437923237681389,3540.0,81.0,3540.0,6463.14013671875,109.19999694824219,0.0989999994635582,3540.0
106.88916985876858,93.19999694824219,2.2300000190734863,148.0,93.19999694824219,163.0,0.5,1790294024000.0,3547.0,-6.43779625184834,3547.0,81.0,3547.0,6477.85986328125,109.0,0.0560000017285347,3547.0
106.88920573331416,94.19999694824219,2.2109999656677246,150.0,94.19999694824219,161.0,0.5,1790294032000.0,3555.0,-6.43765015527606,3555.0,80.0,3555.0,6494.4501953125,108.80000305175781,0.11400000005960464,3555.0
106.88924160785973,95.19999694824219,2.0339999198913574,149.0,95.19999694824219,134.0,0.0,1790294039000.0,3562.0,-6.437537670135498,3562.0,67.0,3562.0,6507.56005859375,109.19999694824219,0.15000000596046448,3562.0
106.88928661867976,95.4000015258789,1.8380000591278076,149.0,95.4000015258789,128.0,0.0,1790294049000.0,3572.0,-6.43738629296422,3572.0,64.0,3572.0,6525.0,108.80000305175781,0.023000000044703484,3572.0
106.88933867029846,94.80000305175781,1.902999997138977,149.0,94.80000305175781,161.0,0.5,1790294058000.0,3581.0,-6.437228797003627,3581.0,80.0,3581.0,6543.3701171875,108.5999984741211,-0.06400000303983688,3581.0
106.88942718319595,93.0,2.052999973297119,151.0,93.0,161.0,0.5,1790294068000.0,3591.0,-6.437056045979261,3591.0,80.0,3591.0,6564.9599609375,109.4000015258789,-0.1889999955892563,3591.0
106.88948241993785,92.4000015258789,2.0429999828338623,152.0,92.4000015258789,161.0,0.5,1790294073000.0,3596.0,-6.436994019895792,3596.0,80.0,3596.0,6574.1298828125,109.0,-0.10199999809265137,3596.0
106.88950932584703,92.4000015258789,2.0250000953674316,152.0,92.4000015258789,161.0,0.5,1790294075000.0,3598.0,-6.436975747346878,3598.0,80.0,3598.0,6577.72021484375,109.0,-0.02500000037252903,3598.0
106.88959985040128,92.5999984741211,1.9589999914169312,153.0,92.5999984741211,159.0,0.5,1790294082000.0,3605.0,-6.43689913675189,3605.0,79.0,3605.0,6590.81982421875,109.19999694824219,0.024000000208616257,3605.0
106.8897280935198,94.0,1.8940000534057617,152.0,94.0,161.0,0.5,1790294092000.0,3615.0,-6.436767959967256,3615.0,80.0,3615.0,6611.14013671875,110.5999984741211,0.13699999451637268,3615.0
106.88973647542298,94.0,1.8940000534057617,152.0,94.0,159.0,0.5,1790294093000.0,3616.0,-6.4367529563605785,3616.0,79.0,3616.0,6613.0498046875,110.80000305175781,0.06700000166893005,3616.0
106.88978333026171,94.19999694824219,1.902999997138977,149.0,94.19999694824219,158.0,0.0,1790294099000.0,3622.0,-6.43666410818696,3622.0,79.0,3622.0,6624.14013671875,111.19999694824219,0.020999999716877937,3622.0
106.88979900442064,94.4000015258789,1.902999997138977,149.0,94.4000015258789,157.0,0.5,1790294102000.0,3625.0,-6.436623707413673,3625.0,78.0,3625.0,6628.9501953125,111.4000015258789,0.08900000154972076,3625.0
106.88984560780227,95.80000305175781,1.8849999904632568,148.0,95.80000305175781,161.0,0.5,1790294112000.0,3635.0,-6.436456320807338,3635.0,80.0,3635.0,6648.2001953125,110.0,0.14499999582767487,3635.0
106.8898943066597,96.80000305175781,1.8849999904632568,148.0,96.80000305175781,163.0,0.5,1790294121000.0,3644.0,-6.436294801533222,3644.0,81.0,3644.0,6666.8701171875,108.5999984741211,0.10300000011920929,3644.0
106.88995239324868,98.19999694824219,1.9220000505447388,148.0,98.19999694824219,161.0,0.5,1790294130000.0,3653.0,-6.436117189005017,3653.0,80.0,3653.0,6687.52978515625,109.0,0.16500000655651093,3653.0
106.89000762999058,97.5999984741211,2.071000099182129,150.0,97.5999984741211,161.0,0.5,1790294138000.0,3661.0,-6.435948796570301,3661.0,80.0,3661.0,6707.16015625,111.0,-0.08399999886751175,3661.0
106.89006085507572,96.4000015258789,2.071000099182129,152.0,96.4000015258789,159.0,0.5,1790294148000.0,3671.0,-6.435789121314883,3671.0,79.0,3671.0,6725.7998046875,111.5999984741211,-0.11299999803304672,3671.0
106.89012204296887,96.0,1.9220000505447388,153.0,96.0,159.0,0.5,1790294156000.0,3679.0,-6.435678983107209,3679.0,79.0,3679.0,6739.8798828125,111.5999984741211,-0.06300000101327896,3679.0
106.89018658362329,95.19999694824219,1.8289999961853027,150.0,95.19999694824219,157.0,0.5,1790294162000.0,3685.0,-6.435612430796027,3685.0,78.0,3685.0,6750.18994140625,111.4000015258789,-0.11900000274181366,3685.0
106.8902257271111,94.80000305175781,1.809999942779541,149.0,94.80000305175781,157.0,0.5,1790294165000.0,3688.0,-6.435579406097531,3688.0,78.0,3688.0,6755.830078125,111.19999694824219,-0.12600000202655792,3688.0
106.89036478288472,94.0,1.8289999961853027,150.0,94.0,156.0,0.0,1790294174000.0,3697.0,-6.435506232082844,3697.0,78.0,3697.0,6773.2998046875,113.19999694824219,-0.08900000154972076,3697.0
106.89047198742628,93.80000305175781,1.847000002861023,149.0,93.80000305175781,157.0,0.5,1790294181000.0,3704.0,-6.43547329120338,3704.0,78.0,3704.0,6785.68994140625,113.80000305175781,-0.032999999821186066,3704.0
106.89056888222694,93.80000305175781,1.819000005722046,148.0,93.80000305175781,159.0,0.5,1790294188000.0,3711.0,-6.435418305918574,3711.0,79.0,3711.0,6798.080078125,115.4000015258789,-0.007000000216066837,3711.0
106.89072319306433,94.0,1.781999945640564,146.0,94.0,157.0,0.5,1790294199000.0,3722.0,-6.435356950387359,3722.0,78.0,3722.0,6816.47021484375,116.19999694824219,0.009999999776482582,3722.0
106.89081338234246,94.0,1.781999945640564,143.0,94.0,157.0,0.5,1790294205000.0,3728.0,-6.435325602069497,3728.0,78.0,3728.0,6827.0400390625,116.0,0.01600000075995922,3728.0
106.890899380669,94.0,1.7730000019073486,143.0,94.0,160.0,0.0,1790294211000.0,3734.0,-6.435291236266494,3734.0,80.0,3734.0,6837.2900390625,115.80000305175781,0.009999999776482582,3734.0
106.89105913974345,95.0,1.781999945640564,143.0,95.0,157.0,0.5,1790294221000.0,3744.0,-6.4352265279740095,3744.0,78.0,3744.0,6856.39013671875,114.4000015258789,0.09000000357627869,3744.0
106.89117640256882,95.5999984741211,1.8009999990463257,141.0,95.5999984741211,158.0,0.0,1790294229000.0,3752.0,-6.435179086402059,3752.0,79.0,3752.0,6870.3798828125,114.5999984741211,0.08299999684095383,3752.0
106.89134764485061,97.4000015258789,1.819000005722046,141.0,97.4000015258789,158.0,0.0,1790294239000.0,3762.0,-6.435107421129942,3762.0,79.0,3762.0,6890.919921875,114.4000015258789,0.18400000035762787,3762.0
106.89136859960854,97.80000305175781,1.819000005722046,143.0,97.80000305175781,158.0,0.0,1790294240000.0,3763.0,-6.435101134702563,3763.0,79.0,3763.0,6893.33984375,114.19999694824219,0.31700000166893005,3763.0
106.89151134341955,98.80000305175781,1.8660000562667847,146.0,98.80000305175781,157.0,0.5,1790294248000.0,3771.0,-6.435034247115254,3771.0,78.0,3771.0,6910.9501953125,111.0,0.13300000131130219,3771.0
106.8915278557688,98.80000305175781,1.8660000562667847,146.0,98.80000305175781,157.0,0.5,1790294249000.0,3772.0,-6.435017567127943,3772.0,78.0,3772.0,6913.52978515625,110.5999984741211,-0.12099999934434891,3772.0
106.89163933508098,98.5999984741211,1.9220000505447388,145.0,98.5999984741211,163.0,0.5,1790294257000.0,3780.0,-6.434890246018767,3780.0,81.0,3780.0,6932.25,109.4000015258789,-0.004999999888241291,3780.0
106.89175458624959,99.0,1.968999981880188,148.0,99.0,159.0,0.5,1790294266000.0,3789.0,-6.434752615168691,3789.0,79.0,3789.0,6952.080078125,108.0,0.03700000047683716,3789.0
106.89176766201854,99.0,1.9780000448226929,148.0,99.0,159.0,0.5,1790294267000.0,3790.0,-6.434741718694568,3790.0,79.0,3790.0,6953.9599609375,108.0,0.054999999701976776,3790.0
106.89182851463556,99.19999694824219,1.9869999885559082,151.0,99.19999694824219,161.0,0.5,1790294272000.0,3795.0,-6.43467340618372,3795.0,80.0,3795.0,6964.10009765625,108.19999694824219,0.02199999988079071,3795.0
106.89187536947429,99.4000015258789,2.00600004196167,150.0,99.4000015258789,163.0,0.5,1790294275000.0,3798.0,-6.434637028723955,3798.0,81.0,3798.0,6970.66015625,108.4000015258789,0.0560000017285347,3798.0
106.89195080660284,99.5999984741211,2.00600004196167,151.0,99.5999984741211,161.0,0.5,1790294283000.0,3806.0,-6.434552371501923,3806.0,80.0,3806.0,6983.22021484375,111.19999694824219,0.03400000184774399,3806.0
106.89199338667095,99.80000305175781,1.968999981880188,150.0,99.80000305175781,161.0,0.5,1790294287000.0,3810.0,-6.434507863596082,3810.0,80.0,3810.0,6990.14013671875,112.0,0.03799999877810478,3810.0
106.89202540554106,99.80000305175781,1.9500000476837158,150.0,99.80000305175781,161.0,0.5,1790294290000.0,3813.0,-6.43445597961545,3813.0,80.0,3813.0,6996.8798828125,112.4000015258789,0.03799999877810478,3813.0
106.8920873478055,99.0,1.940999984741211,150.0,99.0,159.0,0.5,1790294296000.0,3819.0,-6.434363527223468,3819.0,79.0,3819.0,7009.18994140625,112.80000305175781,-0.15399999916553497,3819.0
106.89212808385491,98.19999694824219,1.930999994277954,150.0,98.19999694824219,159.0,0.5,1790294300000.0,3823.0,-6.434314660727978,3823.0,79.0,3823.0,7016.2099609375,113.0,-0.21299999952316284,3823.0
106.89225221984088,95.5999984741211,1.9220000505447388,149.0,95.5999984741211,159.0,0.5,1790294310000.0,3833.0,-6.434169905260205,3833.0,79.0,3833.0,7037.2998046875,113.19999694824219,-0.2529999911785126,3833.0
106.8922771140933,95.0,1.930999994277954,148.0,95.0,161.0,0.5,1790294312000.0,3835.0,-6.434139981865883,3835.0,80.0,3835.0,7041.60009765625,113.19999694824219,-0.2750000059604645,3835.0
106.89232170581818,92.19999694824219,1.968999981880188,146.0,92.19999694824219,161.0,0.5,1790294320000.0,3843.0,-6.433985587209463,3843.0,80.0,3843.0,7059.41015625,112.0,-0.367000013589859,3843.0
106.8923685606569,90.19999694824219,2.015000104904175,146.0,90.19999694824219,159.0,0.5,1790294328000.0,3851.0,-6.433826666325331,3851.0,79.0,3851.0,7077.77001953125,111.5999984741211,-0.24899999797344208,3851.0
106.89238901250064,90.0,2.0339999198913574,149.0,90.0,161.0,0.5,1790294332000.0,3855.0,-6.433751145377755,3855.0,80.0,3855.0,7086.419921875,111.0,-0.03099999949336052,3855.0
106.89241541549563,89.80000305175781,2.071000099182129,150.0,89.80000305175781,161.0,0.5,1790294337000.0,3860.0,-6.433645198121667,3860.0,80.0,3860.0,7098.490234375,109.5999984741211,-0.03799999877810478,3860.0
106.89241021871567,89.5999984741211,2.118000030517578,149.0,89.5999984741211,157.0,0.5,1790294345000.0,3868.0,-6.433493234217167,3868.0,78.0,3868.0,7115.33984375,107.4000015258789,-0.02800000086426735,3868.0
106.89240468665957,89.5999984741211,2.127000093460083,149.0,89.5999984741211,159.0,0.5,1790294353000.0,3876.0,-6.433352921158075,3876.0,79.0,3876.0,7130.89990234375,106.5999984741211,-0.004999999888241291,3876.0
106.89240409992635,89.5999984741211,2.127000093460083,146.0,89.5999984741211,158.0,0.0,1790294357000.0,3880.0,-6.4332872070372105,3880.0,79.0,3880.0,7138.169921875,106.0,0.024000000208616257,3880.0
106.89240518957376,89.80000305175781,2.118000030517578,143.0,89.80000305175781,156.0,0.0,1790294360000.0,3883.0,-6.433240352198482,3883.0,78.0,3883.0,7143.33984375,105.5999984741211,0.05900000035762787,3883.0
106.89240535721183,90.19999694824219,2.0989999771118164,144.0,90.19999694824219,163.0,0.5,1790294367000.0,3890.0,-6.433117054402828,3890.0,81.0,3890.0,7156.9599609375,104.5999984741211,0.06400000303983688,3890.0
106.89241256564856,90.5999984741211,2.0810000896453857,147.0,90.5999984741211,159.0,0.5,1790294372000.0,3895.0,-6.433033067733049,3895.0,79.0,3895.0,7166.31005859375,104.4000015258789,0.06499999761581421,3895.0
106.89240988343954,90.4000015258789,2.062000036239624,149.0,90.4000015258789,159.0,0.5,1790294376000.0,3899.0,-6.432972550392151,3899.0,79.0,3899.0,7173.02001953125,104.4000015258789,-0.05900000035762787,3899.0
106.89241114072502,90.19999694824219,2.052999973297119,149.0,90.19999694824219,158.0,0.0,1790294378000.0,3901.0,-6.432940447703004,3901.0,79.0,3901.0,7176.56005859375,104.4000015258789,-0.08299999684095383,3901.0
106.8924359511584,89.5999984741211,2.00600004196167,149.0,89.5999984741211,156.0,0.0,1790294386000.0,3909.0,-6.4328283816576,3909.0,78.0,3909.0,7189.31982421875,104.0,-0.06700000166893005,3909.0
106.8924605101347,89.5999984741211,1.968999981880188,149.0,89.5999984741211,157.0,0.5,1790294390000.0,3913.0,-6.432776665315032,3913.0,78.0,3913.0,7195.60009765625,103.19999694824219,-0.027000000700354576,3913.0
106.89247031696141,89.4000015258789,1.9500000476837158,149.0,89.4000015258789,156.0,0.0,1790294392000.0,3915.0,-6.432754453271627,3915.0,78.0,3915.0,7198.2900390625,102.5999984741211,-0.027000000700354576,3915.0
106.89250878989697,89.0,1.809999942779541,147.0,89.0,151.0,0.5,1790294400000.0,3923.0,-6.432633753865957,3923.0,75.0,3923.0,7212.330078125,100.80000305175781,-0.05700000002980232,3923.0
106.89256880432367,88.80000305175781,1.7640000581741333,145.0,88.80000305175781,153.0,0.5,1790294410000.0,3933.0,-6.4325005654245615,3933.0,76.0,3933.0,7228.5,101.80000305175781,-0.024000000208616257,3933.0
106.89258908852935,89.0,1.7450000047683716,142.0,89.0,153.0,0.5,1790294413000.0,3936.0,-6.432460332289338,3936.0,76.0,3936.0,7233.509765625,102.0,0.050999999046325684,3936.0
106.89262194558978,89.4000015258789,1.6890000104904175,141.0,89.4000015258789,151.0,0.5,1790294420000.0,3943.0,-6.432369975373149,3943.0,75.0,3943.0,7244.14990234375,103.4000015258789,0.05400000140070915,3943.0
106.89267382957041,89.4000015258789,1.6139999628067017,142.0,89.4000015258789,153.0,0.5,1790294429000.0,3952.0,-6.432259920984507,3952.0,76.0,3952.0,7257.6201171875,103.5999984741211,0.003000000026077032,3952.0
106.89272169023752,89.0,1.5490000247955322,140.0,89.0,151.0,0.5,1790294437000.0,3960.0,-6.432160008698702,3960.0,75.0,3960.0,7269.97998046875,102.5999984741211,-0.03700000047683716,3960.0
106.89276770688593,88.19999694824219,1.5299999713897705,138.0,88.19999694824219,159.0,0.5,1790294445000.0,3968.0,-6.432043164968491,3968.0,79.0,3968.0,7284.0498046875,102.5999984741211,-0.09300000220537186,3968.0
106.89278556033969,88.4000015258789,1.5770000219345093,137.0,88.4000015258789,0.0,0.0,1790294454000.0,3977.0,-6.431925902143121,3977.0,0.0,3977.0,7297.02978515625,102.19999694824219,0.017999999225139618,3977.0
106.89278153702617,88.80000305175781,1.5019999742507935,137.0,88.80000305175781,0.0,0.0,1790294457000.0,3980.0,-6.431895727291703,3980.0,0.0,3980.0,7300.43994140625,102.0,0.09099999815225601,3980.0
106.89280525781214,88.80000305175781,1.4739999771118164,137.0,88.80000305175781,158.0,0.0,1790294461000.0,3984.0,-6.43184082582593,3984.0,79.0,3984.0,7307.06982421875,101.80000305175781,0.013000000268220901,3984.0
106.89284482039511,88.80000305175781,1.4739999771118164,134.0,88.80000305175781,156.0,0.0,1790294467000.0,3990.0,-6.4317613653838634,3990.0,78.0,3990.0,7316.93017578125,101.4000015258789,0.0,3990.0
106.89285412430763,89.0,1.4739999771118164,132.0,89.0,156.0,0.0,1790294470000.0,3993.0,-6.431718450039625,3993.0,78.0,3993.0,7321.77978515625,100.80000305175781,0.057999998331069946,3993.0
106.89290684647858,88.80000305175781,1.4930000305175781,131.0,88.80000305175781,160.0,0.0,1790294479000.0,4002.0,-6.431588446721435,4002.0,80.0,4002.0,7337.3798828125,99.19999694824219,-0.027000000700354576,4002.0
106.89293635077775,88.4000015258789,1.5210000276565552,135.0,88.4000015258789,156.0,0.0,1790294485000.0,4008.0,-6.431504460051656,4008.0,78.0,4008.0,7347.2900390625,98.5999984741211,-0.06800000369548798,4008.0
106.89295303076506,88.0,1.5399999618530273,138.0,88.0,160.0,0.0,1790294488000.0,4011.0,-6.431455845013261,4011.0,80.0,4011.0,7352.97998046875,98.4000015258789,-0.07800000160932541,4011.0
106.89298898912966,87.5999984741211,1.6050000190734863,141.0,87.5999984741211,160.0,0.0,1790294494000.0,4017.0,-6.431358950212598,4017.0,80.0,4017.0,7364.43017578125,98.80000305175781,-0.0860000029206276,4017.0
106.89301086589694,87.19999694824219,1.6419999599456787,143.0,87.19999694824219,162.0,0.0,1790294497000.0,4020.0,-6.43130773678422,4020.0,81.0,4020.0,7370.58984375,99.19999694824219,-0.14900000393390656,4020.0
106.89305403269827,86.19999694824219,1.6890000104904175,143.0,86.19999694824219,158.0,0.0,1790294505000.0,4028.0,-6.431186534464359,4028.0,79.0,4028.0,7384.740234375,101.4000015258789,-0.12099999934434891,4028.0
106.89310172572732,85.4000015258789,1.6979999542236328,141.0,85.4000015258789,156.0,0.0,1790294514000.0,4037.0,-6.431069104000926,4037.0,78.0,4037.0,7398.830078125,101.4000015258789,-0.08500000089406967,4037.0
106.89313164912164,84.80000305175781,1.6699999570846558,142.0,84.80000305175781,156.0,0.0,1790294521000.0,4044.0,-6.430967012420297,4044.0,78.0,4044.0,7410.64990234375,99.5999984741211,-0.08299999684095383,4044.0
106.89317414537072,84.19999694824219,1.6239999532699585,141.0,84.19999694824219,151.0,0.5,1790294530000.0,4053.0,-6.430851425975561,4053.0,75.0,4053.0,7424.22998046875,98.80000305175781,-0.0729999989271164,4053.0
106.89323709346354,84.0,1.5859999656677246,138.0,84.0,151.0,0.5,1790294539000.0,4062.0,-6.430745646357536,4062.0,75.0,4062.0,7437.85986328125,99.19999694824219,-0.014999999664723873,4062.0
106.89324145205319,84.0,1.5770000219345093,139.0,84.0,151.0,0.5,1790294541000.0,4064.0,-6.430718991905451,4064.0,75.0,4064.0,7440.85009765625,98.80000305175781,0.0,4064.0
106.89327657222748,84.0,1.5679999589920044,137.0,84.0,151.0,0.5,1790294551000.0,4074.0,-6.430565100163221,4074.0,75.0,4074.0,7458.35009765625,100.4000015258789,0.0,4074.0
106.89333097077906,83.4000015258789,1.5859999656677246,134.0,83.4000015258789,153.0,0.5,1790294564000.0,4087.0,-6.430396791547537,4087.0,76.0,4087.0,7477.9501953125,102.80000305175781,-0.039000000804662704,4087.0
106.89338193275034,83.19999694824219,1.5770000219345093,132.0,83.19999694824219,151.0,0.5,1790294573000.0,4096.0,-6.430286485701799,4096.0,75.0,4096.0,7491.35009765625,101.5999984741211,-0.03099999949336052,4096.0
106.89343364909291,81.4000015258789,1.5679999589920044,131.0,81.4000015258789,152.0,0.0,1790294584000.0,4107.0,-6.430143238976598,4107.0,76.0,4107.0,7508.18994140625,99.19999694824219,-0.1679999977350235,4107.0
106.8934777379036,79.80000305175781,1.5679999589920044,128.0,79.80000305175781,152.0,0.0,1790294593000.0,4116.0,-6.430021449923515,4116.0,76.0,4116.0,7522.509765625,98.19999694824219,-0.18400000035762787,4116.0
106.89348226413131,79.5999984741211,1.5679999589920044,128.0,79.5999984741211,152.0,0.0,1790294594000.0,4117.0,-6.430008122697473,4117.0,76.0,4117.0,7524.02978515625,97.80000305175781,-0.17599999904632568,4117.0
106.89350481145084,79.19999694824219,1.5679999589920044,128.0,79.19999694824219,157.0,0.5,1790294599000.0,4122.0,-6.42994693480432,4122.0,78.0,4122.0,7531.18994140625,97.0,-0.08699999749660492,4122.0
106.8935255985707,79.0,1.5679999589920044,128.0,79.0,158.0,0.0,1790294602000.0,4125.0,-6.429898487403989,4125.0,79.0,4125.0,7536.91015625,96.80000305175781,-0.032999999821186066,4125.0
106.89355325885117,78.5999984741211,1.5679999589920044,131.0,78.5999984741211,155.0,0.5,1790294610000.0,4133.0,-6.429772758856416,4133.0,77.0,4133.0,7551.080078125,96.5999984741211,-0.04399999976158142,4133.0
106.89358645118773,78.5999984741211,1.5770000219345093,129.0,78.5999984741211,154.0,0.0,1790294619000.0,4142.0,-6.429656920954585,4142.0,77.0,4142.0,7564.75,97.4000015258789,0.004000000189989805,4142.0
106.89356356859207,78.80000305175781,1.5770000219345093,127.0,78.80000305175781,152.0,0.0,1790294622000.0,4145.0,-6.429621381685138,4145.0,76.0,4145.0,7569.490234375,96.5999984741211,0.014999999664723873,4145.0
106.89353314228356,78.5999984741211,1.5770000219345093,126.0,78.5999984741211,150.0,0.0,1790294624000.0,4147.0,-6.429616939276457,4147.0,75.0,4147.0,7572.52001953125,96.4000015258789,-0.04699999839067459,4147.0
106.89351981505752,78.5999984741211,1.5679999589920044,126.0,78.5999984741211,150.0,0.0,1790294625000.0,4148.0,-6.429612664505839,4148.0,75.0,4148.0,7574.06005859375,96.4000015258789,-0.125,4148.0
106.89339735545218,77.5999984741211,1.5679999589920044,128.0,77.5999984741211,152.0,0.0,1790294633000.0,4156.0,-6.429585423320532,4156.0,76.0,4156.0,7587.93017578125,97.19999694824219,-0.11599999666213989,4156.0
106.89338495023549,77.5999984741211,1.5679999589920044,128.0,77.5999984741211,152.0,0.0,1790294634000.0,4157.0,-6.429583579301834,4157.0,76.0,4157.0,7589.31005859375,97.4000015258789,-0.007000000216066837,4157.0
106.89331529662013,77.5999984741211,1.5679999589920044,131.0,77.5999984741211,152.0,0.0,1790294639000.0,4162.0,-6.429567150771618,4162.0,76.0,4162.0,7597.22021484375,97.5999984741211,-0.012000000104308128,4162.0
106.89323684200644,77.4000015258789,1.5770000219345093,131.0,77.4000015258789,150.0,0.0,1790294644000.0,4167.0,-6.429538233205676,4167.0,75.0,4167.0,7606.43994140625,98.0,-0.020999999716877937,4167.0
106.89313039183617,77.4000015258789,1.6050000190734863,132.0,77.4000015258789,152.0,0.0,1790294652000.0,4175.0,-6.429497078061104,4175.0,76.0,4175.0,7619.18017578125,101.80000305175781,-0.003000000026077032,4175.0
106.89303961582482,77.0,1.6050000190734863,132.0,77.0,155.0,0.5,1790294660000.0,4183.0,-6.429428430274129,4183.0,77.0,4183.0,7631.7900390625,101.5999984741211,-0.04500000178813934,4183.0
106.89294800162315,76.80000305175781,1.6139999628067017,132.0,76.80000305175781,155.0,0.5,1790294666000.0,4189.0,-6.429385347291827,4189.0,77.0,4189.0,7642.830078125,101.80000305175781,-0.02800000086426735,4189.0
106.89285211265087,76.80000305175781,1.6139999628067017,134.0,76.80000305175781,154.0,0.0,1790294673000.0,4196.0,-6.429349137470126,4196.0,77.0,4196.0,7653.89013671875,104.0,-0.0010000000474974513,4196.0
106.89280332997441,76.80000305175781,1.6239999532699585,133.0,76.80000305175781,154.0,0.0,1790294678000.0,4201.0,-6.429292811080813,4201.0,77.0,4201.0,7660.72998046875,105.4000015258789,-0.004999999888241291,4201.0
