directRunCadence,sumDistance,directFractionalCadence,directSpeed,sumMovingDuration,directLatitude,directElevation,directDoubleCadence,sumDuration,directLongitude,directCorrectedElevation,sumElapsedDuration,directUncorrectedElevation,directHeartRate,directTimestamp,directVerticalSpeed,elapsed_s
0.0,1.2899999618530273,0.0,0.0,0.0,-1.2774369958788157,3.0,0.0,0.0,116.84067324735224,3.0,0.0,43.20000076293945,88.0,1785540195000.0,,0.0
0.0,2.559999942779541,0.0,0.0,0.0,-1.2774257641285658,3.0,0.0,1.0,116.84067743830383,3.0,1.0,43.599998474121094,89.0,1785540196000.0,0.03999999910593033,1.0
79.0,14.430000305175781,0.5,1.0449999570846558,5.0,-1.277316464111209,3.4000000953674316,159.0,6.0,116.84069537557662,3.4000000953674316,6.0,43.79999923706055,92.0,1785540201000.0,0.07900000363588333,6.0
79.0,16.139999389648438,0.0,1.6419999599456787,6.0,-1.2772985268384218,3.5999999046325684,158.0,7.0,116.84069965034723,3.5999999046325684,7.0,42.599998474121094,92.0,1785540202000.0,0.06499999761581421,7.0
77.0,22.530000686645508,0.5,1.6979999542236328,10.0,-1.2772383447736502,3.799999952316284,155.0,11.0,116.84070811606944,3.799999952316284,11.0,37.400001525878906,95.0,1785540206000.0,0.05400000140070915,11.0
79.0,25.360000610351562,0.5,1.6610000133514404,12.0,-1.2772126961499453,3.799999952316284,159.0,13.0,116.8407064396888,3.799999952316284,13.0,34.79999923706055,98.0,1785540208000.0,0.04600000008940697,13.0
78.0,39.56999969482422,0.5,1.6979999542236328,20.0,-1.2770851235836744,4.800000190734863,157.0,21.0,116.84069864451885,4.800000190734863,21.0,31.600000381469727,101.0,1785540216000.0,0.11299999803304672,21.0
78.0,42.970001220703125,0.5,1.6890000104904175,22.0,-1.2770547810941935,5.0,157.0,23.0,116.84069336391985,5.0,23.0,31.200000762939453,102.0,1785540218000.0,0.10000000149011612,23.0
79.0,49.02000045776367,0.0,1.6890000104904175,28.0,-1.2770097702741623,5.199999809265137,158.0,29.0,116.84067743830383,5.199999809265137,29.0,31.200000762939453,104.0,1785540224000.0,0.04399999976158142,29.0
77.0,54.33000183105469,0.5,1.6139999628067017,31.0,-1.276928884908557,5.599999904632568,155.0,32.0,116.84065497480333,5.599999904632568,32.0,30.799999237060547,107.0,1785540227000.0,0.16699999570846558,32.0
79.0,58.33000183105469,0.0,1.4559999704360962,34.0,-1.2768930941820145,6.0,158.0,35.0,116.84064860455692,6.0,35.0,30.200000762939453,110.0,1785540230000.0,0.0860000029206276,35.0
78.0,58.810001373291016,0.0,1.399999976158142,35.0,-1.2768901605159044,6.0,156.0,36.0,116.84064525179565,6.0,36.0,30.0,110.0,1785540231000.0,0.05700000002980232,36.0
76.0,61.2599983215332,0.5,1.2039999961853027,37.0,-1.2768818624317646,6.0,153.0,38.0,116.84062563814223,6.0,38.0,29.600000381469727,111.0,1785540233000.0,0.04500000178813934,38.0
75.0,66.86000061035156,0.0,1.5490000247955322,40.0,-1.2768883164972067,6.199999809265137,150.0,41.0,116.84057593345642,6.199999809265137,41.0,29.600000381469727,112.0,1785540236000.0,0.05999999865889549,41.0
78.0,74.87999725341797,0.5,1.6330000162124634,45.0,-1.276890579611063,6.599999904632568,157.0,46.0,116.84050393290818,6.599999904632568,46.0,31.399999618530273,116.0,1785540241000.0,0.052000001072883606,46.0
79.0,77.52999877929688,0.5,1.6330000162124634,47.0,-1.276896446943283,6.599999904632568,159.0,48.0,116.84048096649349,6.599999904632568,48.0,31.600000381469727,119.0,1785540243000.0,0.04100000113248825,48.0
79.0,79.19999694824219,0.5,1.6330000162124634,48.0,-1.2769007217139006,6.599999904632568,159.0,49.0,116.84046654962003,6.599999904632568,49.0,31.799999237060547,119.0,1785540244000.0,0.052000001072883606,49.0
72.0,86.7300033569336,0.5,1.5490000247955322,54.0,-1.2769149709492922,7.0,145.0,55.0,116.84039957821369,7.0,55.0,27.799999237060547,121.0,1785540250000.0,0.03999999910593033,55.0
76.0,92.44999694824219,0.5,1.5019999742507935,58.0,-1.2769096065312624,7.0,153.0,59.0,116.84035196900368,7.0,59.0,26.0,119.0,1785540254000.0,0.02500000037252903,59.0
76.0,93.83000183105469,0.5,1.4930000305175781,60.0,-1.276903571560979,7.0,153.0,61.0,116.84033528901637,7.0,61.0,25.399999618530273,118.0,1785540256000.0,0.028999999165534973,61.0
76.0,99.45999908447266,0.0,1.399999976158142,63.0,-1.2768827844411135,7.400000095367432,152.0,64.0,116.84028382413089,7.400000095367432,64.0,24.799999237060547,118.0,1785540259000.0,0.08699999749660492,64.0
76.0,101.9800033569336,0.0,1.371999979019165,65.0,-1.2768810242414474,7.400000095367432,152.0,66.0,116.84026027098298,7.400000095367432,66.0,24.399999618530273,119.0,1785540261000.0,0.0430000014603138,66.0
77.0,103.81999969482422,0.5,1.3619999885559082,67.0,-1.276887897402048,7.400000095367432,155.0,68.0,116.84024333953857,7.400000095367432,68.0,23.799999237060547,119.0,1785540263000.0,0.020999999716877937,68.0
77.0,109.12000274658203,0.5,1.3339999914169312,71.0,-1.2768962793052197,7.599999904632568,155.0,72.0,116.84019480831921,7.599999904632568,72.0,23.200000762939453,119.0,1785540267000.0,0.035999998450279236,72.0
78.0,112.5999984741211,0.5,1.3250000476837158,73.0,-1.2769054155796766,7.599999904632568,157.0,74.0,116.84016480110586,7.599999904632568,74.0,23.200000762939453,119.0,1785540269000.0,0.03799999877810478,74.0
76.0,122.41000366210938,0.5,1.3250000476837158,79.0,-1.2769228499382734,7.599999904632568,153.0,80.0,116.84007176198065,7.599999904632568,80.0,23.799999237060547,118.0,1785540275000.0,0.004999999888241291,80.0
75.0,125.02999877929688,0.0,1.3250000476837158,81.0,-1.2769246939569712,7.400000095367432,150.0,82.0,116.84004611335695,7.400000095367432,82.0,24.0,119.0,1785540277000.0,-0.10700000077486038,82.0
76.0,131.5399932861328,0.0,1.315999984741211,85.0,-1.2769304774701595,6.800000190734863,152.0,86.0,116.83998777531087,6.800000190734863,86.0,24.600000381469727,117.0,1785540281000.0,-0.15700000524520874,86.0
76.0,132.97999572753906,0.0,1.315999984741211,86.0,-1.2769315671175718,6.800000190734863,152.0,87.0,116.83997495099902,6.800000190734863,87.0,24.799999237060547,117.0,1785540282000.0,-0.1379999965429306,87.0
77.0,145.13999938964844,0.5,1.343999981880188,93.0,-1.2769514322280884,5.599999904632568,155.0,94.0,116.8398652318865,5.599999904632568,94.0,25.399999618530273,118.0,1785540289000.0,-0.16899999976158142,94.0
80.0,154.77000427246094,0.0,1.3899999856948853,98.0,-1.2769894860684872,4.800000190734863,160.0,99.0,116.8397859390825,4.800000190734863,99.0,25.600000381469727,121.0,1785540294000.0,-0.12700000405311584,99.0
80.0,158.9199981689453,0.0,1.4179999828338623,100.0,-1.2769873067736626,4.800000190734863,160.0,101.0,116.83974897488952,4.800000190734863,101.0,25.799999237060547,123.0,1785540296000.0,-0.06700000166893005,101.0
77.0,165.35000610351562,0.5,1.4179999828338623,105.0,-1.277005160227418,4.599999904632568,155.0,106.0,116.83969365432858,4.599999904632568,106.0,26.600000381469727,126.0,1785540301000.0,-0.03999999910593033,106.0
76.0,169.91000366210938,0.5,1.38100004196167,108.0,-1.2770243547856808,4.400000095367432,153.0,109.0,116.83965710923076,4.400000095367432,109.0,26.799999237060547,126.0,1785540304000.0,-0.023000000044703484,109.0
78.0,183.16000366210938,0.0,1.4279999732971191,116.0,-1.2770730536431074,4.400000095367432,156.0,117.0,116.83954789303243,4.400000095367432,117.0,24.200000762939453,126.0,1785540312000.0,-0.02199999988079071,117.0
77.0,187.82000732421875,0.5,1.4739999771118164,119.0,-1.2770782504230738,4.599999904632568,155.0,120.0,116.83950623497367,4.599999904632568,120.0,23.399999618530273,127.0,1785540315000.0,0.07199999690055847,120.0
78.0,192.5,0.5,1.4930000305175781,122.0,-1.2770858779549599,4.800000190734863,157.0,123.0,116.83946466073394,4.800000190734863,123.0,23.399999618530273,126.0,1785540318000.0,0.09099999815225601,123.0
76.0,203.47000122070312,0.5,1.4559999704360962,130.0,-1.277086716145277,5.599999904632568,153.0,131.0,116.83936499990523,5.599999904632568,131.0,23.399999618530273,126.0,1785540326000.0,0.08900000154972076,131.0
77.0,204.8300018310547,0.5,1.4559999704360962,131.0,-1.277089063078165,5.599999904632568,155.0,132.0,116.8393530137837,5.599999904632568,132.0,23.200000762939453,126.0,1785540327000.0,0.07800000160932541,132.0
77.0,208.99000549316406,0.5,1.437000036239624,134.0,-1.2770944274961948,5.800000190734863,155.0,135.0,116.83931596577168,5.800000190734863,135.0,22.200000762939453,126.0,1785540330000.0,0.0689999982714653,135.0
76.0,211.47000122070312,0.5,1.4279999732971191,136.0,-1.27710054628551,5.800000190734863,153.0,137.0,116.83929467573762,5.800000190734863,137.0,21.200000762939453,126.0,1785540332000.0,0.03799999877810478,137.0
76.0,212.63999938964844,0.5,1.4279999732971191,137.0,-1.2771024741232395,6.0,153.0,138.0,116.83928428217769,6.0,138.0,21.0,125.0,1785540333000.0,0.03700000047683716,138.0
75.0,219.6300048828125,0.0,1.409000039100647,143.0,-1.2771035637706518,6.199999809265137,150.0,144.0,116.83922083117068,6.199999809265137,144.0,19.799999237060547,125.0,1785540339000.0,0.06199999898672104,144.0
75.0,221.83999633789062,0.0,1.399999976158142,145.0,-1.277102893218398,6.400000095367432,150.0,146.0,116.839200546965,6.400000095367432,146.0,19.600000381469727,124.0,1785540341000.0,0.0729999989271164,146.0
75.0,224.97999572753906,0.0,1.371999979019165,148.0,-1.2770945113152266,6.599999904632568,150.0,149.0,116.83917129412293,6.599999904632568,149.0,19.799999237060547,123.0,1785540344000.0,0.07000000029802322,149.0
77.0,235.16000366210938,0.5,1.343999981880188,155.0,-1.2770869676023722,7.400000095367432,155.0,156.0,116.83907054364681,7.400000095367432,156.0,23.399999618530273,123.0,1785540351000.0,0.10400000214576721,156.0
76.0,247.0800018310547,0.0,1.3250000476837158,164.0,-1.2771111074835062,8.0,152.0,165.0,116.83896602131426,8.0,165.0,25.0,123.0,1785540360000.0,0.07000000029802322,165.0
77.0,260.010009765625,0.5,1.3250000476837158,172.0,-1.2771478202193975,8.0,155.0,173.0,116.83885571546853,8.0,173.0,23.600000381469727,123.0,1785540368000.0,0.0,173.0
75.0,273.8299865722656,0.0,1.3619999885559082,180.0,-1.2771584652364254,8.0,150.0,181.0,116.83873225003481,8.0,181.0,23.200000762939453,124.0,1785540376000.0,0.0,181.0
74.0,275.3399963378906,0.0,1.3619999885559082,181.0,-1.277157124131918,8.0,148.0,182.0,116.83871758170426,8.0,182.0,23.399999618530273,124.0,1785540377000.0,0.0,182.0
76.0,280.55999755859375,0.0,1.371999979019165,186.0,-1.2771601416170597,8.0,152.0,187.0,116.83867014013231,8.0,187.0,24.799999237060547,125.0,1785540382000.0,0.0,187.0
74.0,285.67999267578125,0.0,1.3250000476837158,192.0,-1.2771430425345898,8.0,148.0,193.0,116.83862772770226,8.0,193.0,26.200000762939453,123.0,1785540388000.0,0.0,193.0
75.0,287.5799865722656,0.0,1.315999984741211,194.0,-1.277142707258463,8.0,150.0,195.0,116.83860928751528,8.0,195.0,26.399999618530273,121.0,1785540390000.0,0.0,195.0
75.0,289.8800048828125,0.0,1.2970000505447388,196.0,-1.277141785249114,8.0,150.0,197.0,116.83858833275735,8.0,197.0,26.600000381469727,120.0,1785540392000.0,0.0,197.0
75.0,295.3999938964844,0.0,1.2690000534057617,200.0,-1.277136504650116,8.0,150.0,201.0,116.83854022063315,8.0,201.0,26.799999237060547,121.0,1785540396000.0,0.0,201.0
76.0,301.17999267578125,0.0,1.2599999904632568,204.0,-1.2771074194461107,8.0,152.0,205.0,116.83849822729826,8.0,205.0,29.399999618530273,122.0,1785540400000.0,0.0,205.0
77.0,305.2900085449219,0.5,1.2690000534057617,207.0,-1.27711177803576,7.800000190734863,155.0,208.0,116.83845992200077,7.800000190734863,208.0,32.20000076293945,123.0,1785540403000.0,-0.03799999877810478,208.0
77.0,306.8699951171875,0.5,1.2690000534057617,208.0,-1.2771138735115528,7.800000190734863,155.0,209.0,116.8384457565844,7.800000190734863,209.0,32.79999923706055,123.0,1785540404000.0,-0.08699999749660492,209.0
77.0,308.5199890136719,0.5,1.2690000534057617,209.0,-1.277115298435092,7.599999904632568,155.0,210.0,116.83842941187322,7.599999904632568,210.0,33.20000076293945,122.0,1785540405000.0,-0.10700000077486038,210.0
76.0,314.760009765625,0.5,1.277999997138977,213.0,-1.2771247699856758,7.800000190734863,153.0,214.0,116.83837006799877,7.800000190734863,214.0,34.0,121.0,1785540409000.0,0.013000000268220901,214.0
76.0,315.7799987792969,0.5,1.277999997138977,214.0,-1.277126781642437,7.800000190734863,153.0,215.0,116.83836109936237,7.800000190734863,215.0,34.0,120.0,1785540410000.0,0.014000000432133675,215.0
76.0,316.5799865722656,0.0,1.277999997138977,217.0,-1.2771318946033716,7.800000190734863,152.0,218.0,116.83834249153733,7.800000190734863,218.0,33.0,120.0,1785540413000.0,0.012000000104308128,218.0
76.0,322.989990234375,0.0,1.25,223.0,-1.2771469820290804,8.0,152.0,224.0,116.83828013017774,8.0,224.0,31.200000762939453,121.0,1785540419000.0,0.017999999225139618,224.0
78.0,335.6400146484375,0.0,1.222000002861023,230.0,-1.2771484907716513,8.0,156.0,231.0,116.838153982535,8.0,231.0,28.600000381469727,118.0,1785540426000.0,0.0020000000949949026,231.0
77.0,338.45001220703125,0.5,1.222000002861023,232.0,-1.2771533522754908,8.0,155.0,233.0,116.83812892064452,8.0,233.0,28.600000381469727,116.0,1785540428000.0,0.05400000140070915,233.0
75.0,343.9700012207031,0.0,1.222000002861023,236.0,-1.2771753128618002,8.199999809265137,150.0,237.0,116.83808466419578,8.199999809265137,237.0,29.399999618530273,116.0,1785540432000.0,0.052000001072883606,237.0
75.0,347.32000732421875,0.0,1.222000002861023,238.0,-1.2771827727556229,8.399999618530273,150.0,239.0,116.83805499225855,8.399999618530273,239.0,29.399999618530273,116.0,1785540434000.0,0.05299999937415123,239.0
74.0,359.1499938964844,0.0,1.2410000562667847,245.0,-1.2771907355636358,8.800000190734863,148.0,246.0,116.837950469926,8.800000190734863,246.0,29.0,118.0,1785540441000.0,0.05400000140070915,246.0
75.0,368.0299987792969,0.0,1.2599999904632568,252.0,-1.2771946750581264,9.0,150.0,253.0,116.83786883018911,9.0,253.0,28.200000762939453,120.0,1785540448000.0,0.039000000804662704,253.0
72.0,377.6300048828125,0.0,1.2690000534057617,259.0,-1.2771821022033691,9.199999809265137,144.0,260.0,116.83778023347259,9.199999809265137,260.0,25.600000381469727,122.0,1785540455000.0,0.026000000536441803,260.0
74.0,384.7300109863281,0.0,1.2410000562667847,265.0,-1.27717480994761,9.399999618530273,148.0,266.0,116.83771301060915,9.399999618530273,266.0,25.600000381469727,122.0,1785540461000.0,0.04899999871850014,266.0
76.0,397.4700012207031,0.0,1.222000002861023,273.0,-1.2771607283502817,10.0,152.0,274.0,116.83759583160281,10.0,274.0,26.799999237060547,122.0,1785540469000.0,0.06499999761581421,274.0
76.0,404.6000061035156,0.0,1.2319999933242798,280.0,-1.277190651744604,9.600000381469727,152.0,281.0,116.83753204531968,9.600000381469727,281.0,27.399999618530273,123.0,1785540476000.0,-0.04500000178813934,281.0
76.0,408.44000244140625,0.0,1.222000002861023,285.0,-1.2772029731422663,9.600000381469727,152.0,286.0,116.83749558404088,9.600000381469727,286.0,23.600000381469727,126.0,1785540481000.0,-0.027000000700354576,286.0
76.0,411.6499938964844,0.0,1.2130000591278076,288.0,-1.2772040627896786,9.600000381469727,152.0,289.0,116.83746591210365,9.600000381469727,289.0,21.799999237060547,125.0,1785540484000.0,-0.004000000189989805,289.0
76.0,413.19000244140625,0.5,1.2130000591278076,289.0,-1.2772057391703129,9.600000381469727,153.0,290.0,116.83745023794472,9.600000381469727,290.0,21.399999618530273,125.0,1785540485000.0,-0.017999999225139618,290.0
77.0,417.9100036621094,0.5,1.222000002861023,292.0,-1.2772008776664734,9.600000381469727,155.0,293.0,116.83740514330566,9.600000381469727,293.0,20.600000381469727,124.0,1785540488000.0,0.017000000923871994,293.0
76.0,424.3399963378906,0.5,1.2410000562667847,296.0,-1.2771856226027012,9.800000190734863,153.0,297.0,116.83734680525959,9.800000190734863,297.0,20.600000381469727,123.0,1785540492000.0,0.04100000113248825,297.0
77.0,440.30999755859375,0.5,1.3250000476837158,305.0,-1.277148574590683,9.199999809265137,155.0,306.0,116.83720523491502,9.199999809265137,306.0,23.200000762939453,123.0,1785540501000.0,-0.057999998331069946,306.0
79.0,447.010009765625,0.0,1.4930000305175781,309.0,-1.2771367561072111,8.800000190734863,158.0,310.0,116.83714513666928,8.800000190734863,310.0,25.399999618530273,120.0,1785540505000.0,-0.1080000028014183,310.0
77.0,454.6099853515625,0.5,1.5770000219345093,314.0,-1.2771290447562933,8.199999809265137,155.0,315.0,116.83707707561553,8.199999809265137,315.0,27.0,120.0,1785540510000.0,-0.09799999743700027,315.0
77.0,459.239990234375,0.5,1.5770000219345093,318.0,-1.2771168909966946,8.0,155.0,319.0,116.8370370939374,8.0,319.0,27.600000381469727,123.0,1785540514000.0,-0.07199999690055847,319.0
77.0,467.3800048828125,0.5,1.4839999675750732,324.0,-1.2770956847816706,7.400000095367432,155.0,325.0,116.83696727268398,7.400000095367432,325.0,29.200000762939453,124.0,1785540520000.0,-0.08399999886751175,325.0
77.0,482.07000732421875,0.5,1.5119999647140503,332.0,-1.2770998757332563,6.599999904632568,155.0,333.0,116.83683559298515,6.599999904632568,333.0,31.799999237060547,122.0,1785540528000.0,-0.11800000071525574,333.0
77.0,494.67999267578125,0.0,1.5859999656677246,340.0,-1.2771053239703178,5.800000190734863,154.0,341.0,116.83672243729234,5.800000190734863,341.0,30.600000381469727,124.0,1785540536000.0,-0.10199999809265137,341.0
77.0,497.1600036621094,0.5,1.6050000190734863,342.0,-1.2771130353212357,5.599999904632568,155.0,343.0,116.83670148253441,5.599999904632568,343.0,30.200000762939453,124.0,1785540538000.0,-0.07500000298023224,343.0
77.0,504.4800109863281,0.5,1.6139999628067017,347.0,-1.2771358340978622,5.199999809265137,155.0,348.0,116.8366401270032,5.199999809265137,348.0,29.200000762939453,126.0,1785540543000.0,-0.08799999952316284,348.0
76.0,516.4400024414062,0.5,1.5959999561309814,355.0,-1.277147065848112,4.400000095367432,153.0,356.0,116.83653317391872,4.400000095367432,356.0,26.0,125.0,1785540551000.0,-0.09600000083446503,356.0
77.0,527.0399780273438,0.0,1.5859999656677246,363.0,-1.2771577946841717,4.199999809265137,154.0,364.0,116.83643904514611,4.199999809265137,364.0,25.200000762939453,127.0,1785540559000.0,-0.02500000037252903,364.0
77.0,528.3200073242188,0.0,1.5859999656677246,364.0,-1.2771630752831697,4.199999809265137,154.0,365.0,116.83642881922424,4.199999809265137,365.0,25.200000762939453,127.0,1785540560000.0,0.00800000037997961,365.0
77.0,529.3900146484375,0.0,1.5859999656677246,365.0,-1.277166260406375,4.199999809265137,154.0,366.0,116.83641901239753,4.199999809265137,366.0,25.200000762939453,127.0,1785540561000.0,0.012000000104308128,366.0
76.0,532.030029296875,0.0,1.5770000219345093,367.0,-1.2771699484437704,4.199999809265137,152.0,368.0,116.83639545924962,4.199999809265137,368.0,25.0,124.0,1785540563000.0,0.028999999165534973,368.0
80.0,538.0999755859375,0.0,1.5679999589920044,370.0,-1.2771864607930183,4.400000095367432,160.0,371.0,116.83634349144995,4.400000095367432,371.0,24.0,121.0,1785540566000.0,0.023000000044703484,371.0
80.0,541.0999755859375,0.0,1.5679999589920044,372.0,-1.2771887239068747,4.400000095367432,160.0,373.0,116.83631658554077,4.400000095367432,373.0,23.600000381469727,120.0,1785540568000.0,0.03999999910593033,373.0
77.0,547.8900146484375,0.0,1.5679999589920044,376.0,-1.2772038113325834,4.400000095367432,154.0,377.0,116.83625724166632,4.400000095367432,377.0,23.600000381469727,120.0,1785540572000.0,0.026000000536441803,377.0
76.0,551.3800048828125,0.0,1.5770000219345093,379.0,-1.277212779968977,4.599999904632568,152.0,380.0,116.83622606098652,4.599999904632568,380.0,23.799999237060547,122.0,1785540575000.0,0.01600000075995922,380.0
77.0,556.239990234375,0.5,1.5679999589920044,383.0,-1.277210097759962,4.599999904632568,155.0,384.0,116.83618222363293,4.599999904632568,384.0,23.799999237060547,125.0,1785540579000.0,0.024000000208616257,384.0
77.0,560.5499877929688,0.5,1.5579999685287476,386.0,-1.2772050686180592,4.599999904632568,155.0,387.0,116.83614358305931,4.599999904632568,387.0,23.799999237060547,125.0,1785540582000.0,0.012000000104308128,387.0
77.0,562.530029296875,0.5,1.5579999685287476,387.0,-1.27720071002841,4.800000190734863,155.0,388.0,116.83612631633878,4.800000190734863,388.0,24.0,126.0,1785540583000.0,0.03099999949336052,388.0
79.0,572.219970703125,0.5,1.5579999685287476,392.0,-1.277196267619729,4.800000190734863,159.0,393.0,116.83603956364095,4.800000190734863,393.0,25.799999237060547,128.0,1785540588000.0,0.006000000052154064,393.0
78.0,587.8099975585938,0.0,1.5770000219345093,404.0,-1.2772052362561226,4.599999904632568,156.0,405.0,116.83590034022927,4.599999904632568,405.0,28.200000762939453,130.0,1785540600000.0,-0.004999999888241291,405.0
74.0,596.4600219726562,0.0,1.4739999771118164,412.0,-1.2771870475262403,4.599999904632568,148.0,413.0,116.83582507073879,4.599999904632568,413.0,26.799999237060547,131.0,1785540608000.0,-0.017000000923871994,413.0
72.0,601.4500122070312,0.5,1.3530000448226929,416.0,-1.2771858740597963,4.400000095367432,145.0,417.0,116.83578031137586,4.400000095367432,417.0,26.200000762939453,128.0,1785540612000.0,-0.039000000804662704,417.0
73.0,604.1599731445312,0.5,1.3250000476837158,418.0,-1.2771875504404306,4.199999809265137,147.0,419.0,116.83575541712344,4.199999809265137,419.0,26.0,126.0,1785540614000.0,-0.04800000041723251,419.0
74.0,614.0599975585938,0.0,1.315999984741211,426.0,-1.2771899811923504,4.0,148.0,427.0,116.8356659822166,4.0,427.0,25.399999618530273,125.0,1785540622000.0,-0.04100000113248825,427.0
74.0,615.3400268554688,0.0,1.3530000448226929,427.0,-1.277189226821065,4.0,148.0,428.0,116.83565449900925,4.0,428.0,25.200000762939453,125.0,1785540623000.0,-0.039000000804662704,428.0
76.0,618.219970703125,0.0,1.343999981880188,429.0,-1.277185119688511,3.799999952316284,152.0,430.0,116.83562935329974,3.799999952316284,430.0,25.200000762939453,124.0,1785540625000.0,-0.03799999877810478,430.0
73.0,624.6900024414062,0.5,1.371999979019165,434.0,-1.27718654461205,3.5999999046325684,147.0,435.0,116.83557076379657,3.5999999046325684,435.0,25.600000381469727,122.0,1785540630000.0,-0.0430000014603138,435.0
74.0,638.9000244140625,0.0,1.3899999856948853,443.0,-1.2772053200751543,3.0,148.0,444.0,116.83544285595417,3.0,444.0,27.0,121.0,1785540639000.0,-0.05900000035762787,444.0
75.0,649.4000244140625,0.0,1.399999976158142,452.0,-1.2772251013666391,2.799999952316284,150.0,453.0,116.83534881100059,2.799999952316284,453.0,27.0,119.0,1785540648000.0,-0.03700000047683716,453.0
74.0,660.4000244140625,0.0,1.371999979019165,461.0,-1.277220994234085,2.799999952316284,148.0,462.0,116.83524990454316,2.799999952316284,462.0,24.200000762939453,120.0,1785540657000.0,0.0020000000949949026,462.0
75.0,671.6300048828125,0.0,1.3530000448226929,470.0,-1.2772131990641356,2.799999952316284,150.0,471.0,116.83514999225736,2.799999952316284,471.0,21.399999618530273,122.0,1785540666000.0,0.003000000026077032,471.0
75.0,679.5700073242188,0.0,1.343999981880188,476.0,-1.2772134505212307,2.799999952316284,150.0,477.0,116.8350784946233,2.799999952316284,477.0,19.799999237060547,119.0,1785540672000.0,0.0,477.0
74.0,683.260009765625,0.0,1.3530000448226929,479.0,-1.2772129476070404,2.799999952316284,148.0,480.0,116.83504513464868,2.799999952316284,480.0,19.399999618530273,118.0,1785540675000.0,0.0010000000474974513,480.0
73.0,694.6599731445312,0.5,1.3339999914169312,488.0,-1.2772350758314133,3.200000047683716,147.0,489.0,116.83494589291513,3.200000047683716,489.0,19.200000762939453,117.0,1785540684000.0,0.04899999871850014,489.0
76.0,700.8900146484375,0.0,1.3250000476837158,494.0,-1.2772208265960217,3.799999952316284,152.0,495.0,116.83489174582064,3.799999952316284,495.0,19.399999618530273,116.0,1785540690000.0,0.09099999815225601,495.0
76.0,702.0,0.0,1.3250000476837158,495.0,-1.2772187311202288,3.799999952316284,152.0,496.0,116.83488193899393,3.799999952316284,496.0,19.600000381469727,116.0,1785540691000.0,0.09300000220537186,496.0
75.0,715.010009765625,0.0,1.2970000505447388,504.0,-1.277200374752283,4.599999904632568,150.0,505.0,116.83476702310145,4.599999904632568,505.0,20.799999237060547,119.0,1785540700000.0,0.07500000298023224,505.0
74.0,727.0499877929688,0.5,1.2690000534057617,514.0,-1.2772165518254042,4.400000095367432,149.0,515.0,116.8346537835896,4.400000095367432,515.0,24.0,120.0,1785540710000.0,-0.017000000923871994,515.0
75.0,737.469970703125,0.0,1.25,522.0,-1.2772220838814974,4.400000095367432,150.0,523.0,116.83455999009311,4.400000095367432,523.0,24.399999618530273,120.0,1785540718000.0,-0.007000000216066837,523.0
78.0,748.219970703125,0.5,1.277999997138977,528.0,-1.2772269453853369,4.400000095367432,157.0,529.0,116.83446301147342,4.400000095367432,529.0,22.600000381469727,120.0,1785540724000.0,0.027000000700354576,529.0
80.0,766.77001953125,0.5,1.4930000305175781,538.0,-1.277240188792348,3.799999952316284,161.0,539.0,116.83429579250515,3.799999952316284,539.0,21.200000762939453,121.0,1785540734000.0,-0.06499999761581421,539.0
80.0,772.25,0.5,1.5299999713897705,541.0,-1.2772383447736502,3.799999952316284,161.0,542.0,116.83424675837159,3.799999952316284,542.0,21.0,124.0,1785540737000.0,-0.010999999940395355,542.0
78.0,776.3400268554688,0.5,1.5399999618530273,544.0,-1.2772430386394262,4.0,157.0,545.0,116.83421046473086,4.0,545.0,21.0,127.0,1785540740000.0,0.08100000023841858,545.0
78.0,779.1500244140625,0.5,1.5210000276565552,546.0,-1.2772455532103777,4.199999809265137,157.0,547.0,116.83418548665941,4.199999809265137,547.0,20.799999237060547,128.0,1785540742000.0,0.08500000089406967,547.0
0.0,795.0999755859375,0.0,1.3619999885559082,555.0,-1.2772584613412619,5.199999809265137,0.0,556.0,116.83404400013387,5.199999809265137,556.0,21.200000762939453,130.0,1785540751000.0,0.1080000028014183,556.0
0.0,805.8400268554688,0.0,1.6330000162124634,562.0,-1.2772538512945175,5.800000190734863,0.0,563.0,116.83394844643772,5.800000190734863,563.0,21.200000762939453,129.0,1785540758000.0,0.08399999886751175,563.0
57.0,814.1099853515625,0.0,1.5490000247955322,567.0,-1.277264328673482,6.0,114.0,568.0,116.83387418277562,6.0,568.0,21.799999237060547,132.0,1785540763000.0,0.04800000041723251,568.0
56.0,823.260009765625,0.5,1.4459999799728394,573.0,-1.2772717885673046,6.599999904632568,113.0,574.0,116.83379212394357,6.599999904632568,574.0,23.399999618530273,133.0,1785540769000.0,0.08900000154972076,574.0
57.0,833.9500122070312,0.5,1.3899999856948853,580.0,-1.2772759795188904,7.199999809265137,115.0,581.0,116.83369648642838,7.199999809265137,581.0,23.600000381469727,134.0,1785540776000.0,0.09399999678134918,581.0
57.0,835.72998046875,0.5,1.371999979019165,582.0,-1.2772804219275713,7.199999809265137,115.0,583.0,116.83368131518364,7.199999809265137,583.0,23.600000381469727,134.0,1785540778000.0,0.039000000804662704,583.0
58.0,847.9400024414062,0.0,1.343999981880188,590.0,-1.2772724591195583,8.0,116.0,591.0,116.83357218280435,8.0,591.0,21.799999237060547,134.0,1785540786000.0,0.08799999952316284,591.0
0.0,852.2100219726562,0.0,1.343999981880188,593.0,-1.2772758956998587,8.0,0.0,594.0,116.83353396132588,8.0,594.0,22.0,129.0,1785540789000.0,0.0,594.0
57.0,857.0700073242188,0.0,1.343999981880188,596.0,-1.2772778235375881,8.0,114.0,597.0,116.83349045924842,8.0,597.0,21.799999237060547,125.0,1785540792000.0,0.0,597.0
57.0,859.25,0.0,1.3530000448226929,598.0,-1.277276398614049,8.0,114.0,599.0,116.83347092941403,8.0,599.0,21.399999618530273,122.0,1785540794000.0,0.0,599.0
57.0,861.8300170898438,0.5,1.343999981880188,600.0,-1.2772736325860023,8.0,115.0,601.0,116.83344787918031,8.0,601.0,20.799999237060547,121.0,1785540796000.0,0.0,601.0
78.0,869.469970703125,0.5,1.343999981880188,606.0,-1.2772601377218962,8.399999618530273,157.0,607.0,116.83338090777397,8.399999618530273,607.0,18.600000381469727,121.0,1785540802000.0,0.08100000023841858,607.0
78.0,871.22998046875,0.5,1.3530000448226929,607.0,-1.277254857122898,8.600000381469727,157.0,608.0,116.83336506597698,8.600000381469727,608.0,18.399999618530273,122.0,1785540803000.0,0.17100000381469727,608.0
79.0,889.3200073242188,0.5,1.4739999771118164,615.0,-1.2771484069526196,9.399999618530273,159.0,616.0,116.83323204517365,9.399999618530273,616.0,16.600000381469727,122.0,1785540811000.0,0.08699999749660492,616.0
81.0,895.6699829101562,0.5,1.6239999532699585,619.0,-1.2771215848624706,9.600000381469727,163.0,620.0,116.83318058028817,9.600000381469727,620.0,15.199999809265137,123.0,1785540815000.0,0.05700000002980232,620.0
81.0,900.0499877929688,0.5,1.5959999561309814,621.0,-1.277102055028081,9.399999618530273,163.0,622.0,116.83314638212323,9.399999618530273,622.0,13.600000381469727,127.0,1785540817000.0,-0.1080000028014183,622.0
81.0,902.5399780273438,0.5,1.5959999561309814,622.0,-1.277094092220068,9.199999809265137,163.0,623.0,116.83312492445111,9.199999809265137,623.0,12.600000381469727,127.0,1785540818000.0,-0.16300000250339508,623.0
79.0,911.5700073242188,0.5,1.5119999647140503,627.0,-1.2770817708224058,8.800000190734863,159.0,628.0,116.83304353617132,8.800000190734863,628.0,8.0,130.0,1785540823000.0,-0.08500000089406967,628.0
79.0,915.2000122070312,0.5,1.5119999647140503,629.0,-1.2770704552531242,8.600000381469727,159.0,630.0,116.83301277458668,8.600000381469727,630.0,6.800000190734863,129.0,1785540825000.0,-0.11599999666213989,630.0
78.0,922.1400146484375,0.5,1.4459999799728394,635.0,-1.2770588882267475,8.399999618530273,157.0,636.0,116.83294563554227,8.399999618530273,636.0,5.199999809265137,129.0,1785540831000.0,-0.029999999329447746,636.0
81.0,939.9099731445312,0.5,1.3899999856948853,642.0,-1.27702871337533,7.800000190734863,163.0,643.0,116.83277439326048,7.800000190734863,643.0,6.0,128.0,1785540838000.0,-0.07500000298023224,643.0
77.0,956.3300170898438,0.5,1.315999984741211,651.0,-1.2769910786300898,6.599999904632568,155.0,652.0,116.83263123035431,6.599999904632568,652.0,16.399999618530273,128.0,1785540847000.0,-0.12999999523162842,652.0
79.0,960.52001953125,0.5,1.305999994277954,653.0,-1.2769722193479538,6.400000095367432,159.0,654.0,116.83259728364646,6.400000095367432,654.0,17.200000762939453,131.0,1785540849000.0,-0.15600000321865082,654.0
79.0,964.8599853515625,0.5,1.305999994277954,655.0,-1.2769605685025454,6.0,159.0,656.0,116.83255956508219,6.0,656.0,17.600000381469727,133.0,1785540851000.0,-0.15700000524520874,656.0
78.0,972.4299926757812,0.5,1.3250000476837158,657.0,-1.2769527733325958,5.599999904632568,157.0,658.0,116.83248882181942,5.599999904632568,658.0,17.799999237060547,135.0,1785540853000.0,-0.20900000631809235,658.0
79.0,976.3300170898438,0.5,1.343999981880188,658.0,-1.2769773323088884,5.599999904632568,159.0,659.0,116.83245554566383,5.599999904632568,659.0,17.799999237060547,136.0,1785540854000.0,-0.11999999731779099,659.0
79.0,978.1699829101562,0.5,1.3619999885559082,659.0,-1.2770094349980354,5.400000095367432,159.0,660.0,116.83242763392627,5.400000095367432,660.0,17.799999237060547,136.0,1785540855000.0,-0.10000000149011612,660.0
79.0,985.5499877929688,0.5,1.6139999628067017,664.0,-1.2770823575556278,5.199999809265137,159.0,665.0,116.8323573935777,5.199999809265137,665.0,21.200000762939453,137.0,1785540860000.0,-0.050999999046325684,665.0
79.0,986.1900024414062,0.5,1.5770000219345093,665.0,-1.277081687003374,5.199999809265137,159.0,666.0,116.8323505204171,5.199999809265137,666.0,21.600000381469727,137.0,1785540861000.0,-0.02500000037252903,666.0
79.0,990.6199951171875,0.5,1.4930000305175781,669.0,-1.2770791724324226,5.0,159.0,670.0,116.83231171220541,5.0,670.0,21.799999237060547,136.0,1785540865000.0,-0.029999999329447746,670.0
80.0,994.0999755859375,0.0,1.5679999589920044,672.0,-1.2770847883075476,5.199999809265137,160.0,673.0,116.83228069916368,5.199999809265137,673.0,20.399999618530273,135.0,1785540868000.0,0.03700000047683716,673.0
79.0,997.6799926757812,0.0,1.5490000247955322,675.0,-1.2770824413746595,5.199999809265137,158.0,676.0,116.83224876411259,5.199999809265137,676.0,19.0,134.0,1785540871000.0,0.03799999877810478,676.0
78.0,1000.7000122070312,0.0,1.371999979019165,678.0,-1.2770817708224058,5.400000095367432,156.0,679.0,116.83222060091794,5.400000095367432,679.0,17.600000381469727,136.0,1785540874000.0,0.03400000184774399,679.0
78.0,1004.030029296875,0.0,1.315999984741211,681.0,-1.2770801782608032,5.400000095367432,156.0,682.0,116.83218925260007,5.400000095367432,682.0,16.600000381469727,137.0,1785540877000.0,0.03799999877810478,682.0
79.0,1018.6900024414062,0.0,1.222000002861023,688.0,-1.2770280428230762,6.199999809265137,158.0,689.0,116.83206679299474,6.199999809265137,689.0,15.600000381469727,137.0,1785540884000.0,0.11500000208616257,689.0
75.0,1033.1300048828125,0.0,1.222000002861023,695.0,-1.2769873905926943,6.599999904632568,150.0,696.0,116.8319424893707,6.599999904632568,696.0,23.200000762939453,135.0,1785540891000.0,0.052000001072883606,696.0
75.0,1049.02001953125,0.0,1.2690000534057617,703.0,-1.2769877258688211,6.599999904632568,150.0,704.0,116.83179471641779,6.599999904632568,704.0,30.399999618530273,135.0,1785540899000.0,0.0,704.0
74.0,1059.1400146484375,0.0,1.25,711.0,-1.2770620733499527,6.800000190734863,148.0,712.0,116.8316837400198,6.800000190734863,712.0,36.0,133.0,1785540907000.0,0.03400000184774399,712.0
76.0,1063.2099609375,0.0,1.305999994277954,715.0,-1.2770682759582996,7.199999809265137,152.0,716.0,116.83164627291262,7.199999809265137,716.0,36.79999923706055,130.0,1785540911000.0,0.06199999898672104,716.0
71.0,1067.1600341796875,0.5,1.2410000562667847,720.0,-1.277078166604042,7.400000095367432,143.0,721.0,116.8316092249006,7.400000095367432,721.0,36.599998474121094,128.0,1785540916000.0,0.04600000008940697,721.0
72.0,1074.97998046875,0.0,1.156999945640564,729.0,-1.2771991174668074,7.800000190734863,144.0,730.0,116.83154007419944,7.800000190734863,730.0,33.0,128.0,1785540925000.0,0.03799999877810478,730.0
73.0,1084.25,0.0,1.1009999513626099,738.0,-1.2772429548203945,8.399999618530273,146.0,739.0,116.83146128430963,8.399999618530273,739.0,29.399999618530273,128.0,1785540934000.0,0.0729999989271164,739.0
70.0,1087.9200439453125,0.0,1.0640000104904175,745.0,-1.277262568473816,8.600000381469727,140.0,746.0,116.83140470646322,8.600000381469727,746.0,24.600000381469727,128.0,1785540941000.0,0.039000000804662704,746.0
70.0,1093.1800537109375,0.5,1.0080000162124634,752.0,-1.2772659212350845,9.199999809265137,141.0,753.0,116.83134326711297,9.199999809265137,753.0,20.399999618530273,127.0,1785540948000.0,0.06599999964237213,753.0
69.0,1101.449951171875,0.0,1.128999948501587,759.0,-1.2772774882614613,9.800000190734863,138.0,760.0,116.83126841671765,9.800000190734863,760.0,18.799999237060547,125.0,1785540955000.0,0.10999999940395355,760.0
74.0,1112.8299560546875,0.0,1.1759999990463257,769.0,-1.2772757280617952,10.800000190734863,148.0,770.0,116.8311652354896,10.800000190734863,770.0,19.399999618530273,123.0,1785540965000.0,0.09799999743700027,770.0
76.0,1122.469970703125,0.0,1.1480000019073486,776.0,-1.2772820983082056,11.399999618530273,152.0,777.0,116.83108007535338,11.399999618530273,777.0,19.799999237060547,123.0,1785540972000.0,0.08399999886751175,777.0
75.0,1126.449951171875,0.0,1.156999945640564,779.0,-1.2772759795188904,11.800000190734863,150.0,780.0,116.83104520663619,11.800000190734863,780.0,20.0,123.0,1785540975000.0,0.09099999815225601,780.0
77.0,1136.5699462890625,0.5,1.194000005722046,786.0,-1.2772694416344166,12.399999618530273,155.0,787.0,116.83095552027225,12.399999618530273,787.0,21.399999618530273,123.0,1785540982000.0,0.09600000083446503,787.0
77.0,1143.4200439453125,0.5,1.2319999933242798,791.0,-1.2772421166300774,12.600000381469727,155.0,792.0,116.83089533820748,12.600000381469727,792.0,21.399999618530273,122.0,1785540987000.0,0.041999999433755875,792.0
77.0,1145.0,0.5,1.2410000562667847,792.0,-1.2772305496037006,12.600000381469727,155.0,793.0,116.83087337762117,12.600000381469727,793.0,21.399999618530273,122.0,1785540988000.0,-0.03700000047683716,793.0
76.0,1148.489990234375,0.5,1.2599999904632568,794.0,-1.277208086103201,13.0,153.0,795.0,116.83084303513169,13.0,795.0,21.0,122.0,1785540990000.0,0.23399999737739563,795.0
77.0,1156.97998046875,0.5,1.277999997138977,798.0,-1.2771626561880112,14.600000381469727,155.0,799.0,116.83077715337276,14.600000381469727,799.0,20.799999237060547,124.0,1785540994000.0,0.38199999928474426,799.0
77.0,1166.5699462890625,0.5,1.3339999914169312,802.0,-1.2771219201385975,15.399999618530273,155.0,803.0,116.83069811202586,15.399999618530273,803.0,20.399999618530273,127.0,1785540998000.0,0.2240000069141388,803.0
78.0,1168.8299560546875,0.5,1.3619999885559082,803.0,-1.2771111074835062,15.600000381469727,157.0,804.0,116.83068084530532,15.600000381469727,804.0,20.200000762939453,127.0,1785540999000.0,0.12999999523162842,804.0
79.0,1172.219970703125,0.0,1.3899999856948853,805.0,-1.2771036475896835,15.800000190734863,158.0,806.0,116.83064756914973,15.800000190734863,806.0,19.799999237060547,127.0,1785541001000.0,0.10599999874830246,806.0
79.0,1174.9300537109375,0.5,1.399999976158142,806.0,-1.2770967744290829,15.600000381469727,159.0,807.0,116.83062409982085,15.600000381469727,807.0,19.600000381469727,127.0,1785541002000.0,-0.10700000077486038,807.0
78.0,1181.1500244140625,0.5,1.4179999828338623,809.0,-1.2770732212811708,15.399999618530273,157.0,810.0,116.83057263493538,15.399999618530273,810.0,20.0,128.0,1785541005000.0,-0.09000000357627869,810.0
78.0,1183.4100341796875,0.5,1.4279999732971191,810.0,-1.2770634144544601,15.399999618530273,157.0,811.0,116.83055478148162,15.399999618530273,811.0,20.399999618530273,128.0,1785541006000.0,-0.10000000149011612,811.0
80.0,1199.6800537109375,0.5,1.5210000276565552,816.0,-1.2770691979676485,15.199999809265137,161.0,817.0,116.83040918782353,15.199999809265137,817.0,21.200000762939453,131.0,1785541012000.0,-0.02199999988079071,817.0
77.0,1202.47998046875,0.5,1.5299999713897705,818.0,-1.2770966906100512,15.199999809265137,155.0,819.0,116.83037851005793,15.199999809265137,819.0,21.399999618530273,131.0,1785541014000.0,0.006000000052154064,819.0
78.0,1204.8599853515625,0.0,1.5399999618530273,820.0,-1.277105575427413,15.199999809265137,156.0,821.0,116.83035621419549,15.199999809265137,821.0,21.799999237060547,132.0,1785541016000.0,-0.04800000041723251,821.0
79.0,1212.449951171875,0.5,1.437000036239624,826.0,-1.2771173100918531,14.600000381469727,159.0,827.0,116.83028681203723,14.600000381469727,827.0,21.600000381469727,133.0,1785541022000.0,-0.09000000357627869,827.0
80.0,1216.280029296875,0.0,1.437000036239624,829.0,-1.2771233450621367,14.199999809265137,160.0,830.0,116.83025169186294,14.199999809265137,830.0,20.799999237060547,135.0,1785541025000.0,-0.09200000017881393,830.0
78.0,1225.0,0.5,1.4179999828338623,834.0,-1.2771899811923504,13.399999618530273,157.0,835.0,116.83017265051603,13.399999618530273,835.0,19.399999618530273,137.0,1785541030000.0,-0.16200000047683716,835.0
78.0,1237.47998046875,0.0,1.3619999885559082,842.0,-1.2772700283676386,12.399999618530273,156.0,843.0,116.83005513623357,12.399999618530273,843.0,20.200000762939453,137.0,1785541038000.0,-0.125,843.0
0.0,1249.969970703125,0.0,1.343999981880188,851.0,-1.2773135304450989,12.0,0.0,852.0,116.82994080707431,12.0,852.0,20.399999618530273,134.0,1785541047000.0,-0.06300000101327896,852.0
48.0,1251.1400146484375,0.5,1.343999981880188,852.0,-1.2773146200925112,11.800000190734863,97.0,853.0,116.82993032969534,11.800000190734863,853.0,20.399999618530273,134.0,1785541048000.0,-0.09200000017881393,853.0
48.0,1252.8499755859375,0.5,1.3250000476837158,854.0,-1.277317637577653,11.600000381469727,97.0,855.0,116.82991457171738,11.600000381469727,855.0,20.200000762939453,133.0,1785541050000.0,-0.07999999821186066,855.0
50.0,1259.0999755859375,0.5,1.2410000562667847,859.0,-1.2773150391876698,11.0,101.0,860.0,116.82985866442323,11.0,860.0,20.399999618530273,130.0,1785541055000.0,-0.12300000339746475,860.0
0.0,1267.75,0.0,1.2599999904632568,866.0,-1.277296682819724,10.199999809265137,0.0,867.0,116.82978289201856,10.199999809265137,867.0,24.399999618530273,130.0,1785541062000.0,-0.12600000202655792,867.0
0.0,1268.8800048828125,0.0,1.2599999904632568,867.0,-1.2772986944764853,10.0,0.0,868.0,116.82977224700153,10.0,868.0,24.799999237060547,130.0,1785541063000.0,-0.1080000028014183,868.0
0.0,1271.8399658203125,0.0,1.2690000534057617,869.0,-1.2772981077432632,9.800000190734863,0.0,870.0,116.82974634692073,9.800000190734863,870.0,25.399999618530273,129.0,1785541065000.0,-0.14100000262260437,870.0
54.0,1273.3199462890625,0.0,1.2690000534057617,871.0,-1.2772942520678043,9.600000381469727,108.0,872.0,116.82973327115178,9.600000381469727,872.0,25.600000381469727,126.0,1785541067000.0,-0.07800000160932541,872.0
0.0,1279.0699462890625,0.0,1.222000002861023,877.0,-1.2773032207041979,9.0,0.0,878.0,116.82967929169536,9.0,878.0,27.399999618530273,126.0,1785541073000.0,-0.09200000017881393,878.0
0.0,1288.5699462890625,0.0,1.2039999961853027,883.0,-1.2772903125733137,8.399999618530273,0.0,884.0,116.82958801276982,8.399999618530273,884.0,29.200000762939453,125.0,1785541079000.0,-0.11500000208616257,884.0
53.0,1299.989990234375,0.5,1.222000002861023,890.0,-1.2772442121058702,7.599999904632568,107.0,891.0,116.82948634028435,7.599999904632568,891.0,32.79999923706055,124.0,1785541086000.0,-0.10499999672174454,891.0
54.0,1305.5999755859375,0.0,1.222000002861023,894.0,-1.2772339023649693,7.400000095367432,108.0,895.0,116.82943906635046,7.400000095367432,895.0,34.400001525878906,123.0,1785541090000.0,-0.08500000089406967,895.0
53.0,1306.22998046875,0.5,1.222000002861023,895.0,-1.27723247744143,7.199999809265137,107.0,896.0,116.82943345047534,7.199999809265137,896.0,35.20000076293945,122.0,1785541091000.0,-0.03999999910593033,896.0
54.0,1317.050048828125,0.0,1.2410000562667847,902.0,-1.2772395182400942,6.599999904632568,108.0,903.0,116.82933806441724,6.599999904632568,903.0,38.400001525878906,122.0,1785541098000.0,-0.09799999743700027,903.0
54.0,1318.550048828125,0.0,1.2410000562667847,903.0,-1.277240188792348,6.400000095367432,108.0,904.0,116.82932415045798,6.400000095367432,904.0,39.0,122.0,1785541099000.0,-0.10000000149011612,904.0
73.0,1325.47998046875,0.5,1.2599999904632568,908.0,-1.2772354949265718,6.0,147.0,909.0,116.82926187291741,6.0,909.0,43.0,119.0,1785541104000.0,-0.09000000357627869,909.0
74.0,1326.56005859375,0.0,1.315999984741211,909.0,-1.2772414460778236,6.0,148.0,910.0,116.8292541615665,6.0,910.0,43.79999923706055,119.0,1785541105000.0,-0.027000000700354576,910.0
71.0,1333.8399658203125,0.0,1.399999976158142,916.0,-1.2772835232317448,6.0,142.0,917.0,116.8291881121695,6.0,917.0,45.0,118.0,1785541112000.0,0.0,917.0
0.0,1341.219970703125,0.0,1.343999981880188,925.0,-1.2773097585886717,6.0,0.0,926.0,116.82912114076316,6.0,926.0,41.20000076293945,122.0,1785541121000.0,0.0,926.0
71.0,1349.4100341796875,0.5,1.305999994277954,932.0,-1.2772705312818289,5.599999904632568,143.0,933.0,116.82903950102627,5.599999904632568,933.0,35.79999923706055,122.0,1785541128000.0,-0.0560000017285347,933.0
73.0,1355.72998046875,0.5,1.2690000534057617,939.0,-1.2772899772971869,5.400000095367432,147.0,940.0,116.82898225262761,5.400000095367432,940.0,32.400001525878906,120.0,1785541135000.0,-0.01899999938905239,940.0
74.0,1357.010009765625,0.0,1.2599999904632568,940.0,-1.2772907316684723,5.400000095367432,148.0,941.0,116.82897068560123,5.400000095367432,941.0,31.799999237060547,120.0,1785541136000.0,-0.004999999888241291,941.0
72.0,1361.780029296875,0.5,1.2410000562667847,944.0,-1.2772733811289072,5.400000095367432,145.0,945.0,116.82893263176084,5.400000095367432,945.0,29.600000381469727,118.0,1785541140000.0,-0.01600000075995922,945.0
72.0,1367.8499755859375,0.0,1.25,948.0,-1.2772572878748178,5.400000095367432,144.0,949.0,116.8288738746196,5.400000095367432,949.0,27.399999618530273,119.0,1785541144000.0,-0.023000000044703484,949.0
72.0,1371.1500244140625,0.5,1.277999997138977,950.0,-1.2772521749138832,5.199999809265137,145.0,951.0,116.82883883826435,5.199999809265137,951.0,26.799999237060547,119.0,1785541146000.0,-0.08100000023841858,951.0
73.0,1375.2099609375,0.5,1.305999994277954,952.0,-1.277244295924902,5.0,147.0,953.0,116.8287932407111,5.0,953.0,26.399999618530273,119.0,1785541148000.0,-0.10999999940395355,953.0
75.0,1378.3800048828125,0.0,1.3250000476837158,954.0,-1.2772408593446016,4.800000190734863,150.0,955.0,116.82875242084265,4.800000190734863,955.0,26.799999237060547,119.0,1785541150000.0,-0.0860000029206276,955.0
76.0,1379.969970703125,0.0,1.3339999914169312,955.0,-1.2772435415536165,4.800000190734863,152.0,956.0,116.82873641140759,4.800000190734863,956.0,27.399999618530273,119.0,1785541151000.0,-0.03799999877810478,956.0
76.0,1385.1099853515625,0.0,1.3619999885559082,958.0,-1.2772683519870043,4.800000190734863,152.0,959.0,116.8286965135485,4.800000190734863,959.0,29.799999237060547,119.0,1785541154000.0,0.012000000104308128,959.0
75.0,1389.2099609375,0.0,1.371999979019165,961.0,-1.277280505746603,4.800000190734863,150.0,962.0,116.82866130955517,4.800000190734863,962.0,31.200000762939453,120.0,1785541157000.0,-0.013000000268220901,962.0
74.0,1397.0,0.0,1.343999981880188,969.0,-1.2772971857339144,4.599999904632568,148.0,970.0,116.82858319021761,4.599999904632568,970.0,31.0,124.0,1785541165000.0,-0.019999999552965164,970.0
74.0,1397.72998046875,0.0,1.3339999914169312,970.0,-1.2772998679429293,4.599999904632568,148.0,971.0,116.82857690379024,4.599999904632568,971.0,30.600000381469727,124.0,1785541166000.0,-0.003000000026077032,971.0
76.0,1402.1099853515625,0.5,1.305999994277954,974.0,-1.2772965990006924,4.400000095367432,153.0,975.0,116.82853776030242,4.400000095367432,975.0,27.600000381469727,127.0,1785541170000.0,-0.01600000075995922,975.0
79.0,1405.6400146484375,0.0,1.2970000505447388,978.0,-1.2772951740771532,4.400000095367432,158.0,979.0,116.82850565761328,4.400000095367432,979.0,24.399999618530273,127.0,1785541174000.0,-0.0010000000474974513,979.0
75.0,1414.3499755859375,0.0,1.2879999876022339,984.0,-1.2772706151008606,4.400000095367432,150.0,985.0,116.82842946611345,4.400000095367432,985.0,19.0,126.0,1785541180000.0,-0.014999999664723873,985.0
72.0,1418.6600341796875,0.0,1.2879999876022339,987.0,-1.2772811762988567,4.199999809265137,144.0,988.0,116.82838529348373,4.199999809265137,988.0,16.399999618530273,125.0,1785541183000.0,-0.03400000184774399,988.0
72.0,1422.4100341796875,0.0,1.2970000505447388,989.0,-1.2773004546761513,4.199999809265137,144.0,990.0,116.8283453118056,4.199999809265137,990.0,15.399999618530273,125.0,1785541185000.0,-0.03700000047683716,990.0
76.0,1440.4599609375,0.5,1.7450000047683716,995.0,-1.2774096708744764,4.199999809265137,153.0,996.0,116.82820558547974,4.199999809265137,996.0,15.199999809265137,126.0,1785541191000.0,-0.017999999225139618,996.0
73.0,1443.7099609375,0.5,1.7450000047683716,997.0,-1.2774235848337412,4.0,147.0,998.0,116.828179853037,4.0,998.0,17.0,129.0,1785541193000.0,-0.020999999716877937,998.0
70.0,1446.9300537109375,0.0,1.5019999742507935,999.0,-1.277431296184659,4.0,140.0,1000.0,116.82815202511847,4.0,1000.0,18.200000762939453,134.0,1785541195000.0,-0.035999998450279236,1000.0
76.0,1453.6600341796875,0.0,1.5679999589920044,1003.0,-1.2774361576884985,4.0,152.0,1004.0,116.82809226214886,4.0,1004.0,19.200000762939453,134.0,1785541199000.0,0.0,1004.0
80.0,1469.06005859375,0.5,1.7079999446868896,1010.0,-1.2774178851395845,4.0,161.0,1011.0,116.82795354165137,4.0,1011.0,20.0,134.0,1785541206000.0,-0.008999999612569809,1011.0
79.0,1485.030029296875,0.5,1.781999945640564,1017.0,-1.2774025462567806,4.400000095367432,159.0,1018.0,116.82780845090747,4.400000095367432,1018.0,25.200000762939453,135.0,1785541213000.0,0.05400000140070915,1018.0
76.0,1497.510009765625,0.5,1.7910000085830688,1025.0,-1.277468679472804,5.199999809265137,153.0,1026.0,116.82770853862166,5.199999809265137,1026.0,30.399999618530273,134.0,1785541221000.0,0.10599999874830246,1026.0
75.0,1509.9300537109375,0.0,1.8009999990463257,1033.0,-1.2774843536317348,6.0,150.0,1034.0,116.82759705930948,6.0,1034.0,29.399999618530273,133.0,1785541229000.0,0.10000000149011612,1034.0
77.0,1527.6300048828125,0.5,1.7910000085830688,1045.0,-1.2775136902928352,6.599999904632568,155.0,1046.0,116.82743973098695,6.599999904632568,1046.0,26.200000762939453,133.0,1785541241000.0,0.04899999871850014,1046.0
80.0,1544.4300537109375,0.0,1.753999948501587,1055.0,-1.2775467988103628,7.0,160.0,1056.0,116.82729204185307,7.0,1056.0,22.200000762939453,134.0,1785541251000.0,0.03799999877810478,1056.0
81.0,1557.72998046875,0.0,1.819000005722046,1062.0,-1.2775778118520975,6.599999904632568,162.0,1063.0,116.82717720977962,6.599999904632568,1063.0,20.399999618530273,132.0,1785541258000.0,-0.05900000035762787,1063.0
80.0,1573.0,0.0,1.8660000562667847,1071.0,-1.2776107527315617,6.0,160.0,1072.0,116.82704385370016,6.0,1072.0,19.200000762939453,135.0,1785541267000.0,-0.05299999937415123,1072.0
75.0,1587.22998046875,0.5,1.809999942779541,1081.0,-1.2776494771242142,5.199999809265137,151.0,1082.0,116.82692139409482,5.199999809265137,1082.0,18.399999618530273,136.0,1785541277000.0,-0.08500000089406967,1082.0
75.0,1591.22998046875,0.0,1.7730000019073486,1084.0,-1.277644531801343,5.0,150.0,1085.0,116.82688577100635,5.0,1085.0,18.200000762939453,135.0,1785541280000.0,-0.08500000089406967,1085.0
75.0,1595.1400146484375,0.0,1.7170000076293945,1087.0,-1.2776568531990051,4.599999904632568,150.0,1088.0,116.8268534168601,4.599999904632568,1088.0,17.799999237060547,134.0,1785541283000.0,-0.07800000160932541,1088.0
75.0,1605.1500244140625,0.5,1.5679999589920044,1094.0,-1.2776783108711243,4.0,151.0,1095.0,116.82676590979099,4.0,1095.0,16.600000381469727,131.0,1785541290000.0,-0.09000000357627869,1095.0
75.0,1609.8900146484375,0.5,1.5770000219345093,1098.0,-1.2776876986026764,4.0,151.0,1099.0,116.82672450318933,4.0,1099.0,16.399999618530273,131.0,1785541294000.0,-0.014999999664723873,1099.0
76.0,1618.3499755859375,0.5,1.5210000276565552,1104.0,-1.2777030374854803,4.0,153.0,1105.0,116.82664898224175,4.0,1105.0,16.200000762939453,128.0,1785541300000.0,0.0,1105.0
75.0,1622.719970703125,0.0,1.465000033378601,1107.0,-1.277708150446415,4.0,150.0,1108.0,116.82660992257297,4.0,1108.0,16.0,128.0,1785541303000.0,0.0,1108.0
78.0,1637.0999755859375,0.0,1.465000033378601,1116.0,-1.2777330446988344,4.0,156.0,1117.0,116.82648293673992,4.0,1117.0,15.199999809265137,128.0,1785541312000.0,0.007000000216066837,1117.0
76.0,1652.8399658203125,0.5,1.5119999647140503,1125.0,-1.2777779716998339,3.799999952316284,153.0,1126.0,116.82634865865111,3.799999952316284,1126.0,15.800000190734863,128.0,1785541321000.0,-0.03400000184774399,1126.0
79.0,1673.1700439453125,0.0,1.6050000190734863,1136.0,-1.27780856564641,3.200000047683716,158.0,1137.0,116.82616853155196,3.200000047683716,1137.0,18.0,127.0,1785541332000.0,-0.04899999871850014,1137.0
76.0,1688.3299560546875,0.5,1.6330000162124634,1146.0,-1.2778410036116838,2.5999999046325684,153.0,1147.0,116.82603634893894,2.5999999046325684,1147.0,17.200000762939453,129.0,1785541342000.0,-0.06499999761581421,1147.0
0.0,1702.5999755859375,0.0,1.409000039100647,1157.0,-1.2778590247035027,1.600000023841858,0.0,1158.0,116.82590978220105,1.600000023841858,1158.0,16.200000762939453,129.0,1785541353000.0,-0.09300000220537186,1158.0
52.0,1710.43994140625,0.0,1.1660000085830688,1164.0,-1.277888361364603,1.7999999523162842,104.0,1165.0,116.825848845765,1.7999999523162842,1165.0,16.399999618530273,131.0,1785541360000.0,0.04500000178813934,1165.0
52.0,1712.3399658203125,0.0,1.1480000019073486,1165.0,-1.2778845895081758,1.7999999523162842,104.0,1166.0,116.82582965120673,1.7999999523162842,1166.0,16.600000381469727,131.0,1785541361000.0,-0.04100000113248825,1166.0
56.0,1722.4100341796875,0.0,1.1759999990463257,1174.0,-1.2778775487095118,2.0,112.0,1175.0,116.82573661208153,2.0,1175.0,17.0,132.0,1785541370000.0,0.02199999988079071,1175.0
55.0,1731.8900146484375,0.5,1.1100000143051147,1182.0,-1.2778850924223661,3.0,111.0,1183.0,116.82565229013562,3.0,1183.0,16.600000381469727,131.0,1785541378000.0,0.11400000005960464,1183.0
0.0,1740.780029296875,0.0,1.128999948501587,1189.0,-1.277890121564269,3.200000047683716,0.0,1190.0,116.8255724105984,3.200000047683716,1190.0,15.800000190734863,128.0,1785541385000.0,0.04800000041723251,1190.0
0.0,1743.2099609375,0.0,1.128999948501587,1191.0,-1.27789163030684,3.4000000953674316,0.0,1192.0,116.82555070146918,3.4000000953674316,1192.0,16.200000762939453,126.0,1785541387000.0,0.039000000804662704,1192.0
54.0,1759.030029296875,0.5,1.1660000085830688,1201.0,-1.277914848178625,4.199999809265137,109.0,1202.0,116.8254096340388,4.199999809265137,1202.0,21.399999618530273,123.0,1785541397000.0,0.07800000160932541,1202.0
54.0,1761.280029296875,0.5,1.1660000085830688,1202.0,-1.2779114115983248,4.400000095367432,109.0,1203.0,116.82538918219507,4.400000095367432,1203.0,22.0,123.0,1785541398000.0,0.2460000067949295,1203.0
79.0,1780.9300537109375,0.5,1.6330000162124634,1212.0,-1.2779718451201916,4.599999904632568,159.0,1213.0,116.8252235557884,4.599999904632568,1213.0,31.799999237060547,124.0,1785541408000.0,0.03099999949336052,1213.0
78.0,1795.199951171875,0.5,1.781999945640564,1218.0,-1.2780467793345451,5.0,157.0,1219.0,116.82511635124683,5.0,1219.0,32.400001525878906,127.0,1785541414000.0,0.07000000029802322,1219.0
78.0,1797.3499755859375,0.5,1.8009999990463257,1219.0,-1.2780617829412222,5.199999809265137,157.0,1220.0,116.82509900070727,5.199999809265137,1220.0,32.599998474121094,127.0,1785541415000.0,0.11599999666213989,1220.0
81.0,1808.949951171875,0.5,1.8569999933242798,1226.0,-1.2780657224357128,5.800000190734863,163.0,1227.0,116.82499590329826,5.800000190734863,1227.0,32.599998474121094,129.0,1785541422000.0,0.09200000017881393,1227.0
79.0,1813.199951171875,0.0,1.847000002861023,1229.0,-1.2780785467475653,6.0,158.0,1230.0,116.8249595258385,6.0,1230.0,31.399999618530273,130.0,1785541425000.0,0.07400000095367432,1230.0
77.0,1817.2099609375,0.5,1.7259999513626099,1232.0,-1.278077121824026,6.199999809265137,155.0,1233.0,116.82492373511195,6.199999809265137,1233.0,29.799999237060547,130.0,1785541428000.0,0.03999999910593033,1233.0
76.0,1826.6700439453125,0.0,1.5119999647140503,1240.0,-1.278100423514843,6.599999904632568,152.0,1241.0,116.82484209537506,6.599999904632568,1241.0,27.399999618530273,129.0,1785541436000.0,0.057999998331069946,1241.0
75.0,1828.6199951171875,0.0,1.4739999771118164,1242.0,-1.2781008426100016,6.800000190734863,150.0,1243.0,116.82482482865453,6.800000190734863,1243.0,26.600000381469727,129.0,1785541438000.0,0.032999999821186066,1243.0
75.0,1835.969970703125,0.0,1.409000039100647,1248.0,-1.2781129963696003,6.800000190734863,150.0,1249.0,116.82475995272398,6.800000190734863,1249.0,25.0,128.0,1785541444000.0,0.02199999988079071,1249.0
77.0,1846.1600341796875,0.5,1.371999979019165,1256.0,-1.2781220488250256,7.0,155.0,1257.0,116.82466808706522,7.0,1257.0,22.600000381469727,128.0,1785541452000.0,0.023000000044703484,1257.0
78.0,1855.6800537109375,0.5,1.38100004196167,1262.0,-1.2781474459916353,7.599999904632568,157.0,1263.0,116.8245863635093,7.599999904632568,1263.0,20.799999237060547,128.0,1785541458000.0,0.09799999743700027,1263.0
78.0,1856.9200439453125,0.5,1.38100004196167,1263.0,-1.278148703277111,7.800000190734863,157.0,1264.0,116.82457529939711,7.800000190734863,1264.0,20.600000381469727,128.0,1785541459000.0,0.07999999821186066,1264.0
76.0,1871.5899658203125,0.5,1.399999976158142,1272.0,-1.278195809572935,7.400000095367432,153.0,1273.0,116.82445015758276,7.400000095367432,1273.0,21.200000762939453,128.0,1785541468000.0,-0.03500000014901161,1273.0
79.0,1882.9000244140625,0.0,1.4459999799728394,1279.0,-1.2782200332731009,6.599999904632568,158.0,1280.0,116.82435192167759,6.599999904632568,1280.0,22.799999237060547,128.0,1785541475000.0,-0.10100000351667404,1280.0
78.0,1890.81005859375,0.5,1.4839999675750732,1284.0,-1.2782446760684252,6.199999809265137,157.0,1285.0,116.82428478263319,6.199999809265137,1285.0,22.0,131.0,1785541480000.0,-0.09700000286102295,1285.0
79.0,1897.18994140625,0.0,1.4930000305175781,1288.0,-1.27825859002769,5.800000190734863,158.0,1289.0,116.8242290429771,5.800000190734863,1289.0,19.799999237060547,131.0,1785541484000.0,-0.1120000034570694,1289.0
78.0,1910.719970703125,0.0,1.5019999742507935,1298.0,-1.2782940454781055,5.199999809265137,156.0,1299.0,116.8241127859801,5.199999809265137,1299.0,17.0,128.0,1785541494000.0,-0.054999999701976776,1299.0
78.0,1912.239990234375,0.0,1.5019999742507935,1299.0,-1.2782968953251839,5.199999809265137,156.0,1300.0,116.824099291116,5.199999809265137,1300.0,17.0,128.0,1785541495000.0,-0.06599999964237213,1300.0
75.0,1920.5400390625,0.5,1.465000033378601,1305.0,-1.2782972306013107,4.599999904632568,151.0,1306.0,116.82402460835874,4.599999904632568,1306.0,17.600000381469727,125.0,1785541501000.0,-0.08900000154972076,1306.0
75.0,1922.0699462890625,0.5,1.4559999704360962,1306.0,-1.2782995775341988,4.599999904632568,151.0,1307.0,116.8240110296756,4.599999904632568,1307.0,17.799999237060547,125.0,1785541502000.0,-0.07199999690055847,1307.0
79.0,1930.199951171875,0.0,1.4459999799728394,1312.0,-1.2783443368971348,4.599999904632568,158.0,1313.0,116.82395596057177,4.599999904632568,1313.0,17.399999618530273,126.0,1785541508000.0,0.014000000432133675,1313.0
75.0,1941.550048828125,0.0,1.437000036239624,1320.0,-1.2783758528530598,4.400000095367432,150.0,1321.0,116.82385914959013,4.400000095367432,1321.0,16.399999618530273,125.0,1785541516000.0,-0.03799999877810478,1321.0
79.0,1952.4599609375,0.5,1.437000036239624,1327.0,-1.278365459293127,3.799999952316284,159.0,1328.0,116.8237623386085,3.799999952316284,1328.0,15.0,124.0,1785541523000.0,-0.05999999865889549,1328.0
77.0,1961.8599853515625,0.0,1.465000033378601,1334.0,-1.2783674709498882,3.5999999046325684,154.0,1335.0,116.82367826811969,3.5999999046325684,1335.0,14.199999809265137,123.0,1785541530000.0,-0.028999999165534973,1335.0
76.0,1973.0,0.5,1.4179999828338623,1342.0,-1.2783821392804384,3.799999952316284,153.0,1343.0,116.82357877492905,3.799999952316284,1343.0,13.600000381469727,125.0,1785541538000.0,0.01899999938905239,1343.0
78.0,1977.260009765625,0.0,1.409000039100647,1345.0,-1.2783909402787685,4.0,156.0,1346.0,116.82354097254574,4.0,1346.0,13.399999618530273,128.0,1785541541000.0,0.0560000017285347,1346.0
77.0,1987.8900146484375,0.0,1.3899999856948853,1352.0,-1.2784056924283504,4.400000095367432,154.0,1353.0,116.82344642467797,4.400000095367432,1353.0,13.399999618530273,128.0,1785541548000.0,0.0560000017285347,1353.0
76.0,2000.219970703125,0.5,1.399999976158142,1359.0,-1.2784383818507195,4.599999904632568,153.0,1360.0,116.82334039360285,4.599999904632568,1360.0,14.399999618530273,126.0,1785541555000.0,0.028999999165534973,1360.0
77.0,2004.9200439453125,0.0,1.409000039100647,1362.0,-1.278447937220335,4.599999904632568,154.0,1363.0,116.82329856790602,4.599999904632568,1363.0,15.399999618530273,127.0,1785541558000.0,0.010999999940395355,1363.0
78.0,2019.8299560546875,0.5,1.4459999799728394,1371.0,-1.27846235409379,5.199999809265137,157.0,1372.0,116.82316596619785,5.199999809265137,1372.0,16.0,128.0,1785541567000.0,0.05900000035762787,1372.0
78.0,2023.1500244140625,0.5,1.465000033378601,1374.0,-1.2784613482654095,5.199999809265137,157.0,1375.0,116.82313612662256,5.199999809265137,1375.0,15.399999618530273,128.0,1785541570000.0,0.03999999910593033,1375.0
79.0,2025.550048828125,0.5,1.465000033378601,1376.0,-1.2784581631422043,5.199999809265137,159.0,1377.0,116.8231150880456,5.199999809265137,1377.0,15.199999809265137,128.0,1785541572000.0,-0.03200000151991844,1377.0
79.0,2026.739990234375,0.5,1.4559999704360962,1377.0,-1.2784612644463778,5.199999809265137,159.0,1378.0,116.82310469448566,5.199999809265137,1378.0,14.800000190734863,129.0,1785541573000.0,-0.04899999871850014,1378.0
78.0,2030.4599609375,0.0,1.437000036239624,1380.0,-1.2784649524837732,5.0,156.0,1381.0,116.82307041250169,5.0,1381.0,13.600000381469727,129.0,1785541576000.0,-0.04600000008940697,1381.0
77.0,2033.449951171875,0.5,1.4179999828338623,1383.0,-1.2784682214260101,5.0,155.0,1384.0,116.82304141111672,5.0,1384.0,13.199999809265137,129.0,1785541579000.0,-0.039000000804662704,1384.0
79.0,2047.260009765625,0.0,1.409000039100647,1391.0,-1.2784917745739222,4.400000095367432,158.0,1392.0,116.82291844859719,4.400000095367432,1392.0,14.199999809265137,129.0,1785541587000.0,-0.05999999865889549,1392.0
80.0,2064.949951171875,0.0,1.437000036239624,1400.0,-1.2785223685204983,4.199999809265137,160.0,1401.0,116.82276246137917,4.199999809265137,1401.0,17.399999618530273,131.0,1785541596000.0,-0.01600000075995922,1401.0
81.0,2079.949951171875,0.0,1.6330000162124634,1406.0,-1.2785739172250032,4.0,162.0,1407.0,116.82263581082225,4.0,1407.0,18.399999618530273,134.0,1785541602000.0,-0.06400000303983688,1407.0
82.0,2084.39990234375,0.0,1.7170000076293945,1408.0,-1.2785833049565554,3.799999952316284,164.0,1409.0,116.8225968349725,3.799999952316284,1409.0,18.200000762939453,134.0,1785541604000.0,-0.017000000923871994,1409.0
80.0,2098.75,0.0,1.8569999933242798,1416.0,-1.2786192633211613,3.799999952316284,160.0,1417.0,116.82247320190072,3.799999952316284,1417.0,18.0,136.0,1785541612000.0,-0.006000000052154064,1417.0
81.0,2118.469970703125,0.0,1.875,1426.0,-1.2786696385592222,3.4000000953674316,162.0,1427.0,116.82230338454247,3.4000000953674316,1427.0,18.200000762939453,138.0,1785541622000.0,-0.0430000014603138,1427.0
81.0,2125.780029296875,0.0,1.9129999876022339,1430.0,-1.2786815408617258,3.200000047683716,162.0,1431.0,116.82223884388804,3.200000047683716,1431.0,18.600000381469727,141.0,1785541626000.0,-0.04699999839067459,1431.0
79.0,2132.360107421875,0.0,1.875,1434.0,-1.2786988075822592,3.0,158.0,1435.0,116.82218251749873,3.0,1435.0,19.0,141.0,1785541630000.0,-0.03500000014901161,1435.0
78.0,2145.419921875,0.0,1.753999948501587,1442.0,-1.2787282280623913,2.799999952316284,156.0,1443.0,116.82206894271076,2.799999952316284,1443.0,19.600000381469727,142.0,1785541638000.0,-0.03799999877810478,1443.0
50.0,2152.4599609375,0.5,1.5679999589920044,1448.0,-1.2787594925612211,2.5999999046325684,101.0,1449.0,116.82201395742595,2.5999999046325684,1449.0,19.200000762939453,139.0,1785541644000.0,-0.014000000432133675,1449.0
56.0,2155.340087890625,0.0,1.4459999799728394,1450.0,-1.2787612527608871,2.5999999046325684,112.0,1451.0,116.82198822498322,2.5999999046325684,1451.0,19.0,137.0,1785541646000.0,-0.0430000014603138,1451.0
56.0,2165.1298828125,0.0,1.2879999876022339,1458.0,-1.278776926919818,2.4000000953674316,112.0,1459.0,116.82190180756152,2.4000000953674316,1459.0,19.799999237060547,135.0,1785541654000.0,-0.03200000151991844,1459.0
56.0,2167.47998046875,0.0,1.277999997138977,1460.0,-1.2787787709385157,2.200000047683716,112.0,1461.0,116.82188026607037,2.200000047683716,1461.0,20.0,135.0,1785541656000.0,-0.03500000014901161,1461.0
56.0,2174.330078125,0.0,1.2690000534057617,1465.0,-1.2787905894219875,2.0,112.0,1466.0,116.82181974872947,2.0,1466.0,19.0,135.0,1785541661000.0,-0.03500000014901161,1466.0
54.0,2186.760009765625,0.0,1.2690000534057617,1475.0,-1.278816070407629,2.0,108.0,1476.0,116.82171111926436,2.0,1476.0,17.0,134.0,1785541671000.0,-0.014000000432133675,1476.0
53.0,2193.64990234375,0.5,1.2690000534057617,1481.0,-1.2788252905011177,2.0,107.0,1482.0,116.8216490931809,2.0,1482.0,17.0,133.0,1785541677000.0,0.006000000052154064,1482.0
53.0,2199.830078125,0.5,1.277999997138977,1486.0,-1.2788383662700653,2.0,107.0,1487.0,116.82159595191479,2.0,1487.0,17.0,130.0,1785541682000.0,0.0020000000949949026,1487.0
47.0,2203.080078125,0.5,1.2690000534057617,1489.0,-1.2788416352123022,2.0,95.0,1490.0,116.82156711816788,2.0,1490.0,17.399999618530273,128.0,1785541685000.0,0.0,1490.0
54.0,2210.4599609375,0.0,1.2039999961853027,1496.0,-1.2788532860577106,2.0,108.0,1497.0,116.82150199078023,2.0,1497.0,18.0,125.0,1785541692000.0,0.0,1497.0
54.0,2215.169921875,0.0,1.194000005722046,1499.0,-1.2788585666567087,2.0,108.0,1500.0,116.82146008126438,2.0,1500.0,18.0,122.0,1785541695000.0,0.0,1500.0
76.0,2227.320068359375,0.0,1.2039999961853027,1508.0,-1.2788780964910984,2.200000047683716,152.0,1509.0,116.82135220617056,2.200000047683716,1509.0,17.799999237060547,121.0,1785541704000.0,0.029999999329447746,1509.0
74.0,2237.8701171875,0.5,1.2970000505447388,1516.0,-1.2788896635174751,2.5999999046325684,149.0,1517.0,116.82125866413116,2.5999999046325684,1517.0,17.399999618530273,122.0,1785541712000.0,0.03700000047683716,1517.0
77.0,2252.860107421875,0.5,1.305999994277954,1525.0,-1.2789327464997768,3.200000047683716,155.0,1526.0,116.82112991809845,3.200000047683716,1526.0,17.0,125.0,1785541721000.0,0.06199999898672104,1526.0
77.0,2254.550048828125,0.5,1.305999994277954,1526.0,-1.2789379432797432,3.200000047683716,155.0,1527.0,116.82111558504403,3.200000047683716,1527.0,17.0,125.0,1785541722000.0,0.08399999886751175,1527.0
78.0,2271.340087890625,0.5,1.3619999885559082,1537.0,-1.278981612995267,3.5999999046325684,157.0,1538.0,116.82097074575722,3.5999999046325684,1538.0,16.0,125.0,1785541733000.0,0.03099999949336052,1538.0
77.0,2283.590087890625,0.5,1.3899999856948853,1545.0,-1.2790105305612087,4.199999809265137,155.0,1546.0,116.82086454704404,4.199999809265137,1546.0,17.0,123.0,1785541741000.0,0.09099999815225601,1546.0
77.0,2292.179931640625,0.0,1.409000039100647,1550.0,-1.2790321558713913,5.199999809265137,154.0,1551.0,116.82079187594354,5.199999809265137,1551.0,18.200000762939453,123.0,1785541746000.0,0.1720000058412552,1551.0
76.0,2297.72998046875,0.0,1.4279999732971191,1553.0,-1.2790345028042793,5.599999904632568,152.0,1554.0,116.82074225507677,5.599999904632568,1554.0,18.399999618530273,123.0,1785541749000.0,0.1809999942779541,1554.0
80.0,2309.969970703125,0.0,1.4930000305175781,1560.0,-1.2790552899241447,6.800000190734863,160.0,1561.0,116.82063429616392,6.800000190734863,1561.0,19.200000762939453,126.0,1785541756000.0,0.16099999845027924,1561.0
77.0,2313.5,0.5,1.5210000276565552,1562.0,-1.2790613248944283,6.800000190734863,155.0,1563.0,116.82060319930315,6.800000190734863,1563.0,19.600000381469727,128.0,1785541758000.0,0.010999999940395355,1563.0
79.0,2317.18994140625,0.5,1.5490000247955322,1564.0,-1.2790712155401707,6.800000190734863,159.0,1565.0,116.8205713480711,6.800000190734863,1565.0,19.799999237060547,131.0,1785541760000.0,0.017999999225139618,1565.0
78.0,2330.780029296875,0.5,1.6330000162124634,1572.0,-1.2791058328002691,7.0,157.0,1573.0,116.82045433670282,7.0,1573.0,20.200000762939453,134.0,1785541768000.0,0.014999999664723873,1573.0
79.0,2333.949951171875,0.0,1.6419999599456787,1574.0,-1.2791117001324892,7.0,158.0,1575.0,116.82042642496526,7.0,1575.0,20.200000762939453,134.0,1785541770000.0,-0.010999999940395355,1575.0
77.0,2347.2099609375,0.5,1.6419999599456787,1583.0,-1.279133576899767,6.599999904632568,155.0,1584.0,116.82031016796827,6.599999904632568,1584.0,20.0,133.0,1785541779000.0,-0.0430000014603138,1584.0
78.0,2359.43994140625,0.5,1.6050000190734863,1591.0,-1.2791516818106174,6.0,157.0,1592.0,116.82020287960768,6.0,1592.0,18.799999237060547,133.0,1785541787000.0,-0.06499999761581421,1592.0
77.0,2377.610107421875,0.5,1.5859999656677246,1603.0,-1.2791866343468428,5.599999904632568,155.0,1604.0,116.82004412636161,5.599999904632568,1604.0,15.600000381469727,135.0,1785541799000.0,-0.041999999433755875,1604.0
77.0,2387.7099609375,0.0,1.5679999589920044,1610.0,-1.2792026437819004,5.400000095367432,154.0,1611.0,116.81995536200702,5.400000095367432,1611.0,14.600000381469727,132.0,1785541806000.0,-0.027000000700354576,1611.0
77.0,2389.280029296875,0.0,1.5679999589920044,1611.0,-1.279206918552518,5.400000095367432,154.0,1612.0,116.81994161568582,5.400000095367432,1612.0,14.600000381469727,132.0,1785541807000.0,-0.08399999886751175,1612.0
77.0,2404.530029296875,0.0,1.5770000219345093,1620.0,-1.2792417872697115,4.400000095367432,154.0,1621.0,116.81980901397765,4.400000095367432,1621.0,12.199999809265137,132.0,1785541816000.0,-0.09000000357627869,1621.0
78.0,2420.77001953125,0.5,1.5679999589920044,1631.0,-1.2792814336717129,4.599999904632568,157.0,1632.0,116.81966794654727,4.599999904632568,1632.0,13.199999809265137,131.0,1785541827000.0,0.013000000268220901,1632.0
77.0,2427.7099609375,0.0,1.5399999618530273,1637.0,-1.279297024011612,4.800000190734863,154.0,1638.0,116.81960734538734,4.800000190734863,1638.0,15.0,131.0,1785541833000.0,0.017000000923871994,1638.0
78.0,2432.18994140625,0.5,1.4839999675750732,1642.0,-1.2793101835995913,4.800000190734863,157.0,1643.0,116.81956677697599,4.800000190734863,1643.0,16.0,128.0,1785541838000.0,0.028999999165534973,1643.0
74.0,2447.510009765625,0.5,1.1660000085830688,1651.0,-1.2792733032256365,5.400000095367432,149.0,1652.0,116.81943417526782,5.400000095367432,1652.0,18.200000762939453,126.0,1785541847000.0,0.05299999937415123,1652.0
0.0,2451.18994140625,0.0,0.0,1651.0,-1.2792810145765543,5.400000095367432,0.0,1658.0,116.81940282694995,5.400000095367432,1658.0,19.600000381469727,128.0,1785541853000.0,0.01899999938905239,1658.0
52.0,2457.419921875,0.5,0.0,1651.0,-1.2793109379708767,5.599999904632568,105.0,1666.0,116.81934306398034,5.599999904632568,1666.0,19.799999237060547,127.0,1785541861000.0,0.027000000700354576,1666.0
52.0,2466.110107421875,0.0,0.48500001430511475,1659.0,-1.2793401069939137,5.800000190734863,104.0,1674.0,116.81927491910756,5.800000190734863,1674.0,19.0,126.0,1785541869000.0,0.019999999552965164,1674.0
51.0,2474.93994140625,0.5,0.7279999852180481,1666.0,-1.2794166337698698,6.0,103.0,1681.0,116.8192811217159,6.0,1681.0,18.399999618530273,126.0,1785541876000.0,0.008999999612569809,1681.0
79.0,2490.85009765625,0.5,1.6419999599456787,1675.0,-1.2795578688383102,5.800000190734863,159.0,1690.0,116.8193075247109,5.800000190734863,1690.0,16.600000381469727,123.0,1785541885000.0,-0.010999999940395355,1690.0
79.0,2492.659912109375,0.5,1.6799999475479126,1676.0,-1.2795737944543362,5.800000190734863,159.0,1691.0,116.81931146420538,5.800000190734863,1691.0,16.600000381469727,121.0,1785541886000.0,-0.014000000432133675,1691.0
77.0,2506.5,0.0,1.6890000104904175,1684.0,-1.2796964216977358,6.0,154.0,1699.0,116.8193331733346,6.0,1699.0,17.399999618530273,122.0,1785541894000.0,0.02500000037252903,1699.0
77.0,2509.489990234375,0.0,1.6699999570846558,1686.0,-1.2797230761498213,6.0,154.0,1701.0,116.81933895684779,6.0,1701.0,17.600000381469727,125.0,1785541896000.0,0.0,1701.0
77.0,2522.52001953125,0.5,1.6610000133514404,1694.0,-1.279840674251318,6.0,155.0,1709.0,116.81934155523777,6.0,1709.0,17.0,125.0,1785541904000.0,0.0,1709.0
77.0,2533.070068359375,0.5,1.6799999475479126,1700.0,-1.2799300253391266,6.0,155.0,1715.0,116.8193709757179,6.0,1715.0,16.399999618530273,122.0,1785541910000.0,0.0,1715.0
78.0,2537.159912109375,0.5,1.6799999475479126,1702.0,-1.2799654807895422,6.0,157.0,1717.0,116.81938019581139,6.0,1717.0,16.399999618530273,121.0,1785541912000.0,0.0,1717.0
77.0,2540.8701171875,0.0,1.6979999542236328,1704.0,-1.2799975834786892,6.0,154.0,1719.0,116.81937131099403,6.0,1719.0,16.399999618530273,122.0,1785541914000.0,0.0,1719.0
77.0,2546.06005859375,0.0,1.7079999446868896,1707.0,-1.2800233997404575,6.0,154.0,1722.0,116.81933241896331,6.0,1722.0,16.799999237060547,122.0,1785541917000.0,0.0,1722.0
77.0,2555.2099609375,0.5,1.7170000076293945,1712.0,-1.2800411693751812,6.0,155.0,1727.0,116.81925245560706,6.0,1727.0,16.799999237060547,125.0,1785541922000.0,0.0020000000949949026,1727.0
77.0,2558.580078125,0.5,1.7259999513626099,1714.0,-1.280046533793211,6.199999809265137,155.0,1729.0,116.81922261603177,6.199999809265137,1729.0,16.600000381469727,126.0,1785541924000.0,0.05400000140070915,1729.0
78.0,2577.4599609375,0.5,1.7450000047683716,1725.0,-1.2800985015928745,6.800000190734863,157.0,1740.0,116.81906210258603,6.800000190734863,1740.0,17.600000381469727,125.0,1785541935000.0,0.06400000303983688,1740.0
77.0,2586.570068359375,0.5,1.7259999513626099,1732.0,-1.28016522154212,7.0,155.0,1747.0,116.819017091766,7.0,1747.0,19.0,124.0,1785541942000.0,0.012000000104308128,1747.0
77.0,2599.1201171875,0.0,1.6699999570846558,1740.0,-1.2802744377404451,6.400000095367432,154.0,1755.0,116.8190432433039,6.400000095367432,1755.0,18.399999618530273,125.0,1785541950000.0,-0.0689999982714653,1755.0
78.0,2600.85009765625,0.5,1.6699999570846558,1741.0,-1.2802859209477901,6.199999809265137,157.0,1756.0,116.81905397213995,6.199999809265137,1756.0,18.399999618530273,125.0,1785541951000.0,-0.12099999934434891,1756.0
77.0,2606.679931640625,0.5,1.6699999570846558,1745.0,-1.2802899442613125,6.0,155.0,1760.0,116.81910317391157,6.0,1760.0,18.399999618530273,126.0,1785541955000.0,-0.052000001072883606,1760.0
78.0,2621.760009765625,0.5,1.6699999570846558,1753.0,-1.28024535253644,5.800000190734863,157.0,1768.0,116.81923158466816,5.800000190734863,1768.0,17.600000381469727,128.0,1785541963000.0,-0.014999999664723873,1768.0
77.0,2633.330078125,0.5,1.6610000133514404,1761.0,-1.2802203744649887,5.800000190734863,155.0,1776.0,116.81932906620204,5.800000190734863,1776.0,12.800000190734863,131.0,1785541971000.0,-0.02199999988079071,1776.0
80.0,2644.39990234375,0.0,1.6519999504089355,1768.0,-1.2801294308155775,6.0,160.0,1783.0,116.81936611421406,6.0,1783.0,11.800000190734863,133.0,1785541978000.0,0.02800000086426735,1783.0
79.0,2646.449951171875,0.0,1.6519999504089355,1769.0,-1.2801119964569807,6.0,158.0,1784.0,116.8193588219583,6.0,1784.0,11.800000190734863,133.0,1785541979000.0,0.08399999886751175,1784.0
78.0,2660.8701171875,0.5,1.6419999599456787,1778.0,-1.280009737238288,6.0,157.0,1793.0,116.81927785277367,6.0,1793.0,15.199999809265137,131.0,1785541988000.0,0.0,1793.0
79.0,2662.35009765625,0.0,1.6419999599456787,1779.0,-1.280006468296051,6.0,158.0,1794.0,116.81926477700472,6.0,1794.0,15.600000381469727,131.0,1785541989000.0,0.0,1794.0
77.0,2670.2099609375,0.5,1.6419999599456787,1784.0,-1.2800224777311087,6.199999809265137,155.0,1799.0,116.81919537484646,6.199999809265137,1799.0,16.799999237060547,130.0,1785541994000.0,0.0430000014603138,1799.0
78.0,2686.530029296875,0.5,1.6519999504089355,1794.0,-1.2800664827227592,7.0,157.0,1809.0,116.81905548088253,7.0,1809.0,17.600000381469727,132.0,1785542004000.0,0.07599999755620956,1809.0
78.0,2700.3701171875,0.0,1.6610000133514404,1802.0,-1.2801062129437923,7.199999809265137,156.0,1817.0,116.81893805041909,7.199999809265137,1817.0,16.799999237060547,132.0,1785542012000.0,0.03500000014901161,1817.0
78.0,2704.89990234375,0.5,1.6699999570846558,1805.0,-1.2801399920135736,7.0,157.0,1820.0,116.81891642510891,7.0,1820.0,16.600000381469727,132.0,1785542015000.0,-0.06599999964237213,1820.0
79.0,2709.4599609375,0.5,1.6699999570846558,1808.0,-1.2801792193204165,6.800000190734863,159.0,1823.0,116.81890326552093,6.800000190734863,1823.0,16.399999618530273,132.0,1785542018000.0,-0.06300000101327896,1823.0
78.0,2720.739990234375,0.5,1.6519999504089355,1815.0,-1.2802623677998781,6.199999809265137,157.0,1830.0,116.81884727440774,6.199999809265137,1830.0,16.0,131.0,1785542025000.0,-0.0949999988079071,1830.0
80.0,2724.219970703125,0.0,1.6519999504089355,1817.0,-1.2802931293845177,6.0,160.0,1832.0,116.81884274818003,6.0,1832.0,16.0,131.0,1785542027000.0,-0.11900000274181366,1832.0
77.0,2729.139892578125,0.5,1.6519999504089355,1820.0,-1.2803321052342653,5.800000190734863,155.0,1835.0,116.8188619427383,5.800000190734863,1835.0,16.200000762939453,131.0,1785542030000.0,-0.07000000029802322,1835.0
76.0,2731.25,0.5,1.6519999504089355,1821.0,-1.2803419958800077,5.800000190734863,153.0,1836.0,116.81887820363045,5.800000190734863,1836.0,16.399999618530273,131.0,1785542031000.0,-0.013000000268220901,1836.0
79.0,2738.889892578125,0.0,1.6419999599456787,1826.0,-1.2803565803915262,5.800000190734863,158.0,1841.0,116.81894408538938,5.800000190734863,1841.0,17.0,131.0,1785542036000.0,0.026000000536441803,1841.0
78.0,2742.06005859375,0.0,1.6419999599456787,1828.0,-1.280345432460308,6.0,156.0,1843.0,116.81897065602243,6.0,1843.0,17.0,131.0,1785542038000.0,0.08799999952316284,1843.0
77.0,2753.27001953125,0.5,1.6239999532699585,1834.0,-1.2803083006292582,6.0,155.0,1849.0,116.81906394660473,6.0,1849.0,17.0,133.0,1785542044000.0,-0.003000000026077032,1849.0
79.0,2770.1201171875,0.5,1.6519999504089355,1844.0,-1.2802433408796787,6.0,159.0,1859.0,116.81919780559838,6.0,1859.0,16.200000762939453,134.0,1785542054000.0,-0.0010000000474974513,1859.0
79.0,2781.530029296875,0.5,1.6419999599456787,1851.0,-1.2802113220095634,5.800000190734863,159.0,1866.0,116.81929528713226,5.800000190734863,1866.0,15.399999618530273,137.0,1785542061000.0,-0.019999999552965164,1866.0
79.0,2785.60009765625,0.5,1.6419999599456787,1853.0,-1.280193217098713,5.800000190734863,159.0,1868.0,116.81932688690722,5.800000190734863,1868.0,15.199999809265137,137.0,1785542063000.0,-0.024000000208616257,1868.0
79.0,2790.169921875,0.5,1.6519999504089355,1856.0,-1.2801577616482973,5.800000190734863,159.0,1871.0,116.81934708729386,5.800000190734863,1871.0,14.800000190734863,138.0,1785542066000.0,0.017999999225139618,1871.0
79.0,2795.72998046875,0.5,1.6519999504089355,1859.0,-1.2801073864102364,6.0,159.0,1874.0,116.8193437345326,6.0,1874.0,13.399999618530273,139.0,1785542069000.0,0.039000000804662704,1874.0
80.0,2809.93994140625,0.0,1.6699999570846558,1867.0,-1.279992638155818,6.0,160.0,1882.0,116.8193038366735,6.0,1882.0,12.0,139.0,1785542077000.0,0.0,1882.0
80.0,2811.35009765625,0.0,1.6699999570846558,1868.0,-1.2799917161464691,6.0,160.0,1883.0,116.81929059326649,6.0,1883.0,12.199999809265137,139.0,1785542078000.0,0.0,1883.0
78.0,2816.4599609375,0.0,1.6519999504089355,1872.0,-1.280003534629941,6.0,156.0,1887.0,116.81924667209387,6.0,1887.0,12.199999809265137,139.0,1785542082000.0,0.00800000037997961,1887.0
77.0,2826.260009765625,0.5,1.6139999628067017,1878.0,-1.2800411693751812,6.400000095367432,155.0,1893.0,116.81916545145214,6.400000095367432,1893.0,12.600000381469727,136.0,1785542088000.0,0.04899999871850014,1893.0
78.0,2833.25,0.5,1.6050000190734863,1882.0,-1.2800598610192537,6.599999904632568,157.0,1897.0,116.81910543702543,6.599999904632568,1897.0,13.600000381469727,133.0,1785542092000.0,0.07999999821186066,1897.0
78.0,2834.919921875,0.5,1.6050000190734863,1883.0,-1.2800640519708395,6.800000190734863,157.0,1898.0,116.81909102015197,6.800000190734863,1898.0,14.0,133.0,1785542093000.0,0.08900000154972076,1898.0
79.0,2849.64990234375,0.0,1.6519999504089355,1892.0,-1.2801010999828577,7.400000095367432,158.0,1907.0,116.81896470487118,7.400000095367432,1907.0,15.600000381469727,134.0,1785542102000.0,0.07100000232458115,1907.0
78.0,2863.06005859375,0.5,1.6699999570846558,1900.0,-1.2802000064402819,6.800000190734863,157.0,1915.0,116.81889957748353,6.800000190734863,1915.0,17.799999237060547,134.0,1785542110000.0,-0.07400000095367432,1915.0
79.0,2871.89990234375,0.5,1.6699999570846558,1906.0,-1.2802589312195778,6.199999809265137,159.0,1921.0,116.8188463523984,6.199999809265137,1921.0,18.200000762939453,135.0,1785542116000.0,-0.09300000220537186,1921.0
80.0,2878.7900390625,0.0,1.6699999570846558,1910.0,-1.2803163472563028,5.800000190734863,160.0,1925.0,116.81884325109422,5.800000190734863,1925.0,18.0,136.0,1785542120000.0,-0.10599999874830246,1925.0
78.0,2880.780029296875,0.0,1.6699999570846558,1911.0,-1.2803312670439482,5.800000190734863,156.0,1926.0,116.81885339319706,5.800000190734863,1926.0,18.0,136.0,1785542121000.0,-0.07100000232458115,1926.0
77.0,2893.659912109375,0.5,1.6699999570846558,1918.0,-1.280368147417903,5.800000190734863,155.0,1933.0,116.81896017864347,5.800000190734863,1933.0,17.399999618530273,136.0,1785542128000.0,0.017000000923871994,1933.0
78.0,2896.3798828125,0.5,1.6799999475479126,1920.0,-1.2803635373711586,6.0,157.0,1935.0,116.81898364797235,6.0,1935.0,17.200000762939453,136.0,1785542130000.0,0.03700000047683716,1935.0
79.0,2903.489990234375,0.5,1.6799999475479126,1924.0,-1.2803253158926964,6.0,159.0,1939.0,116.81903544813395,6.0,1939.0,17.200000762939453,135.0,1785542134000.0,0.02199999988079071,1939.0
80.0,2919.43994140625,0.0,1.6890000104904175,1933.0,-1.2802538182586432,6.0,160.0,1948.0,116.81916142813861,6.0,1948.0,16.600000381469727,138.0,1785542143000.0,0.007000000216066837,1948.0
78.0,2929.090087890625,0.5,1.6979999542236328,1937.0,-1.2802328635007143,6.0,157.0,1952.0,116.81924600154161,6.0,1952.0,16.0,142.0,1785542147000.0,-0.03200000151991844,1952.0
79.0,2939.760009765625,0.5,1.7259999513626099,1943.0,-1.2801992520689964,5.800000190734863,159.0,1958.0,116.81933610700071,5.800000190734863,1958.0,15.399999618530273,145.0,1785542153000.0,-0.02800000086426735,1958.0
79.0,2946.610107421875,0.5,1.753999948501587,1947.0,-1.280166981741786,5.599999904632568,159.0,1962.0,116.81938924826682,5.599999904632568,1962.0,15.0,146.0,1785542157000.0,-0.01899999938905239,1962.0
78.0,2950.429931640625,0.0,1.753999948501587,1949.0,-1.2801327835768461,5.800000190734863,156.0,1964.0,116.81939033791423,5.800000190734863,1964.0,14.800000190734863,146.0,1785542159000.0,0.05999999865889549,1964.0
76.0,2961.3798828125,0.0,1.7450000047683716,1956.0,-1.280037984251976,6.0,152.0,1971.0,116.81936125271022,6.0,1971.0,14.800000190734863,143.0,1785542166000.0,0.026000000536441803,1971.0
76.0,2964.719970703125,0.5,1.7359999418258667,1958.0,-1.2800107430666685,6.0,153.0,1973.0,116.81934733875096,6.0,1973.0,15.0,143.0,1785542168000.0,0.0,1973.0
76.0,2969.0,0.5,1.7170000076293945,1961.0,-1.2799816578626633,6.0,153.0,1976.0,116.81932210922241,6.0,1976.0,15.0,140.0,1785542171000.0,0.0,1976.0
75.0,2973.93994140625,0.0,1.6979999542236328,1965.0,-1.2799821607768536,6.0,150.0,1980.0,116.81927902624011,6.0,1980.0,14.600000381469727,139.0,1785542175000.0,0.0,1980.0
76.0,2994.669921875,0.0,1.6519999504089355,1978.0,-1.2800404150038958,6.800000190734863,152.0,1993.0,116.81910099461675,6.800000190734863,1993.0,13.199999809265137,137.0,1785542188000.0,0.05700000002980232,1993.0
76.0,2998.64990234375,0.5,1.6519999504089355,1980.0,-1.280053909868002,7.0,153.0,1995.0,116.81906796991825,7.0,1995.0,13.399999618530273,137.0,1785542190000.0,0.0949999988079071,1995.0
77.0,3000.469970703125,0.5,1.6519999504089355,1981.0,-1.280063297599554,7.0,155.0,1996.0,116.81905422359705,7.0,1996.0,13.399999618530273,137.0,1785542191000.0,0.06499999761581421,1996.0
79.0,3013.179931640625,0.5,1.6699999570846558,1988.0,-1.2801523134112358,7.0,159.0,2003.0,116.81899881921709,7.0,2003.0,15.399999618530273,139.0,1785542198000.0,0.010999999940395355,2003.0
77.0,3028.10009765625,0.5,1.6799999475479126,1998.0,-1.2802729289978743,6.400000095367432,155.0,2013.0,116.81905422359705,6.400000095367432,2013.0,15.0,141.0,1785542208000.0,-0.07599999755620956,2013.0
75.0,3036.02001953125,0.0,1.6610000133514404,2004.0,-1.2802699115127325,6.0,150.0,2019.0,116.81912236846983,6.0,2019.0,15.0,140.0,1785542214000.0,-0.03700000047683716,2019.0
77.0,3050.530029296875,0.0,1.5959999561309814,2013.0,-1.2802325282245874,6.0,154.0,2028.0,116.81924776174128,6.0,2028.0,14.199999809265137,138.0,1785542223000.0,-0.017000000923871994,2028.0
76.0,3065.550048828125,0.0,1.5490000247955322,2024.0,-1.2801611982285976,5.800000190734863,152.0,2039.0,116.81936007924378,5.800000190734863,2039.0,13.199999809265137,136.0,1785542234000.0,-0.010999999940395355,2039.0
75.0,3067.780029296875,0.0,1.5490000247955322,2025.0,-1.280140746384859,5.800000190734863,150.0,2040.0,116.8193622585386,5.800000190734863,2040.0,13.199999809265137,135.0,1785542235000.0,0.06599999964237213,2040.0
75.0,3074.0400390625,0.0,1.5210000276565552,2030.0,-1.2800844199955463,6.0,150.0,2045.0,116.81936485692859,6.0,2045.0,13.0,135.0,1785542240000.0,0.02199999988079071,2045.0
52.0,3084.070068359375,0.5,1.5019999742507935,2039.0,-1.2799978349357843,6.0,105.0,2054.0,116.81933811865747,6.0,2054.0,13.199999809265137,134.0,1785542249000.0,0.0,2054.0
52.0,3086.780029296875,0.5,1.4739999771118164,2042.0,-1.279977047815919,6.0,105.0,2057.0,116.81932537816465,6.0,2057.0,12.800000190734863,132.0,1785542252000.0,0.0,2057.0
54.0,3090.5,0.0,1.38100004196167,2046.0,-1.279986435547471,6.0,108.0,2061.0,116.8192930240184,6.0,2061.0,12.199999809265137,132.0,1785542256000.0,0.0,2061.0
0.0,3102.330078125,0.0,1.194000005722046,2056.0,-1.2800136767327785,6.199999809265137,0.0,2071.0,116.81918984279037,6.199999809265137,2071.0,11.600000381469727,132.0,1785542266000.0,0.024000000208616257,2071.0
57.0,3113.969970703125,0.5,1.2599999904632568,2064.0,-1.280038570985198,6.800000190734863,115.0,2079.0,116.81908749975264,6.800000190734863,2079.0,10.199999809265137,132.0,1785542274000.0,0.07699999958276749,2079.0
56.0,3126.110107421875,0.5,1.38100004196167,2073.0,-1.2800746969878674,7.400000095367432,113.0,2088.0,116.81898264214396,7.400000095367432,2088.0,13.0,131.0,1785542283000.0,0.0689999982714653,2088.0
55.0,3131.080078125,0.0,1.371999979019165,2077.0,-1.2800828274339437,7.400000095367432,110.0,2092.0,116.81893846951425,7.400000095367432,2092.0,13.800000190734863,128.0,1785542287000.0,-0.032999999821186066,2092.0
55.0,3137.159912109375,0.0,1.3250000476837158,2082.0,-1.280126329511404,7.0,110.0,2097.0,116.81890955194831,7.0,2097.0,14.399999618530273,128.0,1785542292000.0,-0.052000001072883606,2097.0
54.0,3142.06005859375,0.5,1.277999997138977,2087.0,-1.2801592703908682,7.0,109.0,2102.0,116.81893369182944,7.0,2102.0,14.800000190734863,127.0,1785542297000.0,-0.006000000052154064,2102.0
54.0,3143.35009765625,0.5,1.2690000534057617,2088.0,-1.2801594380289316,7.0,109.0,2103.0,116.81894534267485,7.0,2103.0,14.800000190734863,127.0,1785542298000.0,0.04100000113248825,2103.0
79.0,3153.8798828125,0.5,1.277999997138977,2094.0,-1.2801781296730042,6.800000190734863,159.0,2109.0,116.81903494521976,6.800000190734863,2109.0,15.0,128.0,1785542304000.0,-0.05000000074505806,2109.0
79.0,3165.429931640625,0.5,1.5399999618530273,2100.0,-1.280258847400546,6.199999809265137,159.0,2115.0,116.8190931994468,6.199999809265137,2115.0,15.800000190734863,125.0,1785542310000.0,-0.08500000089406967,2115.0
79.0,3176.889892578125,0.5,1.5859999656677246,2107.0,-1.2802540697157383,6.0,159.0,2122.0,116.81919545866549,6.0,2122.0,15.0,125.0,1785542317000.0,-0.04800000041723251,2122.0
80.0,3186.820068359375,0.5,1.6330000162124634,2112.0,-1.2802337016910315,5.800000190734863,161.0,2127.0,116.81928204372525,5.800000190734863,2127.0,15.199999809265137,128.0,1785542322000.0,-0.020999999716877937,2127.0
79.0,3194.8798828125,0.5,1.6610000133514404,2118.0,-1.280203526839614,5.800000190734863,159.0,2133.0,116.81934809312224,5.800000190734863,2133.0,15.0,129.0,1785542328000.0,-0.02199999988079071,2133.0
79.0,3196.35009765625,0.5,1.6610000133514404,2119.0,-1.280192630365491,5.800000190734863,159.0,2134.0,116.81935613974929,5.800000190734863,2134.0,14.800000190734863,129.0,1785542329000.0,0.009999999776482582,2134.0
80.0,3204.47998046875,0.5,1.6239999532699585,2123.0,-1.280120126903057,6.0,161.0,2138.0,116.81936192326248,6.0,2138.0,14.199999809265137,130.0,1785542333000.0,0.05999999865889549,2138.0
79.0,3212.679931640625,0.5,1.6239999532699585,2127.0,-1.2800482101738453,6.0,159.0,2142.0,116.81934549473226,6.0,2142.0,13.800000190734863,133.0,1785542337000.0,0.008999999612569809,2142.0
78.0,3220.679931640625,0.5,1.6419999599456787,2132.0,-1.2799889501184225,6.0,157.0,2147.0,116.8193070217967,6.0,2147.0,16.0,134.0,1785542342000.0,0.0,2147.0
77.0,3230.360107421875,0.5,1.6519999504089355,2138.0,-1.2800142634660006,6.199999809265137,155.0,2153.0,116.81922378949821,6.199999809265137,2153.0,16.0,134.0,1785542348000.0,0.01899999938905239,2153.0
79.0,3249.2900390625,0.5,1.6610000133514404,2149.0,-1.280066231265664,7.0,159.0,2164.0,116.81906151585281,7.0,2164.0,16.200000762939453,134.0,1785542359000.0,0.07500000298023224,2164.0
80.0,3264.360107421875,0.0,1.6519999504089355,2159.0,-1.2800937239080667,7.199999809265137,160.0,2174.0,116.81893033906817,7.199999809265137,2174.0,16.399999618530273,134.0,1785542369000.0,0.03400000184774399,2174.0
79.0,3265.570068359375,0.0,1.6519999504089355,2160.0,-1.28009925596416,7.199999809265137,158.0,2175.0,116.81892103515565,7.199999809265137,2175.0,16.600000381469727,134.0,1785542370000.0,-0.05299999937415123,2175.0
77.0,3268.080078125,0.5,1.6419999599456787,2162.0,-1.2801203783601522,7.199999809265137,155.0,2177.0,116.81891432963312,7.199999809265137,2177.0,16.799999237060547,134.0,1785542372000.0,-0.05000000074505806,2177.0
77.0,3271.3701171875,0.5,1.6239999532699585,2164.0,-1.2801467813551426,7.0,155.0,2179.0,116.81892815977335,7.0,2179.0,17.0,134.0,1785542374000.0,-0.023000000044703484,2179.0
78.0,3283.169921875,0.5,1.5579999685287476,2171.0,-1.2801919598132372,6.800000190734863,157.0,2186.0,116.81902388110757,6.800000190734863,2186.0,18.0,134.0,1785542381000.0,-0.03400000184774399,2186.0
77.0,3293.449951171875,0.5,1.5399999618530273,2177.0,-1.2802723422646523,6.199999809265137,155.0,2192.0,116.81906629353762,6.199999809265137,2192.0,18.600000381469727,133.0,1785542387000.0,-0.09200000017881393,2192.0
78.0,3297.320068359375,0.5,1.5490000247955322,2179.0,-1.2802848313003778,6.0,157.0,2194.0,116.81909873150289,6.0,2194.0,18.600000381469727,133.0,1785542389000.0,-0.10300000011920929,2194.0
77.0,3302.199951171875,0.5,1.5490000247955322,2183.0,-1.2802802212536335,6.0,155.0,2198.0,116.81914147920907,6.0,2198.0,17.799999237060547,133.0,1785542393000.0,-0.029999999329447746,2198.0
77.0,3315.52001953125,0.5,1.5299999713897705,2192.0,-1.2802486214786768,5.800000190734863,155.0,2207.0,116.81925723329186,5.800000190734863,2207.0,16.0,136.0,1785542402000.0,-0.00800000037997961,2207.0
77.0,3318.989990234375,0.0,1.5210000276565552,2194.0,-1.2802394852042198,5.800000190734863,154.0,2209.0,116.81928715668619,5.800000190734863,2209.0,15.600000381469727,136.0,1785542404000.0,-0.03700000047683716,2209.0
77.0,3330.239990234375,0.0,1.5119999647140503,2202.0,-1.280184080824256,5.800000190734863,154.0,2217.0,116.8193707242608,5.800000190734863,2217.0,13.199999809265137,138.0,1785542412000.0,-0.013000000268220901,2217.0
76.0,3341.590087890625,0.0,1.5019999742507935,2209.0,-1.2800829950720072,6.0,152.0,2224.0,116.8193725682795,6.0,2224.0,12.800000190734863,138.0,1785542419000.0,0.0430000014603138,2224.0
77.0,3355.27001953125,0.0,1.4930000305175781,2218.0,-1.2799957394599915,6.0,154.0,2233.0,116.8193040881306,6.0,2233.0,14.0,137.0,1785542428000.0,0.0,2233.0
79.0,3372.679931640625,0.5,1.5119999647140503,2228.0,-1.2800363078713417,6.400000095367432,159.0,2243.0,116.81915271095932,6.400000095367432,2243.0,14.199999809265137,135.0,1785542438000.0,0.039000000804662704,2243.0
78.0,3390.89990234375,0.5,1.5679999589920044,2238.0,-1.2800938077270985,7.199999809265137,157.0,2253.0,116.81899898685515,7.199999809265137,2253.0,15.399999618530273,134.0,1785542448000.0,0.09000000357627869,2253.0
77.0,3403.56005859375,0.5,1.5959999561309814,2247.0,-1.2801073025912046,7.0,155.0,2262.0,116.81888851337135,7.0,2262.0,18.0,133.0,1785542457000.0,-0.024000000208616257,2262.0
78.0,3404.929931640625,0.0,1.5859999656677246,2248.0,-1.280117779970169,7.0,156.0,2263.0,116.81888189166784,7.0,2263.0,18.200000762939453,133.0,1785542458000.0,-0.06199999898672104,2263.0
78.0,3407.760009765625,0.0,1.5679999589920044,2251.0,-1.2801418360322714,6.800000190734863,156.0,2266.0,116.81887158192694,6.800000190734863,2266.0,18.600000381469727,133.0,1785542461000.0,-0.04100000113248825,2266.0
78.0,3409.320068359375,0.0,1.5679999589920044,2252.0,-1.2801539897918701,6.800000190734863,156.0,2267.0,116.81887879036367,6.800000190734863,2267.0,18.600000381469727,133.0,1785542462000.0,-0.017999999225139618,2267.0
78.0,3421.760009765625,0.5,1.5210000276565552,2259.0,-1.2801542412489653,7.199999809265137,157.0,2274.0,116.81898197159171,7.199999809265137,2274.0,17.200000762939453,132.0,1785542469000.0,0.04600000008940697,2274.0
80.0,3426.8701171875,0.0,1.5210000276565552,2261.0,-1.2801614496856928,6.800000190734863,160.0,2276.0,116.81902723386884,6.800000190734863,2276.0,17.200000762939453,132.0,1785542471000.0,-0.17599999904632568,2276.0
78.0,3432.429931640625,0.5,1.5859999656677246,2264.0,-1.2802109029144049,6.800000190734863,157.0,2279.0,116.8190326821059,6.800000190734863,2279.0,17.0,132.0,1785542474000.0,-0.013000000268220901,2279.0
79.0,3439.610107421875,0.0,1.5679999589920044,2268.0,-1.28027125261724,6.400000095367432,158.0,2283.0,116.81905766017735,6.400000095367432,2283.0,17.399999618530273,134.0,1785542478000.0,-0.12099999934434891,2283.0
77.0,3442.06005859375,0.5,1.5770000219345093,2270.0,-1.280286842957139,6.199999809265137,155.0,2285.0,116.81904257275164,6.199999809265137,2285.0,17.399999618530273,135.0,1785542480000.0,-0.028999999165534973,2285.0
77.0,3444.030029296875,0.5,1.5679999589920044,2271.0,-1.2802882678806782,6.400000095367432,155.0,2286.0,116.81902471929789,6.400000095367432,2286.0,17.399999618530273,135.0,1785542481000.0,0.05400000140070915,2286.0
79.0,3455.93994140625,0.5,1.5859999656677246,2277.0,-1.280314503237605,6.0,159.0,2292.0,116.81892145425081,6.0,2292.0,17.399999618530273,135.0,1785542487000.0,-0.03700000047683716,2292.0
80.0,3459.739990234375,0.5,1.6239999532699585,2279.0,-1.2803225498646498,6.0,161.0,2294.0,116.81888834573328,6.0,2294.0,17.200000762939453,134.0,1785542489000.0,-0.08900000154972076,2294.0
79.0,3466.219970703125,0.5,1.6890000104904175,2283.0,-1.280335122719407,5.599999904632568,159.0,2298.0,116.81883151642978,5.599999904632568,2298.0,17.0,135.0,1785542493000.0,-0.07400000095367432,2298.0
79.0,3469.14990234375,0.5,1.7079999446868896,2285.0,-1.28034308552742,5.400000095367432,159.0,2300.0,116.81880678981543,5.400000095367432,2300.0,17.200000762939453,136.0,1785542495000.0,-0.0729999989271164,2300.0
79.0,3473.77001953125,0.5,1.7170000076293945,2288.0,-1.2803810555487871,5.199999809265137,159.0,2303.0,116.81879379786551,5.199999809265137,2303.0,17.399999618530273,139.0,1785542498000.0,-0.10700000077486038,2303.0
78.0,3479.47998046875,0.5,1.6979999542236328,2292.0,-1.2804198637604713,5.0,157.0,2307.0,116.81882330216467,5.0,2307.0,17.200000762939453,139.0,1785542502000.0,-0.0430000014603138,2307.0
78.0,3480.530029296875,0.5,1.6890000104904175,2293.0,-1.280419360846281,5.0,157.0,2308.0,116.81883268989623,5.0,2308.0,17.200000762939453,139.0,1785542503000.0,0.03700000047683716,2308.0
77.0,3486.31005859375,0.0,1.6419999599456787,2297.0,-1.2804000824689865,5.400000095367432,154.0,2312.0,116.81888138875365,5.400000095367432,2312.0,16.799999237060547,136.0,1785542507000.0,0.07900000363588333,2312.0
78.0,3495.679931640625,0.0,1.5859999656677246,2303.0,-1.2803714163601398,5.800000190734863,156.0,2318.0,116.81896051391959,5.800000190734863,2318.0,16.399999618530273,135.0,1785542513000.0,0.0820000022649765,2318.0
76.0,3506.47998046875,0.0,1.5299999713897705,2311.0,-1.2803070433437824,6.199999809265137,152.0,2326.0,116.81902455165982,6.199999809265137,2326.0,16.799999237060547,134.0,1785542521000.0,0.04399999976158142,2326.0
76.0,3507.840087890625,0.0,1.5299999713897705,2312.0,-1.280298912897706,6.199999809265137,152.0,2327.0,116.81903385557234,6.199999809265137,2327.0,16.799999237060547,133.0,1785542522000.0,0.02500000037252903,2327.0
77.0,3514.81005859375,0.0,1.5019999742507935,2317.0,-1.280269743874669,6.199999809265137,154.0,2332.0,116.81908942759037,6.199999809265137,2332.0,16.600000381469727,132.0,1785542527000.0,0.0020000000949949026,2332.0
76.0,3527.97998046875,0.0,1.465000033378601,2326.0,-1.2802313547581434,6.0,152.0,2341.0,116.81920065544546,6.0,2341.0,17.399999618530273,132.0,1785542536000.0,-0.014000000432133675,2341.0
53.0,3537.06005859375,0.0,1.4559999704360962,2333.0,-1.2802114058285952,6.0,106.0,2348.0,116.81927969679236,6.0,2348.0,16.0,133.0,1785542543000.0,-0.023000000044703484,2348.0
53.0,3538.080078125,0.0,1.4459999799728394,2334.0,-1.2802083883434534,6.0,106.0,2349.0,116.81928833015263,6.0,2349.0,15.800000190734863,133.0,1785542544000.0,-0.019999999552965164,2349.0
52.0,3547.739990234375,0.5,1.25,2341.0,-1.2801819015294313,5.800000190734863,105.0,2356.0,116.81936996988952,5.800000190734863,2356.0,16.0,132.0,1785542551000.0,-0.02800000086426735,2356.0
54.0,3556.7099609375,0.0,1.2410000562667847,2348.0,-1.280107805505395,5.800000190734863,108.0,2363.0,116.81940366514027,5.800000190734863,2363.0,15.800000190734863,133.0,1785542558000.0,0.020999999716877937,2363.0
54.0,3557.7900390625,0.0,1.2410000562667847,2349.0,-1.2800981663167477,5.800000190734863,108.0,2364.0,116.81940198875964,5.800000190734863,2364.0,15.800000190734863,133.0,1785542559000.0,0.04100000113248825,2364.0
52.0,3564.43994140625,0.5,1.25,2354.0,-1.280040331184864,6.0,105.0,2369.0,116.8193863146007,6.0,2369.0,16.0,133.0,1785542564000.0,0.019999999552965164,2369.0
52.0,3566.0,0.5,1.2410000562667847,2356.0,-1.2800280097872019,6.0,105.0,2371.0,116.81937918998301,6.0,2371.0,16.600000381469727,130.0,1785542566000.0,0.0,2371.0
53.0,3567.64990234375,0.0,1.2319999933242798,2358.0,-1.2800155207514763,6.0,106.0,2373.0,116.81937139481306,6.0,2373.0,17.0,127.0,1785542568000.0,0.0,2373.0
0.0,3574.169921875,0.0,1.2039999961853027,2365.0,-1.2799834180623293,6.0,0.0,2380.0,116.81932202540338,6.0,2380.0,16.399999618530273,127.0,1785542575000.0,0.0,2380.0
48.0,3583.77001953125,0.5,1.1100000143051147,2374.0,-1.2800068873912096,6.0,97.0,2389.0,116.81923929601908,6.0,2389.0,14.0,125.0,1785542584000.0,0.006000000052154064,2389.0
51.0,3592.330078125,0.0,1.1200000047683716,2381.0,-1.2800280097872019,6.400000095367432,102.0,2396.0,116.81916494853795,6.400000095367432,2396.0,13.800000190734863,122.0,1785542591000.0,0.039000000804662704,2396.0
0.0,3595.85009765625,0.0,1.128999948501587,2384.0,-1.2800369784235954,6.599999904632568,0.0,2399.0,116.81913477368653,6.599999904632568,2399.0,13.800000190734863,120.0,1785542594000.0,0.06199999898672104,2399.0
0.0,3600.739990234375,0.0,1.1380000114440918,2388.0,-1.2800549995154142,6.800000190734863,0.0,2403.0,116.8190950434655,6.800000190734863,2403.0,14.0,123.0,1785542598000.0,0.054999999701976776,2403.0
78.0,3612.489990234375,0.5,1.1660000085830688,2395.0,-1.280139572918415,6.800000190734863,157.0,2410.0,116.81903620250523,6.800000190734863,2410.0,14.600000381469727,121.0,1785542605000.0,0.017000000923871994,2410.0
79.0,3626.5400390625,0.0,1.5579999685287476,2404.0,-1.2802611105144024,6.400000095367432,158.0,2419.0,116.81904978118837,6.400000095367432,2419.0,15.199999809265137,122.0,1785542614000.0,-0.04800000041723251,2419.0
75.0,3632.510009765625,0.0,1.5770000219345093,2409.0,-1.28027711994946,6.199999809265137,150.0,2424.0,116.81910040788352,6.199999809265137,2424.0,15.600000381469727,124.0,1785542619000.0,-0.05900000035762787,2424.0
75.0,3635.22998046875,0.0,1.5490000247955322,2412.0,-1.2802658043801785,6.199999809265137,150.0,2427.0,116.81912362575531,6.199999809265137,2427.0,15.800000190734863,125.0,1785542622000.0,-0.0010000000474974513,2427.0
77.0,3641.6298828125,0.0,1.4279999732971191,2417.0,-1.2802481185644865,6.0,154.0,2432.0,116.81917928159237,6.0,2432.0,15.800000190734863,125.0,1785542627000.0,-0.014999999664723873,2432.0
77.0,3648.56005859375,0.5,1.4279999732971191,2420.0,-1.280231773853302,6.0,155.0,2435.0,116.81923937983811,6.0,2435.0,15.399999618530273,126.0,1785542630000.0,-0.032999999821186066,2435.0
76.0,3662.090087890625,0.0,1.3899999856948853,2429.0,-1.2801719270646572,5.800000190734863,152.0,2444.0,116.81934767402709,5.800000190734863,2444.0,14.199999809265137,126.0,1785542639000.0,-0.013000000268220901,2444.0
75.0,3665.0,0.0,1.371999979019165,2431.0,-1.2801557499915361,5.800000190734863,150.0,2446.0,116.81936820968986,5.800000190734863,2446.0,13.600000381469727,126.0,1785542641000.0,-0.00800000037997961,2446.0
75.0,3670.8701171875,0.0,1.343999981880188,2435.0,-1.2801044527441263,6.0,150.0,2450.0,116.8193760048598,6.0,2450.0,13.199999809265137,125.0,1785542645000.0,0.039000000804662704,2450.0
75.0,3680.27001953125,0.0,1.315999984741211,2443.0,-1.28002205863595,6.0,150.0,2458.0,116.81936653330922,6.0,2458.0,14.0,124.0,1785542653000.0,0.004000000189989805,2458.0
77.0,3685.27001953125,0.0,1.277999997138977,2447.0,-1.2799854297190905,6.0,154.0,2462.0,116.81934155523777,6.0,2462.0,15.399999618530273,123.0,1785542657000.0,0.0,2462.0
79.0,3691.2099609375,0.0,1.2970000505447388,2451.0,-1.2799804005771875,6.0,158.0,2466.0,116.81928908452392,6.0,2466.0,15.600000381469727,123.0,1785542661000.0,0.0,2466.0
76.0,3705.6298828125,0.0,1.38100004196167,2461.0,-1.28001619130373,6.400000095367432,152.0,2476.0,116.81916385889053,6.400000095367432,2476.0,15.199999809265137,125.0,1785542671000.0,0.03799999877810478,2476.0
74.0,3718.169921875,0.0,1.399999976158142,2470.0,-1.280060950666666,7.0,148.0,2485.0,116.81906352750957,7.0,2485.0,14.199999809265137,125.0,1785542680000.0,0.06199999898672104,2485.0
73.0,3732.409912109375,0.5,1.399999976158142,2480.0,-1.2801794707775116,6.800000190734863,147.0,2495.0,116.81901717558503,6.800000190734863,2495.0,16.600000381469727,125.0,1785542690000.0,-0.00800000037997961,2495.0
74.0,3743.090087890625,0.5,1.3899999856948853,2488.0,-1.2802699115127325,6.400000095367432,149.0,2503.0,116.81904391385615,6.400000095367432,2503.0,17.200000762939453,126.0,1785542698000.0,-0.05999999865889549,2503.0
73.0,3750.27001953125,0.0,1.38100004196167,2494.0,-1.280279466882348,6.0,146.0,2509.0,116.81910283863544,6.0,2509.0,17.0,129.0,1785542704000.0,-0.04699999839067459,2509.0
73.0,3751.18994140625,0.0,1.38100004196167,2495.0,-1.2802746053785086,6.199999809265137,146.0,2510.0,116.81910971179605,6.199999809265137,2510.0,17.0,130.0,1785542705000.0,0.009999999776482582,2510.0
73.0,3763.27001953125,0.5,1.343999981880188,2503.0,-1.2802405748516321,6.0,147.0,2518.0,116.81921197101474,6.0,2518.0,15.800000190734863,130.0,1785542713000.0,-0.014999999664723873,2518.0
76.0,3780.449951171875,0.0,1.343999981880188,2515.0,-1.2801903672516346,5.800000190734863,152.0,2530.0,116.81935572065413,5.800000190734863,2530.0,15.199999809265137,128.0,1785542725000.0,-0.020999999716877937,2530.0
75.0,3786.719970703125,0.0,1.3530000448226929,2518.0,-1.280139908194542,5.800000190734863,150.0,2533.0,116.81938488967717,5.800000190734863,2533.0,15.0,128.0,1785542728000.0,0.026000000536441803,2533.0
77.0,3792.639892578125,0.0,1.3619999885559082,2521.0,-1.280086850747466,6.0,154.0,2536.0,116.81939067319036,6.0,2536.0,15.0,127.0,1785542731000.0,0.05700000002980232,2536.0
76.0,3804.889892578125,0.0,1.4839999675750732,2529.0,-1.279987944290042,6.0,152.0,2544.0,116.8193453270942,6.0,2544.0,16.200000762939453,126.0,1785542739000.0,0.0020000000949949026,2544.0
80.0,3814.47998046875,0.5,1.6239999532699585,2535.0,-1.2799809034913778,6.0,161.0,2550.0,116.8192623462528,6.0,2550.0,16.200000762939453,125.0,1785542745000.0,0.0,2550.0
79.0,3820.070068359375,0.5,1.6419999599456787,2538.0,-1.2799964100122452,6.199999809265137,159.0,2553.0,116.8192142341286,6.199999809265137,2553.0,15.800000190734863,128.0,1785542748000.0,0.04899999871850014,2553.0
80.0,3831.7099609375,0.5,1.7640000581741333,2544.0,-1.280030608177185,6.599999904632568,161.0,2559.0,116.81911507621408,6.599999904632568,2559.0,15.800000190734863,129.0,1785542754000.0,0.08900000154972076,2559.0
78.0,3841.409912109375,0.0,1.7910000085830688,2550.0,-1.2800705898553133,7.0,156.0,2565.0,116.81903854943812,7.0,2565.0,16.399999618530273,130.0,1785542760000.0,0.06800000369548798,2565.0
79.0,3845.030029296875,0.5,1.781999945640564,2552.0,-1.2801009323447943,7.0,159.0,2567.0,116.8190258089453,7.0,2567.0,16.600000381469727,130.0,1785542762000.0,-0.008999999612569809,2567.0
79.0,3857.659912109375,0.5,1.7259999513626099,2560.0,-1.2802135851234198,6.800000190734863,159.0,2575.0,116.81902329437435,6.800000190734863,2575.0,16.799999237060547,130.0,1785542770000.0,-0.028999999165534973,2575.0
77.0,3868.3701171875,0.5,1.6419999599456787,2568.0,-1.2802787125110626,6.199999809265137,155.0,2583.0,116.81908498518169,6.199999809265137,2583.0,16.200000762939453,129.0,1785542778000.0,-0.08399999886751175,2583.0
77.0,3869.840087890625,0.5,1.6419999599456787,2569.0,-1.2802751082926989,6.199999809265137,155.0,2584.0,116.81909772567451,6.199999809265137,2584.0,16.0,130.0,1785542779000.0,-0.019999999552965164,2584.0
74.0,3876.219970703125,0.5,1.6050000190734863,2574.0,-1.280250297859311,6.199999809265137,149.0,2589.0,116.81915019638836,6.199999809265137,2589.0,15.399999618530273,133.0,1785542784000.0,-0.0020000000949949026,2589.0
74.0,3877.8701171875,0.5,1.5959999561309814,2575.0,-1.2802462745457888,6.199999809265137,149.0,2590.0,116.81916452944279,6.199999809265137,2590.0,15.399999618530273,133.0,1785542785000.0,-0.023000000044703484,2590.0
73.0,3884.110107421875,0.5,1.5859999656677246,2579.0,-1.2802365515381098,6.0,147.0,2594.0,116.81921985000372,6.0,2594.0,14.800000190734863,136.0,1785542789000.0,-0.03200000151991844,2594.0
75.0,3891.469970703125,0.5,1.5770000219345093,2584.0,-1.2802238948643208,5.800000190734863,151.0,2599.0,116.81928489357233,5.800000190734863,2599.0,14.199999809265137,136.0,1785542794000.0,-0.023000000044703484,2599.0
75.0,3902.10009765625,0.0,1.5399999618530273,2592.0,-1.2801874335855246,5.599999904632568,150.0,2607.0,116.81937340646982,5.599999904632568,2607.0,14.0,135.0,1785542802000.0,-0.023000000044703484,2607.0
75.0,3904.8701171875,0.5,1.5299999713897705,2594.0,-1.2801661435514688,5.800000190734863,151.0,2609.0,116.8193881586194,5.800000190734863,2609.0,13.800000190734863,135.0,1785542804000.0,0.012000000104308128,2609.0
75.0,3912.139892578125,0.0,1.5019999742507935,2599.0,-1.2801035307347775,5.800000190734863,150.0,2614.0,116.81939939036965,5.800000190734863,2614.0,13.600000381469727,133.0,1785542809000.0,0.03700000047683716,2614.0
72.0,3928.090087890625,0.5,1.4279999732971191,2610.0,-1.2799672409892082,6.0,145.0,2625.0,116.8193522002548,6.0,2625.0,20.399999618530273,131.0,1785542820000.0,0.009999999776482582,2625.0
76.0,3937.199951171875,0.5,1.4279999732971191,2617.0,-1.279886020347476,6.0,153.0,2632.0,116.81936577893794,6.0,2632.0,21.0,129.0,1785542827000.0,0.0,2632.0
76.0,3942.530029296875,0.5,1.4279999732971191,2622.0,-1.279835645109415,6.0,153.0,2637.0,116.81935437954962,6.0,2637.0,20.600000381469727,126.0,1785542832000.0,0.0,2637.0
76.0,3946.8701171875,0.5,1.4279999732971191,2625.0,-1.2798013631254435,6.0,153.0,2640.0,116.81933736428618,6.0,2640.0,20.200000762939453,125.0,1785542835000.0,0.0,2640.0
79.0,3951.050048828125,0.0,1.4279999732971191,2628.0,-1.279764398932457,6.0,158.0,2643.0,116.81933837011456,6.0,2643.0,19.0,124.0,1785542838000.0,0.0,2643.0
78.0,3955.780029296875,0.0,1.4279999732971191,2632.0,-1.2797230761498213,6.0,156.0,2647.0,116.81934842839837,6.0,2647.0,18.0,122.0,1785542842000.0,0.0,2647.0
54.0,3966.68994140625,0.0,1.194000005722046,2641.0,-1.279623918235302,5.800000190734863,108.0,2656.0,116.81934775784612,5.800000190734863,2656.0,15.800000190734863,122.0,1785542851000.0,-0.014999999664723873,2656.0
55.0,3976.68994140625,0.0,1.1100000143051147,2650.0,-1.279535237699747,5.800000190734863,110.0,2665.0,116.8193310778588,5.800000190734863,2665.0,14.399999618530273,124.0,1785542860000.0,-0.014999999664723873,2665.0
0.0,3986.81005859375,0.0,1.1200000047683716,2659.0,-1.2794452160596848,5.800000190734863,0.0,2674.0,116.81931523606181,5.800000190734863,2674.0,14.399999618530273,126.0,1785542869000.0,0.006000000052154064,2674.0
50.0,3991.110107421875,0.5,1.0729999542236328,2665.0,-1.2794396840035915,5.800000190734863,101.0,2680.0,116.81929629296064,5.800000190734863,2680.0,14.800000190734863,127.0,1785542875000.0,0.010999999940395355,2680.0
0.0,3996.280029296875,0.0,0.9980000257492065,2672.0,-1.2794871255755424,5.800000190734863,0.0,2687.0,116.81929931044579,5.800000190734863,2687.0,15.0,127.0,1785542882000.0,-0.0020000000949949026,2687.0
0.0,4000.139892578125,0.0,0.9610000252723694,2677.0,-1.279511097818613,5.800000190734863,0.0,2692.0,116.81932319886982,5.800000190734863,2692.0,15.600000381469727,126.0,1785542887000.0,-0.017000000923871994,2692.0
53.0,4005.219970703125,0.0,0.9419999718666077,2681.0,-1.2795557733625174,5.800000190734863,106.0,2696.0,116.81933267042041,5.800000190734863,2696.0,16.200000762939453,125.0,1785542891000.0,-0.008999999612569809,2696.0
0.0,4011.110107421875,0.0,0.9240000247955322,2687.0,-1.2796081602573395,5.800000190734863,0.0,2702.0,116.81933987885714,5.800000190734863,2702.0,16.600000381469727,122.0,1785542897000.0,0.014999999664723873,2702.0
59.0,4015.97998046875,0.5,0.9139999747276306,2691.0,-1.2796517461538315,6.0,119.0,2706.0,116.81934541091323,6.0,2706.0,16.200000762939453,120.0,1785542901000.0,0.039000000804662704,2706.0
72.0,4021.219970703125,0.5,0.9520000219345093,2695.0,-1.2796991877257824,6.0,145.0,2710.0,116.81934591382742,6.0,2710.0,15.399999618530273,119.0,1785542905000.0,0.00800000037997961,2710.0
72.0,4033.389892578125,0.5,1.1480000019073486,2703.0,-1.2798063922673464,6.0,145.0,2718.0,116.81933971121907,6.0,2718.0,14.399999618530273,118.0,1785542913000.0,0.0,2718.0
74.0,4044.830078125,0.5,1.222000002861023,2710.0,-1.279906053096056,6.0,149.0,2725.0,116.81935681030154,6.0,2725.0,15.800000190734863,116.0,1785542920000.0,0.0,2725.0
72.0,4049.389892578125,0.5,1.25,2713.0,-1.2799294386059046,6.0,145.0,2728.0,116.81939218193293,6.0,2728.0,16.799999237060547,116.0,1785542923000.0,0.0,2728.0
72.0,4052.10009765625,0.0,1.2319999933242798,2716.0,-1.279948465526104,6.0,144.0,2731.0,116.81940735317767,6.0,2731.0,17.399999618530273,116.0,1785542926000.0,0.0,2731.0
71.0,4054.830078125,0.5,1.2039999961853027,2718.0,-1.2799700908362865,6.0,143.0,2733.0,116.81941950693727,6.0,2733.0,17.600000381469727,117.0,1785542928000.0,0.0,2733.0
71.0,4056.169921875,0.5,1.184999942779541,2719.0,-1.2799813225865364,6.0,143.0,2734.0,116.81942394934595,6.0,2734.0,17.799999237060547,117.0,1785542929000.0,0.0,2734.0
70.0,4068.070068359375,0.5,1.222000002861023,2726.0,-1.2800876889377832,5.800000190734863,141.0,2741.0,116.81943803094327,5.800000190734863,2741.0,19.399999618530273,119.0,1785542936000.0,-0.02800000086426735,2741.0
70.0,4073.8798828125,0.0,1.222000002861023,2731.0,-1.2801373098045588,5.599999904632568,140.0,2746.0,116.819426715374,5.599999904632568,2746.0,20.0,115.0,1785542941000.0,-0.02800000086426735,2746.0
72.0,4079.320068359375,0.5,1.2319999933242798,2735.0,-1.2801820691674948,5.599999904632568,145.0,2750.0,116.81940609589219,5.599999904632568,2750.0,20.399999618530273,117.0,1785542945000.0,-0.02199999988079071,2750.0
72.0,4081.300048828125,0.5,1.2599999904632568,2738.0,-1.2801978271454573,5.599999904632568,145.0,2753.0,116.81939913891256,5.599999904632568,2753.0,20.399999618530273,118.0,1785542948000.0,-0.010999999940395355,2753.0
70.0,4085.830078125,0.0,1.2599999904632568,2742.0,-1.2802295107394457,5.599999904632568,140.0,2757.0,116.81937298737466,5.599999904632568,2757.0,20.0,118.0,1785542952000.0,-0.004999999888241291,2757.0
73.0,4095.260009765625,0.5,1.222000002861023,2749.0,-1.2802550755441189,5.800000190734863,147.0,2764.0,116.81929277256131,5.800000190734863,2764.0,18.799999237060547,119.0,1785542959000.0,0.02800000086426735,2764.0
72.0,4099.81982421875,0.5,1.194000005722046,2752.0,-1.2802476156502962,5.800000190734863,145.0,2767.0,116.81925379671156,5.800000190734863,2767.0,18.200000762939453,120.0,1785542962000.0,0.05400000140070915,2767.0
74.0,4106.35009765625,0.0,1.1759999990463257,2758.0,-1.2802357971668243,6.0,148.0,2773.0,116.81919914670289,6.0,2773.0,17.200000762939453,119.0,1785542968000.0,0.028999999165534973,2773.0
0.0,4107.14990234375,0.0,1.0080000162124634,2758.0,-1.28024535253644,6.199999809265137,0.0,2773.0,116.81913376785815,6.199999809265137,2784.0,14.600000381469727,119.0,1785542979000.0,,2784.0
52.0,4109.97021484375,0.5,0.0,2758.0,-1.2802386470139027,6.400000095367432,105.0,2777.0,116.81912261992693,6.400000095367432,2788.0,14.199999809265137,119.0,1785542983000.0,0.02199999988079071,2788.0
81.0,4119.18017578125,0.0,0.4569999873638153,2765.0,-1.2802274152636528,6.199999809265137,162.0,2784.0,116.81920308619738,6.199999809265137,2795.0,13.800000190734863,118.0,1785542990000.0,-0.029999999329447746,2795.0
73.0,4134.08984375,0.5,1.1660000085830688,2776.0,-1.280128676444292,6.0,147.0,2795.0,116.81929604150355,6.0,2806.0,14.399999618530273,117.0,1785543001000.0,-0.009999999776482582,2806.0
76.0,4136.52001953125,0.0,1.2039999961853027,2778.0,-1.280128424987197,6.0,152.0,2797.0,116.8193173315376,6.0,2808.0,14.600000381469727,119.0,1785543003000.0,0.0,2808.0
76.0,4139.22021484375,0.0,1.222000002861023,2780.0,-1.2801430933177471,6.0,152.0,2799.0,116.819336861372,6.0,2810.0,15.199999809265137,120.0,1785543005000.0,-0.014000000432133675,2810.0
75.0,4140.6298828125,0.0,1.2319999933242798,2781.0,-1.280153738334775,6.0,150.0,2800.0,116.8193437345326,6.0,2811.0,15.399999618530273,120.0,1785543006000.0,-0.06300000101327896,2811.0
75.0,4143.7998046875,0.0,1.2410000562667847,2783.0,-1.2801788840442896,5.800000190734863,150.0,2802.0,116.81935706175864,5.800000190734863,2813.0,15.600000381469727,120.0,1785543008000.0,-0.0689999982714653,2813.0
75.0,4148.0,0.0,1.277999997138977,2786.0,-1.280200257897377,5.800000190734863,150.0,2805.0,116.81932110339403,5.800000190734863,2816.0,15.399999618530273,119.0,1785543011000.0,0.017000000923871994,2816.0
80.0,4158.4501953125,0.5,1.3899999856948853,2793.0,-1.2802094779908657,6.199999809265137,161.0,2812.0,116.81922546587884,6.199999809265137,2823.0,14.0,119.0,1785543018000.0,0.04100000113248825,2823.0
80.0,4159.83984375,0.0,1.3899999856948853,2794.0,-1.2802088912576437,6.199999809265137,160.0,2813.0,116.81921046227217,6.199999809265137,2824.0,14.0,119.0,1785543019000.0,0.05400000140070915,2824.0
78.0,4166.72998046875,0.5,1.399999976158142,2798.0,-1.2802236434072256,6.400000095367432,157.0,2817.0,116.8191502802074,6.400000095367432,2828.0,15.399999618530273,121.0,1785543023000.0,0.041999999433755875,2828.0
78.0,4179.2900390625,0.0,1.437000036239624,2806.0,-1.2802373059093952,6.599999904632568,156.0,2825.0,116.81904039345682,6.599999904632568,2836.0,17.399999618530273,123.0,1785543031000.0,0.03700000047683716,2836.0
77.0,4180.6201171875,0.5,1.437000036239624,2807.0,-1.2802268285304308,6.800000190734863,155.0,2826.0,116.81903385557234,6.800000190734863,2837.0,17.600000381469727,124.0,1785543032000.0,0.0989999994635582,2837.0
77.0,4184.35986328125,0.5,1.4459999799728394,2810.0,-1.2801930494606495,6.800000190734863,155.0,2829.0,116.81903896853328,6.800000190734863,2840.0,17.799999237060547,125.0,1785543035000.0,0.017999999225139618,2840.0
80.0,4187.66015625,0.5,1.4459999799728394,2812.0,-1.2801642157137394,6.800000190734863,161.0,2831.0,116.81903159245849,6.800000190734863,2842.0,17.799999237060547,125.0,1785543037000.0,0.013000000268220901,2842.0
77.0,4202.06005859375,0.5,1.465000033378601,2819.0,-1.28005038946867,6.800000190734863,155.0,2838.0,116.81907467544079,6.800000190734863,2849.0,17.200000762939453,125.0,1785543044000.0,0.013000000268220901,2849.0
79.0,4207.72998046875,0.5,1.5119999647140503,2822.0,-1.2800287641584873,6.599999904632568,159.0,2841.0,116.81912102736533,6.599999904632568,2852.0,17.600000381469727,128.0,1785543047000.0,-0.08500000089406967,2852.0
78.0,4211.14990234375,0.5,1.5399999618530273,2824.0,-1.280020633712411,6.400000095367432,157.0,2843.0,116.81915086694062,6.400000095367432,2854.0,17.799999237060547,131.0,1785543049000.0,-0.09300000220537186,2854.0
78.0,4215.81982421875,0.5,1.5959999561309814,2827.0,-1.280011748895049,6.199999809265137,157.0,2846.0,116.81919168680906,6.199999809265137,2857.0,17.799999237060547,133.0,1785543052000.0,-0.07599999755620956,2857.0
77.0,4231.81005859375,0.5,1.6239999532699585,2837.0,-1.2799946498125792,6.0,155.0,2856.0,116.8193329218775,6.0,2867.0,16.200000762939453,133.0,1785543062000.0,-0.023000000044703484,2867.0
77.0,4243.25,0.5,1.6610000133514404,2844.0,-1.2800681591033936,6.0,155.0,2863.0,116.81939939036965,6.0,2874.0,15.399999618530273,132.0,1785543069000.0,0.0,2874.0
78.0,4253.7099609375,0.0,1.6799999475479126,2851.0,-1.280160527676344,5.800000190734863,156.0,2870.0,116.8193920981139,5.800000190734863,2881.0,15.199999809265137,130.0,1785543076000.0,-0.04100000113248825,2881.0
78.0,4266.77001953125,0.0,1.6610000133514404,2858.0,-1.280227079987526,5.800000190734863,156.0,2877.0,116.81929620914161,5.800000190734863,2888.0,15.199999809265137,130.0,1785543083000.0,0.014999999664723873,2888.0
75.0,4283.83984375,0.0,1.5959999561309814,2870.0,-1.280250633135438,6.199999809265137,150.0,2889.0,116.81914516724646,6.199999809265137,2900.0,17.200000762939453,130.0,1785543095000.0,0.02800000086426735,2900.0
76.0,4294.419921875,0.0,1.5490000247955322,2878.0,-1.2802745215594769,6.400000095367432,152.0,2897.0,116.81905254721642,6.400000095367432,2908.0,16.0,128.0,1785543103000.0,0.019999999552965164,2908.0
77.0,4304.64013671875,0.5,1.5299999713897705,2884.0,-1.2802985776215792,6.400000095367432,155.0,2903.0,116.81896462105215,6.400000095367432,2914.0,14.199999809265137,128.0,1785543109000.0,0.00800000037997961,2914.0
77.0,4306.27978515625,0.5,1.5299999713897705,2885.0,-1.2803037744015455,6.199999809265137,155.0,2904.0,116.81895070709288,6.199999809265137,2915.0,14.0,128.0,1785543110000.0,-0.08699999749660492,2915.0
80.0,4322.52978515625,0.0,1.5770000219345093,2894.0,-1.2803291715681553,5.599999904632568,160.0,2913.0,116.81880754418671,5.599999904632568,2924.0,11.600000381469727,126.0,1785543119000.0,-0.07800000160932541,2924.0
79.0,4325.10009765625,0.0,1.5859999656677246,2896.0,-1.280343420803547,5.400000095367432,158.0,2915.0,116.81879010982811,5.400000095367432,2926.0,11.199999809265137,127.0,1785543121000.0,-0.08299999684095383,2926.0
77.0,4327.3701171875,0.5,1.6050000190734863,2898.0,-1.2803630344569683,5.199999809265137,155.0,2917.0,116.81878675706685,5.199999809265137,2928.0,11.0,128.0,1785543123000.0,-0.07699999958276749,2928.0
76.0,4328.68994140625,0.5,1.6050000190734863,2899.0,-1.2803729251027107,5.199999809265137,153.0,2918.0,116.81879329495132,5.199999809265137,2929.0,11.199999809265137,129.0,1785543124000.0,-0.04800000041723251,2929.0
76.0,4333.509765625,0.0,1.6139999628067017,2902.0,-1.280394047498703,5.199999809265137,152.0,2921.0,116.8188307620585,5.199999809265137,2932.0,11.199999809265137,130.0,1785543127000.0,-0.006000000052154064,2932.0
74.0,4337.68017578125,0.0,1.5959999561309814,2905.0,-1.2803911976516247,5.400000095367432,148.0,2924.0,116.81886772625148,5.400000095367432,2935.0,11.800000190734863,130.0,1785543130000.0,0.050999999046325684,2935.0
75.0,4350.18017578125,0.0,1.5399999618530273,2913.0,-1.280357837677002,6.0,150.0,2932.0,116.81897501461208,6.0,2943.0,13.800000190734863,128.0,1785543138000.0,0.07800000160932541,2943.0
75.0,4353.5498046875,0.0,1.5299999713897705,2916.0,-1.280347192659974,6.0,150.0,2935.0,116.81900317780674,6.0,2946.0,15.0,128.0,1785543141000.0,-0.0020000000949949026,2946.0
0.0,4354.75,0.0,1.5210000276565552,2918.0,-1.2803561612963676,5.800000190734863,0.0,2937.0,116.81900912895799,5.800000190734863,2948.0,15.600000381469727,128.0,1785543143000.0,-0.0430000014603138,2948.0
0.0,4356.0,0.0,1.3530000448226929,2923.0,-1.2803598493337631,5.800000190734863,0.0,2942.0,116.81900108233094,5.800000190734863,2953.0,16.200000762939453,127.0,1785543148000.0,0.0,2953.0
0.0,4356.08984375,0.0,0.0,2923.0,-1.2803594302386045,5.800000190734863,0.0,2960.0,116.81900158524513,5.800000190734863,2971.0,15.399999618530273,130.0,1785543166000.0,0.0,2971.0
0.0,4356.08984375,0.0,0.0,2923.0,-1.2803594302386045,5.800000190734863,0.0,2961.0,116.81900158524513,5.800000190734863,2972.0,15.399999618530273,130.0,1785543167000.0,0.0,2972.0
0.0,4356.169921875,0.0,0.0,2923.0,-1.280361358076334,5.800000190734863,0.0,2988.0,116.81900074705482,5.800000190734863,2999.0,13.800000190734863,127.0,1785543194000.0,0.0,2999.0
59.0,4362.2998046875,0.5,0.0,2923.0,-1.2803184427320957,6.0,119.0,2999.0,116.81904215365648,6.0,3010.0,13.399999618530273,128.0,1785543205000.0,0.014999999664723873,3010.0
72.0,4379.39990234375,0.5,1.3619999885559082,2932.0,-1.2801758665591478,6.599999904632568,145.0,3008.0,116.81909311562777,6.599999904632568,3019.0,13.399999618530273,125.0,1785543214000.0,0.061000000685453415,3019.0
72.0,4380.7998046875,0.5,1.3619999885559082,2933.0,-1.2801627069711685,6.599999904632568,145.0,3009.0,116.81909529492259,6.599999904632568,3020.0,13.399999618530273,125.0,1785543215000.0,-0.00800000037997961,3020.0
72.0,4385.60986328125,0.5,1.409000039100647,2937.0,-1.2801205459982157,6.599999904632568,145.0,3013.0,116.81910744868219,6.599999904632568,3024.0,14.199999809265137,122.0,1785543219000.0,-0.010999999940395355,3024.0
72.0,4394.2900390625,0.0,1.399999976158142,2944.0,-1.2800617888569832,6.400000095367432,144.0,3020.0,116.81915866211057,6.400000095367432,3031.0,15.600000381469727,120.0,1785543226000.0,-0.026000000536441803,3031.0
74.0,4410.2001953125,0.5,1.4459999799728394,2954.0,-1.2800086475908756,6.0,149.0,3030.0,116.81929000653327,6.0,3041.0,13.600000381469727,122.0,1785543236000.0,-0.03500000014901161,3041.0
75.0,4415.259765625,0.0,1.4559999704360962,2958.0,-1.2799890339374542,6.0,150.0,3034.0,116.81933040730655,6.0,3045.0,13.0,122.0,1785543240000.0,0.0,3045.0
74.0,4421.02978515625,0.5,1.4459999799728394,2962.0,-1.2799394968897104,6.0,149.0,3038.0,116.81934482418,6.0,3049.0,12.399999618530273,123.0,1785543244000.0,0.0,3049.0
72.0,4432.6201171875,0.5,1.409000039100647,2971.0,-1.2798354774713516,6.0,145.0,3047.0,116.81933669373393,6.0,3058.0,9.800000190734863,121.0,1785543253000.0,0.0,3058.0
72.0,4433.72021484375,0.5,1.399999976158142,2972.0,-1.279825922101736,6.0,145.0,3048.0,116.81933912448585,6.0,3059.0,9.600000381469727,120.0,1785543254000.0,0.0,3059.0
71.0,4442.5400390625,0.0,1.3530000448226929,2980.0,-1.2797468807548285,6.0,142.0,3056.0,116.81933350861073,6.0,3067.0,8.800000190734863,120.0,1785543262000.0,0.0,3067.0
73.0,4455.85009765625,0.5,1.3250000476837158,2989.0,-1.279630120843649,5.800000190734863,147.0,3065.0,116.81930936872959,5.800000190734863,3076.0,9.199999809265137,123.0,1785543271000.0,-0.012000000104308128,3076.0
74.0,4471.8798828125,0.5,1.343999981880188,3000.0,-1.2794864550232887,5.800000190734863,149.0,3076.0,116.81929252110422,5.800000190734863,3087.0,10.399999618530273,122.0,1785543282000.0,-0.0020000000949949026,3087.0
77.0,4481.7998046875,0.0,1.3619999885559082,3007.0,-1.2793997023254633,5.800000190734863,154.0,3083.0,116.81930920109153,5.800000190734863,3094.0,10.600000381469727,122.0,1785543289000.0,-0.008999999612569809,3094.0
77.0,4489.4501953125,0.0,1.38100004196167,3012.0,-1.2793321441859007,5.800000190734863,154.0,3088.0,116.81931288912892,5.800000190734863,3099.0,11.199999809265137,122.0,1785543294000.0,-0.003000000026077032,3099.0
75.0,4492.330078125,0.0,1.3899999856948853,3014.0,-1.279319655150175,5.800000190734863,150.0,3090.0,116.81933568790555,5.800000190734863,3101.0,11.399999618530273,123.0,1785543296000.0,-0.04100000113248825,3101.0
77.0,4504.68994140625,0.0,1.4179999828338623,3022.0,-1.2793054897338152,5.400000095367432,154.0,3098.0,116.81944632902741,5.400000095367432,3109.0,12.800000190734863,125.0,1785543304000.0,-0.05000000074505806,3109.0
76.0,4521.10986328125,0.0,1.4839999675750732,3032.0,-1.2792589701712132,4.800000190734863,152.0,3108.0,116.81958521716297,4.800000190734863,3119.0,15.199999809265137,128.0,1785543314000.0,-0.05000000074505806,3119.0
81.0,4538.93017578125,0.0,1.6139999628067017,3041.0,-1.2792132887989283,4.400000095367432,162.0,3117.0,116.81973868981004,4.400000095367432,3128.0,17.0,130.0,1785543323000.0,-0.04699999839067459,3128.0
78.0,4553.2001953125,0.5,1.7170000076293945,3048.0,-1.2791954353451729,4.800000190734863,157.0,3124.0,116.81986534036696,4.800000190734863,3135.0,17.600000381469727,133.0,1785543330000.0,0.04699999839067459,3135.0
80.0,4560.0400390625,0.5,1.7640000581741333,3052.0,-1.279193926602602,5.199999809265137,161.0,3128.0,116.81992669589818,5.199999809265137,3139.0,17.600000381469727,135.0,1785543334000.0,0.10899999737739563,3139.0
77.0,4574.669921875,0.0,1.8009999990463257,3061.0,-1.2791761569678783,5.599999904632568,154.0,3137.0,116.82005644775927,5.599999904632568,3148.0,17.799999237060547,135.0,1785543343000.0,0.050999999046325684,3148.0
77.0,4592.52001953125,0.0,1.809999942779541,3072.0,-1.2791378516703844,6.199999809265137,154.0,3148.0,116.82021201588213,6.199999809265137,3159.0,16.0,136.0,1785543354000.0,0.054999999701976776,3159.0
77.0,4605.72998046875,0.5,1.8009999990463257,3080.0,-1.2791075929999352,6.800000190734863,155.0,3156.0,116.82032701559365,6.800000190734863,3167.0,16.200000762939453,137.0,1785543362000.0,0.07900000363588333,3167.0
73.0,4617.2099609375,0.5,1.7640000581741333,3088.0,-1.2790858838707209,7.0,147.0,3164.0,116.82042776606977,7.0,3175.0,16.0,138.0,1785543370000.0,0.010999999940395355,3175.0
74.0,4627.330078125,0.5,1.6979999542236328,3095.0,-1.2790679465979338,6.800000190734863,149.0,3171.0,116.82051577605307,6.800000190734863,3182.0,15.0,139.0,1785543377000.0,-0.008999999612569809,3182.0
76.0,4643.3798828125,0.0,1.6890000104904175,3105.0,-1.279028719291091,6.599999904632568,152.0,3181.0,116.82065533474088,6.599999904632568,3192.0,15.600000381469727,141.0,1785543387000.0,-0.026000000536441803,3192.0
76.0,4645.7900390625,0.0,1.6799999475479126,3107.0,-1.2790268752723932,6.400000095367432,152.0,3183.0,116.82067670859396,6.400000095367432,3194.0,16.200000762939453,142.0,1785543389000.0,-0.11900000274181366,3194.0
0.0,4650.6201171875,0.0,1.6419999599456787,3111.0,-1.2790179066359997,5.800000190734863,0.0,3187.0,116.82071920484304,5.800000190734863,3198.0,17.0,141.0,1785543393000.0,-0.12300000339746475,3198.0
0.0,4659.580078125,0.0,1.5770000219345093,3117.0,-1.2789982929825783,5.0,0.0,3193.0,116.82079715654254,5.0,3204.0,17.799999237060547,138.0,1785543399000.0,-0.15199999511241913,3204.0
0.0,4661.22021484375,0.0,1.5679999589920044,3118.0,-1.2789935152977705,4.800000190734863,0.0,3194.0,116.8208110705018,4.800000190734863,3205.0,18.0,137.0,1785543400000.0,-0.16699999570846558,3205.0
63.0,4672.60986328125,0.5,1.5399999618530273,3126.0,-1.2789666932076216,3.5999999046325684,127.0,3202.0,116.82091014459729,3.5999999046325684,3213.0,18.200000762939453,137.0,1785543408000.0,-0.1459999978542328,3213.0
61.0,4687.4501953125,0.0,1.5859999656677246,3135.0,-1.2789249513298273,3.4000000953674316,122.0,3211.0,116.82103679515421,3.4000000953674316,3222.0,18.0,138.0,1785543417000.0,-0.03099999949336052,3222.0
76.0,4694.97021484375,0.0,1.5770000219345093,3140.0,-1.278911791741848,3.4000000953674316,152.0,3216.0,116.8211030960083,3.4000000953674316,3227.0,18.200000762939453,135.0,1785543422000.0,-0.008999999612569809,3227.0
76.0,4702.72021484375,0.0,1.5959999561309814,3145.0,-1.2788942735642195,3.0,152.0,3221.0,116.82117040269077,3.0,3232.0,17.600000381469727,134.0,1785543427000.0,-0.06599999964237213,3232.0
75.0,4723.8798828125,0.5,1.5770000219345093,3159.0,-1.2788433115929365,2.4000000953674316,151.0,3235.0,116.821353379637,2.4000000953674316,3246.0,17.600000381469727,132.0,1785543441000.0,-0.041999999433755875,3246.0
75.0,4736.8701171875,0.5,1.5859999656677246,3168.0,-1.2788271345198154,2.0,151.0,3244.0,116.82146687060595,2.0,3255.0,17.200000762939453,131.0,1785543450000.0,-0.039000000804662704,3255.0
74.0,4747.02978515625,0.0,1.5490000247955322,3176.0,-1.278811376541853,2.0,148.0,3252.0,116.8215558025986,2.0,3263.0,16.399999618530273,131.0,1785543458000.0,-0.012000000104308128,3263.0
74.0,4751.580078125,0.0,1.5210000276565552,3179.0,-1.2788009829819202,2.0,148.0,3255.0,116.82159528136253,2.0,3266.0,16.399999618530273,134.0,1785543461000.0,-0.012000000104308128,3266.0
75.0,4762.56982421875,0.5,1.4839999675750732,3187.0,-1.2787828780710697,1.7999999523162842,151.0,3263.0,116.8216921761632,1.7999999523162842,3274.0,16.399999618530273,136.0,1785543469000.0,-0.00800000037997961,3274.0
73.0,4770.5498046875,0.5,1.465000033378601,3193.0,-1.2787709757685661,1.7999999523162842,147.0,3269.0,116.8217627517879,1.7999999523162842,3280.0,16.399999618530273,133.0,1785543475000.0,-0.003000000026077032,3280.0
74.0,4781.10986328125,0.5,1.4459999799728394,3200.0,-1.2787490151822567,2.0,149.0,3276.0,116.82185512036085,2.0,3287.0,15.800000190734863,131.0,1785543482000.0,0.035999998450279236,3287.0
76.0,4794.93994140625,0.0,1.437000036239624,3209.0,-1.2787113804370165,2.4000000953674316,152.0,3285.0,116.82197473011911,2.4000000953674316,3296.0,17.200000762939453,132.0,1785543491000.0,0.032999999821186066,3296.0
74.0,4808.75,0.0,1.4459999799728394,3218.0,-1.2787346821278334,2.799999952316284,148.0,3294.0,116.82209610007703,2.799999952316284,3305.0,17.600000381469727,134.0,1785543500000.0,0.057999998331069946,3305.0
75.0,4822.5498046875,0.0,1.4559999704360962,3227.0,-1.2787257973104715,3.200000047683716,150.0,3303.0,116.8222183920443,3.200000047683716,3314.0,17.399999618530273,134.0,1785543509000.0,0.04500000178813934,3314.0
79.0,4840.35009765625,0.5,1.4930000305175781,3236.0,-1.2786289025098085,3.4000000953674316,159.0,3312.0,116.82234621606767,3.4000000953674316,3323.0,17.200000762939453,134.0,1785543518000.0,0.012000000104308128,3323.0
79.0,4854.10986328125,0.5,1.8380000591278076,3242.0,-1.2785962969064713,3.799999952316284,159.0,3318.0,116.82246515527368,3.799999952316284,3329.0,16.799999237060547,135.0,1785543524000.0,0.052000001072883606,3329.0
80.0,4860.85009765625,0.5,1.9589999914169312,3245.0,-1.2785892561078072,4.0,161.0,3321.0,116.82252508588135,4.0,3332.0,16.600000381469727,138.0,1785543527000.0,0.06300000101327896,3332.0
78.0,4869.52001953125,0.0,2.0429999828338623,3249.0,-1.278567798435688,4.0,156.0,3325.0,116.82260018773377,4.0,3336.0,15.600000381469727,140.0,1785543531000.0,0.006000000052154064,3336.0
81.0,4890.56005859375,0.5,2.071000099182129,3259.0,-1.2785357795655727,4.199999809265137,163.0,3335.0,116.82278634980321,4.199999809265137,3346.0,14.800000190734863,141.0,1785543541000.0,0.020999999716877937,3346.0
81.0,4891.89013671875,0.5,2.0339999198913574,3260.0,-1.2785325944423676,4.199999809265137,163.0,3336.0,116.82279791682959,4.199999809265137,3347.0,14.800000190734863,141.0,1785543542000.0,0.03400000184774399,3347.0
58.0,4897.759765625,0.0,1.7079999446868896,3264.0,-1.2785020004957914,4.599999904632568,116.0,3340.0,116.82284083217382,4.599999904632568,3351.0,14.600000381469727,139.0,1785543546000.0,0.08299999684095383,3351.0
58.0,4900.759765625,0.0,1.5679999589920044,3266.0,-1.2784895952790976,4.599999904632568,116.0,3342.0,116.82286446914077,4.599999904632568,3353.0,14.399999618530273,139.0,1785543548000.0,0.06700000166893005,3353.0
63.0,4910.3701171875,0.5,1.4739999771118164,3273.0,-1.2784912716597319,4.599999904632568,127.0,3349.0,116.82295155711472,4.599999904632568,3360.0,13.800000190734863,142.0,1785543555000.0,-0.01899999938905239,3360.0
63.0,4911.8798828125,0.5,1.4739999771118164,3274.0,-1.2784916907548904,4.599999904632568,127.0,3350.0,116.82296521961689,4.599999904632568,3361.0,13.600000381469727,142.0,1785543556000.0,0.04800000041723251,3361.0
62.0,4921.58984375,0.5,1.3899999856948853,3281.0,-1.2784683052450418,5.0,125.0,3357.0,116.82304920628667,5.0,3368.0,11.0,142.0,1785543563000.0,0.054999999701976776,3368.0
55.0,4932.6298828125,0.5,1.3339999914169312,3289.0,-1.278443243354559,5.400000095367432,111.0,3365.0,116.82314526289701,5.400000095367432,3376.0,11.800000190734863,141.0,1785543571000.0,0.05400000140070915,3376.0
59.0,4943.669921875,0.5,1.305999994277954,3296.0,-1.2784339394420385,4.800000190734863,119.0,3372.0,116.82324358262122,4.800000190734863,3383.0,13.199999809265137,138.0,1785543578000.0,-0.09600000083446503,3383.0
59.0,4949.490234375,0.5,1.3250000476837158,3299.0,-1.2784263119101524,4.599999904632568,119.0,3375.0,116.82329513132572,4.599999904632568,3386.0,13.600000381469727,137.0,1785543581000.0,-0.050999999046325684,3386.0
61.0,4958.5,0.5,1.3899999856948853,3304.0,-1.2783966399729252,4.400000095367432,123.0,3380.0,116.82337081991136,4.400000095367432,3391.0,14.800000190734863,134.0,1785543586000.0,-0.020999999716877937,3391.0
0.0,4963.240234375,0.0,1.4459999799728394,3307.0,-1.2783885933458805,4.400000095367432,0.0,3383.0,116.82341247797012,4.400000095367432,3394.0,15.199999809265137,135.0,1785543589000.0,-0.009999999776482582,3394.0
53.0,4972.41015625,0.5,1.4459999799728394,3315.0,-1.2783844023942947,4.199999809265137,107.0,3391.0,116.82349395006895,4.199999809265137,3402.0,15.199999809265137,132.0,1785543597000.0,-0.03400000184774399,3402.0
53.0,4973.81982421875,0.5,1.399999976158142,3317.0,-1.278384905308485,4.199999809265137,107.0,3393.0,116.82350669056177,4.199999809265137,3404.0,15.199999809265137,131.0,1785543599000.0,-0.02199999988079071,3404.0
52.0,4978.39013671875,0.5,1.184999942779541,3321.0,-1.2783740926533937,4.0,105.0,3397.0,116.82354591786861,4.0,3408.0,15.600000381469727,132.0,1785543603000.0,-0.04500000178813934,3408.0
58.0,4990.7001953125,0.5,1.2599999904632568,3330.0,-1.2783650401979685,3.5999999046325684,117.0,3406.0,116.82365563698113,3.5999999046325684,3417.0,16.0,131.0,1785543612000.0,-0.02800000086426735,3417.0
56.0,4999.68994140625,0.0,1.25,3338.0,-1.2783278245478868,3.4000000953674316,112.0,3414.0,116.82372763752937,3.4000000953674316,3425.0,15.600000381469727,130.0,1785543620000.0,-0.02199999988079071,3425.0
56.0,5001.0400390625,0.0,1.2319999933242798,3339.0,-1.2783273216336966,3.5999999046325684,112.0,3415.0,116.82373970746994,3.5999999046325684,3426.0,15.600000381469727,129.0,1785543621000.0,0.03999999910593033,3426.0
0.0,5012.18994140625,0.0,1.2690000534057617,3347.0,-1.2783322669565678,4.0,0.0,3423.0,116.82383970357478,4.0,3434.0,17.200000762939453,128.0,1785543629000.0,0.04899999871850014,3434.0
0.0,5025.330078125,0.0,1.2970000505447388,3356.0,-1.2782928720116615,4.0,0.0,3432.0,116.82395067997277,4.0,3443.0,16.399999618530273,129.0,1785543638000.0,0.013000000268220901,3443.0
78.0,5045.490234375,0.5,1.4179999828338623,3367.0,-1.2782522197812796,5.0,157.0,3443.0,116.8241267837584,5.0,3454.0,15.600000381469727,128.0,1785543649000.0,0.0860000029206276,3454.0
79.0,5060.68017578125,0.5,1.819000005722046,3374.0,-1.2782372161746025,6.0,159.0,3450.0,116.82426223531365,6.0,3461.0,16.0,131.0,1785543656000.0,0.1340000033378601,3461.0
79.0,5062.81982421875,0.5,1.847000002861023,3375.0,-1.2782330252230167,6.199999809265137,159.0,3451.0,116.82428101077676,6.199999809265137,3462.0,16.200000762939453,132.0,1785543657000.0,0.18799999356269836,3462.0
79.0,5071.2998046875,0.5,1.9220000505447388,3379.0,-1.2782145850360394,6.800000190734863,159.0,3455.0,116.82435502298176,6.800000190734863,3466.0,16.200000762939453,135.0,1785543661000.0,0.1459999978542328,3466.0
80.0,5079.6201171875,0.5,1.9780000448226929,3383.0,-1.278200838714838,7.199999809265137,161.0,3459.0,116.82442861609161,7.199999809265137,3470.0,16.600000381469727,138.0,1785543665000.0,0.13199999928474426,3470.0
81.0,5085.18994140625,0.5,1.996999979019165,3386.0,-1.2781898584216833,7.599999904632568,163.0,3462.0,116.82447622530162,7.599999904632568,3473.0,17.0,138.0,1785543668000.0,0.11400000005960464,3473.0
81.0,5087.169921875,0.0,1.996999979019165,3387.0,-1.2781787943094969,7.599999904632568,162.0,3463.0,116.82449055835605,7.599999904632568,3474.0,17.200000762939453,138.0,1785543669000.0,0.10300000011920929,3474.0
78.0,5093.08984375,0.5,1.9589999914169312,3390.0,-1.2781582586467266,8.0,157.0,3466.0,116.82453976012766,8.0,3477.0,17.399999618530273,141.0,1785543672000.0,0.09300000220537186,3477.0
82.0,5103.919921875,0.5,1.940999984741211,3395.0,-1.2781357951462269,7.199999809265137,165.0,3471.0,116.8246344756335,7.199999809265137,3482.0,18.0,144.0,1785543677000.0,-0.13600000739097595,3482.0
79.0,5121.6298828125,0.5,1.9780000448226929,3405.0,-1.2780925445258617,6.800000190734863,159.0,3481.0,116.82478752918541,6.800000190734863,3492.0,17.799999237060547,145.0,1785543687000.0,-0.05700000002980232,3492.0
77.0,5135.64013671875,0.0,1.902999997138977,3414.0,-1.2780903652310371,6.400000095367432,154.0,3490.0,116.82491174899042,6.400000095367432,3501.0,18.799999237060547,144.0,1785543696000.0,-0.04100000113248825,3501.0
77.0,5147.60009765625,0.0,1.819000005722046,3422.0,-1.2780620343983173,5.800000190734863,154.0,3498.0,116.82501518167555,5.800000190734863,3509.0,18.600000381469727,142.0,1785543704000.0,-0.07199999690055847,3509.0
77.0,5156.52978515625,0.5,1.7730000019073486,3428.0,-1.2780725955963135,5.199999809265137,155.0,3504.0,116.82509447447956,5.199999809265137,3515.0,18.200000762939453,141.0,1785543710000.0,-0.0820000022649765,3515.0
77.0,5157.81982421875,0.0,1.7640000581741333,3429.0,-1.2780713383108377,5.199999809265137,154.0,3505.0,116.8251059576869,5.199999809265137,3516.0,18.200000762939453,142.0,1785543711000.0,-0.04600000008940697,3516.0
75.0,5164.83984375,0.0,1.7079999446868896,3434.0,-1.278054742142558,5.0,150.0,3510.0,116.8251683190465,5.0,3521.0,18.0,142.0,1785543716000.0,-0.05700000002980232,3521.0
73.0,5179.7900390625,0.5,1.6330000162124634,3444.0,-1.2779795564711094,4.400000095367432,147.0,3520.0,116.82528994046152,4.400000095367432,3531.0,26.200000762939453,141.0,1785543726000.0,-0.054999999701976776,3531.0
72.0,5184.6298828125,0.5,1.5859999656677246,3448.0,-1.277947286143899,4.400000095367432,145.0,3524.0,116.82532673701644,4.400000095367432,3535.0,30.399999618530273,138.0,1785543730000.0,0.02500000037252903,3535.0
73.0,5191.9501953125,0.0,1.5399999618530273,3454.0,-1.277920799329877,4.400000095367432,146.0,3530.0,116.8253876734525,4.400000095367432,3541.0,37.0,138.0,1785543736000.0,-0.02800000086426735,3541.0
73.0,5193.02001953125,0.0,1.5299999713897705,3455.0,-1.277915770187974,4.199999809265137,146.0,3531.0,116.82539605535567,4.199999809265137,3542.0,37.79999923706055,137.0,1785543737000.0,-0.05400000140070915,3542.0
74.0,5195.10009765625,0.5,1.5019999742507935,3457.0,-1.2779050413519144,4.199999809265137,149.0,3533.0,116.82541365735233,4.199999809265137,3544.0,39.400001525878906,137.0,1785543739000.0,-0.0560000017285347,3544.0
73.0,5198.56005859375,0.5,1.465000033378601,3460.0,-1.2778973300009966,3.799999952316284,147.0,3536.0,116.82544467039406,3.799999952316284,3547.0,41.20000076293945,136.0,1785543742000.0,-0.09300000220537186,3547.0
72.0,5203.10986328125,0.5,1.437000036239624,3463.0,-1.2778833322227001,3.5999999046325684,145.0,3539.0,116.82548314332962,3.5999999046325684,3550.0,43.400001525878906,137.0,1785543745000.0,-0.09399999678134918,3550.0
0.0,5212.66015625,0.0,1.399999976158142,3470.0,-1.2778243236243725,3.4000000953674316,0.0,3546.0,116.82555112056434,3.4000000953674316,3557.0,45.20000076293945,137.0,1785543752000.0,-0.03500000014901161,3557.0
0.0,5223.419921875,0.0,1.409000039100647,3477.0,-1.277773780748248,3.0,0.0,3553.0,116.82564181275666,3.0,3564.0,50.20000076293945,137.0,1785543759000.0,-0.04699999839067459,3564.0
56.0,5235.0,0.5,1.3899999856948853,3485.0,-1.2777477130293846,2.0,113.0,3561.0,116.82574541307986,2.0,3572.0,53.599998474121094,137.0,1785543767000.0,-0.13600000739097595,3572.0
54.0,5240.89990234375,0.5,1.38100004196167,3490.0,-1.2777536641806364,1.2000000476837158,109.0,3566.0,116.82580634951591,1.2000000476837158,3577.0,52.20000076293945,134.0,1785543772000.0,-0.13199999928474426,3577.0
54.0,5245.27001953125,0.5,1.3619999885559082,3494.0,-1.2777498923242092,0.800000011920929,109.0,3570.0,116.82584716938436,0.800000011920929,3581.0,48.400001525878906,133.0,1785543776000.0,-0.10999999940395355,3581.0
50.0,5251.52001953125,0.5,1.315999984741211,3500.0,-1.2777544185519218,0.4000000059604645,101.0,3576.0,116.82590441778302,0.4000000059604645,3587.0,43.79999923706055,131.0,1785543782000.0,-0.0689999982714653,3587.0
0.0,5264.27001953125,0.0,1.2690000534057617,3510.0,-1.2777692545205355,1.600000023841858,0.0,3586.0,116.82602419517934,1.600000023841858,3597.0,36.0,129.0,1785543792000.0,0.12399999797344208,3597.0
55.0,5275.2001953125,0.0,1.2970000505447388,3517.0,-1.2777822464704514,2.799999952316284,110.0,3593.0,116.82612310163677,2.799999952316284,3604.0,28.799999237060547,125.0,1785543799000.0,0.17299999296665192,3604.0
55.0,5276.4501953125,0.0,1.2970000505447388,3518.0,-1.277777636423707,3.0,110.0,3594.0,116.82613341137767,3.0,3605.0,27.799999237060547,125.0,1785543800000.0,0.06199999898672104,3605.0
55.0,5288.169921875,0.5,1.305999994277954,3526.0,-1.2777547538280487,3.200000047683716,111.0,3602.0,116.82623483240604,3.200000047683716,3613.0,25.399999618530273,124.0,1785543808000.0,0.04100000113248825,3613.0
56.0,5291.35986328125,0.5,1.305999994277954,3529.0,-1.2777557596564293,3.4000000953674316,113.0,3605.0,116.82626408524811,3.4000000953674316,3616.0,24.799999237060547,128.0,1785543811000.0,0.035999998450279236,3616.0
73.0,5298.3798828125,0.5,1.399999976158142,3534.0,-1.2777577713131905,3.5999999046325684,147.0,3610.0,116.82632736861706,3.5999999046325684,3621.0,22.399999618530273,129.0,1785543816000.0,0.04699999839067459,3621.0
71.0,5306.97021484375,0.5,1.4279999732971191,3541.0,-1.2777495570480824,3.799999952316284,143.0,3617.0,116.82640414685011,3.799999952316284,3628.0,20.399999618530273,126.0,1785543823000.0,0.03500000014901161,3628.0
72.0,5313.759765625,0.0,1.38100004196167,3546.0,-1.2777417618781328,4.0,144.0,3622.0,116.82646483182907,4.0,3633.0,19.399999618530273,126.0,1785543828000.0,0.03799999877810478,3633.0
73.0,5323.93994140625,0.0,1.3619999885559082,3554.0,-1.2776844296604395,4.0,146.0,3630.0,116.82654873467982,4.0,3641.0,18.0,127.0,1785543836000.0,-0.004999999888241291,3641.0
75.0,5337.35986328125,0.0,1.3619999885559082,3564.0,-1.277688117697835,4.0,150.0,3640.0,116.82666826061904,4.0,3651.0,18.0,126.0,1785543846000.0,0.0,3651.0
75.0,5352.43994140625,0.0,1.3530000448226929,3575.0,-1.2776621337980032,4.400000095367432,150.0,3651.0,116.82680128142238,4.400000095367432,3662.0,17.799999237060547,126.0,1785543857000.0,0.028999999165534973,3662.0
72.0,5367.3798828125,0.0,1.3339999914169312,3586.0,-1.277618044987321,5.199999809265137,144.0,3662.0,116.82692600414157,5.199999809265137,3673.0,17.200000762939453,128.0,1785543868000.0,0.0820000022649765,3673.0
73.0,5380.009765625,0.5,1.3250000476837158,3596.0,-1.277617122977972,6.0,147.0,3672.0,116.82703907601535,6.0,3683.0,18.399999618530273,128.0,1785543878000.0,0.07999999821186066,3683.0
71.0,5391.18994140625,0.0,1.305999994277954,3605.0,-1.2775970064103603,6.400000095367432,142.0,3681.0,116.8271369766444,6.400000095367432,3692.0,17.0,127.0,1785543887000.0,0.039000000804662704,3692.0
74.0,5402.259765625,0.0,1.2970000505447388,3613.0,-1.2775405123829842,6.599999904632568,148.0,3689.0,116.82721886783838,6.599999904632568,3700.0,15.800000190734863,127.0,1785543895000.0,0.03700000047683716,3700.0
75.0,5415.39990234375,0.0,1.3619999885559082,3622.0,-1.2775606289505959,7.0,150.0,3698.0,116.82733529247344,7.0,3709.0,18.200000762939453,127.0,1785543904000.0,0.028999999165534973,3709.0
73.0,5426.0,0.0,1.371999979019165,3631.0,-1.2775391712784767,6.599999904632568,146.0,3707.0,116.82742791250348,6.599999904632568,3718.0,16.200000762939453,129.0,1785543913000.0,-0.03700000047683716,3718.0
71.0,5431.33984375,0.5,1.3530000448226929,3635.0,-1.2775336392223835,6.400000095367432,143.0,3711.0,116.82747560553253,6.400000095367432,3722.0,16.399999618530273,132.0,1785543917000.0,-0.0430000014603138,3722.0
70.0,5439.990234375,0.5,1.3339999914169312,3641.0,-1.2775141093879938,6.199999809265137,141.0,3717.0,116.82755095884204,6.199999809265137,3728.0,16.799999237060547,134.0,1785543923000.0,-0.04500000178813934,3728.0
73.0,5458.31982421875,0.0,1.343999981880188,3654.0,-1.277493154630065,5.199999809265137,146.0,3730.0,116.82771415449679,5.199999809265137,3741.0,18.200000762939453,132.0,1785543936000.0,-0.07900000363588333,3741.0
72.0,5470.740234375,0.0,1.343999981880188,3663.0,-1.2774671707302332,4.400000095367432,144.0,3739.0,116.8278222810477,4.400000095367432,3750.0,18.799999237060547,134.0,1785543945000.0,-0.0860000029206276,3750.0
77.0,5486.1201171875,0.0,1.371999979019165,3672.0,-1.2774297874420881,4.0,154.0,3748.0,116.82795588858426,4.0,3759.0,20.0,134.0,1785543954000.0,-0.04100000113248825,3759.0
79.0,5497.7900390625,0.5,1.5019999742507935,3678.0,-1.2774095870554447,3.799999952316284,159.0,3754.0,116.82805890217423,3.799999952316284,3765.0,22.0,134.0,1785543960000.0,-0.012000000104308128,3765.0
78.0,5516.18994140625,0.5,1.781999945640564,3688.0,-1.277411850169301,4.199999809265137,157.0,3764.0,116.82822469621897,4.199999809265137,3775.0,20.799999237060547,133.0,1785543970000.0,0.028999999165534973,3775.0
79.0,5524.47998046875,0.5,1.847000002861023,3692.0,-1.2773849442601204,4.400000095367432,159.0,3768.0,116.82829627767205,4.400000095367432,3779.0,18.0,136.0,1785543974000.0,0.03999999910593033,3779.0
80.0,5528.91015625,0.5,1.875,3694.0,-1.2773842737078667,4.400000095367432,161.0,3770.0,116.82833634316921,4.400000095367432,3781.0,17.600000381469727,140.0,1785543976000.0,0.07100000232458115,3781.0
80.0,5531.0,0.5,1.8940000534057617,3695.0,-1.2773856148123741,4.599999904632568,161.0,3771.0,116.82835511863232,4.599999904632568,3782.0,17.799999237060547,142.0,1785543977000.0,0.07199999690055847,3782.0
80.0,5534.08984375,0.5,1.9129999876022339,3697.0,-1.2773843575268984,4.599999904632568,161.0,3773.0,116.82838277891278,4.599999904632568,3784.0,18.0,143.0,1785543979000.0,0.04800000041723251,3784.0
79.0,5538.259765625,0.5,1.8660000562667847,3700.0,-1.2773563619703054,4.599999904632568,159.0,3776.0,116.82841949164867,4.599999904632568,3787.0,18.600000381469727,143.0,1785543982000.0,0.009999999776482582,3787.0
75.0,5545.72998046875,0.5,1.6699999570846558,3707.0,-1.277324091643095,4.599999904632568,151.0,3783.0,116.82849316857755,4.599999904632568,3794.0,20.600000381469727,143.0,1785543989000.0,-0.014000000432133675,3794.0
76.0,5556.990234375,0.0,1.4279999732971191,3714.0,-1.2773362454026937,4.800000190734863,152.0,3790.0,116.82859492488205,4.800000190734863,3801.0,22.200000762939453,141.0,1785543996000.0,0.04100000113248825,3801.0
77.0,5570.2998046875,0.0,1.4279999732971191,3723.0,-1.2773124407976866,5.199999809265137,154.0,3799.0,116.82871411554515,5.199999809265137,3810.0,21.600000381469727,139.0,1785544005000.0,0.028999999165534973,3810.0
77.0,5573.33984375,0.0,1.465000033378601,3725.0,-1.2773063220083714,5.199999809265137,154.0,3801.0,116.82874076999724,5.199999809265137,3812.0,22.0,139.0,1785544007000.0,0.026000000536441803,3812.0
0.0,5579.580078125,0.0,1.4839999675750732,3729.0,-1.277294084429741,5.199999809265137,0.0,3805.0,116.82879609055817,5.199999809265137,3816.0,24.399999618530273,138.0,1785544011000.0,0.02800000086426735,3816.0
76.0,5589.4599609375,0.0,1.4559999704360962,3737.0,-1.2772689387202263,5.400000095367432,152.0,3813.0,116.82888527400792,5.400000095367432,3824.0,31.0,138.0,1785544019000.0,0.010999999940395355,3824.0
73.0,5598.14013671875,0.5,1.4279999732971191,3743.0,-1.2772691901773214,5.400000095367432,147.0,3819.0,116.82896456681192,5.400000095367432,3830.0,34.599998474121094,141.0,1785544025000.0,0.0,3830.0
75.0,5604.509765625,0.5,1.4279999732971191,3747.0,-1.2772593833506107,5.599999904632568,151.0,3823.0,116.8290224019438,5.599999904632568,3834.0,35.599998474121094,143.0,1785544029000.0,0.028999999165534973,3834.0
74.0,5616.22998046875,0.0,1.4459999799728394,3755.0,-1.2772147916257381,5.599999904632568,148.0,3831.0,116.82911887764931,5.599999904632568,3842.0,37.20000076293945,142.0,1785544037000.0,0.023000000044703484,3842.0
74.0,5618.72021484375,0.5,1.4459999799728394,3757.0,-1.2772240955382586,5.800000190734863,149.0,3833.0,116.82913823984563,5.800000190734863,3844.0,37.599998474121094,141.0,1785544039000.0,0.052000001072883606,3844.0
77.0,5624.919921875,0.0,1.437000036239624,3761.0,-1.2772549409419298,6.0,154.0,3837.0,116.8291883636266,6.0,3848.0,37.79999923706055,138.0,1785544043000.0,0.05000000074505806,3848.0
75.0,5628.10009765625,0.5,1.409000039100647,3764.0,-1.2772502470761538,6.0,151.0,3840.0,116.82921485044062,6.0,3851.0,37.0,135.0,1785544046000.0,0.0,3851.0
74.0,5633.02001953125,0.0,1.38100004196167,3768.0,-1.2772544380277395,6.0,148.0,3844.0,116.82925885543227,6.0,3855.0,36.0,133.0,1785544050000.0,0.0010000000474974513,3855.0
0.0,5643.7099609375,0.0,1.3339999914169312,3775.0,-1.2772633228451014,6.599999904632568,0.0,3851.0,116.8293508887291,6.599999904632568,3862.0,35.79999923706055,131.0,1785544057000.0,0.0949999988079071,3862.0
0.0,5654.8798828125,0.0,1.343999981880188,3783.0,-1.277235159650445,7.400000095367432,0.0,3859.0,116.82944979518652,7.400000095367432,3870.0,35.0,134.0,1785544065000.0,0.08900000154972076,3870.0
0.0,5657.91015625,0.0,1.343999981880188,3785.0,-1.2772358302026987,7.599999904632568,0.0,3861.0,116.8294767010957,7.599999904632568,3872.0,35.0,134.0,1785544067000.0,0.09700000286102295,3872.0
56.0,5663.759765625,0.0,1.343999981880188,3790.0,-1.2772430386394262,8.0,112.0,3866.0,116.82952883653343,8.0,3877.0,35.599998474121094,137.0,1785544072000.0,0.07500000298023224,3877.0
55.0,5664.580078125,0.0,1.3339999914169312,3791.0,-1.2772402726113796,8.0,110.0,3867.0,116.82953579351306,8.0,3878.0,35.599998474121094,137.0,1785544073000.0,0.05000000074505806,3878.0
55.0,5665.47021484375,0.0,1.3339999914169312,3792.0,-1.2772340700030327,8.0,110.0,3868.0,116.82954191230237,8.0,3879.0,35.599998474121094,137.0,1785544074000.0,0.04399999976158142,3879.0
55.0,5674.66015625,0.5,1.2970000505447388,3798.0,-1.277238680049777,8.600000381469727,111.0,3874.0,116.8296252284199,8.600000381469727,3885.0,35.400001525878906,140.0,1785544080000.0,0.10000000149011612,3885.0
56.0,5676.080078125,0.0,1.2879999876022339,3799.0,-1.2772408593446016,8.800000190734863,112.0,3875.0,116.82963788509369,8.800000190734863,3886.0,35.400001525878906,139.0,1785544081000.0,0.09099999815225601,3886.0
0.0,5686.81982421875,0.0,1.2599999904632568,3808.0,-1.2772402726113796,9.399999618530273,0.0,3884.0,116.8297341093421,9.399999618530273,3895.0,34.599998474121094,140.0,1785544090000.0,0.07699999958276749,3895.0
0.0,5700.1201171875,0.0,1.222000002861023,3818.0,-1.2772670947015285,10.800000190734863,0.0,3894.0,116.8298517074436,10.800000190734863,3905.0,33.20000076293945,139.0,1785544100000.0,0.13699999451637268,3905.0
0.0,5701.27978515625,0.0,1.222000002861023,3819.0,-1.277268435806036,11.0,0.0,3895.0,116.82986277155578,11.0,3906.0,32.400001525878906,139.0,1785544101000.0,0.12399999797344208,3906.0
55.0,5704.47021484375,0.0,1.222000002861023,3822.0,-1.2772991135716438,11.399999618530273,110.0,3898.0,116.82988883927464,11.399999618530273,3909.0,31.0,136.0,1785544104000.0,0.13099999725818634,3909.0
54.0,5708.93017578125,0.0,1.222000002861023,3825.0,-1.2773037236183882,11.800000190734863,108.0,3901.0,116.82992898859084,11.800000190734863,3912.0,28.399999618530273,134.0,1785544107000.0,0.15000000596046448,3912.0
72.0,5718.31982421875,0.5,1.2319999933242798,3831.0,-1.2773239240050316,12.199999809265137,145.0,3907.0,116.83000794611871,12.199999809265137,3918.0,23.200000762939453,131.0,1785544113000.0,0.057999998331069946,3918.0
72.0,5720.72021484375,0.0,1.2690000534057617,3833.0,-1.2773183919489384,12.199999809265137,144.0,3909.0,116.83002881705761,12.199999809265137,3920.0,22.399999618530273,128.0,1785544115000.0,0.04800000041723251,3920.0
73.0,5730.89990234375,0.0,1.3530000448226929,3841.0,-1.2773084174841642,12.600000381469727,146.0,3917.0,116.83012068271637,12.600000381469727,3928.0,21.0,129.0,1785544123000.0,0.05900000035762787,3928.0
74.0,5744.919921875,0.5,1.3339999914169312,3851.0,-1.2773038912564516,13.399999618530273,149.0,3927.0,116.83024557307363,13.399999618530273,3938.0,21.399999618530273,128.0,1785544133000.0,0.07699999958276749,3938.0
75.0,5746.009765625,0.0,1.3339999914169312,3852.0,-1.2773025501519442,13.399999618530273,150.0,3928.0,116.83025596663356,13.399999618530273,3939.0,21.0,128.0,1785544134000.0,0.014000000432133675,3939.0
74.0,5752.81005859375,0.5,1.305999994277954,3857.0,-1.2773038912564516,13.399999618530273,149.0,3933.0,116.8303192500025,13.399999618530273,3944.0,20.0,128.0,1785544139000.0,-0.003000000026077032,3944.0
74.0,5754.39013671875,0.5,1.305999994277954,3858.0,-1.2773045618087053,13.399999618530273,149.0,3934.0,116.83033341541886,13.399999618530273,3945.0,19.600000381469727,128.0,1785544140000.0,-0.007000000216066837,3945.0
74.0,5763.4501953125,0.5,1.305999994277954,3864.0,-1.277316464111209,13.399999618530273,149.0,3940.0,116.830413043499,13.399999618530273,3951.0,17.799999237060547,128.0,1785544146000.0,0.004999999888241291,3951.0
74.0,5764.919921875,0.5,1.305999994277954,3865.0,-1.2773119378834963,13.600000381469727,149.0,3941.0,116.83042578399181,13.600000381469727,3952.0,17.600000381469727,128.0,1785544147000.0,0.0949999988079071,3952.0
75.0,5773.419921875,0.0,1.343999981880188,3871.0,-1.2772603053599596,14.399999618530273,150.0,3947.0,116.83049677871168,14.399999618530273,3958.0,18.799999237060547,125.0,1785544153000.0,0.13500000536441803,3958.0
74.0,5776.89990234375,0.0,1.3530000448226929,3874.0,-1.2772446312010288,14.600000381469727,148.0,3950.0,116.83052686974406,14.600000381469727,3961.0,21.0,126.0,1785544156000.0,0.09300000220537186,3961.0
73.0,5783.0,0.5,1.343999981880188,3879.0,-1.2772360816597939,14.800000190734863,147.0,3955.0,116.83058110065758,14.800000190734863,3966.0,25.0,129.0,1785544161000.0,0.04399999976158142,3966.0
73.0,5786.91015625,0.5,1.343999981880188,3882.0,-1.2772302981466055,14.800000190734863,147.0,3958.0,116.83061697520316,14.800000190734863,3969.0,26.200000762939453,130.0,1785544164000.0,-0.00800000037997961,3969.0
73.0,5797.2998046875,0.5,1.3339999914169312,3890.0,-1.277212779968977,14.399999618530273,147.0,3966.0,116.8307114392519,14.399999618530273,3977.0,29.600000381469727,133.0,1785544172000.0,-0.061000000685453415,3977.0
73.0,5798.7099609375,0.5,1.3339999914169312,3891.0,-1.2772106006741524,14.199999809265137,147.0,3967.0,116.83072451502085,14.199999809265137,3978.0,30.399999618530273,133.0,1785544173000.0,-0.10199999809265137,3978.0
74.0,5813.52001953125,0.5,1.3339999914169312,3902.0,-1.2771790847182274,13.399999618530273,149.0,3978.0,116.83085720054805,13.399999618530273,3989.0,35.79999923706055,134.0,1785544184000.0,-0.07900000363588333,3989.0
73.0,5829.43017578125,0.5,1.343999981880188,3912.0,-1.2772117741405964,12.199999809265137,147.0,3988.0,116.83099994435906,12.199999809265137,3999.0,37.400001525878906,134.0,1785544194000.0,-0.1120000034570694,3999.0
74.0,5842.81982421875,0.5,1.371999979019165,3922.0,-1.2772442121058702,11.399999618530273,149.0,3998.0,116.83111821301281,11.399999618530273,4009.0,32.400001525878906,134.0,1785544204000.0,-0.09700000286102295,4009.0
73.0,5859.919921875,0.5,1.3899999856948853,3933.0,-1.277267262339592,9.800000190734863,147.0,4009.0,116.83127076365054,9.800000190734863,4020.0,26.799999237060547,134.0,1785544215000.0,-0.12999999523162842,4020.0
73.0,5871.2998046875,0.5,1.437000036239624,3942.0,-1.2772584613412619,8.800000190734863,147.0,4018.0,116.83137184940279,8.800000190734863,4029.0,25.399999618530273,133.0,1785544224000.0,-0.11800000071525574,4029.0
74.0,5883.58984375,0.5,1.399999976158142,3951.0,-1.2772595509886742,8.399999618530273,149.0,4027.0,116.83148232288659,8.399999618530273,4038.0,24.799999237060547,132.0,1785544233000.0,-0.05299999937415123,4038.0
78.0,5899.0498046875,0.0,1.4279999732971191,3961.0,-1.2772526778280735,7.400000095367432,156.0,4037.0,116.83162104338408,7.400000095367432,4048.0,24.0,133.0,1785544243000.0,-0.10199999809265137,4048.0
77.0,5914.7900390625,0.5,1.5399999618530273,3970.0,-1.2772674299776554,6.0,155.0,4046.0,116.83176227845252,6.0,4057.0,25.200000762939453,131.0,1785544252000.0,-0.1469999998807907,4057.0
80.0,5928.27978515625,0.0,1.6239999532699585,3978.0,-1.2772175576537848,6.0,160.0,4054.0,116.83188423514366,6.0,4065.0,26.200000762939453,131.0,1785544260000.0,0.0,4065.0
79.0,5933.52978515625,0.5,1.6610000133514404,3981.0,-1.277205403894186,6.0,159.0,4057.0,116.83193192817271,6.0,4068.0,28.399999618530273,135.0,1785544263000.0,0.0,4068.0
79.0,5936.93017578125,0.5,1.6890000104904175,3983.0,-1.277198027819395,6.0,159.0,4059.0,116.83196411468089,6.0,4070.0,29.600000381469727,138.0,1785544265000.0,0.0,4070.0
78.0,5943.2099609375,0.0,1.7170000076293945,3987.0,-1.2771758995950222,6.0,156.0,4063.0,116.83202513493598,6.0,4074.0,30.399999618530273,140.0,1785544269000.0,0.0,4074.0
80.0,5962.2998046875,0.5,1.7359999418258667,3997.0,-1.277150334790349,5.400000095367432,161.0,4073.0,116.83220182545483,5.400000095367432,4084.0,31.0,141.0,1785544279000.0,-0.05900000035762787,4084.0
79.0,5976.419921875,0.5,1.819000005722046,4003.0,-1.2771650031208992,5.0,159.0,4079.0,116.83232663199306,5.0,4090.0,33.599998474121094,144.0,1785544285000.0,-0.05299999937415123,4090.0
79.0,5980.830078125,0.5,1.875,4006.0,-1.2771825212985277,5.400000095367432,159.0,4082.0,116.83236753568053,5.400000095367432,4093.0,33.79999923706055,145.0,1785544288000.0,0.09799999743700027,4093.0
75.0,5985.58984375,0.5,1.7259999513626099,4011.0,-1.277182437479496,5.599999904632568,151.0,4087.0,116.83240852318704,5.599999904632568,4098.0,30.0,147.0,1785544293000.0,0.05900000035762787,4098.0
72.0,5987.4501953125,0.0,1.6419999599456787,4013.0,-1.2771831080317497,5.800000190734863,144.0,4089.0,116.83242578990757,5.800000190734863,4100.0,28.799999237060547,147.0,1785544295000.0,0.06199999898672104,4100.0
77.0,6000.14990234375,0.0,1.4459999799728394,4021.0,-1.2771702837198973,6.599999904632568,154.0,4097.0,116.83254104107618,6.599999904632568,4108.0,26.399999618530273,144.0,1785544303000.0,0.10400000214576721,4108.0
0.0,6005.6201171875,0.0,1.465000033378601,4025.0,-1.277165086939931,7.0,0.0,4101.0,116.8325902428478,7.0,4112.0,28.200000762939453,143.0,1785544307000.0,0.0860000029206276,4112.0
