directTimestamp,directHeartRate,directCorrectedElevation,directDoubleCadence,sumDuration,directLongitude,sumDistance,sumElapsedDuration,directUncorrectedElevation,directSpeed,directRunCadence,sumMovingDuration,directLatitude,directElevation,directFractionalCadence,directVerticalSpeed,elapsed_s
1786228900000.0,135.0,78.4000015258789,162.0,0.0,106.82873231358826,2.2200000286102295,0.0,93.80000305175781,1.4459999799728394,81.0,0.0,-6.368617471307516,78.4000015258789,0.0,,0.0
1786228901000.0,135.0,78.5999984741211,162.0,1.0,106.82874689809978,4.880000114440918,1.0,93.5999984741211,1.8660000562667847,81.0,1.0,-6.368636665865779,78.5999984741211,0.0,0.17399999499320984,1.0
1786228906000.0,135.0,79.19999694824219,156.0,6.0,106.82879467494786,14.59000015258789,6.0,92.5999984741211,1.847000002861023,78.0,6.0,-6.368709756061435,79.19999694824219,0.0,0.12099999934434891,6.0
1786228913000.0,139.0,79.80000305175781,153.0,13.0,106.82884337380528,25.989999771118164,13.0,92.0,1.6139999628067017,76.0,13.0,-6.368800615891814,79.80000305175781,0.5,0.09700000286102295,13.0
1786228914000.0,141.0,80.0,153.0,14.0,106.82884940877557,27.600000381469727,14.0,92.0,1.6139999628067017,76.0,14.0,-6.3688137754797935,80.0,0.5,0.09099999815225601,14.0
1786228916000.0,145.0,80.19999694824219,155.0,16.0,106.8288653343916,31.110000610351562,16.0,92.0,1.5770000219345093,77.0,16.0,-6.368841603398323,80.19999694824219,0.5,0.10700000077486038,16.0
1786228920000.0,148.0,80.5999984741211,159.0,20.0,106.8288957607001,38.880001068115234,20.0,91.80000305175781,1.5299999713897705,79.0,20.0,-6.368904886767268,80.5999984741211,0.5,0.1120000034570694,20.0
1786228923000.0,149.0,80.80000305175781,164.0,23.0,106.82891545817256,43.439998626708984,23.0,91.4000015258789,1.5399999618530273,82.0,23.0,-6.368941348046064,80.80000305175781,0.0,0.06199999898672104,23.0
1786228932000.0,147.0,81.0,158.0,32.0,106.82898159138858,58.150001525878906,32.0,91.4000015258789,1.4739999771118164,79.0,32.0,-6.369056599214673,81.0,0.0,0.02500000037252903,32.0
1786228936000.0,144.0,80.80000305175781,157.0,36.0,106.82902249507606,65.55000305175781,36.0,91.19999694824219,1.4739999771118164,78.0,36.0,-6.369109153747559,80.80000305175781,0.5,-0.0560000017285347,36.0
1786228938000.0,148.0,80.4000015258789,163.0,38.0,106.82905518449843,70.26000213623047,38.0,91.4000015258789,1.5019999742507935,81.0,38.0,-6.369136478751898,80.4000015258789,0.5,-0.17800000309944153,38.0
1786228939000.0,143.0,80.19999694824219,165.0,39.0,106.82907261885703,72.55000305175781,39.0,91.4000015258789,1.5210000276565552,82.0,39.0,-6.369147626683116,80.19999694824219,0.5,-0.20600000023841858,39.0
1786228940000.0,145.0,80.0,167.0,40.0,106.82908837683499,74.41999816894531,40.0,91.4000015258789,1.5579999685287476,83.0,40.0,-6.369153829291463,80.0,0.5,-0.15800000727176666,40.0
1786228947000.0,149.0,79.0,165.0,47.0,106.82922969572246,90.13999938964844,47.0,91.0,1.819000005722046,82.0,47.0,-6.369147878140211,79.0,0.5,-0.13899999856948853,47.0
1786228954000.0,152.0,78.80000305175781,167.0,54.0,106.82938694022596,107.55999755859375,54.0,90.5999984741211,2.062000036239624,83.0,54.0,-6.369149889796972,78.80000305175781,0.5,-0.03099999949336052,54.0
1786228960000.0,155.0,78.80000305175781,167.0,60.0,106.82951426133513,121.68000030517578,60.0,90.5999984741211,2.2019999027252197,83.0,60.0,-6.369146453216672,78.80000305175781,0.5,0.004000000189989805,60.0
1786228962000.0,156.0,79.0,165.0,62.0,106.82954577729106,125.18000030517578,62.0,91.0,2.183000087738037,82.0,62.0,-6.369145531207323,79.0,0.5,0.06599999964237213,62.0
1786228970000.0,159.0,80.19999694824219,170.0,70.0,106.82969983667135,142.35000610351562,70.0,93.0,2.0250000953674316,85.0,70.0,-6.369131952524185,80.19999694824219,0.0,0.14499999582767487,70.0
1786228976000.0,162.0,80.80000305175781,167.0,76.0,106.82981936261058,155.5800018310547,76.0,92.19999694824219,2.0899999141693115,83.0,76.0,-6.369136478751898,80.80000305175781,0.5,0.11699999868869781,76.0
1786228979000.0,163.0,80.0,167.0,79.0,106.82988775894046,163.19000244140625,79.0,92.0,2.118000030517578,83.0,79.0,-6.369129521772265,80.0,0.5,-0.31299999356269836,79.0
1786228984000.0,166.0,78.4000015258789,166.0,84.0,106.82998959906399,174.9199981689453,84.0,92.4000015258789,2.2019999027252197,83.0,84.0,-6.369099598377943,78.4000015258789,0.0,-0.2930000126361847,84.0
1786228987000.0,167.0,77.5999984741211,162.0,87.0,106.83005447499454,182.9499969482422,87.0,93.0,2.2209999561309814,81.0,87.0,-6.369066908955574,77.5999984741211,0.0,-0.3109999895095825,87.0
1786228995000.0,170.0,76.5999984741211,166.0,95.0,106.83020107448101,203.74000549316406,95.0,95.80000305175781,2.2669999599456787,83.0,95.0,-6.36895040050149,76.5999984741211,0.0,-0.11599999666213989,95.0
1786228996000.0,170.0,76.5999984741211,165.0,96.0,106.83021364733577,205.77000427246094,96.0,96.19999694824219,2.2950000762939453,82.0,96.0,-6.368937157094479,76.5999984741211,0.5,-0.04500000178813934,96.0
1786229000000.0,173.0,76.4000015258789,165.0,100.0,106.83026645332575,214.44000244140625,100.0,97.5999984741211,2.3329999446868896,82.0,100.0,-6.368878986686468,76.4000015258789,0.5,-0.04800000041723251,100.0
1786229006000.0,175.0,75.80000305175781,165.0,106.0,106.8303400464356,227.74000549316406,106.0,98.5999984741211,2.3610000610351562,82.0,106.0,-6.3687843549996614,75.80000305175781,0.5,-0.08500000089406967,106.0
1786229012000.0,175.0,75.80000305175781,166.0,112.0,106.83040718548,240.27000427246094,112.0,99.19999694824219,2.313999891281128,83.0,112.0,-6.3686939142644405,75.80000305175781,0.0,-0.027000000700354576,112.0
1786229017000.0,178.0,76.0,165.0,117.0,106.83047901839018,251.72000122070312,117.0,99.19999694824219,2.2669999599456787,82.0,117.0,-6.368617219850421,76.0,0.5,0.04800000041723251,117.0
1786229019000.0,177.0,76.0,165.0,119.0,106.83050684630871,256.5400085449219,119.0,98.4000015258789,2.239000082015991,82.0,119.0,-6.368583273142576,76.0,0.5,0.039000000804662704,119.0
1786229024000.0,174.0,75.4000015258789,166.0,124.0,106.83056451380253,266.6600036621094,124.0,96.0,2.239000082015991,83.0,124.0,-6.368510602042079,75.4000015258789,0.0,-0.1080000028014183,124.0
1786229027000.0,172.0,75.19999694824219,166.0,127.0,106.83060550130904,273.3900146484375,127.0,95.5999984741211,2.249000072479248,83.0,127.0,-6.368465255945921,75.19999694824219,0.0,-0.11900000274181366,127.0
1786229036000.0,172.0,74.4000015258789,164.0,136.0,106.83072712272406,291.4800109863281,136.0,95.19999694824219,2.2209999561309814,82.0,136.0,-6.368356375023723,74.4000015258789,0.0,-0.07699999958276749,136.0
1786229040000.0,175.0,74.0,163.0,140.0,106.83079032227397,300.82000732421875,140.0,95.19999694824219,2.2109999656677246,81.0,140.0,-6.36829954572022,74.0,0.5,-0.09099999815225601,140.0
1786229045000.0,177.0,74.5999984741211,164.0,145.0,106.83088487014174,311.8299865722656,145.0,96.0,2.2209999561309814,82.0,145.0,-6.3682718854397535,74.5999984741211,0.0,0.09200000017881393,145.0
1786229051000.0,174.0,76.0,166.0,151.0,106.83100179769099,324.80999755859375,151.0,96.5999984741211,2.2300000190734863,83.0,151.0,-6.368286469951272,76.0,0.0,0.24300000071525574,151.0
1786229055000.0,174.0,77.19999694824219,164.0,155.0,106.83107824064791,333.239990234375,155.0,96.5999984741211,2.2300000190734863,82.0,155.0,-6.3682889845222235,77.19999694824219,0.0,0.28200000524520874,155.0
1786229064000.0,175.0,79.0,166.0,164.0,106.83124965056777,352.17999267578125,164.0,97.19999694824219,2.2209999561309814,83.0,164.0,-6.3682833686470985,79.0,0.0,0.21699999272823334,164.0
1786229073000.0,174.0,79.80000305175781,166.0,173.0,106.83141645044088,370.6499938964844,173.0,98.19999694824219,2.2209999561309814,83.0,173.0,-6.368289822712541,79.80000305175781,0.0,0.07199999690055847,173.0
1786229078000.0,171.0,79.80000305175781,166.0,178.0,106.83149926364422,380.1099853515625,178.0,98.0,2.2019999027252197,83.0,178.0,-6.3682792615145445,79.80000305175781,0.0,0.017000000923871994,178.0
1786229079000.0,170.0,79.80000305175781,164.0,179.0,106.8315087351948,381.5299987792969,179.0,97.80000305175781,2.2019999027252197,82.0,179.0,-6.368270628154278,79.80000305175781,0.0,-0.0989999994635582,179.0
1786229087000.0,171.0,78.5999984741211,164.0,187.0,106.83161769993603,396.4700012207031,187.0,97.19999694824219,2.1649999618530273,82.0,187.0,-6.368191000074148,78.5999984741211,0.0,-0.1340000033378601,187.0
1786229097000.0,171.0,77.4000015258789,162.0,197.0,106.831723311916,413.75,197.0,97.4000015258789,2.1089999675750732,81.0,197.0,-6.3680763356387615,77.4000015258789,0.0,-0.11699999868869781,197.0
1786229103000.0,168.0,77.0,163.0,203.0,106.83180168271065,426.8800048828125,203.0,98.0,2.071000099182129,81.0,203.0,-6.36798731982708,77.0,0.5,-0.08399999886751175,203.0
1786229107000.0,168.0,77.0,163.0,207.0,106.83184191584587,433.9200134277344,207.0,98.80000305175781,2.071000099182129,81.0,207.0,-6.367937447503209,77.0,0.5,0.008999999612569809,207.0
1786229119000.0,167.0,77.0,164.0,219.0,106.83197560720146,454.6099853515625,219.0,98.4000015258789,2.0250000953674316,82.0,219.0,-6.36780702508986,77.0,0.0,-0.0010000000474974513,219.0
1786229121000.0,169.0,77.0,161.0,221.0,106.83199723251164,458.1600036621094,221.0,98.5999984741211,2.015000104904175,80.0,221.0,-6.367783471941948,77.0,0.5,0.003000000026077032,221.0
1786229131000.0,169.0,77.19999694824219,165.0,231.0,106.83206043206155,475.3599853515625,231.0,99.19999694824219,1.968999981880188,82.0,231.0,-6.367642655968666,77.19999694824219,0.5,0.02800000086426735,231.0
1786229138000.0,168.0,77.5999984741211,165.0,238.0,106.83205934241414,487.5,238.0,98.19999694824219,1.930999994277954,82.0,238.0,-6.367533439770341,77.5999984741211,0.5,0.05700000002980232,238.0
1786229145000.0,165.0,77.80000305175781,163.0,245.0,106.83205355890095,498.7099914550781,245.0,98.19999694824219,1.902999997138977,81.0,245.0,-6.367432437837124,77.80000305175781,0.5,0.03200000151991844,245.0
1786229148000.0,164.0,77.80000305175781,163.0,248.0,106.83204903267324,503.510009765625,248.0,98.19999694824219,1.8849999904632568,81.0,248.0,-6.367389103397727,77.80000305175781,0.5,-0.052000001072883606,248.0
1786229156000.0,162.0,77.4000015258789,124.0,256.0,106.83203880675137,516.239990234375,256.0,94.4000015258789,1.4459999799728394,62.0,256.0,-6.367273852229118,77.4000015258789,0.0,-0.052000001072883606,256.0
1786229164000.0,159.0,76.80000305175781,125.0,264.0,106.83203763328493,529.260009765625,264.0,92.5999984741211,1.4930000305175781,62.0,264.0,-6.36715667322278,76.80000305175781,0.5,-0.06499999761581421,264.0
1786229166000.0,158.0,76.5999984741211,118.0,266.0,106.83203302323818,531.5,266.0,92.80000305175781,1.5019999742507935,59.0,266.0,-6.3671366404742,76.5999984741211,0.0,-0.08699999749660492,266.0
1786229173000.0,158.0,76.0,119.0,273.0,106.83203511871397,541.5800170898438,273.0,96.0,1.4739999771118164,59.0,273.0,-6.367046115919948,76.0,0.5,-0.09099999815225601,273.0
1786229183000.0,155.0,75.0,126.0,283.0,106.83205054141581,556.3099975585938,283.0,98.0,1.437000036239624,63.0,283.0,-6.366913178935647,75.0,0.0,-0.09000000357627869,283.0
1786229186000.0,152.0,75.0,118.0,286.0,106.83204651810229,560.5700073242188,286.0,98.0,1.437000036239624,59.0,286.0,-6.366874538362026,75.0,0.0,-0.029999999329447746,286.0
1786229193000.0,152.0,75.0,0.0,293.0,106.83205012232065,571.5499877929688,293.0,96.80000305175781,1.4459999799728394,0.0,293.0,-6.366776050999761,75.0,0.0,0.0,293.0
1786229200000.0,151.0,75.0,120.0,300.0,106.8320388905704,582.1500244140625,300.0,95.0,1.4459999799728394,60.0,300.0,-6.366680581122637,75.0,0.0,0.0,300.0
1786229206000.0,148.0,75.4000015258789,121.0,306.0,106.83205414563417,592.9299926757812,306.0,95.0,1.4459999799728394,60.0,306.0,-6.366585111245513,75.4000015258789,0.5,0.05900000035762787,306.0
1786229207000.0,148.0,75.5999984741211,162.0,307.0,106.83205842040479,595.2999877929688,307.0,95.19999694824219,1.4559999704360962,81.0,307.0,-6.366563988849521,75.5999984741211,0.0,0.19699999690055847,307.0
1786229213000.0,146.0,76.80000305175781,165.0,313.0,106.83204190805554,606.8200073242188,313.0,96.0,1.7450000047683716,82.0,313.0,-6.366461059078574,76.80000305175781,0.5,0.20499999821186066,313.0
1786229214000.0,146.0,77.0,164.0,314.0,106.83204215951264,608.3200073242188,314.0,96.0,1.753999948501587,82.0,314.0,-6.366447480395436,77.0,0.0,0.14499999582767487,314.0
1786229222000.0,149.0,77.80000305175781,159.0,322.0,106.83203838765621,621.9099731445312,322.0,92.5999984741211,1.6799999475479126,79.0,322.0,-6.366325691342354,77.80000305175781,0.5,0.12099999934434891,322.0
1786229230000.0,149.0,77.4000015258789,162.0,330.0,106.83203587308526,635.0,330.0,91.5999984741211,1.6979999542236328,81.0,330.0,-6.366207590326667,77.4000015258789,0.0,-0.052000001072883606,330.0
1786229240000.0,148.0,76.80000305175781,161.0,340.0,106.83204903267324,652.219970703125,340.0,89.5999984741211,1.6610000133514404,80.0,340.0,-6.366051770746708,76.80000305175781,0.5,-0.07599999755620956,340.0
1786229247000.0,151.0,75.5999984741211,165.0,347.0,106.83204366825521,664.4600219726562,347.0,89.80000305175781,1.6890000104904175,82.0,347.0,-6.3659426383674145,75.5999984741211,0.5,-0.16599999368190765,347.0
1786229248000.0,151.0,75.4000015258789,165.0,348.0,106.8320478592068,666.5499877929688,348.0,90.0,1.6890000104904175,82.0,348.0,-6.365924114361405,75.4000015258789,0.5,-0.2150000035762787,348.0
1786229254000.0,154.0,74.19999694824219,163.0,354.0,106.83206051588058,678.4600219726562,354.0,90.19999694824219,1.7170000076293945,81.0,354.0,-6.365816993638873,74.19999694824219,0.5,-0.20000000298023224,354.0
1786229258000.0,155.0,74.0,165.0,358.0,106.83204911649227,686.3900146484375,358.0,89.4000015258789,1.7450000047683716,82.0,358.0,-6.3657459150999784,74.0,0.5,-0.04600000008940697,358.0
1786229266000.0,154.0,74.0,165.0,366.0,106.83205582201481,700.3599853515625,366.0,88.19999694824219,1.7640000581741333,82.0,366.0,-6.365620354190469,74.0,0.5,-0.003000000026077032,366.0
1786229276000.0,155.0,74.19999694824219,160.0,376.0,106.83207250200212,720.1900024414062,376.0,89.5999984741211,1.7910000085830688,80.0,376.0,-6.365442238748074,74.19999694824219,0.0,0.020999999716877937,376.0
1786229282000.0,158.0,74.5999984741211,166.0,382.0,106.83206881396472,732.3300170898438,382.0,92.5999984741211,1.7910000085830688,83.0,382.0,-6.365332938730717,74.5999984741211,0.0,0.06800000369548798,382.0
1786229283000.0,158.0,74.5999984741211,165.0,383.0,106.8320650421083,734.0599975585938,383.0,93.0,1.7910000085830688,82.0,383.0,-6.365317767485976,74.5999984741211,0.5,0.06800000369548798,383.0
1786229294000.0,157.0,75.5999984741211,162.0,394.0,106.8320645391941,754.5700073242188,394.0,93.80000305175781,1.809999942779541,81.0,394.0,-6.365132946521044,75.5999984741211,0.0,0.08699999749660492,394.0
1786229303000.0,161.0,76.80000305175781,160.0,403.0,106.83206244371831,771.760009765625,403.0,92.80000305175781,1.847000002861023,80.0,403.0,-6.364977546036243,76.80000305175781,0.0,0.12600000202655792,403.0
1786229304000.0,161.0,76.80000305175781,160.0,404.0,106.83205992914736,773.6099853515625,404.0,92.80000305175781,1.847000002861023,80.0,404.0,-6.364960949867964,76.80000305175781,0.0,0.13199999928474426,404.0
1786229311000.0,160.0,77.5999984741211,164.0,411.0,106.83206604793668,787.3200073242188,411.0,91.80000305175781,1.8660000562667847,82.0,411.0,-6.36483714915812,77.5999984741211,0.0,0.10700000077486038,411.0
1786229321000.0,163.0,78.80000305175781,162.0,421.0,106.83205439709127,805.9600219726562,421.0,91.19999694824219,1.8849999904632568,81.0,421.0,-6.364669008180499,78.80000305175781,0.0,0.12200000137090683,421.0
1786229322000.0,164.0,78.80000305175781,162.0,422.0,106.83204961940646,807.8900146484375,422.0,91.4000015258789,1.8849999904632568,81.0,422.0,-6.364652160555124,78.80000305175781,0.0,-0.01899999938905239,422.0
1786229326000.0,161.0,78.5999984741211,162.0,426.0,106.83203972876072,814.1400146484375,426.0,91.80000305175781,1.8849999904632568,81.0,426.0,-6.364597091451287,78.5999984741211,0.0,-0.03200000151991844,426.0
1786229329000.0,160.0,78.5999984741211,162.0,429.0,106.83203436434269,818.9299926757812,429.0,91.4000015258789,1.8660000562667847,81.0,429.0,-6.364553673192859,78.5999984741211,0.0,-0.04500000178813934,429.0
1786229337000.0,160.0,78.0,166.0,437.0,106.83204031549394,833.8300170898438,437.0,89.4000015258789,1.8009999990463257,83.0,437.0,-6.364421071484685,78.0,0.0,-0.06300000101327896,437.0
1786229348000.0,158.0,77.4000015258789,162.0,448.0,106.83201123028994,854.77001953125,448.0,89.80000305175781,1.8009999990463257,81.0,448.0,-6.364233233034611,77.4000015258789,0.0,-0.050999999046325684,448.0
1786229349000.0,158.0,77.4000015258789,162.0,449.0,106.83201441541314,856.8699951171875,449.0,90.0,1.8009999990463257,81.0,449.0,-6.364213954657316,77.4000015258789,0.0,-0.08100000023841858,449.0
1786229357000.0,158.0,77.0,164.0,457.0,106.83200678788126,870.6599731445312,457.0,90.0,1.809999942779541,82.0,457.0,-6.364089734852314,77.0,0.0,-0.052000001072883606,457.0
1786229366000.0,161.0,76.5999984741211,162.0,466.0,106.83196940459311,887.4099731445312,466.0,90.19999694824219,1.809999942779541,81.0,466.0,-6.363942380994558,76.5999984741211,0.0,-0.04399999976158142,466.0
1786229369000.0,161.0,76.5999984741211,165.0,469.0,106.83196110650897,893.760009765625,469.0,89.19999694824219,1.809999942779541,82.0,469.0,-6.363885635510087,76.5999984741211,0.5,-0.008999999612569809,469.0
1786229379000.0,163.0,76.19999694824219,165.0,479.0,106.83192246593535,915.3900146484375,479.0,87.5999984741211,1.8660000562667847,82.0,479.0,-6.363693606108427,76.19999694824219,0.5,-0.028999999165534973,479.0
1786229385000.0,163.0,76.4000015258789,165.0,485.0,106.83186580426991,928.1400146484375,485.0,87.5999984741211,1.902999997138977,82.0,485.0,-6.3635931070894,76.4000015258789,0.5,0.00800000037997961,485.0
1786229395000.0,163.0,76.5999984741211,166.0,495.0,106.83174837380648,949.4000244140625,495.0,86.5999984741211,1.968999981880188,83.0,495.0,-6.363442232832313,76.5999984741211,0.0,0.023000000044703484,495.0
1786229406000.0,161.0,76.0,166.0,506.0,106.83161325752735,970.9000244140625,506.0,85.19999694824219,2.0250000953674316,83.0,506.0,-6.363302590325475,76.0,0.0,-0.04600000008940697,506.0
1786229408000.0,163.0,75.80000305175781,164.0,508.0,106.83159054256976,974.6500244140625,508.0,85.4000015258789,2.0250000953674316,82.0,508.0,-6.363277360796928,75.80000305175781,0.0,-0.14300000667572021,508.0
1786229418000.0,164.0,74.80000305175781,164.0,518.0,106.83146070688963,995.25,518.0,87.5999984741211,2.0339999198913574,82.0,518.0,-6.363144675269723,74.80000305175781,0.0,-0.09000000357627869,518.0
1786229421000.0,165.0,74.4000015258789,164.0,521.0,106.83142499998212,1000.8400268554688,521.0,88.19999694824219,2.0339999198913574,82.0,521.0,-6.3631088845431805,74.4000015258789,0.0,-0.1289999932050705,521.0
1786229428000.0,162.0,73.5999984741211,164.0,528.0,106.8313411809504,1014.25,528.0,88.5999984741211,2.0339999198913574,82.0,528.0,-6.3630211260169744,73.5999984741211,0.0,-0.13300000131130219,528.0
1786229429000.0,162.0,73.4000015258789,164.0,529.0,106.8313311226666,1016.0800170898438,529.0,88.5999984741211,2.0339999198913574,82.0,529.0,-6.363007966428995,73.4000015258789,0.0,-0.13099999725818634,529.0
1786229437000.0,163.0,72.5999984741211,160.0,537.0,106.83123104274273,1031.3399658203125,537.0,89.19999694824219,1.996999979019165,80.0,537.0,-6.3629127480089664,72.5999984741211,0.0,-0.09600000083446503,537.0
1786229445000.0,162.0,72.19999694824219,156.0,545.0,106.83113993145525,1044.4200439453125,545.0,90.4000015258789,1.968999981880188,78.0,545.0,-6.362837394699454,72.19999694824219,0.0,-0.06199999898672104,545.0
1786229452000.0,162.0,71.4000015258789,125.0,552.0,106.83106776326895,1054.6600341796875,552.0,93.4000015258789,1.6139999628067017,62.0,552.0,-6.362779978662729,71.4000015258789,0.5,-0.11500000208616257,552.0
1786229456000.0,159.0,70.80000305175781,0.0,556.0,106.83103180490434,1060.4100341796875,556.0,94.5999984741211,1.5299999713897705,0.0,556.0,-6.362742176279426,70.80000305175781,0.0,-0.13300000131130219,556.0
1786229457000.0,158.0,70.80000305175781,0.0,557.0,106.8310290388763,1061.699951171875,557.0,94.5999984741211,1.5019999742507935,0.0,557.0,-6.362730776891112,70.80000305175781,0.0,0.057999998331069946,557.0
1786229460000.0,157.0,71.0,0.0,560.0,106.83100045658648,1066.1400146484375,560.0,94.80000305175781,1.38100004196167,0.0,560.0,-6.3627024460583925,71.0,0.0,0.032999999821186066,560.0
1786229465000.0,160.0,71.19999694824219,122.0,565.0,106.83097053319216,1071.0400390625,565.0,94.80000305175781,1.3250000476837158,61.0,565.0,-6.362669924274087,71.19999694824219,0.0,0.04500000178813934,565.0
1786229469000.0,160.0,71.19999694824219,122.0,569.0,106.83093876577914,1075.010009765625,569.0,92.80000305175781,1.2970000505447388,61.0,569.0,-6.362652741372585,71.19999694824219,0.0,0.032999999821186066,569.0
1786229472000.0,160.0,71.80000305175781,122.0,572.0,106.83090951293707,1080.0799560546875,572.0,91.80000305175781,1.2879999876022339,61.0,572.0,-6.362618459388614,71.80000305175781,0.0,0.1860000044107437,572.0
1786229476000.0,160.0,73.0,116.0,576.0,106.83085788041353,1088.0,576.0,91.0,1.277999997138977,58.0,576.0,-6.362567162141204,73.0,0.0,0.27799999713897705,576.0
1786229484000.0,159.0,75.4000015258789,117.0,584.0,106.83078085072339,1101.7900390625,584.0,88.0,1.3339999914169312,58.0,584.0,-6.362468339502811,75.4000015258789,0.5,0.3089999854564667,584.0
1786229485000.0,159.0,75.5999984741211,118.0,585.0,106.83077833615243,1102.8800048828125,585.0,88.0,1.3619999885559082,59.0,585.0,-6.362458448857069,75.5999984741211,0.0,0.2409999966621399,585.0
1786229488000.0,157.0,76.80000305175781,120.0,588.0,106.83075293898582,1107.1300048828125,588.0,88.19999694824219,1.3899999856948853,60.0,588.0,-6.362429866567254,76.80000305175781,0.0,0.3659999966621399,588.0
1786229495000.0,154.0,78.4000015258789,0.0,595.0,106.83068051934242,1118.31005859375,595.0,88.5999984741211,1.4739999771118164,0.0,595.0,-6.362359374761581,78.4000015258789,0.0,0.2240000069141388,595.0
1786229497000.0,154.0,78.4000015258789,115.0,597.0,106.83065495453775,1121.8900146484375,597.0,88.5999984741211,1.5210000276565552,57.0,597.0,-6.362339509651065,78.4000015258789,0.5,0.014999999664723873,597.0
1786229502000.0,151.0,78.4000015258789,122.0,602.0,106.83060080744326,1129.56005859375,602.0,88.0,1.5119999647140503,61.0,602.0,-6.362294917926192,78.4000015258789,0.0,0.017999999225139618,602.0
1786229508000.0,152.0,78.80000305175781,158.0,608.0,106.83054523542523,1138.6800537109375,608.0,86.5999984741211,1.5770000219345093,79.0,608.0,-6.362233813852072,78.80000305175781,0.0,0.0430000014603138,608.0
1786229512000.0,149.0,78.80000305175781,159.0,612.0,106.83049117214978,1146.9300537109375,612.0,87.19999694824219,1.6979999542236328,79.0,612.0,-6.36218243278563,78.80000305175781,0.5,0.039000000804662704,612.0
1786229514000.0,146.0,78.80000305175781,161.0,614.0,106.83046787045896,1150.6800537109375,614.0,88.19999694824219,1.7170000076293945,80.0,614.0,-6.362157957628369,78.80000305175781,0.5,-0.03999999910593033,614.0
1786229516000.0,146.0,78.80000305175781,161.0,616.0,106.83044800534844,1154.02001953125,616.0,88.80000305175781,1.7450000047683716,80.0,616.0,-6.3621352426707745,78.80000305175781,0.5,-0.03099999949336052,616.0
1786229527000.0,148.0,77.5999984741211,161.0,627.0,106.830317331478,1174.510009765625,627.0,87.5999984741211,1.7730000019073486,80.0,627.0,-6.362004904076457,77.5999984741211,0.5,-0.10100000351667404,627.0
1786229536000.0,147.0,78.0,157.0,636.0,106.83020593598485,1191.6800537109375,636.0,85.80000305175781,1.7730000019073486,78.0,636.0,-6.361895687878132,78.0,0.5,0.03799999877810478,636.0
1786229544000.0,149.0,77.5999984741211,163.0,644.0,106.83011759072542,1206.1400146484375,644.0,85.19999694824219,1.7910000085830688,81.0,644.0,-6.361799128353596,77.5999984741211,0.5,-0.0430000014603138,644.0
1786229549000.0,152.0,77.4000015258789,161.0,649.0,106.83005589991808,1215.4100341796875,649.0,84.80000305175781,1.7910000085830688,80.0,649.0,-6.361742718145251,77.4000015258789,0.5,-0.04100000113248825,649.0
1786229553000.0,152.0,77.19999694824219,163.0,653.0,106.8300044350326,1223.81005859375,653.0,84.4000015258789,1.8009999990463257,81.0,653.0,-6.361686559394002,77.19999694824219,0.5,-0.07699999958276749,653.0
1786229563000.0,151.0,76.19999694824219,165.0,663.0,106.82988113723695,1243.989990234375,663.0,85.19999694824219,1.819000005722046,82.0,663.0,-6.361552784219384,76.19999694824219,0.5,-0.08900000154972076,663.0
1786229564000.0,152.0,76.0,165.0,664.0,106.82986076921225,1247.530029296875,664.0,85.4000015258789,1.8289999961853027,82.0,664.0,-6.361528225243092,76.0,0.5,-0.23499999940395355,664.0
1786229566000.0,155.0,75.5999984741211,163.0,666.0,106.82982573285699,1252.31005859375,666.0,85.4000015258789,1.8380000591278076,81.0,666.0,-6.361502660438418,75.5999984741211,0.5,-0.1720000058412552,666.0
1786229571000.0,158.0,75.0,163.0,671.0,106.82977904565632,1260.6300048828125,671.0,85.80000305175781,1.847000002861023,81.0,671.0,-6.36144264601171,75.0,0.5,-0.10999999940395355,671.0
1786229574000.0,158.0,74.80000305175781,163.0,674.0,106.82975012809038,1265.31005859375,674.0,86.19999694824219,1.847000002861023,81.0,674.0,-6.361411968246102,74.80000305175781,0.5,-0.10400000214576721,674.0
1786229583000.0,158.0,74.80000305175781,161.0,683.0,106.8296473659575,1281.4599609375,683.0,86.5999984741211,1.8289999961853027,80.0,683.0,-6.361308787018061,74.80000305175781,0.5,-0.00800000037997961,683.0
1786229591000.0,158.0,74.0,159.0,691.0,106.82954426854849,1296.27001953125,691.0,84.4000015258789,1.8289999961853027,79.0,691.0,-6.3612231239676476,74.0,0.5,-0.07599999755620956,691.0
1786229601000.0,155.0,73.4000015258789,165.0,701.0,106.82944301515818,1314.0,701.0,81.5999984741211,1.8289999961853027,82.0,701.0,-6.361099323257804,73.4000015258789,0.5,-0.06599999964237213,701.0
1786229609000.0,154.0,72.4000015258789,163.0,709.0,106.82935098186135,1327.68994140625,709.0,82.80000305175781,1.8289999961853027,81.0,709.0,-6.361018102616072,72.4000015258789,0.5,-0.11900000274181366,709.0
1786229615000.0,157.0,72.4000015258789,165.0,715.0,106.82928283698857,1338.3800048828125,715.0,85.4000015258789,1.819000005722046,82.0,715.0,-6.360952137038112,72.4000015258789,0.5,-0.007000000216066837,715.0
1786229617000.0,157.0,72.5999984741211,165.0,717.0,106.82926171459258,1342.06005859375,717.0,86.5999984741211,1.819000005722046,82.0,717.0,-6.360926320776343,72.5999984741211,0.5,0.04600000008940697,717.0
1786229622000.0,160.0,72.80000305175781,167.0,722.0,106.82921645231545,1350.4200439453125,722.0,89.5999984741211,1.809999942779541,83.0,722.0,-6.360866641625762,72.80000305175781,0.5,0.0430000014603138,722.0
1786229624000.0,161.0,73.0,161.0,724.0,106.82919046841562,1354.3399658203125,724.0,90.5999984741211,1.8009999990463257,80.0,724.0,-6.360842417925596,73.0,0.5,0.11500000208616257,724.0
1786229631000.0,164.0,74.5999984741211,159.0,731.0,106.82909348979592,1368.3499755859375,731.0,94.19999694824219,1.7730000019073486,79.0,731.0,-6.360759939998388,74.5999984741211,0.5,0.24500000476837158,731.0
1786229633000.0,164.0,75.4000015258789,161.0,733.0,106.82905199937522,1373.6300048828125,733.0,95.0,1.7640000581741333,80.0,733.0,-6.360736805945635,75.4000015258789,0.5,0.3160000145435333,733.0
1786229642000.0,162.0,78.0,163.0,742.0,106.82893473654985,1392.260009765625,742.0,97.19999694824219,1.7259999513626099,81.0,742.0,-6.3606164418160915,78.0,0.5,0.30300000309944153,742.0
1786229649000.0,163.0,78.0,162.0,749.0,106.8288751412183,1402.699951171875,749.0,99.0,1.6890000104904175,81.0,749.0,-6.360543267801404,78.0,0.0,-0.004000000189989805,749.0
1786229651000.0,163.0,77.80000305175781,161.0,751.0,106.8288618978113,1405.1300048828125,751.0,99.4000015258789,1.6699999570846558,80.0,751.0,-6.360525079071522,77.80000305175781,0.5,-0.0860000029206276,751.0
1786229657000.0,160.0,75.5999984741211,162.0,757.0,106.82877380400896,1419.6099853515625,757.0,101.0,1.5679999589920044,81.0,757.0,-6.360430531203747,75.5999984741211,0.0,-0.3630000054836273,757.0
1786229659000.0,160.0,74.5999984741211,161.0,759.0,106.82872921228409,1425.25,759.0,101.5999984741211,1.5859999656677246,80.0,759.0,-6.360404882580042,74.5999984741211,0.5,-0.49399998784065247,759.0
1786229667000.0,161.0,72.4000015258789,163.0,767.0,106.82864824309945,1439.5400390625,767.0,99.4000015258789,1.7170000076293945,81.0,767.0,-6.360303210094571,72.4000015258789,0.5,-0.27399998903274536,767.0
1786229677000.0,158.0,69.19999694824219,161.0,777.0,106.82852016761899,1458.7900390625,777.0,98.0,1.7640000581741333,80.0,777.0,-6.360186617821455,69.19999694824219,0.5,-0.3330000042915344,777.0
1786229680000.0,155.0,68.4000015258789,161.0,780.0,106.8284882325679,1464.1600341796875,780.0,96.5999984741211,1.781999945640564,80.0,780.0,-6.3601496536284685,68.4000015258789,0.5,-0.2630000114440918,780.0
1786229685000.0,155.0,67.5999984741211,159.0,785.0,106.82843609713018,1472.8599853515625,785.0,94.4000015258789,1.8009999990463257,79.0,785.0,-6.360090812668204,67.5999984741211,0.5,-0.1550000011920929,785.0
1786229696000.0,157.0,66.5999984741211,159.0,796.0,106.8283037468791,1493.4100341796875,796.0,89.0,1.8849999904632568,79.0,796.0,-6.359961312264204,66.5999984741211,0.5,-0.09300000220537186,796.0
1786229704000.0,157.0,66.19999694824219,160.0,804.0,106.8282107077539,1507.3199462890625,804.0,86.19999694824219,1.9220000505447388,80.0,804.0,-6.359876235947013,66.19999694824219,0.0,-0.050999999046325684,804.0
1786229708000.0,154.0,65.5999984741211,160.0,808.0,106.82816443964839,1514.4300537109375,808.0,84.80000305175781,1.930999994277954,80.0,808.0,-6.359831476584077,65.5999984741211,0.0,-0.12399999797344208,808.0
1786229712000.0,152.0,66.0,161.0,812.0,106.82811104692519,1521.6700439453125,812.0,84.80000305175781,1.9220000505447388,80.0,812.0,-6.35979350656271,66.0,0.5,0.06199999898672104,812.0
1786229723000.0,154.0,67.0,159.0,823.0,106.82797308079898,1540.02001953125,823.0,87.5999984741211,1.9129999876022339,79.0,823.0,-6.359705915674567,67.0,0.5,0.10300000011920929,823.0
1786229726000.0,157.0,67.4000015258789,159.0,826.0,106.82792522013187,1545.4599609375,826.0,88.0,1.902999997138977,79.0,826.0,-6.3596920017153025,67.4000015258789,0.5,0.13899999856948853,826.0
1786229732000.0,158.0,69.0,163.0,832.0,106.8278256431222,1556.81005859375,832.0,88.0,1.8940000534057617,81.0,832.0,-6.359667526558042,69.0,0.5,0.27000001072883606,832.0
1786229740000.0,157.0,72.19999694824219,161.0,840.0,106.82771391235292,1569.2900390625,840.0,85.5999984741211,1.8849999904632568,80.0,840.0,-6.359653528779745,72.19999694824219,0.5,0.382999986410141,840.0
1786229745000.0,153.0,74.4000015258789,81.0,845.0,106.82763386517763,1577.969970703125,845.0,85.0,1.8660000562667847,40.0,845.0,-6.35964984074235,74.4000015258789,0.5,0.453000009059906,845.0
1786229748000.0,155.0,75.4000015258789,0.0,848.0,106.82760008610785,1581.780029296875,848.0,84.80000305175781,1.819000005722046,0.0,848.0,-6.3596490025520325,75.4000015258789,0.0,0.32100000977516174,848.0
1786229754000.0,158.0,76.19999694824219,0.0,854.0,106.82752096094191,1590.7099609375,854.0,85.4000015258789,1.7640000581741333,0.0,854.0,-6.359652355313301,76.19999694824219,0.0,0.1340000033378601,854.0
1786229756000.0,158.0,76.4000015258789,118.0,856.0,106.8274939712137,1593.7099609375,856.0,85.4000015258789,1.7359999418258667,59.0,856.0,-6.3596495892852545,76.4000015258789,0.0,0.0820000022649765,856.0
1786229765000.0,157.0,76.80000305175781,113.0,865.0,106.82740143500268,1604.1700439453125,865.0,85.4000015258789,1.6050000190734863,56.0,865.0,-6.359636094421148,76.80000305175781,0.5,0.057999998331069946,865.0
1786229772000.0,157.0,78.0,118.0,872.0,106.82730470784009,1614.8599853515625,872.0,85.80000305175781,1.277999997138977,59.0,872.0,-6.359641291201115,78.0,0.0,0.17599999904632568,872.0
1786229779000.0,156.0,77.4000015258789,117.0,879.0,106.82719515636563,1626.8299560546875,879.0,87.19999694824219,1.2970000505447388,58.0,879.0,-6.359641458839178,77.4000015258789,0.5,-0.11299999803304672,879.0
1786229785000.0,153.0,76.5999984741211,117.0,885.0,106.82709189131856,1638.2900390625,885.0,88.0,1.343999981880188,58.0,885.0,-6.3596420455724,76.5999984741211,0.5,-0.12399999797344208,885.0
1786229788000.0,152.0,76.4000015258789,127.0,888.0,106.82706255465746,1641.6600341796875,888.0,89.0,1.371999979019165,63.0,888.0,-6.3596501760184765,76.4000015258789,0.5,-0.06599999964237213,888.0
1786229797000.0,150.0,75.80000305175781,119.0,897.0,106.82695803232491,1653.18994140625,897.0,90.0,1.38100004196167,59.0,897.0,-6.359650511294603,75.80000305175781,0.5,-0.06199999898672104,897.0
1786229805000.0,150.0,75.0,122.0,905.0,106.82683515362442,1666.68994140625,905.0,87.5999984741211,1.399999976158142,61.0,905.0,-6.359643051400781,75.0,0.0,-0.10000000149011612,905.0
1786229813000.0,149.0,74.4000015258789,161.0,913.0,106.82669576257467,1682.1300048828125,913.0,86.80000305175781,1.5299999713897705,80.0,913.0,-6.359631149098277,74.4000015258789,0.5,-0.0820000022649765,913.0
1786229821000.0,146.0,73.80000305175781,165.0,921.0,106.82655553333461,1697.6300048828125,921.0,87.5999984741211,1.6890000104904175,82.0,921.0,-6.359627712517977,73.80000305175781,0.5,-0.057999998331069946,921.0
1786229822000.0,146.0,73.80000305175781,163.0,922.0,106.82653801515698,1699.5899658203125,922.0,87.80000305175781,1.6979999542236328,81.0,922.0,-6.359624778851867,73.80000305175781,0.5,-0.03099999949336052,922.0
1786229831000.0,147.0,73.5999984741211,162.0,931.0,106.82637532241642,1717.530029296875,931.0,90.80000305175781,1.819000005722046,81.0,931.0,-6.359623521566391,73.5999984741211,0.0,-0.02199999988079071,931.0
1786229834000.0,150.0,73.5999984741211,155.0,934.0,106.82632771320641,1722.800048828125,934.0,91.19999694824219,1.847000002861023,77.0,934.0,-6.359625365585089,73.5999984741211,0.5,-0.007000000216066837,934.0
1786229836000.0,153.0,73.5999984741211,157.0,936.0,106.82629485614598,1726.47998046875,936.0,91.4000015258789,1.8660000562667847,78.0,936.0,-6.359619749709964,73.5999984741211,0.5,0.029999999329447746,936.0
1786229839000.0,154.0,73.5999984741211,162.0,939.0,106.82624104432762,1732.449951171875,939.0,91.5999984741211,1.8849999904632568,81.0,939.0,-6.359622851014137,73.5999984741211,0.0,-0.010999999940395355,939.0
1786229845000.0,157.0,73.80000305175781,163.0,945.0,106.82613853365183,1743.760009765625,945.0,91.4000015258789,1.940999984741211,81.0,945.0,-6.359628299251199,73.80000305175781,0.5,0.02800000086426735,945.0
1786229847000.0,158.0,74.0,163.0,947.0,106.82610374875367,1747.6099853515625,947.0,91.4000015258789,1.930999994277954,81.0,947.0,-6.3596301432698965,74.0,0.5,0.05299999937415123,947.0
1786229856000.0,159.0,74.4000015258789,0.0,956.0,106.8259502761066,1764.6300048828125,956.0,91.4000015258789,1.9220000505447388,0.0,956.0,-6.3596210069954395,74.4000015258789,0.0,0.04399999976158142,956.0
1786229862000.0,162.0,75.19999694824219,163.0,962.0,106.82584047317505,1776.9000244140625,962.0,92.0,1.9500000476837158,81.0,962.0,-6.359620923176408,75.19999694824219,0.5,0.1340000033378601,962.0
1786229863000.0,162.0,75.4000015258789,163.0,963.0,106.82582362554967,1778.760009765625,963.0,92.0,1.9589999914169312,81.0,963.0,-6.359622348099947,75.4000015258789,0.5,0.1770000010728836,963.0
1786229872000.0,160.0,76.5999984741211,159.0,972.0,106.82567182928324,1795.56005859375,972.0,93.0,1.9589999914169312,79.0,972.0,-6.359617905691266,76.5999984741211,0.5,0.15199999511241913,972.0
1786229877000.0,157.0,78.0,158.0,977.0,106.82558943517506,1804.6800537109375,977.0,93.80000305175781,1.940999984741211,79.0,977.0,-6.359612373635173,78.0,0.0,0.2590000033378601,977.0
1786229879000.0,158.0,78.5999984741211,155.0,979.0,106.82555523701012,1808.47998046875,979.0,94.0,1.9220000505447388,77.0,979.0,-6.359608015045524,78.5999984741211,0.5,0.3610000014305115,979.0
1786229883000.0,161.0,80.0,159.0,983.0,106.82549161836505,1815.489990234375,983.0,93.80000305175781,1.8940000534057617,79.0,983.0,-6.35961027815938,80.0,0.5,0.3449999988079071,983.0
1786229888000.0,161.0,81.80000305175781,157.0,988.0,106.82540754787624,1824.81005859375,988.0,94.0,1.875,78.0,988.0,-6.359607679769397,81.80000305175781,0.5,0.33500000834465027,988.0
1786229893000.0,164.0,82.5999984741211,159.0,993.0,106.82533697225153,1832.6600341796875,993.0,94.4000015258789,1.8660000562667847,79.0,993.0,-6.359601393342018,82.5999984741211,0.5,0.17800000309944153,993.0
1786229897000.0,166.0,83.19999694824219,157.0,997.0,106.82527519762516,1839.52001953125,997.0,94.5999984741211,1.8569999933242798,78.0,997.0,-6.359606087207794,83.19999694824219,0.5,0.11999999731779099,997.0
1786229902000.0,164.0,83.5999984741211,163.0,1002.0,106.82520680129528,1847.0799560546875,1002.0,95.0,1.8289999961853027,81.0,1002.0,-6.359611451625824,83.5999984741211,0.5,0.10599999874830246,1002.0
1786229904000.0,164.0,84.0,162.0,1004.0,106.82517193257809,1851.02001953125,1004.0,95.19999694824219,1.809999942779541,81.0,1004.0,-6.359618408605456,84.0,0.0,0.1509999930858612,1004.0
1786229913000.0,164.0,85.19999694824219,161.0,1013.0,106.82502902112901,1867.3800048828125,1013.0,97.19999694824219,1.781999945640564,80.0,1013.0,-6.359655791893601,85.19999694824219,0.5,0.13099999725818634,1013.0
1786229922000.0,167.0,85.5999984741211,159.0,1022.0,106.82490061037242,1882.7900390625,1022.0,96.19999694824219,1.7910000085830688,79.0,1022.0,-6.359710022807121,85.5999984741211,0.5,0.052000001072883606,1022.0
1786229928000.0,164.0,85.5999984741211,161.0,1028.0,106.82482961565256,1892.6400146484375,1028.0,95.5999984741211,1.781999945640564,80.0,1028.0,-6.359763164073229,85.5999984741211,0.5,0.010999999940395355,1028.0
1786229931000.0,164.0,85.5999984741211,161.0,1031.0,106.8247877061367,1898.4300537109375,1031.0,95.80000305175781,1.7730000019073486,80.0,1031.0,-6.359794847667217,85.5999984741211,0.5,0.012000000104308128,1031.0
1786229941000.0,166.0,85.80000305175781,161.0,1041.0,106.82466784492135,1914.6600341796875,1041.0,95.80000305175781,1.753999948501587,80.0,1041.0,-6.359878331422806,85.80000305175781,0.5,0.013000000268220901,1041.0
1786229950000.0,167.0,85.80000305175781,161.0,1050.0,106.82456986047328,1930.300048828125,1050.0,94.19999694824219,1.7359999418258667,80.0,1050.0,-6.359979752451181,85.80000305175781,0.5,-0.0010000000474974513,1050.0
1786229954000.0,170.0,85.80000305175781,159.0,1054.0,106.82452451437712,1937.3499755859375,1054.0,94.5999984741211,1.7359999418258667,79.0,1054.0,-6.360024763271213,85.80000305175781,0.5,0.017999999225139618,1054.0
1786229958000.0,171.0,86.19999694824219,161.0,1058.0,106.82448369450867,1944.5400390625,1058.0,95.0,1.7359999418258667,80.0,1058.0,-6.360074803233147,86.19999694824219,0.5,0.06499999761581421,1058.0
1786229965000.0,170.0,86.5999984741211,165.0,1065.0,106.8244047369808,1959.050048828125,1065.0,95.4000015258789,1.7640000581741333,82.0,1065.0,-6.360179325565696,86.5999984741211,0.5,0.06800000369548798,1065.0
1786229975000.0,169.0,87.4000015258789,161.0,1075.0,106.8242887314409,1976.6500244140625,1075.0,95.5999984741211,1.8009999990463257,80.0,1075.0,-6.360287955030799,87.4000015258789,0.5,0.0689999982714653,1075.0
1786229984000.0,168.0,87.5999984741211,165.0,1084.0,106.82416853494942,1994.52001953125,1084.0,95.5999984741211,1.7910000085830688,82.0,1084.0,-6.360396081581712,87.5999984741211,0.5,0.02199999988079071,1084.0
1786229987000.0,166.0,87.5999984741211,165.0,1087.0,106.82412151247263,2000.7900390625,1087.0,95.4000015258789,1.8009999990463257,82.0,1087.0,-6.360428603366017,87.5999984741211,0.5,0.03500000014901161,1087.0
1786229994000.0,162.0,87.5999984741211,165.0,1094.0,106.8240315746516,2014.6400146484375,1094.0,94.4000015258789,1.809999942779541,82.0,1094.0,-6.360516529530287,87.5999984741211,0.5,0.0020000000949949026,1094.0
1786230002000.0,163.0,86.0,165.0,1102.0,106.82391841895878,2032.4000244140625,1102.0,93.0,1.819000005722046,82.0,1102.0,-6.360628427937627,86.0,0.5,-0.20399999618530273,1102.0
1786230009000.0,162.0,84.4000015258789,167.0,1109.0,106.82383895851672,2045.3699951171875,1109.0,92.4000015258789,1.847000002861023,83.0,1109.0,-6.36071459390223,84.4000015258789,0.5,-0.22200000286102295,1109.0
1786230017000.0,163.0,82.5999984741211,161.0,1117.0,106.82375119999051,2059.860107421875,1117.0,94.4000015258789,1.847000002861023,80.0,1117.0,-6.360812159255147,82.5999984741211,0.5,-0.22699999809265137,1117.0
1786230025000.0,163.0,80.80000305175781,159.0,1125.0,106.8236531317234,2074.6298828125,1125.0,96.5999984741211,1.8380000591278076,79.0,1125.0,-6.360901929438114,80.80000305175781,0.5,-0.22100000083446503,1125.0
1786230034000.0,162.0,78.5999984741211,159.0,1134.0,106.82353997603059,2092.81005859375,1134.0,97.19999694824219,1.8289999961853027,79.0,1134.0,-6.361021287739277,78.5999984741211,0.5,-0.2409999966621399,1134.0
1786230041000.0,159.0,77.80000305175781,161.0,1141.0,106.82345129549503,2106.89990234375,1141.0,96.80000305175781,1.8569999933242798,80.0,1141.0,-6.36111281812191,77.80000305175781,0.5,-0.13300000131130219,1141.0
1786230045000.0,160.0,77.5999984741211,163.0,1145.0,106.82340418919921,2114.639892578125,1145.0,96.19999694824219,1.8849999904632568,81.0,1145.0,-6.3611645344644785,77.5999984741211,0.5,-0.054999999701976776,1145.0
1786230054000.0,158.0,76.19999694824219,163.0,1154.0,106.82328633964062,2133.22998046875,1154.0,96.4000015258789,1.930999994277954,81.0,1154.0,-6.361284060403705,76.19999694824219,0.5,-0.1420000046491623,1154.0
1786230064000.0,160.0,75.19999694824219,161.0,1164.0,106.82315667159855,2152.260009765625,1164.0,95.4000015258789,1.9869999885559082,80.0,1164.0,-6.361396377906203,75.19999694824219,0.5,-0.10100000351667404,1164.0
1786230067000.0,163.0,75.19999694824219,0.0,1167.0,106.82312875986099,2156.030029296875,1167.0,94.4000015258789,1.9500000476837158,0.0,1167.0,-6.361415991559625,75.19999694824219,0.0,-0.0430000014603138,1167.0
1786230071000.0,163.0,75.0,0.0,1171.0,106.82310126721859,2160.989990234375,1171.0,92.5999984741211,1.8940000534057617,0.0,1171.0,-6.361451195552945,75.0,0.0,-0.017999999225139618,1171.0
1786230075000.0,163.0,75.0,121.0,1175.0,106.82307343930006,2165.510009765625,1175.0,92.19999694824219,1.6799999475479126,60.0,1175.0,-6.361481454223394,75.0,0.5,-0.023000000044703484,1175.0
1786230080000.0,163.0,74.80000305175781,121.0,1180.0,106.82302867993712,2172.780029296875,1180.0,92.5999984741211,1.437000036239624,60.0,1180.0,-6.361529901623726,74.80000305175781,0.5,-0.029999999329447746,1180.0
1786230087000.0,161.0,74.5999984741211,0.0,1187.0,106.82299314066768,2178.719970703125,1187.0,93.0,1.1480000019073486,0.0,1187.0,-6.361569380387664,74.5999984741211,0.0,-0.01600000075995922,1187.0
1786230092000.0,161.0,74.5999984741211,0.0,1192.0,106.8229556735605,2184.6201171875,1192.0,93.19999694824219,1.128999948501587,0.0,1192.0,-6.361607685685158,74.5999984741211,0.0,-0.026000000536441803,1192.0
1786230094000.0,160.0,74.5999984741211,0.0,1194.0,106.82293815538287,2187.6201171875,1194.0,93.19999694824219,1.1660000085830688,0.0,1194.0,-6.361628221347928,74.5999984741211,0.0,-0.026000000536441803,1194.0
1786230100000.0,160.0,74.80000305175781,120.0,1200.0,106.82288015261292,2196.89990234375,1200.0,93.80000305175781,1.3530000448226929,60.0,1200.0,-6.361688654869795,74.80000305175781,0.0,0.039000000804662704,1200.0
1786230110000.0,158.0,75.80000305175781,0.0,1210.0,106.8228018656373,2211.030029296875,1210.0,94.4000015258789,1.465000033378601,0.0,1210.0,-6.36178907006979,75.80000305175781,0.0,0.0989999994635582,1210.0
1786230114000.0,155.0,76.19999694824219,122.0,1214.0,106.82276356033981,2217.090087890625,1214.0,93.80000305175781,1.4559999704360962,61.0,1214.0,-6.361827962100506,76.19999694824219,0.0,0.10499999672174454,1214.0
1786230120000.0,153.0,76.80000305175781,0.0,1220.0,106.82272064499557,2225.409912109375,1220.0,93.19999694824219,1.4559999704360962,0.0,1220.0,-6.361888898536563,76.80000305175781,0.0,0.10999999940395355,1220.0
1786230124000.0,149.0,77.19999694824219,0.0,1224.0,106.82267437689006,2233.14990234375,1224.0,92.80000305175781,1.465000033378601,0.0,1224.0,-6.361940782517195,77.19999694824219,0.0,0.10899999737739563,1224.0
1786230126000.0,145.0,77.5999984741211,160.0,1226.0,106.82265367358923,2238.0400390625,1226.0,92.80000305175781,1.4739999771118164,80.0,1226.0,-6.361980093643069,77.5999984741211,0.0,0.14100000262260437,1226.0
1786230133000.0,145.0,78.4000015258789,161.0,1233.0,106.8226105067879,2253.60009765625,1233.0,93.19999694824219,1.847000002861023,80.0,1233.0,-6.3621134497225285,78.4000015258789,0.5,0.13699999451637268,1233.0
1786230139000.0,148.0,79.19999694824219,161.0,1239.0,106.82257345877588,2265.93994140625,1239.0,93.80000305175781,2.015000104904175,80.0,1239.0,-6.362218726426363,79.19999694824219,0.5,0.12099999934434891,1239.0
1786230140000.0,148.0,79.4000015258789,159.0,1240.0,106.82256666943431,2268.1298828125,1240.0,94.0,2.015000104904175,79.0,1240.0,-6.3622374180704355,79.4000015258789,0.5,0.16500000655651093,1240.0
1786230142000.0,151.0,79.5999984741211,159.0,1242.0,106.82255242019892,2272.340087890625,1242.0,94.5999984741211,2.015000104904175,79.0,1242.0,-6.362273208796978,79.5999984741211,0.5,0.14300000667572021,1242.0
1786230148000.0,152.0,81.0,161.0,1248.0,106.82252308353782,2285.0400390625,1248.0,95.0,2.0429999828338623,80.0,1248.0,-6.362384352833033,81.0,0.5,0.20999999344348907,1248.0
1786230158000.0,153.0,82.4000015258789,159.0,1258.0,106.82247748598456,2306.360107421875,1258.0,95.19999694824219,2.071000099182129,79.0,1258.0,-6.3625705149024725,82.4000015258789,0.5,0.1420000046491623,1258.0
1786230165000.0,153.0,83.0,165.0,1265.0,106.82243674993515,2321.909912109375,1265.0,95.19999694824219,2.071000099182129,82.0,1265.0,-6.3627047929912806,83.0,0.5,0.10700000077486038,1265.0
1786230173000.0,156.0,82.19999694824219,163.0,1273.0,106.82238947600126,2339.18994140625,1273.0,95.4000015258789,2.118000030517578,81.0,1273.0,-6.362853152677417,82.19999694824219,0.5,-0.10700000077486038,1273.0
1786230174000.0,156.0,82.0,163.0,1274.0,106.82238293811679,2341.489990234375,1274.0,95.5999984741211,2.127000093460083,81.0,1274.0,-6.36287285014987,82.0,0.5,-0.18799999356269836,1274.0
1786230181000.0,155.0,80.5999984741211,163.0,1281.0,106.82233650237322,2356.77001953125,1281.0,96.0,2.1649999618530273,81.0,1281.0,-6.363002099096775,80.5999984741211,0.5,-0.19599999487400055,1281.0
1786230188000.0,155.0,80.0,161.0,1288.0,106.82230255566537,2370.340087890625,1288.0,96.5999984741211,2.1740000247955322,80.0,1288.0,-6.363118942826986,80.0,0.5,-0.11100000143051147,1288.0
1786230194000.0,155.0,79.5999984741211,163.0,1294.0,106.822269866243,2382.050048828125,1294.0,97.4000015258789,2.1549999713897705,81.0,1294.0,-6.363219358026981,79.5999984741211,0.5,-0.05900000035762787,1294.0
1786230200000.0,152.0,79.4000015258789,161.0,1300.0,106.82224488817155,2393.590087890625,1300.0,97.4000015258789,2.13700008392334,80.0,1300.0,-6.3633206114172935,79.4000015258789,0.5,-0.029999999329447746,1300.0
1786230209000.0,151.0,79.5999984741211,161.0,1309.0,106.82221001945436,2411.75,1309.0,96.0,2.0989999771118164,80.0,1309.0,-6.36348120868206,79.5999984741211,0.5,0.02199999988079071,1309.0
1786230214000.0,154.0,79.4000015258789,163.0,1314.0,106.82217263616621,2421.5,1314.0,96.19999694824219,2.0989999771118164,81.0,1314.0,-6.363561507314444,79.4000015258789,0.5,-0.023000000044703484,1314.0
1786230218000.0,156.0,79.19999694824219,163.0,1318.0,106.82214112021029,2430.969970703125,1318.0,96.4000015258789,2.0989999771118164,81.0,1318.0,-6.363642057403922,79.19999694824219,0.5,-0.07500000298023224,1318.0
1786230219000.0,156.0,79.0,163.0,1319.0,106.82213474996388,2432.860107421875,1319.0,96.4000015258789,2.1089999675750732,81.0,1319.0,-6.363658905029297,79.0,0.5,-0.0689999982714653,1319.0
1786230223000.0,158.0,79.0,165.0,1323.0,106.8221181537956,2440.199951171875,1323.0,96.5999984741211,2.1089999675750732,82.0,1323.0,-6.363723529502749,79.0,0.5,-0.04500000178813934,1323.0
1786230231000.0,159.0,78.5999984741211,161.0,1331.0,106.82208755984902,2456.260009765625,1331.0,94.4000015258789,2.0989999771118164,80.0,1331.0,-6.363865518942475,78.5999984741211,0.5,-0.04100000113248825,1331.0
1786230239000.0,158.0,78.19999694824219,165.0,1339.0,106.82205009274185,2471.639892578125,1339.0,92.4000015258789,2.0989999771118164,82.0,1339.0,-6.363998958840966,78.19999694824219,0.5,-0.050999999046325684,1339.0
1786230244000.0,161.0,77.80000305175781,163.0,1344.0,106.82201807387173,2480.43994140625,1344.0,92.4000015258789,2.0899999141693115,81.0,1344.0,-6.364072719588876,77.80000305175781,0.5,-0.057999998331069946,1344.0
1786230248000.0,164.0,77.5999984741211,157.0,1348.0,106.82199150323868,2488.139892578125,1348.0,92.19999694824219,2.0810000896453857,78.0,1348.0,-6.36413742788136,77.5999984741211,0.5,-0.06300000101327896,1348.0
1786230250000.0,165.0,77.4000015258789,161.0,1350.0,106.82198027148843,2491.860107421875,1350.0,92.0,2.062000036239624,80.0,1350.0,-6.3641691114753485,77.4000015258789,0.5,-0.15399999916553497,1350.0
1786230259000.0,163.0,76.4000015258789,161.0,1359.0,106.82192645967007,2508.6298828125,1359.0,91.4000015258789,1.9780000448226929,80.0,1359.0,-6.364310681819916,76.4000015258789,0.5,-0.09700000286102295,1359.0
1786230267000.0,162.0,76.0,157.0,1367.0,106.82188304141164,2523.669921875,1367.0,91.0,1.9500000476837158,78.0,1367.0,-6.364439008757472,76.0,0.5,-0.06400000303983688,1367.0
1786230276000.0,161.0,76.0,159.0,1376.0,106.82184775359929,2540.35009765625,1376.0,92.19999694824219,1.930999994277954,79.0,1376.0,-6.364585692062974,76.0,0.5,0.0020000000949949026,1376.0
1786230285000.0,159.0,75.5999984741211,161.0,1385.0,106.82180483825505,2556.830078125,1385.0,92.4000015258789,1.9129999876022339,80.0,1385.0,-6.364727932959795,75.5999984741211,0.5,-0.03099999949336052,1385.0
1786230290000.0,156.0,75.80000305175781,161.0,1390.0,106.82178338058293,2566.610107421875,1390.0,93.5999984741211,1.902999997138977,80.0,1390.0,-6.364813847467303,75.80000305175781,0.5,0.01600000075995922,1390.0
1786230295000.0,157.0,75.80000305175781,161.0,1395.0,106.82175848633051,2576.219970703125,1395.0,93.19999694824219,1.8940000534057617,80.0,1395.0,-6.364896912127733,75.80000305175781,0.5,0.006000000052154064,1395.0
1786230303000.0,158.0,76.0,161.0,1403.0,106.82170802727342,2591.43994140625,1403.0,92.4000015258789,1.902999997138977,80.0,1403.0,-6.3650252390652895,76.0,0.5,0.032999999821186066,1403.0
1786230311000.0,157.0,76.4000015258789,161.0,1411.0,106.82167659513652,2606.510009765625,1411.0,92.0,1.902999997138977,80.0,1411.0,-6.365156918764114,76.4000015258789,0.5,0.04500000178813934,1411.0
1786230318000.0,155.0,76.80000305175781,159.0,1418.0,106.82163912802935,2621.06005859375,1418.0,92.0,1.9129999876022339,79.0,1418.0,-6.365282731130719,76.80000305175781,0.5,0.06700000166893005,1418.0
1786230324000.0,152.0,77.5999984741211,159.0,1424.0,106.82160710915923,2633.409912109375,1424.0,91.0,1.930999994277954,79.0,1424.0,-6.365388762205839,77.5999984741211,0.5,0.1080000028014183,1424.0
1786230329000.0,149.0,77.80000305175781,157.0,1429.0,106.8215948715806,2643.830078125,1429.0,90.4000015258789,1.940999984741211,78.0,1429.0,-6.365482220426202,77.80000305175781,0.5,0.06800000369548798,1429.0
1786230330000.0,152.0,78.0,157.0,1430.0,106.82159227319062,2645.77001953125,1430.0,90.4000015258789,1.940999984741211,78.0,1430.0,-6.36549973860383,78.0,0.5,0.06300000101327896,1430.0
1786230337000.0,152.0,77.19999694824219,162.0,1437.0,106.82157810777426,2658.989990234375,1437.0,91.19999694824219,1.9589999914169312,81.0,1437.0,-6.365619096904993,77.19999694824219,0.0,-0.09399999678134918,1437.0
1786230341000.0,155.0,76.80000305175781,161.0,1441.0,106.82158657349646,2666.3798828125,1441.0,92.0,1.9500000476837158,80.0,1441.0,-6.3656858168542385,76.80000305175781,0.5,-0.11999999731779099,1441.0
1786230343000.0,156.0,76.5999984741211,161.0,1443.0,106.8215951230377,2670.860107421875,1443.0,92.5999984741211,1.940999984741211,80.0,1443.0,-6.365726133808494,76.5999984741211,0.5,-0.14499999582767487,1443.0
1786230351000.0,157.0,76.0,0.0,1451.0,106.82164147496223,2680.969970703125,1451.0,92.80000305175781,1.875,0.0,1451.0,-6.365801068022847,76.0,0.0,-0.06700000166893005,1451.0
1786230356000.0,158.0,75.5999984741211,117.0,1456.0,106.8216656986624,2686.280029296875,1456.0,92.0,1.6050000190734863,58.0,1456.0,-6.365841552615166,75.5999984741211,0.5,-0.057999998331069946,1456.0
1786230358000.0,158.0,75.4000015258789,119.0,1458.0,106.8216826301068,2689.81005859375,1458.0,91.5999984741211,1.4559999704360962,59.0,1458.0,-6.365868458524346,75.4000015258789,0.5,-0.09700000286102295,1458.0
1786230363000.0,158.0,75.19999694824219,117.0,1463.0,106.8217206839472,2696.860107421875,1463.0,91.0,1.315999984741211,58.0,1463.0,-6.365919755771756,75.19999694824219,0.5,-0.07400000095367432,1463.0
1786230365000.0,157.0,75.0,120.0,1465.0,106.82173602283001,2700.18994140625,1465.0,91.0,1.3250000476837158,60.0,1465.0,-6.365945739671588,75.0,0.0,-0.09399999678134918,1465.0
1786230373000.0,154.0,74.4000015258789,0.0,1473.0,106.82178589515388,2710.580078125,1473.0,91.0,1.409000039100647,0.0,1473.0,-6.366024948656559,74.4000015258789,0.0,-0.07100000232458115,1473.0
1786230381000.0,151.0,74.5999984741211,121.0,1481.0,106.82185806334019,2721.64990234375,1481.0,91.5999984741211,1.3339999914169312,60.0,1481.0,-6.3660940155386925,74.5999984741211,0.5,0.019999999552965164,1481.0
1786230382000.0,150.0,74.5999984741211,121.0,1482.0,106.8218660261482,2722.93994140625,1482.0,92.0,1.343999981880188,60.0,1482.0,-6.3661025650799274,74.5999984741211,0.5,0.09000000357627869,1482.0
1786230390000.0,148.0,75.4000015258789,114.0,1490.0,106.82193609885871,2734.969970703125,1490.0,93.80000305175781,1.371999979019165,57.0,1490.0,-6.366185462102294,75.4000015258789,0.0,0.10000000149011612,1490.0
1786230395000.0,144.0,75.5999984741211,117.0,1495.0,106.82198186405003,2742.510009765625,1495.0,94.0,1.38100004196167,58.0,1495.0,-6.36623608879745,75.5999984741211,0.5,0.035999998450279236,1495.0
1786230400000.0,142.0,75.80000305175781,113.0,1500.0,106.82201815769076,2749.14990234375,1500.0,94.19999694824219,1.38100004196167,56.0,1500.0,-6.366283865645528,75.80000305175781,0.5,0.03400000184774399,1500.0
1786230403000.0,139.0,75.80000305175781,0.0,1503.0,106.82203726843,2752.949951171875,1503.0,94.5999984741211,1.38100004196167,0.0,1503.0,-6.366312280297279,75.80000305175781,0.0,0.041999999433755875,1503.0
1786230407000.0,137.0,76.0,0.0,1507.0,106.82209091261029,2759.8701171875,1507.0,94.80000305175781,1.371999979019165,0.0,1507.0,-6.366343125700951,76.0,0.0,0.03700000047683716,1507.0
1786230415000.0,137.0,76.5999984741211,161.0,1515.0,106.82218495756388,2774.89990234375,1515.0,94.80000305175781,1.4559999704360962,80.0,1515.0,-6.366441613063216,76.5999984741211,0.5,0.07699999958276749,1515.0
1786230419000.0,140.0,76.19999694824219,163.0,1519.0,106.82224513962865,2784.4599609375,1519.0,95.0,1.5299999713897705,81.0,1519.0,-6.366503639146686,76.19999694824219,0.5,-0.11900000274181366,1519.0
1786230421000.0,144.0,75.80000305175781,162.0,1521.0,106.82227506302297,2789.070068359375,1521.0,95.19999694824219,1.6519999504089355,81.0,1521.0,-6.366532808169723,75.80000305175781,0.0,-0.21400000154972076,1521.0
1786230425000.0,147.0,75.19999694824219,162.0,1525.0,106.82233893312514,2798.469970703125,1525.0,95.5999984741211,1.930999994277954,81.0,1525.0,-6.366588799282908,75.19999694824219,0.0,-0.14900000393390656,1525.0
1786230428000.0,150.0,74.80000305175781,160.0,1528.0,106.82238184846938,2805.760009765625,1528.0,96.4000015258789,2.052999973297119,80.0,1528.0,-6.366638755425811,74.80000305175781,0.0,-0.13300000131130219,1528.0
1786230433000.0,151.0,74.4000015258789,162.0,1533.0,106.82246214710176,2818.030029296875,1533.0,98.19999694824219,2.1549999713897705,81.0,1533.0,-6.366712851449847,74.4000015258789,0.0,-0.057999998331069946,1533.0
1786230441000.0,151.0,73.0,162.0,1541.0,106.82260992005467,2836.199951171875,1541.0,100.5999984741211,2.1740000247955322,81.0,1541.0,-6.366780661046505,73.0,0.0,-0.18400000035762787,1541.0
1786230448000.0,154.0,73.0,162.0,1548.0,106.8227743729949,2854.77001953125,1548.0,100.4000015258789,2.257999897003174,81.0,1548.0,-6.366814188659191,73.0,0.0,0.003000000026077032,1548.0
1786230449000.0,155.0,73.0,164.0,1549.0,106.82279549539089,2857.110107421875,1549.0,100.19999694824219,2.249000072479248,82.0,1549.0,-6.366816284134984,73.0,0.0,-0.023000000044703484,1549.0
1786230456000.0,156.0,72.80000305175781,165.0,1556.0,106.82297646068037,2877.1298828125,1556.0,97.80000305175781,2.3510000705718994,82.0,1556.0,-6.3668292760849,72.80000305175781,0.5,-0.019999999552965164,1556.0
1786230464000.0,157.0,72.5999984741211,160.0,1564.0,106.82315994054079,2897.429931640625,1564.0,96.80000305175781,2.2669999599456787,80.0,1564.0,-6.366833969950676,72.5999984741211,0.0,-0.026000000536441803,1564.0
1786230472000.0,155.0,71.4000015258789,160.0,1572.0,106.82331106625497,2914.179931640625,1572.0,96.5999984741211,2.2950000762939453,80.0,1572.0,-6.366830449551344,71.4000015258789,0.0,-0.1589999943971634,1572.0
1786230479000.0,157.0,70.19999694824219,165.0,1579.0,106.82345339097083,2929.929931640625,1579.0,95.4000015258789,2.257999897003174,82.0,1579.0,-6.366830952465534,70.19999694824219,0.5,-0.16200000047683716,1579.0
1786230488000.0,158.0,69.19999694824219,165.0,1588.0,106.82365296408534,2952.010009765625,1588.0,91.0,2.2860000133514404,82.0,1588.0,-6.366839334368706,69.19999694824219,0.5,-0.11699999868869781,1588.0
1786230489000.0,158.0,69.0,162.0,1589.0,106.82367735542357,2954.699951171875,1589.0,90.80000305175781,2.2950000762939453,81.0,1589.0,-6.366839585825801,69.0,0.0,-0.08799999952316284,1589.0
1786230494000.0,161.0,69.19999694824219,165.0,1594.0,106.82378824800253,2967.010009765625,1594.0,90.5999984741211,2.322999954223633,82.0,1594.0,-6.36684101074934,69.19999694824219,0.5,0.013000000268220901,1594.0
1786230497000.0,161.0,69.5999984741211,167.0,1597.0,106.82385781779885,2974.739990234375,1597.0,90.4000015258789,2.3420000076293945,83.0,1597.0,-6.3668446987867355,69.5999984741211,0.5,0.17599999904632568,1597.0
1786230506000.0,162.0,70.5999984741211,165.0,1606.0,106.82404498569667,2995.43994140625,1606.0,90.19999694824219,2.3889999389648438,82.0,1606.0,-6.366842184215784,70.5999984741211,0.5,0.0949999988079071,1606.0
1786230509000.0,163.0,70.80000305175781,167.0,1609.0,106.8240992166102,3001.449951171875,1609.0,90.4000015258789,2.3980000019073486,83.0,1609.0,-6.366843776777387,70.80000305175781,0.5,0.07100000232458115,1609.0
1786230510000.0,160.0,70.80000305175781,167.0,1610.0,106.82412084192038,3003.840087890625,1610.0,90.4000015258789,2.3889999389648438,83.0,1610.0,-6.366843609139323,70.80000305175781,0.5,0.07599999755620956,1610.0
1786230517000.0,162.0,71.4000015258789,165.0,1617.0,106.82425998151302,3019.260009765625,1617.0,90.4000015258789,2.3610000610351562,82.0,1617.0,-6.366849895566702,71.4000015258789,0.5,0.07800000160932541,1617.0
1786230526000.0,163.0,70.4000015258789,163.0,1626.0,106.82442996650934,3038.1298828125,1626.0,88.19999694824219,2.322999954223633,81.0,1626.0,-6.366857690736651,70.4000015258789,0.5,-0.1080000028014183,1626.0
1786230535000.0,164.0,69.19999694824219,164.0,1635.0,106.82459467090666,3056.3701171875,1635.0,86.4000015258789,2.2669999599456787,82.0,1635.0,-6.366861881688237,69.19999694824219,0.0,-0.12800000607967377,1635.0
1786230545000.0,166.0,67.80000305175781,160.0,1645.0,106.82478527538478,3077.340087890625,1645.0,87.5999984741211,2.2109999656677246,80.0,1645.0,-6.366842854768038,67.80000305175781,0.0,-0.1509999930858612,1645.0
1786230546000.0,166.0,67.5999984741211,161.0,1646.0,106.82480304501951,3079.35009765625,1646.0,87.80000305175781,2.2019999027252197,80.0,1646.0,-6.366847632452846,67.5999984741211,0.5,-0.09399999678134918,1646.0
1786230556000.0,164.0,68.19999694824219,162.0,1656.0,106.82498786598444,3099.989990234375,1656.0,89.80000305175781,2.1549999713897705,81.0,1656.0,-6.3668600376695395,68.19999694824219,0.0,0.04800000041723251,1656.0
1786230563000.0,164.0,69.0,157.0,1663.0,106.8250937294215,3115.320068359375,1663.0,90.5999984741211,2.1649999618530273,78.0,1663.0,-6.366945281624794,69.0,0.5,0.1120000034570694,1663.0
1786230570000.0,162.0,68.80000305175781,162.0,1670.0,106.82514041662216,3132.1201171875,1670.0,90.80000305175781,2.1649999618530273,81.0,1670.0,-6.367091378197074,68.80000305175781,0.0,-0.003000000026077032,1670.0
1786230571000.0,162.0,68.80000305175781,162.0,1671.0,106.82513345964253,3134.0,1671.0,90.80000305175781,2.1740000247955322,81.0,1671.0,-6.36710780672729,68.80000305175781,0.0,-0.1340000033378601,1671.0
1786230579000.0,164.0,68.19999694824219,160.0,1679.0,106.82513605803251,3148.070068359375,1679.0,91.19999694824219,2.1459999084472656,80.0,1679.0,-6.3672352116554976,68.19999694824219,0.0,-0.07400000095367432,1679.0
1786230582000.0,163.0,68.0,160.0,1682.0,106.8251436855644,3153.8798828125,1682.0,90.5999984741211,2.127000093460083,80.0,1682.0,-6.367286341264844,68.0,0.0,-0.0430000014603138,1682.0
1786230585000.0,163.0,67.80000305175781,158.0,1685.0,106.82514016516507,3159.260009765625,1685.0,90.0,2.118000030517578,79.0,1685.0,-6.367334453389049,67.80000305175781,0.0,-0.06599999964237213,1685.0
1786230592000.0,164.0,67.19999694824219,160.0,1692.0,106.82512532919645,3172.77001953125,1692.0,87.19999694824219,2.0989999771118164,80.0,1692.0,-6.3674558233469725,67.19999694824219,0.0,-0.09200000017881393,1692.0
1786230599000.0,164.0,66.19999694824219,162.0,1699.0,106.82510688900948,3186.0400390625,1699.0,86.80000305175781,2.0810000896453857,81.0,1699.0,-6.367574343457818,66.19999694824219,0.0,-0.13099999725818634,1699.0
1786230607000.0,163.0,65.19999694824219,162.0,1707.0,106.82509490288794,3203.0,1707.0,87.5999984741211,2.0810000896453857,81.0,1707.0,-6.367725636810064,65.19999694824219,0.0,-0.1420000046491623,1707.0
1786230609000.0,162.0,65.0,161.0,1709.0,106.82507612742484,3206.860107421875,1709.0,87.80000305175781,2.0810000896453857,80.0,1709.0,-6.367754386737943,65.0,0.5,-0.08799999952316284,1709.0
1786230611000.0,161.0,65.0,161.0,1711.0,106.8250467069447,3210.25,1711.0,87.5999984741211,2.0810000896453857,80.0,1711.0,-6.367755141109228,65.0,0.5,-0.0010000000474974513,1711.0
1786230612000.0,160.0,65.0,161.0,1712.0,106.82503069750965,3212.39990234375,1712.0,87.5999984741211,2.0810000896453857,80.0,1712.0,-6.367744244635105,65.0,0.5,0.039000000804662704,1712.0
1786230613000.0,160.0,65.0,161.0,1713.0,106.82501954957843,3214.3798828125,1713.0,87.5999984741211,2.0810000896453857,80.0,1713.0,-6.367729911580682,65.0,0.5,0.09200000017881393,1713.0
1786230617000.0,160.0,65.5999984741211,163.0,1717.0,106.82500496506691,3222.56005859375,1717.0,87.5999984741211,2.071000099182129,81.0,1717.0,-6.36765749193728,65.5999984741211,0.5,0.12999999523162842,1717.0
1786230627000.0,160.0,67.0,162.0,1727.0,106.82499767281115,3244.39990234375,1727.0,87.5999984741211,2.062000036239624,81.0,1727.0,-6.367461187765002,67.0,0.0,0.14100000262260437,1727.0
1786230628000.0,160.0,67.0,161.0,1728.0,106.82499976828694,3246.4599609375,1728.0,87.80000305175781,2.062000036239624,80.0,1728.0,-6.367442663758993,67.0,0.5,0.06700000166893005,1728.0
1786230637000.0,161.0,67.80000305175781,167.0,1737.0,106.82499222457409,3266.97998046875,1737.0,88.0,2.071000099182129,83.0,1737.0,-6.36725633405149,67.80000305175781,0.5,0.07500000298023224,1737.0
1786230642000.0,164.0,68.19999694824219,164.0,1742.0,106.82494595646858,3279.800048828125,1742.0,87.80000305175781,2.0810000896453857,82.0,1742.0,-6.3671480398625135,68.19999694824219,0.0,0.07800000160932541,1742.0
1786230645000.0,165.0,68.19999694824219,164.0,1745.0,106.82491108775139,3285.860107421875,1745.0,87.5999984741211,2.0810000896453857,82.0,1745.0,-6.36710537597537,68.19999694824219,0.0,0.050999999046325684,1745.0
1786230652000.0,163.0,68.0,138.0,1752.0,106.82483682408929,3297.02001953125,1752.0,85.80000305175781,2.0339999198913574,69.0,1752.0,-6.36703840456903,68.0,0.0,-0.028999999165534973,1752.0
1786230658000.0,162.0,68.4000015258789,119.0,1758.0,106.82478284463286,3304.52001953125,1758.0,84.5999984741211,1.6799999475479126,59.0,1758.0,-6.366997417062521,68.4000015258789,0.5,0.039000000804662704,1758.0
1786230661000.0,161.0,68.80000305175781,130.0,1761.0,106.8247443716973,3308.8701171875,1761.0,84.19999694824219,1.5959999561309814,65.0,1761.0,-6.366988113150001,68.80000305175781,0.0,0.1379999965429306,1761.0
1786230663000.0,158.0,69.0,130.0,1763.0,106.82471721433103,3312.030029296875,1763.0,83.80000305175781,1.5679999589920044,65.0,1763.0,-6.366979060694575,69.0,0.0,0.10400000214576721,1763.0
1786230667000.0,155.0,69.19999694824219,130.0,1767.0,106.82466482743621,3318.030029296875,1767.0,83.80000305175781,1.5299999713897705,65.0,1767.0,-6.366964895278215,69.19999694824219,0.0,0.0820000022649765,1767.0
1786230672000.0,154.0,69.5999984741211,114.0,1772.0,106.82460087351501,3325.199951171875,1772.0,84.0,1.5210000276565552,57.0,1772.0,-6.366954417899251,69.5999984741211,0.0,0.08500000089406967,1772.0
1786230682000.0,153.0,70.5999984741211,120.0,1782.0,106.82446877472103,3339.8701171875,1782.0,83.80000305175781,1.5019999742507935,60.0,1782.0,-6.3669415935873985,70.5999984741211,0.0,0.09000000357627869,1782.0
1786230689000.0,150.0,71.19999694824219,121.0,1789.0,106.82438101619482,3349.6298828125,1789.0,85.0,1.5119999647140503,60.0,1789.0,-6.366932289674878,71.19999694824219,0.5,0.08500000089406967,1789.0
1786230691000.0,148.0,71.4000015258789,120.0,1791.0,106.82435972616076,3352.010009765625,1791.0,85.5999984741211,1.4930000305175781,60.0,1791.0,-6.366934385150671,71.4000015258789,0.0,0.07999999821186066,1791.0
1786230698000.0,146.0,72.0,0.0,1798.0,106.8242717999965,3361.780029296875,1798.0,87.80000305175781,1.465000033378601,0.0,1798.0,-6.366942599415779,72.0,0.0,0.0949999988079071,1798.0
1786230702000.0,143.0,72.0,0.0,1802.0,106.82422561571002,3366.93994140625,1802.0,89.19999694824219,1.465000033378601,0.0,1802.0,-6.366946706548333,72.0,0.0,0.003000000026077032,1802.0
1786230705000.0,142.0,71.80000305175781,0.0,1805.0,106.82418052107096,3371.93994140625,1805.0,90.0,1.4559999704360962,0.0,1805.0,-6.366945113986731,71.80000305175781,0.0,-0.0560000017285347,1805.0
1786230714000.0,143.0,71.19999694824219,162.0,1814.0,106.82400953024626,3390.929931640625,1814.0,91.19999694824219,1.5399999618530273,81.0,1814.0,-6.366951735690236,71.19999694824219,0.0,-0.06599999964237213,1814.0
1786230717000.0,146.0,70.80000305175781,162.0,1817.0,106.82394021190703,3398.590087890625,1817.0,91.4000015258789,1.6699999570846558,81.0,1817.0,-6.366946371272206,70.80000305175781,0.0,-0.18199999630451202,1817.0
1786230720000.0,149.0,70.19999694824219,165.0,1820.0,106.82386234402657,3407.199951171875,1820.0,91.5999984741211,1.9220000505447388,82.0,1820.0,-6.36694653891027,70.19999694824219,0.5,-0.18700000643730164,1820.0
1786230723000.0,151.0,69.5999984741211,163.0,1823.0,106.82379361242056,3414.85009765625,1823.0,91.4000015258789,2.015000104904175,81.0,1823.0,-6.366941509768367,69.5999984741211,0.5,-0.16500000655651093,1823.0
1786230732000.0,154.0,69.0,162.0,1832.0,106.82360267266631,3436.0,1832.0,93.80000305175781,2.127000093460083,81.0,1832.0,-6.366948466747999,69.0,0.0,-0.06800000369548798,1832.0
1786230734000.0,154.0,69.19999694824219,164.0,1834.0,106.82356453500688,3440.22998046875,1834.0,94.4000015258789,2.1459999084472656,82.0,1834.0,-6.3669524900615215,69.19999694824219,0.0,0.05400000140070915,1834.0
1786230735000.0,157.0,69.19999694824219,163.0,1835.0,106.82354643009603,3442.219970703125,1835.0,94.80000305175781,2.183000087738037,81.0,1835.0,-6.366955675184727,69.19999694824219,0.5,0.041999999433755875,1835.0
1786230739000.0,160.0,69.4000015258789,165.0,1839.0,106.82346696965396,3451.050048828125,1839.0,97.0,2.193000078201294,82.0,1839.0,-6.366963135078549,69.4000015258789,0.5,0.057999998331069946,1839.0
1786230741000.0,161.0,69.5999984741211,165.0,1841.0,106.82342707179487,3455.449951171875,1841.0,97.80000305175781,2.2019999027252197,82.0,1841.0,-6.366963470354676,69.5999984741211,0.5,0.07100000232458115,1841.0
1786230750000.0,162.0,70.80000305175781,162.0,1850.0,106.82325390167534,3474.669921875,1850.0,101.0,2.1089999675750732,81.0,1850.0,-6.366955256089568,70.80000305175781,0.0,0.12399999797344208,1850.0
1786230757000.0,163.0,71.80000305175781,162.0,1857.0,106.82312775403261,3488.860107421875,1857.0,102.0,2.052999973297119,81.0,1857.0,-6.366938408464193,71.80000305175781,0.0,0.1469999998807907,1857.0
1786230766000.0,165.0,71.80000305175781,160.0,1866.0,106.82296003215015,3507.5,1866.0,102.19999694824219,2.0339999198913574,80.0,1866.0,-6.366949137300253,71.80000305175781,0.0,-0.003000000026077032,1866.0
1786230773000.0,167.0,72.0,163.0,1873.0,106.82281804271042,3523.489990234375,1873.0,102.4000015258789,2.0339999198913574,81.0,1873.0,-6.3669065572321415,72.0,0.5,0.04399999976158142,1873.0
1786230777000.0,170.0,72.0,162.0,1877.0,106.82272793725133,3533.469970703125,1877.0,102.4000015258789,2.052999973297119,81.0,1877.0,-6.366900019347668,72.0,0.0,0.017999999225139618,1877.0
1786230780000.0,173.0,72.19999694824219,162.0,1880.0,106.82266222313046,3540.85009765625,1880.0,101.4000015258789,2.062000036239624,81.0,1880.0,-6.366886273026466,72.19999694824219,0.0,0.04899999871850014,1880.0
1786230781000.0,173.0,72.19999694824219,162.0,1881.0,106.82264688424766,3542.659912109375,1881.0,100.5999984741211,2.062000036239624,81.0,1881.0,-6.36688057333231,72.19999694824219,0.0,0.06199999898672104,1881.0
1786230789000.0,172.0,73.19999694824219,160.0,1889.0,106.82251964695752,3557.2099609375,1889.0,95.19999694824219,2.062000036239624,80.0,1889.0,-6.366847548633814,73.19999694824219,0.0,0.1120000034570694,1889.0
1786230797000.0,170.0,74.5999984741211,159.0,1897.0,106.82242769747972,3569.530029296875,1897.0,94.80000305175781,2.00600004196167,79.0,1897.0,-6.366786947473884,74.5999984741211,0.5,0.17499999701976776,1897.0
1786230805000.0,169.0,74.80000305175781,0.0,1905.0,106.82235024869442,3580.570068359375,1905.0,92.80000305175781,1.6610000133514404,0.0,1905.0,-6.366724083200097,74.80000305175781,0.0,0.03500000014901161,1905.0
1786230808000.0,168.0,75.0,0.0,1908.0,106.82231621816754,3584.510009765625,1908.0,92.0,1.6139999628067017,0.0,1908.0,-6.366711677983403,75.0,0.0,0.04100000113248825,1908.0
1786230812000.0,168.0,75.5999984741211,157.0,1912.0,106.82227388955653,3591.81005859375,1912.0,91.5999984741211,1.5490000247955322,78.0,1912.0,-6.366661889478564,75.5999984741211,0.5,0.164000004529953,1912.0
1786230819000.0,168.0,77.0,160.0,1919.0,106.82214397005737,3609.639892578125,1919.0,91.5999984741211,1.847000002861023,80.0,1919.0,-6.36657128110528,77.0,0.0,0.19699999690055847,1919.0
1786230827000.0,170.0,76.5999984741211,165.0,1927.0,106.82203064672649,3628.2099609375,1927.0,91.19999694824219,2.015000104904175,82.0,1927.0,-6.366447061300278,76.5999984741211,0.5,-0.041999999433755875,1927.0
1786230833000.0,170.0,76.19999694824219,165.0,1933.0,106.82192905806005,3642.27001953125,1933.0,90.4000015258789,2.183000087738037,82.0,1933.0,-6.36637095361948,76.19999694824219,0.5,-0.09099999815225601,1933.0
1786230841000.0,173.0,75.5999984741211,165.0,1941.0,106.82181984186172,3659.840087890625,1941.0,88.19999694824219,2.2019999027252197,82.0,1941.0,-6.366256373003125,75.5999984741211,0.5,-0.07400000095367432,1941.0
1786230847000.0,173.0,74.5999984741211,166.0,1947.0,106.8217365257442,3673.300048828125,1947.0,88.19999694824219,2.118000030517578,83.0,1947.0,-6.366168363019824,74.5999984741211,0.0,-0.14399999380111694,1947.0
1786230854000.0,176.0,74.0,165.0,1954.0,106.82164566591382,3688.070068359375,1954.0,91.19999694824219,2.0989999771118164,82.0,1954.0,-6.366071132943034,74.0,0.5,-0.09399999678134918,1954.0
1786230856000.0,176.0,74.19999694824219,165.0,1956.0,106.82162177748978,3691.860107421875,1956.0,92.0,2.1089999675750732,82.0,1956.0,-6.36604649014771,74.19999694824219,0.5,0.08900000154972076,1956.0
1786230861000.0,173.0,74.80000305175781,164.0,1961.0,106.82156167924404,3703.699951171875,1961.0,92.5999984741211,2.0989999771118164,82.0,1961.0,-6.365956887602806,74.80000305175781,0.0,0.1289999932050705,1961.0
1786230866000.0,174.0,75.4000015258789,168.0,1966.0,106.82150652632117,3714.5400390625,1966.0,92.4000015258789,2.127000093460083,84.0,1966.0,-6.36587499640882,75.4000015258789,0.0,0.11800000071525574,1966.0
1786230870000.0,177.0,75.80000305175781,166.0,1970.0,106.82147459127009,3721.52001953125,1970.0,92.0,2.1459999084472656,83.0,1970.0,-6.365820346400142,75.80000305175781,0.0,0.0949999988079071,1970.0
1786230871000.0,176.0,76.0,164.0,1971.0,106.82147098705173,3723.510009765625,1971.0,91.80000305175781,2.1459999084472656,82.0,1971.0,-6.36580266058445,76.0,0.0,0.11400000005960464,1971.0
1786230878000.0,174.0,76.80000305175781,166.0,1978.0,106.82143519632518,3740.719970703125,1978.0,91.4000015258789,2.118000030517578,83.0,1978.0,-6.365651451051235,76.80000305175781,0.0,0.13699999451637268,1978.0
1786230883000.0,171.0,77.4000015258789,164.0,1983.0,106.82142186909914,3750.89990234375,1983.0,92.19999694824219,2.1089999675750732,82.0,1983.0,-6.365561094135046,77.4000015258789,0.0,0.09200000017881393,1983.0
1786230887000.0,171.0,77.0,162.0,1987.0,106.8214344419539,3760.300048828125,1987.0,92.4000015258789,2.118000030517578,81.0,1987.0,-6.3654764369130135,77.0,0.0,-0.0689999982714653,1987.0
1786230896000.0,173.0,76.5999984741211,162.0,1996.0,106.8214809615165,3779.360107421875,1996.0,91.19999694824219,2.1459999084472656,81.0,1996.0,-6.365311397239566,76.5999984741211,0.0,-0.061000000685453415,1996.0
1786230904000.0,170.0,75.80000305175781,164.0,2004.0,106.82151356711984,3794.030029296875,2004.0,90.0,2.118000030517578,82.0,2004.0,-6.365183237940073,75.80000305175781,0.0,-0.09399999678134918,2004.0
1786230910000.0,167.0,75.0,162.0,2010.0,106.8215417303145,3805.35009765625,2010.0,89.80000305175781,2.071000099182129,81.0,2010.0,-6.365084750577807,75.0,0.0,-0.12700000405311584,2010.0
1786230915000.0,170.0,74.4000015258789,170.0,2015.0,106.82156033813953,3814.320068359375,2015.0,90.0,2.0339999198913574,85.0,2015.0,-6.365005960687995,74.4000015258789,0.0,-0.12999999523162842,2015.0
1786230923000.0,168.0,74.19999694824219,158.0,2023.0,106.82162772864103,3835.47998046875,2023.0,92.5999984741211,1.996999979019165,79.0,2023.0,-6.364827258512378,74.19999694824219,0.0,-0.028999999165534973,2023.0
1786230929000.0,167.0,73.80000305175781,164.0,2029.0,106.82165530510247,3846.510009765625,2029.0,94.5999984741211,1.9589999914169312,82.0,2029.0,-6.364731201902032,73.80000305175781,0.0,-0.03999999910593033,2029.0
1786230938000.0,166.0,73.5999984741211,165.0,2038.0,106.82167936116457,3859.300048828125,2038.0,93.0,1.7079999446868896,82.0,2038.0,-6.3646182138472795,73.5999984741211,0.5,-0.02500000037252903,2038.0
1786230945000.0,167.0,73.80000305175781,158.0,2045.0,106.82171800173819,3871.949951171875,2045.0,90.0,1.6419999599456787,79.0,2045.0,-6.3645104225724936,73.80000305175781,0.0,0.024000000208616257,2045.0
1786230952000.0,164.0,74.0,117.0,2052.0,106.82175270281732,3882.179931640625,2052.0,88.5999984741211,1.4459999799728394,58.0,2052.0,-6.364424843341112,74.0,0.5,0.027000000700354576,2052.0
1786230954000.0,164.0,74.19999694824219,118.0,2054.0,106.82176175527275,3885.5400390625,2054.0,88.80000305175781,1.4559999704360962,59.0,2054.0,-6.364395758137107,74.19999694824219,0.0,0.052000001072883606,2054.0
1786230962000.0,165.0,75.19999694824219,123.0,2062.0,106.82180810719728,3897.1201171875,2062.0,88.5999984741211,1.4279999732971191,61.0,2062.0,-6.364302132278681,75.19999694824219,0.5,0.12600000202655792,2062.0
1786230969000.0,166.0,75.80000305175781,121.0,2069.0,106.82182679884136,3906.6201171875,2069.0,88.80000305175781,1.4279999732971191,60.0,2069.0,-6.364217307418585,75.80000305175781,0.5,0.10599999874830246,2069.0
1786230975000.0,167.0,76.4000015258789,117.0,2075.0,106.82183543220162,3913.669921875,2075.0,90.4000015258789,1.399999976158142,58.0,2075.0,-6.364153688773513,76.4000015258789,0.5,0.08699999749660492,2075.0
1786230979000.0,164.0,76.80000305175781,117.0,2079.0,106.82185378856957,3921.280029296875,2079.0,92.80000305175781,1.399999976158142,58.0,2079.0,-6.3640872202813625,76.80000305175781,0.5,0.07800000160932541,2079.0
1786230982000.0,163.0,76.80000305175781,118.0,2082.0,106.82185982353985,3926.77001953125,2082.0,94.4000015258789,1.3899999856948853,59.0,2082.0,-6.364038102328777,76.80000305175781,0.0,0.014000000432133675,2082.0
1786230983000.0,163.0,76.80000305175781,118.0,2083.0,106.82185797952116,3928.22998046875,2083.0,94.80000305175781,1.3899999856948853,59.0,2083.0,-6.364024691283703,76.80000305175781,0.0,-0.020999999716877937,2083.0
1786230986000.0,160.0,76.80000305175781,120.0,2086.0,106.82187641970813,3933.340087890625,2086.0,96.5999984741211,1.399999976158142,60.0,2086.0,-6.363981859758496,76.80000305175781,0.0,0.014999999664723873,2086.0
1786230987000.0,159.0,76.80000305175781,120.0,2087.0,106.82188404724002,3935.260009765625,2087.0,97.5999984741211,1.399999976158142,60.0,2087.0,-6.36396593414247,76.80000305175781,0.0,0.02500000037252903,2087.0
1786230993000.0,158.0,77.0,122.0,2093.0,106.82192402891815,3944.0400390625,2093.0,101.80000305175781,1.409000039100647,61.0,2093.0,-6.363896112889051,77.0,0.0,0.029999999329447746,2093.0
1786230996000.0,156.0,77.0,0.0,2096.0,106.82193266227841,3947.679931640625,2096.0,102.80000305175781,1.4559999704360962,0.0,2096.0,-6.363863674923778,77.0,0.0,-0.00800000037997961,2096.0
1786230999000.0,156.0,77.0,0.0,2099.0,106.8219503480941,3951.669921875,2099.0,103.19999694824219,1.4459999799728394,0.0,2099.0,-6.3638330809772015,77.0,0.0,0.04899999871850014,2099.0
1786231007000.0,153.0,77.5999984741211,157.0,2107.0,106.82198815047741,3966.72998046875,2107.0,100.19999694824219,1.465000033378601,78.0,2107.0,-6.36370156891644,77.5999984741211,0.5,0.050999999046325684,2107.0
1786231014000.0,153.0,78.0,167.0,2114.0,106.82204221375287,3983.10009765625,2114.0,99.4000015258789,1.7170000076293945,83.0,2114.0,-6.363564440980554,78.0,0.5,0.07900000363588333,2114.0
1786231018000.0,156.0,78.0,163.0,2118.0,106.82206668891013,3993.0,2118.0,99.19999694824219,1.9129999876022339,81.0,2118.0,-6.363478610292077,78.0,0.5,-0.010999999940395355,2118.0
1786231022000.0,157.0,78.0,166.0,2122.0,106.8220819439739,4000.1298828125,2122.0,98.5999984741211,1.9500000476837158,83.0,2122.0,-6.363415997475386,78.0,0.0,-0.014999999664723873,2122.0
1786231024000.0,157.0,78.0,165.0,2124.0,106.82209300808609,4004.43994140625,2124.0,98.4000015258789,1.940999984741211,82.0,2124.0,-6.363378530368209,78.0,0.5,-0.00800000037997961,2124.0
1786231031000.0,160.0,78.0,164.0,2131.0,106.82212863117456,4020.4599609375,2131.0,97.80000305175781,2.0339999198913574,82.0,2131.0,-6.363237714394927,78.0,0.0,0.012000000104308128,2131.0
1786231032000.0,161.0,78.0,164.0,2132.0,106.82213324122131,4022.580078125,2132.0,97.80000305175781,2.0429999828338623,82.0,2132.0,-6.363218938931823,78.0,0.0,0.05000000074505806,2132.0
1786231039000.0,162.0,78.0,162.0,2139.0,106.82217422872782,4044.820068359375,2139.0,98.5999984741211,2.1549999713897705,81.0,2139.0,-6.363021461293101,78.0,0.0,-0.004999999888241291,2139.0
1786231043000.0,161.0,78.5999984741211,163.0,2143.0,106.82221404276788,4056.580078125,2143.0,99.4000015258789,2.13700008392334,81.0,2143.0,-6.362922722473741,78.5999984741211,0.5,0.14000000059604645,2143.0
1786231052000.0,161.0,79.19999694824219,165.0,2152.0,106.82227523066103,4077.179931640625,2152.0,99.19999694824219,2.1740000247955322,82.0,2152.0,-6.362746870145202,79.19999694824219,0.5,0.07400000095367432,2152.0
1786231058000.0,162.0,78.80000305175781,163.0,2158.0,106.8223028909415,4088.929931640625,2158.0,97.19999694824219,2.193000078201294,81.0,2158.0,-6.3626444432884455,78.80000305175781,0.5,-0.07999999821186066,2158.0
1786231063000.0,165.0,78.80000305175781,165.0,2163.0,106.82233809493482,4098.83984375,2163.0,96.4000015258789,2.1459999084472656,82.0,2163.0,-6.362562049180269,78.80000305175781,0.5,-0.007000000216066837,2163.0
1786231065000.0,166.0,79.0,165.0,2165.0,106.82236030697823,4103.52001953125,2165.0,96.4000015258789,2.118000030517578,82.0,2165.0,-6.362525839358568,79.0,0.5,0.08399999886751175,2165.0
1786231066000.0,166.0,78.80000305175781,165.0,2166.0,106.82236785069108,4105.93017578125,2166.0,96.4000015258789,2.1089999675750732,82.0,2166.0,-6.362505303695798,78.80000305175781,0.5,-0.03200000151991844,2166.0
1786231070000.0,169.0,78.4000015258789,162.0,2170.0,106.82238570414484,4113.52978515625,2170.0,96.4000015258789,2.0899999141693115,81.0,2170.0,-6.362438667565584,78.4000015258789,0.0,-0.10899999737739563,2170.0
1786231071000.0,170.0,78.19999694824219,162.0,2171.0,106.82238964363933,4115.580078125,2171.0,96.4000015258789,2.062000036239624,81.0,2171.0,-6.362420562654734,78.19999694824219,0.0,-0.22699999809265137,2171.0
1786231078000.0,169.0,77.4000015258789,165.0,2178.0,106.82243733666837,4132.02001953125,2178.0,96.4000015258789,2.0429999828338623,82.0,2178.0,-6.362280752509832,77.4000015258789,0.5,-0.13099999725818634,2178.0
1786231087000.0,168.0,76.5999984741211,162.0,2187.0,106.82248955592513,4154.1298828125,2187.0,96.80000305175781,2.13700008392334,81.0,2187.0,-6.362087884917855,76.5999984741211,0.0,-0.08900000154972076,2187.0
1786231095000.0,170.0,76.5999984741211,165.0,2195.0,106.82254395447671,4171.830078125,2195.0,98.0,2.2019999027252197,82.0,2195.0,-6.361937262117863,76.5999984741211,0.5,0.013000000268220901,2195.0
1786231102000.0,169.0,77.0,165.0,2202.0,106.82258745655417,4190.27001953125,2202.0,97.5999984741211,2.2209999561309814,82.0,2202.0,-6.361775910481811,77.0,0.5,0.05400000140070915,2202.0
1786231106000.0,172.0,76.5999984741211,166.0,2206.0,106.82262090034783,4199.16015625,2206.0,95.4000015258789,2.239000082015991,83.0,2206.0,-6.36170307174325,76.5999984741211,0.0,-0.08299999684095383,2206.0
1786231110000.0,173.0,76.4000015258789,165.0,2210.0,106.82264680042863,4208.5498046875,2210.0,94.19999694824219,2.257999897003174,82.0,2210.0,-6.3616221863776445,76.4000015258789,0.5,-0.07000000029802322,2210.0
1786231119000.0,172.0,75.19999694824219,164.0,2219.0,106.82272793725133,4229.72998046875,2219.0,93.80000305175781,2.322999954223633,82.0,2219.0,-6.361448680981994,75.19999694824219,0.0,-0.12999999523162842,2219.0
1786231130000.0,172.0,74.0,158.0,2230.0,106.8228518217802,4251.7998046875,2230.0,93.80000305175781,2.305000066757202,79.0,2230.0,-6.361295208334923,74.0,0.0,-0.10499999672174454,2230.0
1786231139000.0,172.0,74.80000305175781,162.0,2239.0,106.82299079373479,4270.6201171875,2239.0,93.80000305175781,2.2769999504089355,81.0,2239.0,-6.361199738457799,74.80000305175781,0.0,0.09200000017881393,2239.0
1786231145000.0,175.0,75.5999984741211,165.0,2245.0,106.82309648953378,4283.10986328125,2245.0,92.80000305175781,2.257999897003174,82.0,2245.0,-6.361160427331924,75.5999984741211,0.5,0.10300000011920929,2245.0
1786231146000.0,175.0,75.5999984741211,165.0,2246.0,106.8231145106256,4285.16015625,2246.0,92.5999984741211,2.257999897003174,82.0,2246.0,-6.361156152561307,75.5999984741211,0.5,0.07999999821186066,2246.0
1786231155000.0,174.0,76.80000305175781,162.0,2255.0,106.82327368296683,4304.18994140625,2255.0,91.4000015258789,2.249000072479248,81.0,2255.0,-6.361090773716569,76.80000305175781,0.0,0.14100000262260437,2255.0
1786231157000.0,171.0,77.19999694824219,162.0,2257.0,106.8233047798276,4308.5498046875,2257.0,91.0,2.249000072479248,81.0,2257.0,-6.36106688529253,77.19999694824219,0.0,0.1850000023841858,2257.0
1786231161000.0,170.0,78.4000015258789,163.0,2261.0,106.82336219586432,4316.81982421875,2261.0,90.5999984741211,2.249000072479248,81.0,2261.0,-6.36102044954896,78.4000015258789,0.5,0.27000001072883606,2261.0
1786231169000.0,172.0,80.4000015258789,166.0,2269.0,106.82347568683326,4333.72998046875,2269.0,89.5999984741211,2.2300000190734863,83.0,2269.0,-6.360920201987028,80.4000015258789,0.0,0.2590000033378601,2269.0
1786231176000.0,170.0,82.19999694824219,162.0,2276.0,106.82357073761523,4348.97021484375,2276.0,91.0,2.2209999561309814,81.0,2276.0,-6.36082062497735,82.19999694824219,0.0,0.2540000081062317,2276.0
1786231185000.0,171.0,84.5999984741211,166.0,2285.0,106.82369101792574,4369.14990234375,2285.0,93.5999984741211,2.2019999027252197,83.0,2285.0,-6.360683999955654,84.5999984741211,0.0,0.2669999897480011,2285.0
1786231193000.0,172.0,86.5999984741211,162.0,2293.0,106.82380752637982,4387.47998046875,2293.0,96.19999694824219,2.2019999027252197,81.0,2293.0,-6.360566485673189,86.5999984741211,0.0,0.2639999985694885,2293.0
1786231196000.0,169.0,87.4000015258789,162.0,2296.0,106.82385287247598,4394.43994140625,2296.0,96.80000305175781,2.2109999656677246,81.0,2296.0,-6.360522899776697,87.4000015258789,0.0,0.2639999985694885,2296.0
1786231198000.0,172.0,87.80000305175781,163.0,2298.0,106.82387868873775,4398.83984375,2298.0,97.19999694824219,2.2109999656677246,81.0,2298.0,-6.360492641106248,87.80000305175781,0.5,0.1770000010728836,2298.0
1786231202000.0,175.0,88.4000015258789,164.0,2302.0,106.82393786497414,4408.10986328125,2302.0,97.0,2.2209999561309814,82.0,2302.0,-6.360433297231793,88.4000015258789,0.0,0.1599999964237213,2302.0
1786231203000.0,175.0,88.5999984741211,164.0,2303.0,106.82395161129534,4410.10009765625,2303.0,96.80000305175781,2.2209999561309814,82.0,2303.0,-6.360421646386385,88.5999984741211,0.0,0.13300000131130219,2303.0
1786231210000.0,175.0,89.0,160.0,2310.0,106.82403626851737,4423.97021484375,2310.0,95.0,2.2109999656677246,80.0,2310.0,-6.360328691080213,89.0,0.0,0.050999999046325684,2310.0
1786231219000.0,175.0,88.80000305175781,160.0,2319.0,106.82416224852204,4442.77978515625,2319.0,93.4000015258789,2.2019999027252197,80.0,2319.0,-6.360215283930302,88.80000305175781,0.0,-0.019999999552965164,2319.0
1786231227000.0,174.0,88.4000015258789,160.0,2327.0,106.8242506776005,4457.47021484375,2327.0,93.0,2.1649999618530273,80.0,2327.0,-6.360115874558687,88.4000015258789,0.0,-0.03500000014901161,2327.0
1786231235000.0,172.0,87.5999984741211,160.0,2335.0,106.82436022907495,4474.2001953125,2335.0,93.4000015258789,2.1089999675750732,80.0,2335.0,-6.36001193895936,87.5999984741211,0.0,-0.09799999743700027,2335.0
1786231241000.0,170.0,87.0,162.0,2341.0,106.82445737533271,4488.14990234375,2341.0,93.19999694824219,2.0989999771118164,81.0,2341.0,-6.359930383041501,87.0,0.0,-0.10700000077486038,2341.0
1786231249000.0,169.0,86.80000305175781,158.0,2349.0,106.82454991154373,4502.91015625,2349.0,93.4000015258789,2.0899999141693115,79.0,2349.0,-6.359833991155028,86.80000305175781,0.0,-0.03099999949336052,2349.0
1786231257000.0,166.0,86.80000305175781,158.0,2357.0,106.82463465258479,4515.7001953125,2357.0,93.4000015258789,1.9869999885559082,79.0,2357.0,-6.359755033627152,86.80000305175781,0.0,-0.004999999888241291,2357.0
1786231258000.0,165.0,86.80000305175781,158.0,2358.0,106.82464521378279,4517.080078125,2358.0,93.4000015258789,1.968999981880188,79.0,2358.0,-6.3597482442855835,86.80000305175781,0.0,-0.027000000700354576,2358.0
1786231268000.0,163.0,86.5999984741211,121.0,2368.0,106.82474185712636,4532.5,2368.0,93.5999984741211,1.6139999628067017,60.0,2368.0,-6.359644895419478,86.5999984741211,0.5,-0.008999999612569809,2368.0
1786231274000.0,162.0,86.4000015258789,120.0,2374.0,106.82481486350298,4542.39013671875,2374.0,93.19999694824219,1.5959999561309814,60.0,2374.0,-6.359592340886593,86.4000015258789,0.0,-0.057999998331069946,2374.0
1786231275000.0,161.0,86.19999694824219,120.0,2375.0,106.8248273525387,4544.509765625,2375.0,93.0,1.5959999561309814,60.0,2375.0,-6.359577756375074,86.19999694824219,0.0,-0.0820000022649765,2375.0
1786231281000.0,159.0,85.4000015258789,109.0,2381.0,106.82491226121783,4555.85009765625,2381.0,92.4000015258789,1.6979999542236328,54.0,2381.0,-6.359523190185428,85.4000015258789,0.5,-0.11999999731779099,2381.0
1786231286000.0,156.0,84.80000305175781,0.0,2386.0,106.82497629895806,4563.080078125,2386.0,92.80000305175781,1.7259999513626099,0.0,2386.0,-6.359507432207465,84.80000305175781,0.0,-0.12700000405311584,2386.0
1786231289000.0,156.0,84.5999984741211,123.0,2389.0,106.82500421069562,4566.3701171875,2389.0,93.0,1.7259999513626099,61.0,2389.0,-6.359496284276247,84.5999984741211,0.5,-0.07599999755620956,2389.0
1786231299000.0,155.0,83.5999984741211,118.0,2399.0,106.82514351792634,4582.1201171875,2399.0,93.5999984741211,1.6419999599456787,59.0,2399.0,-6.359467953443527,83.5999984741211,0.0,-0.0989999994635582,2399.0
1786231302000.0,153.0,83.19999694824219,121.0,2402.0,106.8251764588058,4585.81982421875,2402.0,93.0,1.6139999628067017,60.0,2402.0,-6.359461499378085,83.19999694824219,0.5,-0.12600000202655792,2402.0
1786231304000.0,150.0,83.0,121.0,2404.0,106.82520805858076,4589.27001953125,2404.0,92.5999984741211,1.5959999561309814,60.0,2404.0,-6.359467366710305,83.0,0.5,-0.1599999964237213,2404.0
1786231306000.0,150.0,82.5999984741211,160.0,2406.0,106.8252441007644,4593.27978515625,2406.0,92.19999694824219,1.5859999656677246,80.0,2406.0,-6.35946175083518,82.5999984741211,0.0,-0.20499999821186066,2406.0
1786231314000.0,149.0,80.5999984741211,161.0,2414.0,106.82540880516171,4611.490234375,2414.0,92.0,1.8569999933242798,80.0,2414.0,-6.359461918473244,80.5999984741211,0.5,-0.2329999953508377,2414.0
1786231320000.0,149.0,78.5999984741211,163.0,2420.0,106.82552983984351,4624.990234375,2420.0,91.5999984741211,1.9589999914169312,81.0,2420.0,-6.359468037262559,78.5999984741211,0.5,-0.35600000619888306,2420.0
1786231327000.0,152.0,76.0,163.0,2427.0,106.82568448595703,4642.08984375,2427.0,90.19999694824219,2.0429999828338623,81.0,2427.0,-6.359468204900622,76.0,0.5,-0.3499999940395355,2427.0
1786231334000.0,154.0,75.5999984741211,166.0,2434.0,106.82583318091929,4658.4501953125,2434.0,89.5999984741211,2.0989999771118164,83.0,2434.0,-6.359475580975413,75.5999984741211,0.0,-0.0729999989271164,2434.0
1786231341000.0,157.0,75.0,166.0,2441.0,106.82599956169724,4676.830078125,2441.0,91.80000305175781,2.1649999618530273,83.0,2441.0,-6.359483208507299,75.0,0.0,-0.08399999886751175,2441.0
1786231343000.0,158.0,75.0,164.0,2443.0,106.82603367604315,4680.6201171875,2443.0,92.4000015258789,2.2019999027252197,82.0,2443.0,-6.359494021162391,75.0,0.0,0.041999999433755875,2443.0
1786231350000.0,160.0,75.19999694824219,164.0,2450.0,106.82613610289991,4692.06005859375,2450.0,93.4000015258789,2.118000030517578,82.0,2450.0,-6.359500894322991,75.19999694824219,0.0,0.017999999225139618,2450.0
1786231354000.0,163.0,75.0,164.0,2454.0,106.82621422223747,4700.72021484375,2454.0,92.5999984741211,2.0899999141693115,82.0,2454.0,-6.359499637037516,75.0,0.0,-0.0560000017285347,2454.0
1786231356000.0,167.0,75.19999694824219,164.0,2456.0,106.82624666020274,4704.47998046875,2456.0,92.19999694824219,2.071000099182129,82.0,2456.0,-6.359487818554044,75.19999694824219,0.0,0.06400000303983688,2456.0
1786231358000.0,169.0,75.19999694824219,168.0,2458.0,106.82628320530057,4708.52001953125,2458.0,91.80000305175781,2.0810000896453857,84.0,2458.0,-6.359488237649202,75.19999694824219,0.0,-0.0020000000949949026,2458.0
1786231368000.0,170.0,75.0,168.0,2468.0,106.82647020556033,4729.18017578125,2468.0,90.80000305175781,2.127000093460083,84.0,2468.0,-6.359489746391773,75.0,0.0,-0.0020000000949949026,2468.0
1786231375000.0,167.0,75.5999984741211,166.0,2475.0,106.82659861631691,4743.43017578125,2475.0,89.5999984741211,2.1089999675750732,83.0,2475.0,-6.359479604288936,75.5999984741211,0.0,0.07699999958276749,2475.0
1786231377000.0,164.0,75.5999984741211,164.0,2477.0,106.82663482613862,4747.490234375,2477.0,89.4000015258789,2.1089999675750732,82.0,2477.0,-6.359487399458885,75.5999984741211,0.0,0.023000000044703484,2477.0
1786231387000.0,164.0,76.5999984741211,0.0,2487.0,106.82682626880705,4768.68994140625,2487.0,88.80000305175781,2.1089999675750732,0.0,2487.0,-6.359491087496281,76.5999984741211,0.0,0.09000000357627869,2487.0
1786231394000.0,163.0,77.80000305175781,164.0,2494.0,106.82698200456798,4786.02001953125,2494.0,88.19999694824219,2.127000093460083,82.0,2494.0,-6.359485136345029,77.80000305175781,0.0,0.16899999976158142,2494.0
1786231403000.0,164.0,78.19999694824219,162.0,2503.0,106.82716841809452,4806.7001953125,2503.0,88.19999694824219,2.1459999084472656,81.0,2503.0,-6.3594867289066315,78.19999694824219,0.0,0.04100000113248825,2503.0
1786231409000.0,166.0,78.5999984741211,166.0,2509.0,106.82729942724109,4821.27001953125,2509.0,87.0,2.1549999713897705,83.0,2509.0,-6.359498463571072,78.5999984741211,0.0,0.07400000095367432,2509.0
1786231414000.0,169.0,76.5999984741211,166.0,2514.0,106.82740964926779,4833.4501953125,2514.0,86.4000015258789,2.1740000247955322,83.0,2514.0,-6.359492680057883,76.5999984741211,0.0,-0.3930000066757202,2514.0
1786231415000.0,166.0,76.19999694824219,166.0,2515.0,106.82743169367313,4835.89013671875,2515.0,86.5999984741211,2.1740000247955322,83.0,2515.0,-6.3594935182482,76.19999694824219,0.0,-0.4790000021457672,2515.0
1786231417000.0,166.0,75.19999694824219,164.0,2517.0,106.82747502811253,4840.72021484375,2517.0,86.5999984741211,2.183000087738037,82.0,2517.0,-6.359498631209135,75.19999694824219,0.0,-0.47699999809265137,2517.0
1786231425000.0,167.0,72.5999984741211,166.0,2525.0,106.82764358818531,4859.39013671875,2525.0,86.4000015258789,2.2109999656677246,83.0,2525.0,-6.359504330903292,72.5999984741211,0.0,-0.3269999921321869,2525.0
1786231433000.0,168.0,68.19999694824219,164.0,2533.0,106.8277963064611,4876.31005859375,2533.0,85.4000015258789,2.2109999656677246,82.0,2533.0,-6.359514556825161,68.19999694824219,0.0,-0.5360000133514404,2533.0
1786231439000.0,168.0,66.19999694824219,164.0,2539.0,106.82789856567979,4888.06005859375,2539.0,85.80000305175781,2.193000078201294,82.0,2539.0,-6.359544480219483,66.19999694824219,0.0,-0.3479999899864197,2539.0
1786231448000.0,169.0,64.80000305175781,167.0,2548.0,106.82806829921901,4907.47998046875,2548.0,87.19999694824219,2.1549999713897705,83.0,2548.0,-6.359586222097278,64.80000305175781,0.5,-0.15399999916553497,2548.0
1786231454000.0,172.0,64.80000305175781,164.0,2554.0,106.82815463282168,4920.27978515625,2554.0,87.5999984741211,2.1549999713897705,82.0,2554.0,-6.359660066664219,64.80000305175781,0.0,0.006000000052154064,2554.0
1786231456000.0,171.0,65.19999694824219,167.0,2556.0,106.82817575521767,4923.7900390625,2556.0,88.19999694824219,2.1549999713897705,83.0,2556.0,-6.359683955088258,65.19999694824219,0.5,0.18799999356269836,2556.0
1786231457000.0,170.0,65.4000015258789,167.0,2557.0,106.82819050736725,4925.7001953125,2557.0,88.4000015258789,2.1549999713897705,83.0,2557.0,-6.359693426638842,65.4000015258789,0.5,0.14000000059604645,2557.0
1786231461000.0,170.0,66.0,82.0,2561.0,106.82825865224004,4935.2099609375,2561.0,89.0,2.1649999618530273,41.0,2561.0,-6.359745226800442,66.0,0.0,0.16899999976158142,2561.0
1786231470000.0,170.0,66.80000305175781,170.0,2570.0,106.82839427143335,4956.2998046875,2570.0,86.5999984741211,2.118000030517578,85.0,2570.0,-6.359879672527313,66.80000305175781,0.0,0.09600000083446503,2570.0
1786231478000.0,172.0,68.0,163.0,2578.0,106.82850206270814,4973.0,2578.0,84.80000305175781,2.1549999713897705,81.0,2578.0,-6.359984530135989,68.0,0.5,0.1289999932050705,2578.0
1786231485000.0,170.0,69.19999694824219,160.0,2585.0,106.8285883963108,4987.509765625,2585.0,86.80000305175781,2.1549999713897705,80.0,2585.0,-6.360082346946001,69.19999694824219,0.0,0.19099999964237213,2585.0
1786231492000.0,170.0,71.80000305175781,160.0,2592.0,106.82867405936122,5002.18017578125,2592.0,87.5999984741211,2.1549999713897705,80.0,2592.0,-6.3601835165172815,71.80000305175781,0.0,0.37599998712539673,2592.0
1786231495000.0,170.0,73.0,162.0,2595.0,106.8287128675729,5008.5400390625,2595.0,87.0,2.1459999084472656,81.0,2595.0,-6.360226012766361,73.0,0.0,0.3479999899864197,2595.0
1786231503000.0,170.0,76.0,168.0,2603.0,106.82882132939994,5026.72998046875,2603.0,86.5999984741211,2.13700008392334,84.0,2603.0,-6.3603500649333,76.0,0.0,0.37599998712539673,2603.0
1786231510000.0,173.0,78.5999984741211,164.0,2610.0,106.82893733493984,5042.81005859375,2610.0,86.80000305175781,2.1459999084472656,82.0,2610.0,-6.360439667478204,78.5999984741211,0.0,0.38999998569488525,2610.0
1786231512000.0,172.0,79.19999694824219,164.0,2612.0,106.82896063663065,5045.9501953125,2612.0,86.4000015258789,2.13700008392334,82.0,2612.0,-6.360456431284547,79.19999694824219,0.0,0.27000001072883606,2612.0
1786231521000.0,171.0,77.19999694824219,168.0,2621.0,106.82906624861062,5067.22021484375,2621.0,85.0,2.1089999675750732,84.0,2621.0,-6.360619962215424,77.19999694824219,0.0,-0.22200000286102295,2621.0
1786231527000.0,172.0,74.80000305175781,168.0,2627.0,106.82916808873415,5082.31982421875,2627.0,84.19999694824219,2.127000093460083,84.0,2627.0,-6.360711995512247,74.80000305175781,0.0,-0.3959999978542328,2627.0
1786231535000.0,174.0,73.0,166.0,2635.0,106.8292670790106,5097.919921875,2635.0,83.0,2.13700008392334,83.0,2635.0,-6.360812410712242,73.0,0.0,-0.23800000548362732,2635.0
1786231542000.0,176.0,72.5999984741211,166.0,2642.0,106.8293867725879,5115.64990234375,2642.0,83.19999694824219,2.1549999713897705,83.0,2642.0,-6.3609186094254255,72.5999984741211,0.0,-0.054999999701976776,2642.0
1786231550000.0,178.0,73.5999984741211,129.0,2650.0,106.82949464768171,5131.97021484375,2650.0,86.80000305175781,2.193000078201294,64.0,2650.0,-6.361019192263484,73.5999984741211,0.5,0.11999999731779099,2650.0
1786231556000.0,178.0,74.4000015258789,244.0,2656.0,106.82956874370575,5142.580078125,2656.0,87.80000305175781,2.313999891281128,122.0,2656.0,-6.361079290509224,74.4000015258789,0.0,0.14100000262260437,2656.0
1786231562000.0,175.0,75.19999694824219,130.0,2662.0,106.82964242063463,5153.39990234375,2662.0,90.80000305175781,2.322999954223633,65.0,2662.0,-6.361142909154296,75.19999694824219,0.0,0.13300000131130219,2662.0
1786231565000.0,175.0,75.4000015258789,130.0,2665.0,106.82967309840024,5158.3798828125,2665.0,91.4000015258789,2.071000099182129,65.0,2665.0,-6.361175766214728,75.4000015258789,0.0,0.10999999940395355,2665.0
1786231574000.0,172.0,75.4000015258789,0.0,2674.0,106.82976580224931,5173.06982421875,2674.0,91.19999694824219,1.8569999933242798,0.0,2674.0,-6.36127064935863,75.4000015258789,0.0,-0.008999999612569809,2674.0
1786231578000.0,170.0,75.19999694824219,134.0,2678.0,106.82980427518487,5179.43994140625,2678.0,91.4000015258789,1.8569999933242798,67.0,2678.0,-6.361313480883837,75.19999694824219,0.0,-0.041999999433755875,2678.0
1786231584000.0,167.0,75.4000015258789,0.0,2684.0,106.82985708117485,5188.8798828125,2684.0,91.80000305175781,1.809999942779541,0.0,2684.0,-6.361379949375987,75.4000015258789,0.0,0.03099999949336052,2684.0
1786231587000.0,167.0,75.80000305175781,0.0,2687.0,106.82989044114947,5193.2001953125,2687.0,92.0,1.781999945640564,0.0,2687.0,-6.361399814486504,75.80000305175781,0.0,0.10400000214576721,2687.0
1786231594000.0,168.0,76.4000015258789,126.0,2694.0,106.82995716109872,5203.93994140625,2694.0,92.0,1.6610000133514404,63.0,2694.0,-6.361469468101859,76.4000015258789,0.0,0.10400000214576721,2694.0
1786231604000.0,165.0,77.0,129.0,2704.0,106.83007425628603,5221.56982421875,2704.0,91.0,1.6979999542236328,64.0,2704.0,-6.36157700791955,77.0,0.5,0.04800000041723251,2704.0
1786231606000.0,164.0,77.19999694824219,129.0,2706.0,106.83010267093778,5226.22998046875,2706.0,90.5999984741211,1.7079999446868896,64.0,2706.0,-6.361608440056443,77.19999694824219,0.5,0.09099999815225601,2706.0
1786231610000.0,161.0,77.19999694824219,168.0,2710.0,106.83015547692776,5235.419921875,2710.0,90.0,1.8660000562667847,84.0,2710.0,-6.361672645434737,77.19999694824219,0.0,0.009999999776482582,2710.0
1786231616000.0,158.0,77.5999984741211,164.0,2716.0,106.83023996651173,5249.490234375,2716.0,90.0,2.0989999771118164,82.0,2716.0,-6.361767780035734,77.5999984741211,0.0,0.05700000002980232,2716.0
1786231624000.0,158.0,78.0,164.0,2724.0,106.83036661706865,5269.740234375,2724.0,93.19999694824219,2.2209999561309814,82.0,2724.0,-6.361900297924876,78.0,0.0,0.05999999865889549,2724.0
1786231626000.0,159.0,78.4000015258789,165.0,2726.0,106.83040265925229,5275.43994140625,2726.0,93.5999984741211,2.249000072479248,82.0,2726.0,-6.361937094479799,78.4000015258789,0.5,0.1889999955892563,2726.0
1786231628000.0,163.0,78.80000305175781,168.0,2728.0,106.83043601922691,5280.39990234375,2728.0,93.5999984741211,2.2769999504089355,84.0,2728.0,-6.361967101693153,78.80000305175781,0.0,0.18000000715255737,2728.0
1786231631000.0,167.0,79.4000015258789,168.0,2731.0,106.83049217797816,5288.669921875,2731.0,93.4000015258789,2.313999891281128,84.0,2731.0,-6.362016806378961,79.4000015258789,0.0,0.20200000703334808,2731.0
1786231634000.0,169.0,79.80000305175781,168.0,2734.0,106.83054448105395,5296.14013671875,2734.0,93.0,2.3420000076293945,84.0,2734.0,-6.362059889361262,79.80000305175781,0.0,0.12700000405311584,2734.0
1786231641000.0,172.0,80.19999694824219,166.0,2741.0,106.83065260760486,5312.080078125,2741.0,93.0,2.378999948501587,83.0,2741.0,-6.362155023962259,80.19999694824219,0.0,0.0729999989271164,2741.0
1786231643000.0,173.0,80.19999694824219,166.0,2743.0,106.83068102225661,5316.4599609375,2743.0,93.0,2.369999885559082,83.0,2743.0,-6.362182516604662,80.19999694824219,0.0,0.02500000037252903,2743.0
1786231651000.0,174.0,79.80000305175781,168.0,2751.0,106.83079375885427,5334.64013671875,2751.0,92.19999694824219,2.369999885559082,84.0,2751.0,-6.362301455810666,79.80000305175781,0.0,-0.05999999865889549,2751.0
1786231659000.0,171.0,76.0,169.0,2759.0,106.8308958504349,5350.81005859375,2759.0,90.19999694824219,2.369999885559082,84.0,2759.0,-6.362404972314835,76.0,0.5,-0.4790000021457672,2759.0
1786231660000.0,171.0,75.4000015258789,165.0,2760.0,106.8309095967561,5353.06982421875,2760.0,90.0,2.369999885559082,82.0,2760.0,-6.362420059740543,75.4000015258789,0.5,-0.5830000042915344,2760.0
1786231666000.0,174.0,73.5999984741211,167.0,2766.0,106.83100355789065,5367.259765625,2766.0,89.80000305175781,2.3420000076293945,83.0,2766.0,-6.3625074829906225,73.5999984741211,0.5,-0.29100000858306885,2766.0
1786231667000.0,175.0,73.4000015258789,176.0,2767.0,106.83101990260184,5370.18994140625,2767.0,90.0,2.3420000076293945,88.0,2767.0,-6.362528437748551,73.4000015258789,0.0,-0.24300000071525574,2767.0
1786231675000.0,176.0,72.19999694824219,166.0,2775.0,106.83114211075008,5391.14990234375,2775.0,90.4000015258789,2.4539999961853027,83.0,2775.0,-6.362673444673419,72.19999694824219,0.0,-0.1379999965429306,2775.0
1786231682000.0,178.0,72.0,166.0,2782.0,106.83124076575041,5404.1298828125,2782.0,89.5999984741211,2.3889999389648438,83.0,2782.0,-6.362736392766237,72.0,0.0,-0.032999999821186066,2782.0
1786231686000.0,181.0,72.0,161.0,2786.0,106.83129382319748,5410.47021484375,2786.0,90.4000015258789,2.1740000247955322,80.0,2786.0,-6.362758856266737,72.0,0.5,0.006000000052154064,2786.0
1786231688000.0,182.0,72.0,162.0,2788.0,106.8313311226666,5414.72021484375,2788.0,90.80000305175781,2.071000099182129,81.0,2788.0,-6.362767070531845,72.0,0.0,0.014999999664723873,2788.0
1786231696000.0,180.0,72.19999694824219,165.0,2796.0,106.83147973380983,5431.14990234375,2796.0,91.19999694824219,2.0429999828338623,82.0,2796.0,-6.362758772447705,72.19999694824219,0.5,0.004000000189989805,2796.0
1786231698000.0,177.0,72.0,162.0,2798.0,106.83151644654572,5435.33984375,2798.0,91.19999694824219,2.0810000896453857,81.0,2798.0,-6.362749887630343,72.0,0.0,-0.09399999678134918,2798.0
1786231703000.0,175.0,72.0,161.0,2803.0,106.83160185813904,5446.169921875,2803.0,91.0,2.183000087738037,80.0,2803.0,-6.362703368067741,72.0,0.5,0.0020000000949949026,2803.0
1786231707000.0,178.0,72.4000015258789,165.0,2807.0,106.83165131136775,5454.81982421875,2807.0,90.80000305175781,2.2300000190734863,82.0,2807.0,-6.362642850726843,72.4000015258789,0.5,0.11900000274181366,2807.0
1786231711000.0,178.0,73.0,166.0,2811.0,106.83168408460915,5462.56005859375,2811.0,90.4000015258789,2.239000082015991,83.0,2811.0,-6.362581076100469,73.0,0.0,0.13699999451637268,2811.0
1786231721000.0,177.0,75.4000015258789,166.0,2821.0,106.83172725141048,5484.06005859375,2821.0,90.4000015258789,2.1740000247955322,83.0,2821.0,-6.362394830211997,75.4000015258789,0.0,0.24500000476837158,2821.0
1786231730000.0,176.0,78.5999984741211,164.0,2830.0,106.83172322809696,5503.0,2830.0,91.19999694824219,2.1549999713897705,82.0,2830.0,-6.36222442612052,78.5999984741211,0.0,0.3440000116825104,2830.0
1786231737000.0,176.0,80.80000305175781,166.0,2837.0,106.83169774711132,5518.490234375,2837.0,91.0,2.13700008392334,83.0,2837.0,-6.362086879089475,80.80000305175781,0.0,0.3109999895095825,2837.0
1786231745000.0,176.0,83.5999984741211,166.0,2845.0,106.83166497386992,5537.02978515625,2845.0,91.4000015258789,2.1549999713897705,83.0,2845.0,-6.361922426149249,83.5999984741211,0.0,0.3709999918937683,2845.0
1786231752000.0,176.0,84.80000305175781,162.0,2852.0,106.83163370937109,5553.35009765625,2852.0,92.0,2.183000087738037,81.0,2852.0,-6.361778257414699,84.80000305175781,0.0,0.1469999998807907,2852.0
1786231761000.0,175.0,85.80000305175781,162.0,2861.0,106.8316054623574,5572.6298828125,2861.0,93.19999694824219,2.183000087738037,81.0,2861.0,-6.36160634458065,85.80000305175781,0.0,0.1120000034570694,2861.0
1786231770000.0,176.0,84.4000015258789,164.0,2870.0,106.83158744126558,5590.5400390625,2870.0,93.0,2.1549999713897705,82.0,2870.0,-6.361445328220725,84.4000015258789,0.0,-0.13899999856948853,2870.0
1786231772000.0,175.0,84.0,164.0,2872.0,106.83158182539046,5594.66015625,2872.0,92.80000305175781,2.1459999084472656,82.0,2872.0,-6.361408196389675,84.0,0.0,-0.21699999272823334,2872.0
1786231777000.0,173.0,83.0,164.0,2877.0,106.83157042600214,5604.18017578125,2877.0,92.80000305175781,2.13700008392334,82.0,2877.0,-6.361323036253452,83.0,0.0,-0.18400000035762787,2877.0
1786231786000.0,172.0,81.80000305175781,162.0,2886.0,106.83154729194939,5622.009765625,2886.0,93.0,2.1089999675750732,81.0,2886.0,-6.361163444817066,81.80000305175781,0.0,-0.14499999582767487,2886.0
1786231795000.0,172.0,81.0,164.0,2895.0,106.83151694945991,5639.830078125,2895.0,92.0,2.0810000896453857,82.0,2895.0,-6.361005278304219,81.0,0.0,-0.08799999952316284,2895.0
1786231804000.0,171.0,80.4000015258789,162.0,2904.0,106.83148291893303,5657.490234375,2904.0,90.80000305175781,2.062000036239624,81.0,2904.0,-6.360849291086197,80.4000015258789,0.0,-0.07000000029802322,2904.0
1786231813000.0,170.0,79.4000015258789,162.0,2913.0,106.83145953342319,5676.8701171875,2913.0,89.5999984741211,2.052999973297119,81.0,2913.0,-6.360675450414419,79.4000015258789,0.0,-0.09700000286102295,2913.0
1786231821000.0,171.0,79.0,160.0,2921.0,106.83144645765424,5692.0400390625,2921.0,89.80000305175781,2.0429999828338623,80.0,2921.0,-6.360538741573691,79.0,0.0,-0.0729999989271164,2921.0
1786231830000.0,169.0,77.80000305175781,162.0,2930.0,106.83143329806626,5708.740234375,2930.0,91.80000305175781,2.015000104904175,81.0,2930.0,-6.3603876158595085,77.80000305175781,0.0,-0.13099999725818634,2930.0
1786231840000.0,168.0,76.5999984741211,164.0,2940.0,106.83139884844422,5730.02978515625,2940.0,92.19999694824219,1.996999979019165,82.0,2940.0,-6.360200112685561,76.5999984741211,0.0,-0.11599999666213989,2940.0
1786231841000.0,168.0,76.4000015258789,160.0,2941.0,106.83139306493104,5731.93994140625,2941.0,92.19999694824219,1.996999979019165,80.0,2941.0,-6.360183684155345,76.4000015258789,0.0,-0.07999999821186066,2941.0
1786231845000.0,168.0,76.19999694824219,161.0,2945.0,106.83136641047895,5738.72998046875,2945.0,91.5999984741211,1.9869999885559082,80.0,2945.0,-6.360128615051508,76.19999694824219,0.5,-0.07400000095367432,2945.0
1786231847000.0,167.0,76.0,159.0,2947.0,106.83135526254773,5741.35986328125,2947.0,91.5999984741211,1.9869999885559082,79.0,2947.0,-6.360107660293579,76.0,0.5,-0.057999998331069946,2947.0
1786231850000.0,167.0,75.5999984741211,0.0,2950.0,106.83134319260716,5746.6298828125,2950.0,91.5999984741211,1.968999981880188,0.0,2950.0,-6.360061476007104,75.5999984741211,0.0,-0.1599999964237213,2950.0
1786231854000.0,166.0,74.5999984741211,0.0,2954.0,106.83131150901318,5754.68017578125,2954.0,91.4000015258789,1.8660000562667847,0.0,2954.0,-6.359996600076556,74.5999984741211,0.0,-0.26100000739097595,2954.0
1786231862000.0,165.0,72.80000305175781,126.0,2962.0,106.83128477074206,5766.9501953125,2962.0,87.80000305175781,1.8009999990463257,63.0,2962.0,-6.359888473525643,72.80000305175781,0.0,-0.2150000035762787,2962.0
1786231866000.0,163.0,72.19999694824219,129.0,2966.0,106.83128544129431,5771.31005859375,2966.0,86.19999694824219,1.753999948501587,64.0,2966.0,-6.359849078580737,72.19999694824219,0.5,-0.14000000059604645,2966.0
1786231869000.0,163.0,71.5999984741211,129.0,2969.0,106.83127814903855,5775.56982421875,2969.0,84.80000305175781,1.7079999446868896,64.0,2969.0,-6.359811527654529,71.5999984741211,0.5,-0.20600000023841858,2969.0
1786231877000.0,163.0,69.80000305175781,0.0,2977.0,106.83126063086092,5788.2900390625,2977.0,87.19999694824219,1.5299999713897705,0.0,2977.0,-6.359696444123983,69.80000305175781,0.0,-0.23100000619888306,2977.0
1786231886000.0,163.0,69.19999694824219,0.0,2986.0,106.83125954121351,5803.1201171875,2986.0,89.4000015258789,1.4839999675750732,0.0,2986.0,-6.3595624174922705,69.19999694824219,0.0,-0.07100000232458115,2986.0
1786231895000.0,161.0,68.5999984741211,0.0,2995.0,106.83124805800617,5817.93994140625,2995.0,90.19999694824219,1.5959999561309814,0.0,2995.0,-6.359430570155382,68.5999984741211,0.0,-0.06700000166893005,2995.0
1786231900000.0,160.0,68.80000305175781,0.0,3000.0,106.83123657479882,5827.02001953125,3000.0,88.5999984741211,1.6519999504089355,0.0,3000.0,-6.359347337856889,68.80000305175781,0.0,0.03400000184774399,3000.0
1786231908000.0,158.0,69.80000305175781,124.0,3008.0,106.83123841881752,5837.4501953125,3008.0,86.80000305175781,1.6239999532699585,62.0,3008.0,-6.359252957627177,69.80000305175781,0.0,0.12800000607967377,3008.0
1786231909000.0,157.0,69.80000305175781,122.0,3009.0,106.83124043047428,5838.580078125,3009.0,86.5999984741211,1.6139999628067017,61.0,3009.0,-6.359242899343371,69.80000305175781,0.0,0.11599999666213989,3009.0
1786231913000.0,155.0,70.4000015258789,0.0,3013.0,106.8312357366085,5844.31005859375,3013.0,86.4000015258789,1.5679999589920044,0.0,3013.0,-6.35919151827693,70.4000015258789,0.0,0.1340000033378601,3013.0
1786231916000.0,155.0,70.5999984741211,0.0,3016.0,106.83122768998146,5847.43017578125,3016.0,86.5999984741211,1.5490000247955322,0.0,3016.0,-6.3591645285487175,70.5999984741211,0.0,0.08699999749660492,3016.0
1786231925000.0,154.0,71.5999984741211,0.0,3025.0,106.83120220899582,5858.22998046875,3025.0,87.0,1.4459999799728394,0.0,3025.0,-6.359069058671594,71.5999984741211,0.0,0.10400000214576721,3025.0
1786231935000.0,153.0,73.0,0.0,3035.0,106.83118117041886,5872.58984375,3035.0,86.80000305175781,1.3899999856948853,0.0,3035.0,-6.358940564095974,73.0,0.0,0.13099999725818634,3035.0
1786231942000.0,152.0,74.4000015258789,162.0,3042.0,106.83115619234741,5890.7099609375,3042.0,88.19999694824219,1.5119999647140503,81.0,3042.0,-6.358778458088636,74.4000015258789,0.0,0.20100000500679016,3042.0
1786231950000.0,155.0,75.5999984741211,164.0,3050.0,106.83114940300584,5908.990234375,3050.0,91.80000305175781,2.062000036239624,82.0,3050.0,-6.358612580224872,75.5999984741211,0.0,0.15800000727176666,3050.0
1786231952000.0,158.0,76.19999694824219,166.0,3052.0,106.83114395476878,5913.5400390625,3052.0,92.19999694824219,2.1089999675750732,83.0,3052.0,-6.3585716765373945,76.19999694824219,0.0,0.30399999022483826,3052.0
1786231954000.0,161.0,76.5999984741211,164.0,3054.0,106.8311360757798,5918.2099609375,3054.0,92.5999984741211,2.13700008392334,82.0,3054.0,-6.358530269935727,76.5999984741211,0.0,0.16300000250339508,3054.0
1786231959000.0,164.0,77.4000015258789,162.0,3059.0,106.83111771941185,5929.490234375,3059.0,93.0,2.13700008392334,81.0,3059.0,-6.358430692926049,77.4000015258789,0.0,0.15700000524520874,3059.0
1786231968000.0,164.0,78.4000015258789,166.0,3068.0,106.83109324425459,5951.83984375,3068.0,93.0,2.2109999656677246,83.0,3068.0,-6.358230281621218,78.4000015258789,0.0,0.11900000274181366,3068.0
1786231969000.0,164.0,78.4000015258789,166.0,3069.0,106.83109190315008,5954.10986328125,3069.0,93.19999694824219,2.2109999656677246,83.0,3069.0,-6.3582097459584475,78.4000015258789,0.0,0.004999999888241291,3069.0
1786231976000.0,167.0,77.80000305175781,164.0,3076.0,106.83102970942855,5970.9599609375,3076.0,93.4000015258789,2.239000082015991,82.0,3076.0,-6.358070774003863,77.80000305175781,0.0,-0.09000000357627869,3076.0
1786231983000.0,170.0,76.80000305175781,164.0,3083.0,106.8309616483748,5988.39990234375,3083.0,92.5999984741211,2.239000082015991,82.0,3083.0,-6.357928952202201,76.80000305175781,0.0,-0.13600000739097595,3083.0
1786231984000.0,171.0,76.80000305175781,164.0,3084.0,106.83095209300518,5990.31982421875,3084.0,92.4000015258789,2.239000082015991,82.0,3084.0,-6.357914451509714,76.80000305175781,0.0,-0.08699999749660492,3084.0
1786231989000.0,170.0,76.19999694824219,166.0,3089.0,106.83088495396078,6002.580078125,3089.0,92.19999694824219,2.249000072479248,83.0,3089.0,-6.357826944440603,76.19999694824219,0.0,-0.11100000143051147,3089.0
1786231991000.0,170.0,76.0,164.0,3091.0,106.83085494674742,6007.4599609375,3091.0,92.19999694824219,2.257999897003174,82.0,3091.0,-6.357794506475329,76.0,0.0,-0.1120000034570694,3091.0
1786231996000.0,167.0,75.4000015258789,164.0,3096.0,106.83077674359083,6019.5498046875,3096.0,92.0,2.257999897003174,82.0,3096.0,-6.3577184826135635,75.4000015258789,0.0,-0.09700000286102295,3096.0
1786231999000.0,166.0,75.4000015258789,164.0,3099.0,106.83074288070202,6026.919921875,3099.0,91.19999694824219,2.257999897003174,82.0,3099.0,-6.357660815119743,75.4000015258789,0.0,-0.04100000113248825,3099.0
1786232004000.0,169.0,74.19999694824219,162.0,3104.0,106.83067850768566,6038.169921875,3104.0,89.80000305175781,2.2669999599456787,81.0,3104.0,-6.357582360506058,74.19999694824219,0.0,-0.22599999606609344,3104.0
1786232009000.0,170.0,73.19999694824219,161.0,3109.0,106.83063198812306,6048.2099609375,3109.0,90.0,2.257999897003174,80.0,3109.0,-6.357505079358816,73.19999694824219,0.5,-0.1899999976158142,3109.0
1786232018000.0,170.0,71.0,162.0,3118.0,106.83051757514477,6067.97998046875,3118.0,88.5999984741211,2.2109999656677246,81.0,3118.0,-6.357368370518088,71.0,0.0,-0.24400000274181366,3118.0
1786232027000.0,169.0,69.5999984741211,160.0,3127.0,106.83041498064995,6085.509765625,3127.0,84.80000305175781,2.13700008392334,80.0,3127.0,-6.357247419655323,69.5999984741211,0.0,-0.1599999964237213,3127.0
1786232038000.0,166.0,68.19999694824219,162.0,3138.0,106.83030081912875,6105.72998046875,3138.0,83.19999694824219,2.0429999828338623,81.0,3138.0,-6.357105514034629,68.19999694824219,0.0,-0.12999999523162842,3138.0
1786232040000.0,163.0,67.80000305175781,162.0,3140.0,106.83027642779052,6110.43017578125,3140.0,82.80000305175781,2.0250000953674316,81.0,3140.0,-6.357070645317435,67.80000305175781,0.0,-0.16899999976158142,3140.0
1786232047000.0,166.0,66.80000305175781,164.0,3147.0,106.8301915191114,6126.6201171875,3147.0,82.5999984741211,2.00600004196167,82.0,3147.0,-6.356952376663685,66.80000305175781,0.0,-0.16500000655651093,3147.0
1786232049000.0,167.0,66.4000015258789,162.0,3149.0,106.83017609640956,6130.85986328125,3149.0,82.5999984741211,2.015000104904175,81.0,3149.0,-6.356917088851333,66.4000015258789,0.0,-0.1550000011920929,3149.0
1786232059000.0,165.0,64.4000015258789,162.0,3159.0,106.83011105284095,6151.02001953125,3159.0,81.5999984741211,2.0429999828338623,81.0,3159.0,-6.356747439131141,64.4000015258789,0.0,-0.20200000703334808,3159.0
1786232068000.0,163.0,62.400001525878906,162.0,3168.0,106.83005413971841,6170.22021484375,3168.0,81.19999694824219,2.0339999198913574,81.0,3168.0,-6.3565843272954226,62.400001525878906,0.0,-0.2199999988079071,3168.0
1786232076000.0,162.0,60.400001525878906,162.0,3176.0,106.8300321791321,6185.60009765625,3176.0,80.5999984741211,2.052999973297119,81.0,3176.0,-6.356448037549853,60.400001525878906,0.0,-0.24500000476837158,3176.0
1786232083000.0,164.0,59.20000076293945,0.0,3183.0,106.83004969730973,6196.83984375,3183.0,80.4000015258789,2.0429999828338623,0.0,3183.0,-6.356348292902112,59.20000076293945,0.0,-0.18199999630451202,3183.0
1786232085000.0,162.0,59.20000076293945,0.0,3185.0,106.83004718273878,6200.0498046875,3185.0,80.5999984741211,2.0339999198913574,0.0,3185.0,-6.356319207698107,59.20000076293945,0.0,0.05700000002980232,3185.0
1786232093000.0,161.0,59.599998474121094,163.0,3193.0,106.830074172467,6213.77001953125,3193.0,81.4000015258789,1.7359999418258667,81.0,3193.0,-6.356197921559215,59.599998474121094,0.5,0.041999999433755875,3193.0
1786232099000.0,160.0,60.20000076293945,164.0,3199.0,106.83010820299387,6225.7099609375,3199.0,81.4000015258789,1.9589999914169312,82.0,3199.0,-6.3560957461595535,60.20000076293945,0.0,0.09000000357627869,3199.0
1786232109000.0,160.0,62.599998474121094,160.0,3209.0,106.83017693459988,6243.66015625,3209.0,79.4000015258789,1.8569999933242798,80.0,3209.0,-6.355950906872749,62.599998474121094,0.0,0.25,3209.0
1786232116000.0,157.0,64.5999984741211,160.0,3216.0,106.83024164289236,6256.0498046875,3216.0,79.80000305175781,1.781999945640564,80.0,3216.0,-6.355859376490116,64.5999984741211,0.0,0.2879999876022339,3216.0
1786232117000.0,160.0,65.0,160.0,3217.0,106.8302499409765,6257.7001953125,3217.0,80.0,1.781999945640564,80.0,3217.0,-6.3558468874543905,65.0,0.0,0.26899999380111694,3217.0
1786232118000.0,161.0,65.19999694824219,160.0,3218.0,106.83026033453643,6259.7099609375,3218.0,80.19999694824219,1.781999945640564,80.0,3218.0,-6.3558318838477135,65.19999694824219,0.0,0.328000009059906,3218.0
1786232127000.0,162.0,67.5999984741211,163.0,3227.0,106.83035957626998,6275.83984375,3227.0,81.5999984741211,1.7450000047683716,81.0,3227.0,-6.355725936591625,67.5999984741211,0.5,0.2619999945163727,3227.0
1786232137000.0,162.0,70.0,164.0,3237.0,106.83047239668667,6296.2900390625,3237.0,81.5999984741211,1.7910000085830688,82.0,3237.0,-6.355579337105155,70.0,0.0,0.24300000071525574,3237.0
1786232145000.0,161.0,71.80000305175781,165.0,3245.0,106.83055118657649,6311.08984375,3245.0,81.0,1.819000005722046,82.0,3245.0,-6.355473641306162,71.80000305175781,0.5,0.21400000154972076,3245.0
1786232153000.0,162.0,73.4000015258789,0.0,3253.0,106.83062268421054,6324.47021484375,3253.0,81.5999984741211,1.7640000581741333,0.0,3253.0,-6.355375405400991,73.4000015258789,0.0,0.19699999690055847,3253.0
1786232163000.0,161.0,74.5999984741211,126.0,3263.0,106.8307076767087,6340.64013671875,3263.0,85.0,1.6799999475479126,63.0,3263.0,-6.355255711823702,74.5999984741211,0.0,0.125,3263.0
1786232174000.0,162.0,75.19999694824219,128.0,3274.0,106.83080155402422,6357.77001953125,3274.0,89.4000015258789,1.6330000162124634,64.0,3274.0,-6.355132330209017,75.19999694824219,0.0,0.0560000017285347,3274.0
1786232184000.0,159.0,75.80000305175781,119.0,3284.0,106.83087565004826,6372.6201171875,3284.0,88.0,1.6139999628067017,59.0,3284.0,-6.355021186172962,75.80000305175781,0.5,0.05299999937415123,3284.0
1786232187000.0,155.0,75.80000305175781,120.0,3287.0,106.8309008795768,6376.97998046875,3287.0,87.5999984741211,1.5859999656677246,60.0,3287.0,-6.3549907598644495,75.80000305175781,0.0,0.0430000014603138,3287.0
1786232195000.0,154.0,75.80000305175781,121.0,3295.0,106.83095871470869,6387.83984375,3295.0,87.19999694824219,1.5210000276565552,60.0,3295.0,-6.3549115508794785,75.80000305175781,0.5,0.0,3295.0
1786232204000.0,156.0,75.5999984741211,122.0,3304.0,106.83102442882955,6400.0498046875,3304.0,86.80000305175781,1.4559999704360962,61.0,3304.0,-6.354823289439082,75.5999984741211,0.0,-0.03500000014901161,3304.0
1786232213000.0,156.0,74.80000305175781,163.0,3313.0,106.83113414794207,6418.60986328125,3313.0,85.0,1.4459999799728394,81.0,3313.0,-6.354696471244097,74.80000305175781,0.5,-0.07400000095367432,3313.0
1786232220000.0,153.0,74.4000015258789,164.0,3320.0,106.83122760616243,6433.81982421875,3320.0,82.0,1.930999994277954,82.0,3320.0,-6.35459546931088,74.4000015258789,0.0,-0.05700000002980232,3320.0
1786232222000.0,153.0,74.19999694824219,166.0,3322.0,106.83126599527895,6439.3798828125,3322.0,81.19999694824219,2.052999973297119,83.0,3322.0,-6.354562947526574,74.19999694824219,0.0,-0.17000000178813934,3322.0
1786232230000.0,155.0,73.4000015258789,160.0,3330.0,106.83138987980783,6460.31982421875,3330.0,80.19999694824219,2.183000087738037,80.0,3330.0,-6.354419784620404,73.4000015258789,0.0,-0.08500000089406967,3330.0
1786232231000.0,159.0,73.4000015258789,160.0,3331.0,106.83140086010098,6462.56005859375,3331.0,80.0,2.2019999027252197,80.0,3331.0,-6.354402769356966,73.4000015258789,0.0,-0.017999999225139618,3331.0
1786232232000.0,156.0,73.4000015258789,162.0,3332.0,106.83141661807895,6465.64013671875,3332.0,79.80000305175781,2.2109999656677246,81.0,3332.0,-6.354379216209054,73.4000015258789,0.0,-0.11400000005960464,3332.0
1786232239000.0,157.0,73.19999694824219,160.0,3339.0,106.83147654868662,6480.72998046875,3339.0,78.4000015258789,2.2209999561309814,80.0,3339.0,-6.354257175698876,73.19999694824219,0.0,-0.028999999165534973,3339.0
1786232242000.0,160.0,73.0,162.0,3342.0,106.83150764554739,6487.97021484375,3342.0,79.19999694824219,2.2300000190734863,81.0,3342.0,-6.3541994243860245,73.0,0.0,-0.04800000041723251,3342.0
1786232245000.0,163.0,73.0,164.0,3345.0,106.83153815567493,6496.47998046875,3345.0,79.5999984741211,2.257999897003174,82.0,3345.0,-6.354128932580352,73.0,0.0,-0.014000000432133675,3345.0
1786232249000.0,166.0,72.80000305175781,164.0,3349.0,106.83156548067927,6506.7001953125,3349.0,80.0,2.305000066757202,82.0,3349.0,-6.3540406711399555,72.80000305175781,0.0,-0.04100000113248825,3349.0
1786232253000.0,169.0,72.5999984741211,166.0,3353.0,106.8315898720175,6517.14990234375,3353.0,80.4000015258789,2.3420000076293945,83.0,3353.0,-6.353949308395386,72.5999984741211,0.0,-0.02800000086426735,3353.0
1786232260000.0,171.0,72.5999984741211,162.0,3360.0,106.83161560446024,6532.93994140625,3360.0,80.5999984741211,2.3610000610351562,81.0,3360.0,-6.353808995336294,72.5999984741211,0.0,-0.014000000432133675,3360.0
1786232267000.0,171.0,72.4000015258789,166.0,3367.0,106.83163731358945,6551.0400390625,3367.0,80.19999694824219,2.3510000705718994,83.0,3367.0,-6.353646973147988,72.4000015258789,0.0,-0.032999999821186066,3367.0
1786232275000.0,173.0,71.80000305175781,166.0,3375.0,106.83167176321149,6571.22021484375,3375.0,80.5999984741211,2.3889999389648438,83.0,3375.0,-6.353467768058181,71.80000305175781,0.0,-0.05900000035762787,3375.0
1786232276000.0,173.0,71.80000305175781,166.0,3376.0,106.83167360723019,6573.60009765625,3376.0,80.5999984741211,2.3889999389648438,83.0,3376.0,-6.35344622656703,71.80000305175781,0.0,-0.03999999910593033,3376.0
1786232284000.0,174.0,70.5999984741211,164.0,3384.0,106.83172021061182,6591.5498046875,3384.0,81.5999984741211,2.378999948501587,82.0,3384.0,-6.3532917480915785,70.5999984741211,0.0,-0.16099999845027924,3384.0
1786232291000.0,171.0,69.4000015258789,164.0,3391.0,106.83174108155072,6605.5400390625,3391.0,82.5999984741211,2.3420000076293945,82.0,3391.0,-6.3531668577343225,69.4000015258789,0.0,-0.17100000381469727,3391.0
1786232293000.0,171.0,69.0,162.0,3393.0,106.83175105601549,6609.75,3393.0,82.80000305175781,2.3329999446868896,81.0,3393.0,-6.353130144998431,69.0,0.0,-0.20399999618530273,3393.0
1786232303000.0,170.0,67.80000305175781,162.0,3403.0,106.83177377097309,6629.27978515625,3403.0,82.0,2.257999897003174,81.0,3403.0,-6.352954879403114,67.80000305175781,0.0,-0.11599999666213989,3403.0
1786232310000.0,171.0,67.4000015258789,162.0,3410.0,106.83179296553135,6643.64990234375,3410.0,82.0,2.2109999656677246,81.0,3410.0,-6.35282663628459,67.4000015258789,0.0,-0.06599999964237213,3410.0
1786232319000.0,172.0,66.5999984741211,160.0,3419.0,106.83180143125355,6663.47021484375,3419.0,81.0,2.1649999618530273,80.0,3419.0,-6.352647598832846,66.5999984741211,0.0,-0.07199999690055847,3419.0
1786232328000.0,170.0,66.0,168.0,3428.0,106.83181324973702,6684.77001953125,3428.0,80.80000305175781,2.1459999084472656,84.0,3428.0,-6.3524548150599,66.0,0.0,-0.07900000363588333,3428.0
1786232336000.0,170.0,65.80000305175781,166.0,3436.0,106.83178525418043,6704.33984375,3436.0,81.19999694824219,2.1649999618530273,83.0,3436.0,-6.352280220016837,65.80000305175781,0.0,-0.019999999552965164,3436.0
1786232339000.0,173.0,65.80000305175781,164.0,3439.0,106.83177980594337,6710.85009765625,3439.0,82.0,2.1649999618530273,82.0,3439.0,-6.352221630513668,65.80000305175781,0.0,0.013000000268220901,3439.0
1786232348000.0,171.0,65.4000015258789,162.0,3448.0,106.83172976598144,6727.66015625,3448.0,85.4000015258789,2.13700008392334,81.0,3448.0,-6.352077461779118,65.4000015258789,0.0,-0.054999999701976776,3448.0
1786232356000.0,169.0,64.4000015258789,164.0,3456.0,106.83169422671199,6743.89013671875,3456.0,88.0,2.0989999771118164,82.0,3456.0,-6.351937232539058,64.4000015258789,0.0,-0.10999999940395355,3456.0
1786232357000.0,168.0,64.4000015258789,163.0,3457.0,106.83170286007226,6745.60986328125,3457.0,88.19999694824219,2.0899999141693115,81.0,3457.0,-6.351924240589142,64.4000015258789,0.5,-0.125,3457.0
1786232360000.0,169.0,64.19999694824219,161.0,3460.0,106.83174652978778,6750.77978515625,3460.0,88.80000305175781,2.0810000896453857,80.0,3460.0,-6.351928012445569,64.19999694824219,0.5,-0.0430000014603138,3460.0
1786232361000.0,166.0,64.19999694824219,161.0,3461.0,106.83175859972835,6752.759765625,3461.0,88.80000305175781,2.071000099182129,80.0,3461.0,-6.351941339671612,64.19999694824219,0.5,0.052000001072883606,3461.0
1786232366000.0,165.0,64.4000015258789,164.0,3466.0,106.83181702159345,6764.990234375,3466.0,88.0,2.071000099182129,82.0,3466.0,-6.352034714072943,64.4000015258789,0.0,0.008999999612569809,3466.0
1786232372000.0,163.0,64.80000305175781,164.0,3472.0,106.83186714537442,6777.9501953125,3472.0,86.4000015258789,2.0899999141693115,82.0,3472.0,-6.352140661329031,64.80000305175781,0.0,0.07800000160932541,3472.0
1786232375000.0,160.0,65.0,166.0,3475.0,106.83188642375171,6784.72021484375,3475.0,85.80000305175781,2.1089999675750732,83.0,3475.0,-6.352198496460915,65.0,0.0,0.10000000149011612,3475.0
1786232381000.0,160.0,65.0,164.0,3481.0,106.83189086616039,6795.2998046875,3481.0,85.0,2.118000030517578,82.0,3481.0,-6.352293463423848,65.0,0.0,-0.004999999888241291,3481.0
1786232388000.0,163.0,65.5999984741211,162.0,3488.0,106.83188013732433,6807.06982421875,3488.0,83.19999694824219,1.996999979019165,81.0,3488.0,-6.352398907765746,65.5999984741211,0.0,0.07400000095367432,3488.0
1786232393000.0,166.0,66.0,164.0,3493.0,106.83187745511532,6815.77001953125,3493.0,82.19999694824219,1.819000005722046,82.0,3493.0,-6.352477613836527,66.0,0.0,0.10000000149011612,3493.0
1786232396000.0,168.0,66.19999694824219,164.0,3496.0,106.83187779039145,6821.97998046875,3496.0,82.0,1.8009999990463257,82.0,3496.0,-6.352535029873252,66.19999694824219,0.0,0.0689999982714653,3496.0
1786232403000.0,169.0,66.80000305175781,164.0,3503.0,106.83186538517475,6835.25,3503.0,83.19999694824219,1.8289999961853027,82.0,3503.0,-6.352654555812478,66.80000305175781,0.0,0.061000000685453415,3503.0
1786232410000.0,172.0,67.19999694824219,163.0,3510.0,106.83186982758343,6851.490234375,3510.0,83.5999984741211,1.930999994277954,81.0,3510.0,-6.35280073620379,67.19999694824219,0.5,0.07500000298023224,3510.0
1786232413000.0,170.0,67.4000015258789,161.0,3513.0,106.83188097551465,6858.7900390625,3513.0,83.5999984741211,1.968999981880188,80.0,3513.0,-6.352865695953369,67.4000015258789,0.5,0.07800000160932541,3513.0
1786232419000.0,169.0,67.5999984741211,158.0,3519.0,106.831847531721,6870.009765625,3519.0,83.19999694824219,1.9780000448226929,79.0,3519.0,-6.352960579097271,67.5999984741211,0.0,0.035999998450279236,3519.0
1786232427000.0,172.0,68.4000015258789,162.0,3527.0,106.83183504268527,6885.669921875,3527.0,82.19999694824219,1.930999994277954,81.0,3527.0,-6.353101562708616,68.4000015258789,0.0,0.08399999886751175,3527.0
1786232429000.0,172.0,68.5999984741211,160.0,3529.0,106.8318266607821,6889.18017578125,3529.0,82.19999694824219,1.9220000505447388,80.0,3529.0,-6.353132240474224,68.5999984741211,0.0,0.125,3529.0
1786232438000.0,170.0,69.4000015258789,162.0,3538.0,106.83180025778711,6906.08984375,3538.0,82.80000305175781,1.8940000534057617,81.0,3538.0,-6.353281857445836,69.4000015258789,0.0,0.09300000220537186,3538.0
1786232445000.0,169.0,69.4000015258789,0.0,3545.0,106.83180620893836,6917.31005859375,3545.0,82.5999984741211,1.8849999904632568,0.0,3545.0,-6.3533830270171165,69.4000015258789,0.0,-0.017999999225139618,3545.0
1786232447000.0,169.0,69.4000015258789,129.0,3547.0,106.83179682120681,6920.39990234375,3547.0,82.5999984741211,1.8940000534057617,64.0,3547.0,-6.35340959765017,69.4000015258789,0.5,0.06800000369548798,3547.0
1786232453000.0,166.0,69.80000305175781,124.0,3553.0,106.83176991529763,6931.56005859375,3553.0,82.4000015258789,1.8569999933242798,62.0,3553.0,-6.35350632481277,69.80000305175781,0.0,0.06499999761581421,3553.0
1786232455000.0,165.0,69.80000305175781,119.0,3555.0,106.83177108876407,6934.93017578125,3555.0,82.4000015258789,1.8289999961853027,59.0,3555.0,-6.353536583483219,69.80000305175781,0.5,-0.00800000037997961,3555.0
1786232464000.0,163.0,70.19999694824219,0.0,3564.0,106.83174963109195,6948.169921875,3564.0,82.5999984741211,1.7359999418258667,0.0,3564.0,-6.353652589023113,70.19999694824219,0.0,0.03799999877810478,3564.0
1786232474000.0,161.0,70.5999984741211,0.0,3574.0,106.83172037824988,6962.2099609375,3574.0,82.19999694824219,1.6699999570846558,0.0,3574.0,-6.353774545714259,70.5999984741211,0.0,0.05299999937415123,3574.0
1786232481000.0,158.0,70.5999984741211,126.0,3581.0,106.83171501383185,6974.009765625,3581.0,77.80000305175781,1.6239999532699585,63.0,3581.0,-6.353881247341633,70.5999984741211,0.0,-0.003000000026077032,3581.0
1786232483000.0,159.0,70.5999984741211,122.0,3583.0,106.83171358890831,6977.22998046875,3583.0,77.5999984741211,1.6239999532699585,61.0,3583.0,-6.353910332545638,70.5999984741211,0.0,-0.03999999910593033,3583.0
1786232493000.0,158.0,70.5999984741211,122.0,3593.0,106.83168366551399,6991.6201171875,3593.0,79.4000015258789,1.5959999561309814,61.0,3593.0,-6.3540371507406235,70.5999984741211,0.0,0.00800000037997961,3593.0
1786232500000.0,156.0,70.80000305175781,117.0,3600.0,106.83166321367025,7001.18994140625,3600.0,81.19999694824219,1.5490000247955322,58.0,3600.0,-6.354122310876846,70.80000305175781,0.5,0.008999999612569809,3600.0
1786232503000.0,155.0,70.80000305175781,118.0,3603.0,106.83164116926491,7006.9501953125,3603.0,81.5999984741211,1.5210000276565552,59.0,3603.0,-6.3541696686297655,70.80000305175781,0.0,0.023000000044703484,3603.0
1786232511000.0,153.0,71.19999694824219,169.0,3611.0,106.83156673796475,7023.93017578125,3611.0,82.5999984741211,1.5399999618530273,84.0,3611.0,-6.354305287823081,71.19999694824219,0.5,0.04500000178813934,3611.0
1786232519000.0,152.0,71.5999984741211,166.0,3619.0,106.8314640596509,7046.02001953125,3619.0,84.19999694824219,2.0429999828338623,83.0,3619.0,-6.354476697742939,71.5999984741211,0.0,0.04399999976158142,3619.0
1786232522000.0,155.0,71.5999984741211,166.0,3622.0,106.83142667636275,7053.4501953125,3622.0,84.80000305175781,2.2209999561309814,83.0,3622.0,-6.3545325212180614,71.5999984741211,0.0,0.023000000044703484,3622.0
1786232525000.0,158.0,71.80000305175781,165.0,3625.0,106.83138694614172,7060.9599609375,3625.0,84.80000305175781,2.313999891281128,82.0,3625.0,-6.35458767414093,71.80000305175781,0.5,0.03999999910593033,3625.0
1786232528000.0,161.0,71.80000305175781,164.0,3628.0,106.83134931139648,7068.259765625,3628.0,84.80000305175781,2.322999954223633,82.0,3628.0,-6.354641821235418,71.80000305175781,0.0,0.03099999949336052,3628.0
1786232530000.0,164.0,72.0,160.0,3630.0,106.83132131583989,7073.080078125,3630.0,84.4000015258789,2.313999891281128,80.0,3630.0,-6.3546753488481045,72.0,0.0,0.07100000232458115,3630.0
1786232531000.0,161.0,72.0,160.0,3631.0,106.83131075464189,7075.0498046875,3631.0,84.19999694824219,2.305000066757202,80.0,3631.0,-6.354689681902528,72.0,0.0,0.03500000014901161,3631.0
1786232534000.0,164.0,72.0,166.0,3634.0,106.83127303607762,7082.68994140625,3634.0,83.4000015258789,2.2769999504089355,83.0,3634.0,-6.354747517034411,72.0,0.0,0.017999999225139618,3634.0
1786232536000.0,165.0,72.19999694824219,166.0,3636.0,106.83124646544456,7087.6298828125,3636.0,82.80000305175781,2.305000066757202,83.0,3636.0,-6.354783643037081,72.19999694824219,0.0,0.04399999976158142,3636.0
1786232540000.0,169.0,72.5999984741211,164.0,3640.0,106.83118066750467,7098.4501953125,3640.0,81.4000015258789,2.3329999446868896,82.0,3640.0,-6.354855978861451,72.5999984741211,0.0,0.10100000351667404,3640.0
1786232545000.0,171.0,72.80000305175781,162.0,3645.0,106.83112006634474,7108.89013671875,3645.0,80.80000305175781,2.2860000133514404,81.0,3645.0,-6.354928147047758,72.80000305175781,0.0,0.06199999898672104,3645.0
1786232554000.0,170.0,73.80000305175781,168.0,3654.0,106.83099869638681,7130.490234375,3654.0,80.4000015258789,2.2209999561309814,84.0,3654.0,-6.355081368237734,73.80000305175781,0.0,0.1080000028014183,3654.0
1786232556000.0,171.0,74.19999694824219,167.0,3656.0,106.83096231892705,7136.009765625,3656.0,81.0,2.2300000190734863,83.0,3656.0,-6.355115734040737,74.19999694824219,0.5,0.20399999618530273,3656.0
1786232564000.0,171.0,74.19999694824219,166.0,3664.0,106.8308598920703,7153.759765625,3664.0,82.4000015258789,2.305000066757202,83.0,3664.0,-6.355239283293486,74.19999694824219,0.0,0.0010000000474974513,3664.0
1786232573000.0,172.0,73.19999694824219,166.0,3673.0,106.83075671084225,7171.52001953125,3673.0,82.19999694824219,2.2300000190734863,83.0,3673.0,-6.355362581089139,73.19999694824219,0.0,-0.10700000077486038,3673.0
1786232579000.0,169.0,72.5999984741211,162.0,3679.0,106.83068563230336,7184.31982421875,3679.0,82.80000305175781,2.13700008392334,81.0,3679.0,-6.3554540276527405,72.5999984741211,0.0,-0.12200000137090683,3679.0
1786232582000.0,169.0,72.19999694824219,162.0,3682.0,106.83065788820386,7190.2099609375,3682.0,83.19999694824219,2.1089999675750732,81.0,3682.0,-6.35549945756793,72.19999694824219,0.0,-0.12999999523162842,3682.0
1786232590000.0,168.0,70.4000015258789,160.0,3690.0,106.83057323098183,7206.64013671875,3690.0,85.4000015258789,2.071000099182129,80.0,3690.0,-6.3556215818971395,70.4000015258789,0.0,-0.22699999809265137,3690.0
1786232600000.0,171.0,68.19999694824219,159.0,3700.0,106.83048220351338,7224.10009765625,3700.0,89.19999694824219,1.996999979019165,79.0,3700.0,-6.355752926319838,68.19999694824219,0.5,-0.2070000022649765,3700.0
1786232607000.0,171.0,66.5999984741211,160.0,3707.0,106.83041254989803,7237.6201171875,3707.0,90.80000305175781,1.8569999933242798,80.0,3707.0,-6.3558530900627375,66.5999984741211,0.0,-0.22599999606609344,3707.0
1786232617000.0,168.0,64.4000015258789,160.0,3717.0,106.83032311499119,7254.89990234375,3717.0,92.19999694824219,1.7259999513626099,80.0,3717.0,-6.355979824438691,64.4000015258789,0.0,-0.23499999940395355,3717.0
1786232627000.0,168.0,61.79999923706055,164.0,3727.0,106.83023057878017,7275.7900390625,3727.0,93.5999984741211,1.8289999961853027,82.0,3727.0,-6.35614394210279,61.79999923706055,0.0,-0.257999986410141,3727.0
1786232628000.0,168.0,61.599998474121094,164.0,3728.0,106.83022487908602,7278.0498046875,3728.0,93.4000015258789,1.8660000562667847,82.0,3728.0,-6.356163555756211,61.599998474121094,0.0,-0.15299999713897705,3728.0
1786232638000.0,170.0,60.0,160.0,3738.0,106.83016746304929,7299.33984375,3738.0,89.5999984741211,1.996999979019165,80.0,3738.0,-6.356346784159541,60.0,0.0,-0.14900000393390656,3738.0
1786232639000.0,170.0,60.20000076293945,160.0,3739.0,106.83016402646899,7301.4599609375,3739.0,89.19999694824219,2.00600004196167,80.0,3739.0,-6.356365643441677,60.20000076293945,0.0,0.18199999630451202,3739.0
1786232646000.0,167.0,62.20000076293945,163.0,3746.0,106.8301651161164,7315.91015625,3746.0,87.4000015258789,2.0250000953674316,81.0,3746.0,-6.356496065855026,62.20000076293945,0.5,0.27000001072883606,3746.0
1786232649000.0,169.0,63.0,158.0,3749.0,106.83016620576382,7321.759765625,3749.0,87.19999694824219,2.0339999198913574,79.0,3749.0,-6.3565487042069435,63.0,0.0,0.257999986410141,3749.0
1786232651000.0,172.0,63.20000076293945,160.0,3751.0,106.83017215691507,7325.77978515625,3751.0,87.0,2.0339999198913574,80.0,3751.0,-6.356584578752518,63.20000076293945,0.0,0.0949999988079071,3751.0
1786232658000.0,175.0,64.19999694824219,162.0,3758.0,106.83019990101457,7338.330078125,3758.0,86.4000015258789,1.996999979019165,81.0,3758.0,-6.356694884598255,64.19999694824219,0.0,0.14100000262260437,3758.0
1786232659000.0,174.0,64.4000015258789,164.0,3759.0,106.8302031699568,7340.31982421875,3759.0,86.19999694824219,1.9869999885559082,82.0,3759.0,-6.356712486594915,64.4000015258789,0.0,0.20200000703334808,3759.0
1786232670000.0,173.0,66.4000015258789,160.0,3770.0,106.83026175945997,7360.2998046875,3770.0,85.80000305175781,1.940999984741211,80.0,3770.0,-6.356882890686393,66.4000015258789,0.0,0.1860000044107437,3770.0
1786232679000.0,170.0,67.5999984741211,161.0,3779.0,106.83033736422658,7375.580078125,3779.0,87.4000015258789,1.8940000534057617,80.0,3779.0,-6.3569987285882235,67.5999984741211,0.5,0.13199999928474426,3779.0
1786232681000.0,169.0,67.80000305175781,160.0,3781.0,106.83036024682224,7379.419921875,3781.0,88.0,1.8940000534057617,80.0,3781.0,-6.357025047764182,67.80000305175781,0.0,0.13600000739097595,3781.0
1786232687000.0,172.0,68.5999984741211,161.0,3787.0,106.83043534867465,7390.8798828125,3787.0,89.5999984741211,1.8849999904632568,80.0,3787.0,-6.3570962101221085,68.5999984741211,0.5,0.12999999523162842,3787.0
1786232690000.0,175.0,69.0,160.0,3790.0,106.83046367950737,7396.08984375,3790.0,90.0,1.8849999904632568,80.0,3790.0,-6.357133509591222,69.0,0.0,0.12300000339746475,3790.0
1786232691000.0,175.0,69.19999694824219,160.0,3791.0,106.83047323487699,7397.81982421875,3791.0,90.19999694824219,1.8849999904632568,80.0,3791.0,-6.357145998626947,69.19999694824219,0.0,0.12399999797344208,3791.0
1786232698000.0,172.0,70.0,162.0,3798.0,106.83053056709468,7408.8701171875,3798.0,91.5999984741211,1.8569999933242798,81.0,3798.0,-6.357228057458997,70.0,0.0,0.11400000005960464,3798.0
1786232706000.0,170.0,71.4000015258789,162.0,3806.0,106.8305987957865,7423.93017578125,3806.0,91.0,1.819000005722046,81.0,3806.0,-6.357346577569842,71.4000015258789,0.0,0.1889999955892563,3806.0
1786232718000.0,169.0,73.80000305175781,158.0,3818.0,106.83070415630937,7444.2998046875,3818.0,91.5999984741211,1.781999945640564,79.0,3818.0,-6.357495943084359,73.80000305175781,0.0,0.20399999618530273,3818.0
1786232726000.0,170.0,75.4000015258789,160.0,3826.0,106.83078202418983,7457.68017578125,3826.0,91.19999694824219,1.7359999418258667,80.0,3826.0,-6.357588479295373,75.4000015258789,0.0,0.18799999356269836,3826.0
1786232735000.0,168.0,75.80000305175781,161.0,3835.0,106.83086525648832,7472.2900390625,3835.0,90.80000305175781,1.6799999475479126,80.0,3835.0,-6.357691241428256,75.80000305175781,0.5,0.04500000178813934,3835.0
1786232746000.0,167.0,76.4000015258789,133.0,3846.0,106.83095519430935,7489.419921875,3846.0,89.4000015258789,1.6419999599456787,66.0,3846.0,-6.357818394899368,76.4000015258789,0.5,0.0560000017285347,3846.0
1786232748000.0,165.0,76.5999984741211,133.0,3848.0,106.83097665198147,7492.16015625,3848.0,89.0,1.6139999628067017,66.0,3848.0,-6.357831722125411,76.5999984741211,0.5,0.06300000101327896,3848.0
1786232752000.0,165.0,76.80000305175781,120.0,3852.0,106.83101244270802,7499.1298828125,3852.0,89.19999694824219,1.5210000276565552,60.0,3852.0,-6.357883773744106,76.80000305175781,0.0,0.07900000363588333,3852.0
1786232762000.0,165.0,77.5999984741211,123.0,3862.0,106.83109366334975,7514.9501953125,3862.0,90.5999984741211,1.465000033378601,61.0,3862.0,-6.358002629131079,77.5999984741211,0.5,0.07199999690055847,3862.0
1786232770000.0,165.0,78.19999694824219,123.0,3870.0,106.83113289065659,7525.009765625,3870.0,90.80000305175781,1.4559999704360962,61.0,3870.0,-6.358084604144096,78.19999694824219,0.5,0.08500000089406967,3870.0
1786232779000.0,164.0,78.19999694824219,127.0,3879.0,106.83116021566093,7539.759765625,3879.0,91.4000015258789,1.437000036239624,63.0,3879.0,-6.358214607462287,78.19999694824219,0.5,-0.009999999776482582,3879.0
1786232787000.0,166.0,77.80000305175781,0.0,3887.0,106.8311773147434,7552.75,3887.0,90.5999984741211,1.4739999771118164,0.0,3887.0,-6.358329271897674,77.80000305175781,0.0,-0.039000000804662704,3887.0
1786232795000.0,164.0,77.0,124.0,3895.0,106.83118502609432,7565.009765625,3895.0,88.19999694824219,1.4930000305175781,62.0,3895.0,-6.358438739553094,77.0,0.0,-0.10199999809265137,3895.0
1786232796000.0,162.0,77.0,124.0,3896.0,106.83118904940784,7566.52978515625,3896.0,88.0,1.4930000305175781,62.0,3896.0,-6.358452066779137,77.0,0.0,-0.10999999940395355,3896.0
1786232800000.0,159.0,76.4000015258789,118.0,3900.0,106.83120078407228,7572.81982421875,3900.0,87.80000305175781,1.4839999675750732,59.0,3900.0,-6.358507554978132,76.4000015258789,0.0,-0.10999999940395355,3900.0
1786232801000.0,159.0,76.4000015258789,118.0,3901.0,106.83120447210968,7574.58984375,3901.0,87.80000305175781,1.4839999675750732,59.0,3901.0,-6.358523229137063,76.4000015258789,0.0,-0.14100000262260437,3901.0
1786232805000.0,156.0,75.80000305175781,155.0,3905.0,106.83122098445892,7581.9599609375,3905.0,87.80000305175781,1.4839999675750732,77.0,3905.0,-6.358587769791484,75.80000305175781,0.5,-0.14300000667572021,3905.0
1786232808000.0,152.0,75.4000015258789,155.0,3908.0,106.83122148737311,7587.35009765625,3908.0,88.0,1.5119999647140503,77.0,3908.0,-6.358636552467942,75.4000015258789,0.5,-0.11800000071525574,3908.0
1786232809000.0,156.0,75.19999694824219,159.0,3909.0,106.83122475631535,7589.43017578125,3909.0,88.0,1.5210000276565552,79.0,3909.0,-6.358655160292983,75.19999694824219,0.5,-0.15700000524520874,3909.0
1786232818000.0,157.0,74.0,166.0,3918.0,106.8312169611454,7608.5,3918.0,89.19999694824219,1.6699999570846558,83.0,3918.0,-6.358826486393809,74.0,0.0,-0.13099999725818634,3918.0
1786232825000.0,159.0,72.80000305175781,164.0,3925.0,106.83124520815909,7621.33984375,3925.0,90.0,1.7079999446868896,82.0,3925.0,-6.358942240476608,72.80000305175781,0.0,-0.17399999499320984,3925.0
1786232828000.0,162.0,72.0,162.0,3928.0,106.8312719464302,7629.419921875,3928.0,91.4000015258789,1.7359999418258667,81.0,3928.0,-6.359010888263583,72.0,0.0,-0.27900001406669617,3928.0
1786232832000.0,160.0,71.4000015258789,166.0,3932.0,106.83128317818046,7640.18017578125,3932.0,92.19999694824219,1.9129999876022339,83.0,3932.0,-6.359107615426183,71.4000015258789,0.0,-0.16300000250339508,3932.0
1786232841000.0,160.0,69.5999984741211,162.0,3941.0,106.83131779544055,7660.759765625,3941.0,89.5999984741211,1.8940000534057617,81.0,3941.0,-6.359290760010481,69.5999984741211,0.0,-0.1899999976158142,3941.0
1786232847000.0,160.0,69.4000015258789,162.0,3947.0,106.83133212849498,7670.6298828125,3947.0,90.0,1.8849999904632568,81.0,3947.0,-6.359378602355719,69.4000015258789,0.0,-0.027000000700354576,3947.0
1786232855000.0,158.0,70.0,163.0,3955.0,106.83135819621384,7683.72021484375,3955.0,90.0,1.8009999990463257,81.0,3955.0,-6.359493853524327,70.0,0.5,0.06300000101327896,3955.0
1786232863000.0,159.0,70.5999984741211,160.0,3963.0,106.83137957006693,7695.77001953125,3963.0,89.19999694824219,1.6799999475479126,80.0,3963.0,-6.359601141884923,70.5999984741211,0.0,0.07699999958276749,3963.0
1786232872000.0,158.0,71.5999984741211,162.0,3972.0,106.8313945736736,7709.5400390625,3972.0,89.80000305175781,1.5679999589920044,81.0,3972.0,-6.359724523499608,71.5999984741211,0.0,0.11699999868869781,3972.0
1786232879000.0,158.0,73.0,162.0,3979.0,106.83140102773905,7719.7998046875,3979.0,92.19999694824219,1.5299999713897705,81.0,3979.0,-6.359817311167717,73.0,0.0,0.20100000500679016,3979.0
1786232882000.0,160.0,73.5999984741211,162.0,3982.0,106.83139440603554,7724.4599609375,3982.0,93.4000015258789,1.5119999647140503,81.0,3982.0,-6.359858801588416,73.5999984741211,0.0,0.17499999701976776,3982.0
1786232889000.0,157.0,75.5999984741211,162.0,3989.0,106.83140957728028,7738.77978515625,3989.0,94.5999984741211,1.4930000305175781,81.0,3989.0,-6.359987547621131,75.5999984741211,0.0,0.2750000059604645,3989.0
1786232890000.0,157.0,75.80000305175781,160.0,3990.0,106.83141854591668,7741.3798828125,3990.0,94.4000015258789,1.5019999742507935,80.0,3990.0,-6.360010011121631,75.80000305175781,0.0,0.33899998664855957,3990.0
1786232893000.0,155.0,76.19999694824219,162.0,3993.0,106.8314239103347,7746.18994140625,3993.0,93.4000015258789,1.5019999742507935,81.0,3993.0,-6.360055860131979,76.19999694824219,0.0,0.09399999678134918,3993.0
1786232896000.0,154.0,76.4000015258789,162.0,3996.0,106.83144486509264,7751.52978515625,3996.0,92.5999984741211,1.5019999742507935,81.0,3996.0,-6.360099446028471,76.4000015258789,0.0,0.07699999958276749,3996.0
1786232903000.0,154.0,76.80000305175781,158.0,4003.0,106.83146950788796,7763.41015625,4003.0,90.80000305175781,1.5299999713897705,79.0,4003.0,-6.3602041359990835,76.80000305175781,0.0,0.06599999964237213,4003.0
1786232907000.0,157.0,77.19999694824219,161.0,4007.0,106.83147864416242,7770.33984375,4007.0,90.4000015258789,1.5859999656677246,80.0,4007.0,-6.360266078263521,77.19999694824219,0.5,0.0860000029206276,4007.0
1786232911000.0,160.0,77.5999984741211,159.0,4011.0,106.83148752897978,7776.490234375,4011.0,90.19999694824219,1.6139999628067017,79.0,4011.0,-6.36032123118639,77.5999984741211,0.5,0.09200000017881393,4011.0
1786232913000.0,161.0,77.5999984741211,158.0,4013.0,106.8314981739968,7780.14990234375,4013.0,90.0,1.6050000190734863,79.0,4013.0,-6.360352663323283,77.5999984741211,0.0,0.07500000298023224,4013.0
1786232921000.0,164.0,78.4000015258789,161.0,4021.0,106.831527762115,7794.56005859375,4021.0,89.80000305175781,1.6239999532699585,80.0,4021.0,-6.3604795653373,78.4000015258789,0.5,0.08299999684095383,4021.0
1786232923000.0,166.0,78.4000015258789,159.0,4023.0,106.83153362944722,7798.14013671875,4023.0,89.80000305175781,1.6419999599456787,79.0,4023.0,-6.36051133275032,78.4000015258789,0.5,0.02500000037252903,4023.0
1786232930000.0,169.0,78.5999984741211,160.0,4030.0,106.83155148290098,7810.009765625,4030.0,90.4000015258789,1.7079999446868896,80.0,4030.0,-6.360617531463504,78.5999984741211,0.0,0.027000000700354576,4030.0
1786232934000.0,169.0,78.5999984741211,164.0,4034.0,106.83156640268862,7817.35986328125,4034.0,90.5999984741211,1.7170000076293945,82.0,4034.0,-6.36068282648921,78.5999984741211,0.0,0.017999999225139618,4034.0
1786232942000.0,172.0,78.80000305175781,164.0,4042.0,106.831588530913,7834.009765625,4042.0,91.19999694824219,1.7640000581741333,82.0,4042.0,-6.3608318567276,78.80000305175781,0.0,0.006000000052154064,4042.0
1786232943000.0,171.0,78.80000305175781,166.0,4043.0,106.83159230276942,7836.08984375,4043.0,91.4000015258789,1.7730000019073486,83.0,4043.0,-6.360850380733609,78.80000305175781,0.0,0.07900000363588333,4043.0
1786232949000.0,174.0,79.4000015258789,163.0,4049.0,106.83160856366158,7848.89013671875,4049.0,92.5999984741211,1.8380000591278076,81.0,4049.0,-6.360964793711901,79.4000015258789,0.5,0.0860000029206276,4049.0
1786232952000.0,175.0,79.4000015258789,161.0,4052.0,106.83161929249763,7855.06982421875,4052.0,93.19999694824219,1.875,80.0,4052.0,-6.361019611358643,79.4000015258789,0.5,0.0010000000474974513,4052.0
1786232963000.0,174.0,80.4000015258789,163.0,4063.0,106.83164133690298,7875.240234375,4063.0,93.4000015258789,1.930999994277954,81.0,4063.0,-6.361200492829084,80.4000015258789,0.5,0.10700000077486038,4063.0
1786232966000.0,171.0,80.80000305175781,159.0,4066.0,106.8316485453397,7880.43017578125,4066.0,92.80000305175781,1.9220000505447388,79.0,4066.0,-6.361247012391686,80.80000305175781,0.5,0.12399999797344208,4066.0
1786232969000.0,167.0,81.19999694824219,159.0,4069.0,106.83165634050965,7885.22021484375,4069.0,92.19999694824219,1.9129999876022339,79.0,4069.0,-6.36128967627883,81.19999694824219,0.5,0.10700000077486038,4069.0
1786232973000.0,164.0,81.80000305175781,161.0,4073.0,106.83166304603219,7892.0,4073.0,91.5999984741211,1.902999997138977,80.0,4073.0,-6.361350696533918,81.80000305175781,0.5,0.13500000536441803,4073.0
1786232981000.0,161.0,83.19999694824219,163.0,4081.0,106.83166841045022,7905.580078125,4081.0,91.0,1.875,81.0,4081.0,-6.36147340759635,83.19999694824219,0.5,0.17900000512599945,4081.0
1786232984000.0,163.0,83.19999694824219,163.0,4084.0,106.83167754672468,7911.0,4084.0,91.19999694824219,1.875,81.0,4084.0,-6.361522106453776,83.19999694824219,0.5,0.03999999910593033,4084.0
1786232989000.0,166.0,83.5999984741211,161.0,4089.0,106.8316905386746,7920.2099609375,4089.0,92.19999694824219,1.8660000562667847,80.0,4089.0,-6.3616048358380795,83.5999984741211,0.5,0.05400000140070915,4089.0
1786232993000.0,165.0,83.4000015258789,161.0,4093.0,106.83170068077743,7927.52001953125,4093.0,92.4000015258789,1.8569999933242798,80.0,4093.0,-6.361670130863786,83.4000015258789,0.5,-0.05900000035762787,4093.0
1786233002000.0,167.0,82.5999984741211,163.0,4102.0,106.83173043653369,7944.9599609375,4102.0,92.19999694824219,1.8660000562667847,81.0,4102.0,-6.361825279891491,82.5999984741211,0.5,-0.07800000160932541,4102.0
1786233010000.0,170.0,81.5999984741211,163.0,4110.0,106.83174476958811,7959.5400390625,4110.0,92.4000015258789,1.875,81.0,4110.0,-6.361954947933555,81.5999984741211,0.5,-0.12399999797344208,4110.0
1786233011000.0,170.0,81.4000015258789,163.0,4111.0,106.83174502104521,7961.009765625,4111.0,92.4000015258789,1.875,81.0,4111.0,-6.361968358978629,81.4000015258789,0.5,-0.14800000190734863,4111.0
1786233019000.0,169.0,79.80000305175781,165.0,4119.0,106.83176019228995,7977.2998046875,4119.0,90.80000305175781,1.8660000562667847,82.0,4119.0,-6.362114120274782,79.80000305175781,0.5,-0.21799999475479126,4119.0
1786233023000.0,172.0,78.80000305175781,165.0,4123.0,106.83177041821182,7985.91015625,4123.0,90.0,1.875,82.0,4123.0,-6.362191317602992,78.80000305175781,0.5,-0.25699999928474426,4123.0
1786233024000.0,169.0,78.4000015258789,165.0,4124.0,106.83177284896374,7988.02001953125,4124.0,89.80000305175781,1.875,82.0,4124.0,-6.36221026070416,78.4000015258789,0.5,-0.37599998712539673,4124.0
1786233030000.0,169.0,76.4000015258789,163.0,4130.0,106.8317817337811,7998.93017578125,4130.0,89.5999984741211,1.8940000534057617,81.0,4130.0,-6.362308748066425,76.4000015258789,0.5,-0.31700000166893005,4130.0
1786233031000.0,168.0,76.0,163.0,4131.0,106.83178449980915,8000.93017578125,4131.0,89.5999984741211,1.8940000534057617,81.0,4131.0,-6.362326601520181,76.0,0.5,-0.3610000014305115,4131.0
1786233038000.0,168.0,73.80000305175781,167.0,4138.0,106.83181190863252,8016.35986328125,4138.0,90.4000015258789,1.902999997138977,83.0,4138.0,-6.362463058903813,73.80000305175781,0.5,-0.3240000009536743,4138.0
1786233047000.0,169.0,71.80000305175781,0.0,4147.0,106.83183780871332,8035.35009765625,4147.0,91.0,1.9589999914169312,0.0,4147.0,-6.362632624804974,71.80000305175781,0.0,-0.21400000154972076,4147.0
1786233059000.0,167.0,71.19999694824219,126.0,4159.0,106.8318644631654,8055.64013671875,4159.0,91.5999984741211,1.9129999876022339,63.0,4159.0,-6.362813925370574,71.19999694824219,0.0,-0.05000000074505806,4159.0
1786233068000.0,165.0,71.5999984741211,0.0,4168.0,106.83188332244754,8070.10986328125,4168.0,91.0,1.8660000562667847,0.0,4168.0,-6.362942922860384,71.5999984741211,0.0,0.03200000151991844,4168.0
1786233075000.0,165.0,71.80000305175781,117.0,4175.0,106.83190084062517,8080.14990234375,4175.0,89.5999984741211,1.8009999990463257,58.0,4175.0,-6.363032441586256,71.80000305175781,0.5,0.02199999988079071,4175.0
1786233083000.0,162.0,73.0,122.0,4183.0,106.8319149222225,8091.25,4183.0,88.80000305175781,1.5770000219345093,61.0,4183.0,-6.363131012767553,73.0,0.0,0.17100000381469727,4183.0
1786233085000.0,161.0,73.4000015258789,122.0,4185.0,106.83191383257508,8094.18017578125,4185.0,88.5999984741211,1.5579999685287476,61.0,4185.0,-6.363157499581575,73.4000015258789,0.0,0.16200000047683716,4185.0
1786233094000.0,160.0,74.4000015258789,123.0,4194.0,106.83194627054036,8107.330078125,4194.0,89.19999694824219,1.5579999685287476,61.0,4194.0,-6.363272164016962,74.4000015258789,0.5,0.1120000034570694,4194.0
1786233103000.0,158.0,74.80000305175781,111.0,4203.0,106.83196722529829,8118.490234375,4203.0,89.19999694824219,1.5119999647140503,55.0,4203.0,-6.363369142636657,74.80000305175781,0.5,0.04100000113248825,4203.0
1786233109000.0,155.0,75.0,116.0,4209.0,106.83198382146657,8129.08984375,4209.0,88.4000015258789,1.4739999771118164,58.0,4209.0,-6.36346310377121,75.0,0.0,0.035999998450279236,4209.0
1786233110000.0,155.0,75.0,160.0,4210.0,106.83198633603752,8131.0400390625,4210.0,88.4000015258789,1.4739999771118164,80.0,4210.0,-6.3634805381298065,75.0,0.0,0.04500000178813934,4210.0
1786233119000.0,157.0,75.5999984741211,162.0,4219.0,106.83201240375638,8151.7900390625,4219.0,89.5999984741211,2.0250000953674316,81.0,4219.0,-6.363666113466024,75.5999984741211,0.0,0.05299999937415123,4219.0
1786233121000.0,160.0,75.5999984741211,165.0,4221.0,106.83201810345054,8157.259765625,4221.0,89.80000305175781,2.0429999828338623,82.0,4221.0,-6.363715399056673,75.5999984741211,0.5,0.06800000369548798,4221.0
1786233123000.0,163.0,75.80000305175781,167.0,4223.0,106.83202573098242,8162.27978515625,4223.0,90.0,2.062000036239624,83.0,4223.0,-6.363760074600577,75.80000305175781,0.5,0.05299999937415123,4223.0
1786233127000.0,166.0,76.0,165.0,4227.0,106.83205163106322,8170.58984375,4227.0,91.0,2.1089999675750732,82.0,4227.0,-6.363830650225282,76.0,0.5,0.04399999976158142,4227.0
1786233134000.0,169.0,76.4000015258789,169.0,4234.0,106.83209354057908,8189.93994140625,4234.0,91.19999694824219,2.2109999656677246,84.0,4234.0,-6.363999964669347,76.4000015258789,0.5,0.057999998331069946,4234.0
1786233135000.0,170.0,76.4000015258789,169.0,4235.0,106.83209563605487,8193.23046875,4235.0,91.19999694824219,2.2300000190734863,84.0,4235.0,-6.364029720425606,76.4000015258789,0.5,0.10000000149011612,4235.0
1786233142000.0,170.0,76.5999984741211,165.0,4242.0,106.83212463743985,8213.6103515625,4242.0,91.80000305175781,2.490999937057495,82.0,4242.0,-6.364211272448301,76.5999984741211,0.5,0.032999999821186066,4242.0
1786233143000.0,171.0,76.80000305175781,165.0,4243.0,106.83212958276272,8217.599609375,4243.0,92.0,2.5850000381469727,82.0,4243.0,-6.364247063174844,76.80000305175781,0.5,0.09300000220537186,4243.0
1786233149000.0,173.0,77.19999694824219,163.0,4249.0,106.83214651420712,8238.0400390625,4249.0,93.4000015258789,3.0420000553131104,81.0,4249.0,-6.364430962130427,77.19999694824219,0.5,0.09000000357627869,4249.0
1786233151000.0,174.0,77.4000015258789,165.0,4251.0,106.8321509566158,8244.23046875,4251.0,93.80000305175781,3.181999921798706,82.0,4251.0,-6.36448678560555,77.4000015258789,0.5,0.08399999886751175,4251.0
1786233156000.0,177.0,77.80000305175781,167.0,4256.0,106.83215372264385,8258.150390625,4256.0,94.0,3.322000026702881,83.0,4256.0,-6.364612095057964,77.80000305175781,0.5,0.05400000140070915,4256.0
1786233159000.0,180.0,77.5999984741211,167.0,4259.0,106.83215699158609,8267.330078125,4259.0,94.19999694824219,3.23799991607666,83.0,4259.0,-6.364695075899363,77.5999984741211,0.5,-0.03700000047683716,4259.0
1786233166000.0,183.0,76.4000015258789,165.0,4266.0,106.83216981589794,8287.8095703125,4266.0,94.5999984741211,3.134999990463257,82.0,4266.0,-6.364879477769136,76.4000015258789,0.5,-0.18400000035762787,4266.0
1786233167000.0,183.0,76.19999694824219,165.0,4267.0,106.83216663077474,8290.5595703125,4267.0,94.4000015258789,2.994999885559082,82.0,4267.0,-6.364904120564461,76.19999694824219,0.5,-0.06599999964237213,4267.0
1786233173000.0,183.0,75.4000015258789,165.0,4273.0,106.83215891942382,8307.4599609375,4273.0,93.80000305175781,2.7990000247955322,82.0,4273.0,-6.365057174116373,75.4000015258789,0.5,-0.13899999856948853,4273.0
1786233174000.0,183.0,75.19999694824219,165.0,4274.0,106.83215657249093,8310.259765625,4274.0,93.80000305175781,2.818000078201294,82.0,4274.0,-6.365082403644919,75.19999694824219,0.5,-0.16500000655651093,4274.0
1786233181000.0,182.0,74.5999984741211,163.0,4281.0,106.83214316144586,8329.3896484375,4281.0,93.19999694824219,2.7339999675750732,81.0,4281.0,-6.365254987031221,74.5999984741211,0.5,-0.10100000351667404,4281.0
1786233189000.0,183.0,74.0,165.0,4289.0,106.83212731964886,8349.9697265625,4289.0,93.5999984741211,2.677999973297119,82.0,4289.0,-6.365440227091312,74.0,0.5,-0.07599999755620956,4289.0
1786233195000.0,184.0,73.5999984741211,165.0,4295.0,106.83213226497173,8365.099609375,4295.0,95.80000305175781,2.6410000324249268,82.0,4295.0,-6.365577187389135,73.5999984741211,0.5,-0.05000000074505806,4295.0
1786233203000.0,185.0,73.80000305175781,167.0,4303.0,106.8321113102138,8386.1103515625,4303.0,98.19999694824219,2.5940001010894775,83.0,4303.0,-6.365765696391463,73.80000305175781,0.5,0.008999999612569809,4303.0
1786233211000.0,184.0,75.4000015258789,165.0,4311.0,106.83209865354002,8406.8095703125,4311.0,98.80000305175781,2.4730000495910645,82.0,4311.0,-6.365952529013157,75.4000015258789,0.5,0.21699999272823334,4311.0
1786233213000.0,184.0,75.80000305175781,165.0,4313.0,106.83210317976773,8411.2001953125,4313.0,99.19999694824219,2.434999942779541,82.0,4313.0,-6.365992343053222,75.80000305175781,0.5,0.2070000022649765,4313.0
1786233220000.0,183.0,76.5999984741211,166.0,4320.0,106.83211038820446,8426.490234375,4320.0,99.4000015258789,2.3420000076293945,83.0,4320.0,-6.366129806265235,76.5999984741211,0.0,0.11299999803304672,4320.0
1786233228000.0,181.0,77.19999694824219,165.0,4328.0,106.83211231604218,8444.1298828125,4328.0,98.0,2.2950000762939453,82.0,4328.0,-6.366289146244526,77.19999694824219,0.5,0.07000000029802322,4328.0
1786233236000.0,181.0,76.19999694824219,167.0,4336.0,106.83210988529027,8463.1904296875,4336.0,97.19999694824219,2.2769999504089355,83.0,4336.0,-6.36646231636405,76.19999694824219,0.5,-0.11900000274181366,4336.0
1786233240000.0,182.0,75.5999984741211,165.0,4340.0,106.83211265131831,8470.8798828125,4340.0,97.4000015258789,2.2769999504089355,82.0,4340.0,-6.366530293598771,75.5999984741211,0.5,-0.18799999356269836,4340.0
1786233242000.0,180.0,75.19999694824219,165.0,4342.0,106.832125056535,8474.2099609375,4342.0,97.19999694824219,2.2669999599456787,82.0,4342.0,-6.366558205336332,75.19999694824219,0.5,-0.1340000033378601,4342.0
1786233251000.0,179.0,75.0,167.0,4351.0,106.8321221228689,8494.650390625,4351.0,97.0,2.2300000190734863,83.0,4351.0,-6.36674277484417,75.0,0.5,-0.028999999165534973,4351.0
1786233259000.0,178.0,75.4000015258789,162.0,4359.0,106.83212681673467,8514.16015625,4359.0,96.4000015258789,2.2300000190734863,81.0,4359.0,-6.366918794810772,75.4000015258789,0.0,0.050999999046325684,4359.0
1786233267000.0,178.0,76.5999984741211,162.0,4367.0,106.83212011121213,8533.98046875,4367.0,95.80000305175781,2.2669999599456787,81.0,4367.0,-6.367097832262516,76.5999984741211,0.0,0.15800000727176666,4367.0
1786233275000.0,179.0,77.4000015258789,162.0,4375.0,106.83211751282215,8554.2001953125,4375.0,95.0,2.305000066757202,81.0,4375.0,-6.367280557751656,77.4000015258789,0.0,0.08399999886751175,4375.0
1786233279000.0,179.0,77.5999984741211,162.0,4379.0,106.83211784809828,8563.5302734375,4379.0,94.5999984741211,2.322999954223633,81.0,4379.0,-6.367364879697561,77.5999984741211,0.0,0.07599999755620956,4379.0
1786233287000.0,181.0,77.4000015258789,167.0,4387.0,106.83210619725287,8582.66015625,4387.0,94.19999694824219,2.3420000076293945,83.0,4387.0,-6.367537546902895,77.4000015258789,0.5,-0.020999999716877937,4387.0
1786233296000.0,180.0,77.0,164.0,4396.0,106.832066886127,8602.650390625,4396.0,94.5999984741211,2.305000066757202,82.0,4396.0,-6.367713650688529,77.0,0.0,-0.054999999701976776,4396.0
1786233304000.0,181.0,76.80000305175781,162.0,4404.0,106.8319783732295,8621.9697265625,4404.0,95.0,2.2950000762939453,81.0,4404.0,-6.367862764745951,76.80000305175781,0.0,-0.027000000700354576,4404.0
1786233310000.0,178.0,76.5999984741211,162.0,4410.0,106.831897739321,8636.5400390625,4410.0,95.0,2.313999891281128,81.0,4410.0,-6.367967622354627,76.5999984741211,0.0,-0.014999999664723873,4410.0
1786233314000.0,178.0,76.80000305175781,159.0,4414.0,106.83183864690363,8647.259765625,4414.0,95.5999984741211,2.3420000076293945,79.0,4414.0,-6.36804448440671,76.80000305175781,0.5,0.029999999329447746,4414.0
1786233318000.0,181.0,77.19999694824219,159.0,4418.0,106.83177351951599,8658.0302734375,4418.0,95.80000305175781,2.369999885559082,79.0,4418.0,-6.368116736412048,77.19999694824219,0.5,0.12399999797344208,4418.0
1786233323000.0,183.0,78.19999694824219,165.0,4423.0,106.83168416842818,8671.91015625,4423.0,95.5999984741211,2.4260001182556152,82.0,4423.0,-6.368204830214381,78.19999694824219,0.5,0.1809999942779541,4423.0
1786233331000.0,183.0,79.5999984741211,162.0,4431.0,106.83155198581517,8693.51953125,4431.0,94.80000305175781,2.5190000534057617,81.0,4431.0,-6.368348579853773,79.5999984741211,0.0,0.18400000035762787,4431.0
1786233332000.0,184.0,79.80000305175781,162.0,4432.0,106.83153237216175,8696.33984375,4432.0,94.5999984741211,2.5290000438690186,81.0,4432.0,-6.368365008383989,79.80000305175781,0.0,0.20000000298023224,4432.0
1786233340000.0,184.0,81.0,162.0,4440.0,106.83139926753938,8718.8798828125,4440.0,95.4000015258789,2.5850000381469727,81.0,4440.0,-6.368518648669124,81.0,0.0,0.15199999511241913,4440.0
1786233347000.0,185.0,81.5999984741211,0.0,4447.0,106.83131067082286,8733.4404296875,4447.0,96.4000015258789,2.5940001010894775,0.0,4447.0,-6.368616130203009,81.5999984741211,0.0,0.07400000095367432,4447.0
1786233349000.0,185.0,81.5999984741211,0.0,4449.0,106.83128979988396,8736.2998046875,4449.0,97.0,2.5290000438690186,0.0,4449.0,-6.368630463257432,81.5999984741211,0.0,0.03799999877810478,4449.0
1786233351000.0,184.0,81.80000305175781,120.0,4451.0,106.83126968331635,8739.259765625,4451.0,97.4000015258789,1.968999981880188,60.0,4451.0,-6.368647897616029,81.80000305175781,0.0,0.035999998450279236,4451.0
1786233356000.0,181.0,82.0,121.0,4456.0,106.83122006244957,8746.830078125,4456.0,98.0,1.7640000581741333,60.0,4456.0,-6.368695506826043,82.0,0.5,0.035999998450279236,4456.0
1786233359000.0,181.0,82.0,122.0,4459.0,106.83119240216911,8751.1103515625,4459.0,98.0,1.7079999446868896,61.0,4459.0,-6.368722748011351,82.0,0.0,0.00800000037997961,4459.0
1786233370000.0,181.0,81.5999984741211,125.0,4470.0,106.83109718374908,8767.650390625,4470.0,96.4000015258789,1.6419999599456787,62.0,4470.0,-6.368836406618357,81.5999984741211,0.5,-0.03099999949336052,4470.0
1786233375000.0,178.0,81.4000015258789,122.0,4475.0,106.83105192147195,8775.8798828125,4475.0,96.0,1.5859999656677246,61.0,4475.0,-6.36889616958797,81.4000015258789,0.0,-0.032999999821186066,4475.0
1786233378000.0,177.0,81.4000015258789,0.0,4478.0,106.83104010298848,8780.48046875,4478.0,95.80000305175781,1.5579999685287476,0.0,4478.0,-6.368936486542225,81.4000015258789,0.0,-0.014000000432133675,4478.0
1786233384000.0,177.0,81.4000015258789,0.0,4484.0,106.83103457093239,8788.7998046875,4484.0,96.80000305175781,1.5679999589920044,0.0,4484.0,-6.369010750204325,81.4000015258789,0.0,-0.003000000026077032,4484.0
1786233385000.0,177.0,81.4000015258789,0.0,4485.0,106.83103096671402,8790.5703125,4485.0,96.80000305175781,1.5579999685287476,0.0,4485.0,-6.3690264243632555,81.4000015258789,0.0,-0.019999999552965164,4485.0
1786233392000.0,177.0,81.0,126.0,4492.0,106.83099961839616,8801.1396484375,4492.0,97.19999694824219,1.5859999656677246,63.0,4492.0,-6.3691165298223495,81.0,0.0,-0.04600000008940697,4492.0
1786233393000.0,177.0,81.0,126.0,4493.0,106.8309997022152,8802.4404296875,4493.0,97.4000015258789,1.5959999561309814,63.0,4493.0,-6.369128348305821,81.0,0.0,-0.0430000014603138,4493.0
1786233397000.0,174.0,80.80000305175781,125.0,4497.0,106.83099291287363,8808.66015625,4497.0,97.5999984741211,1.5959999561309814,62.0,4497.0,-6.369183920323849,80.80000305175781,0.5,-0.05000000074505806,4497.0
1786233399000.0,172.0,80.5999984741211,122.0,4499.0,106.83098612353206,8812.169921875,4499.0,97.5999984741211,1.5959999561309814,61.0,4499.0,-6.369215017184615,80.5999984741211,0.0,-0.0560000017285347,4499.0
1786233406000.0,174.0,80.19999694824219,104.0,4506.0,106.83097799308598,8825.7998046875,4506.0,98.0,1.5859999656677246,52.0,4506.0,-6.369336890056729,80.19999694824219,0.0,-0.06300000101327896,4506.0
1786233411000.0,176.0,79.80000305175781,162.0,4511.0,106.83098134584725,8839.7802734375,4511.0,98.5999984741211,2.7249999046325684,81.0,4511.0,-6.36946345679462,79.80000305175781,0.0,-0.09000000357627869,4511.0
1786233414000.0,179.0,79.4000015258789,162.0,4514.0,106.83097346685827,8846.73046875,4514.0,98.19999694824219,2.4260001182556152,81.0,4514.0,-6.369525818154216,79.4000015258789,0.0,-0.1589999943971634,4514.0
1786233417000.0,180.0,78.80000305175781,164.0,4517.0,106.83097086846828,8853.400390625,4517.0,97.5999984741211,2.4260001182556152,82.0,4517.0,-6.369586503133178,78.80000305175781,0.0,-0.14900000393390656,4517.0
1786233424000.0,181.0,78.4000015258789,165.0,4524.0,106.83096785098314,8870.66015625,4524.0,98.19999694824219,2.3329999446868896,82.0,4524.0,-6.369743579998612,78.4000015258789,0.5,-0.05999999865889549,4524.0
1786233429000.0,178.0,78.5999984741211,170.0,4529.0,106.83098972775042,8888.740234375,4529.0,98.80000305175781,2.3329999446868896,85.0,4529.0,-6.369910044595599,78.5999984741211,0.0,0.04699999839067459,4529.0
1786233430000.0,178.0,78.80000305175781,170.0,4530.0,106.83099400252104,8891.6201171875,4530.0,98.80000305175781,2.3420000076293945,85.0,4530.0,-6.369937369599938,78.80000305175781,0.0,0.04600000008940697,4530.0
1786233439000.0,179.0,79.19999694824219,165.0,4539.0,106.83097841218114,8914.1103515625,4539.0,100.0,2.4070000648498535,82.0,4539.0,-6.370139876380563,79.19999694824219,0.5,0.052000001072883606,4539.0
1786233447000.0,181.0,79.0,167.0,4547.0,106.83097422122955,8934.2099609375,4547.0,100.0,2.3329999446868896,83.0,4547.0,-6.370321931317449,79.0,0.5,-0.017999999225139618,4547.0
1786233449000.0,181.0,78.80000305175781,167.0,4549.0,106.83097070083022,8938.7900390625,4549.0,100.0,2.3610000610351562,83.0,4549.0,-6.370363337919116,78.80000305175781,0.5,-0.08699999749660492,4549.0
1786233456000.0,181.0,78.0,162.0,4556.0,106.83096868917346,8955.0703125,4556.0,100.0,2.3510000705718994,81.0,4556.0,-6.370510524138808,78.0,0.0,-0.11299999803304672,4556.0
1786233465000.0,180.0,78.0,168.0,4565.0,106.83094035834074,8975.75,4565.0,99.80000305175781,2.2950000762939453,84.0,4565.0,-6.370694926008582,78.0,0.0,-0.010999999940395355,4565.0
1786233466000.0,180.0,78.0,168.0,4566.0,106.830935748294,8977.8701171875,4566.0,100.0,2.2860000133514404,84.0,4566.0,-6.370713701471686,78.0,0.0,0.0,4566.0
1786233473000.0,180.0,78.0,162.0,4573.0,106.83088042773306,8994.1298828125,4573.0,100.19999694824219,2.313999891281128,81.0,4573.0,-6.370849488303065,78.0,0.0,0.0,4573.0
1786233476000.0,181.0,78.0,162.0,4576.0,106.83085503056645,9001.400390625,4576.0,99.80000305175781,2.313999891281128,81.0,4576.0,-6.370910592377186,78.0,0.0,0.0,4576.0
1786233480000.0,182.0,78.0,162.0,4580.0,106.83081764727831,9011.099609375,4580.0,99.4000015258789,2.322999954223633,81.0,4580.0,-6.370989549905062,78.0,0.0,0.0,4580.0
1786233487000.0,182.0,77.5999984741211,160.0,4587.0,106.8306886497885,9031.650390625,4587.0,99.5999984741211,2.3510000705718994,80.0,4587.0,-6.371122989803553,77.5999984741211,0.0,-0.04899999871850014,4587.0
1786233488000.0,182.0,77.5999984741211,159.0,4588.0,106.83067247271538,9034.48046875,4588.0,99.80000305175781,2.3510000705718994,79.0,4588.0,-6.371143776923418,77.5999984741211,0.5,-0.15000000596046448,4588.0
1786233494000.0,183.0,77.0,166.0,4594.0,106.83057624846697,9050.6396484375,4594.0,99.4000015258789,2.4260001182556152,83.0,4594.0,-6.371252071112394,77.0,0.0,-0.08699999749660492,4594.0
1786233501000.0,183.0,76.5999984741211,165.0,4601.0,106.83044347912073,9070.16015625,4601.0,99.80000305175781,2.7060000896453857,82.0,4601.0,-6.371366484090686,76.5999984741211,0.5,-0.04899999871850014,4601.0
1786233508000.0,185.0,76.4000015258789,163.0,4608.0,106.83030207641423,9087.98046875,4608.0,102.19999694824219,2.7060000896453857,81.0,4608.0,-6.371442591771483,76.4000015258789,0.5,-0.03999999910593033,4608.0
1786233513000.0,184.0,76.19999694824219,167.0,4613.0,106.83024893514812,9095.009765625,4613.0,102.5999984741211,2.313999891281128,83.0,4613.0,-6.371477460488677,76.19999694824219,0.5,-0.05000000074505806,4613.0
1786233521000.0,183.0,75.80000305175781,167.0,4621.0,106.83014064095914,9108.3798828125,4621.0,101.80000305175781,1.8380000591278076,83.0,4621.0,-6.371531188488007,75.80000305175781,0.5,-0.04800000041723251,4621.0
1786233525000.0,180.0,75.5999984741211,132.0,4625.0,106.83010174892843,9113.7900390625,4625.0,101.4000015258789,1.8849999904632568,66.0,4625.0,-6.371560776606202,75.5999984741211,0.0,-0.05299999937415123,4625.0
1786233528000.0,180.0,75.19999694824219,0.0,4628.0,106.83008020743728,9118.580078125,4628.0,100.4000015258789,1.8660000562667847,0.0,4628.0,-6.371611151844263,75.19999694824219,0.0,-0.10700000077486038,4628.0
1786233533000.0,177.0,75.19999694824219,125.0,4633.0,106.83002639561892,9124.8896484375,4633.0,97.5999984741211,1.819000005722046,62.0,4633.0,-6.371626826003194,75.19999694824219,0.5,0.01600000075995922,4633.0
1786233535000.0,177.0,75.4000015258789,124.0,4635.0,106.82999555021524,9128.3896484375,4635.0,97.0,1.781999945640564,62.0,4635.0,-6.371634369716048,75.4000015258789,0.0,0.03999999910593033,4635.0
1786233536000.0,177.0,75.4000015258789,124.0,4636.0,106.82998130097985,9129.9697265625,4636.0,96.80000305175781,1.753999948501587,62.0,4636.0,-6.371635543182492,75.4000015258789,0.0,0.050999999046325684,4636.0
1786233538000.0,177.0,75.4000015258789,124.0,4638.0,106.82996093295515,9132.2197265625,4638.0,96.80000305175781,1.6979999542236328,62.0,4638.0,-6.371633363887668,75.4000015258789,0.0,0.03700000047683716,4638.0
1786233540000.0,177.0,75.5999984741211,128.0,4640.0,106.82993721216917,9134.8095703125,4640.0,97.0,1.6419999599456787,64.0,4640.0,-6.371635878458619,75.5999984741211,0.0,0.0430000014603138,4640.0
1786233542000.0,176.0,75.5999984741211,128.0,4642.0,106.82991709560156,9136.8896484375,4642.0,97.4000015258789,1.5959999561309814,64.0,4642.0,-6.371637722477317,75.5999984741211,0.0,0.035999998450279236,4642.0
1786233545000.0,176.0,75.80000305175781,128.0,4645.0,106.82987057603896,9142.1396484375,4645.0,98.19999694824219,1.5859999656677246,64.0,4645.0,-6.371629508212209,75.80000305175781,0.0,0.05900000035762787,4645.0
1786233550000.0,176.0,76.5999984741211,160.0,4650.0,106.8297335319221,9157.6298828125,4650.0,98.80000305175781,2.500999927520752,80.0,4650.0,-6.371655995026231,76.5999984741211,0.0,0.17599999904632568,4650.0
1786233557000.0,177.0,78.80000305175781,167.0,4657.0,106.82953328825533,9179.7998046875,4657.0,99.0,2.6029999256134033,83.0,4657.0,-6.3716519717127085,78.80000305175781,0.5,0.31200000643730164,4657.0
1786233563000.0,178.0,79.5999984741211,165.0,4663.0,106.8293484672904,9200.1396484375,4663.0,100.0,2.7339999675750732,82.0,4663.0,-6.371638309210539,79.5999984741211,0.5,0.12999999523162842,4663.0
1786233564000.0,178.0,79.80000305175781,165.0,4664.0,106.82934410870075,9202.0400390625,4664.0,100.19999694824219,2.7149999141693115,82.0,4664.0,-6.371619701385498,79.80000305175781,0.5,0.12300000339746475,4664.0
1786233568000.0,180.0,79.80000305175781,163.0,4668.0,106.82942633517087,9212.8603515625,4668.0,100.5999984741211,2.3510000705718994,81.0,4668.0,-6.371572427451611,79.80000305175781,0.5,0.010999999940395355,4668.0
1786233574000.0,181.0,78.5999984741211,160.0,4674.0,106.82959824800491,9231.9501953125,4674.0,102.0,2.8550000190734863,80.0,4674.0,-6.371564129367471,78.5999984741211,0.0,-0.20499999821186066,4674.0
1786233581000.0,181.0,76.4000015258789,167.0,4681.0,106.82979463599622,9253.73046875,4681.0,104.4000015258789,2.938999891281128,83.0,4681.0,-6.371551640331745,76.4000015258789,0.5,-0.29899999499320984,4681.0
1786233584000.0,182.0,76.4000015258789,167.0,4684.0,106.82986076921225,9261.1103515625,4684.0,104.80000305175781,2.9210000038146973,83.0,4684.0,-6.371544096618891,76.4000015258789,0.5,-0.05999999865889549,4684.0
1786233591000.0,184.0,76.4000015258789,165.0,4691.0,106.83002421632409,9281.26953125,4691.0,104.80000305175781,2.818000078201294,82.0,4691.0,-6.371464049443603,76.4000015258789,0.5,0.01899999938905239,4691.0
1786233599000.0,184.0,77.0,165.0,4699.0,106.83019671589136,9304.23046875,4699.0,107.80000305175781,2.7709999084472656,82.0,4699.0,-6.3713480439037085,77.0,0.5,0.07400000095367432,4699.0
1786233601000.0,184.0,77.19999694824219,165.0,4701.0,106.83024398982525,9310.66015625,4701.0,108.80000305175781,2.7899999618530273,82.0,4701.0,-6.371314097195864,77.19999694824219,0.5,0.12200000137090683,4701.0
1786233608000.0,186.0,78.0,168.0,4708.0,106.83039109222591,9330.2998046875,4708.0,111.5999984741211,2.8369998931884766,84.0,4708.0,-6.371215442195535,78.0,0.0,0.09000000357627869,4708.0
1786233615000.0,186.0,78.19999694824219,166.0,4715.0,106.83051405474544,9348.080078125,4715.0,112.0,2.8459999561309814,83.0,4715.0,-6.371112512424588,78.19999694824219,0.0,0.0430000014603138,4715.0
1786233622000.0,186.0,78.0,168.0,4722.0,106.83062796480954,9364.8095703125,4722.0,110.4000015258789,2.7809998989105225,84.0,4722.0,-6.37101293541491,78.0,0.0,-0.019999999552965164,4722.0
1786233630000.0,186.0,78.0,165.0,4730.0,106.83074338361621,9385.3095703125,4730.0,106.5999984741211,2.697000026702881,82.0,4730.0,-6.370870610699058,78.0,0.5,-0.008999999612569809,4730.0
1786233639000.0,186.0,78.0,165.0,4739.0,106.8308268673718,9405.76953125,4739.0,103.5999984741211,2.621999979019165,82.0,4739.0,-6.370707582682371,78.0,0.5,0.0,4739.0
1786233646000.0,186.0,78.0,165.0,4746.0,106.83086081407964,9418.0498046875,4746.0,98.5999984741211,2.5850000381469727,82.0,4746.0,-6.370602305978537,78.0,0.5,0.0,4746.0
1786233656000.0,184.0,77.80000305175781,126.0,4756.0,106.83087380602956,9433.3203125,4756.0,95.4000015258789,1.7359999418258667,63.0,4756.0,-6.370465261861682,77.80000305175781,0.0,-0.017000000923871994,4756.0
1786233659000.0,181.0,78.0,123.0,4759.0,106.83087590150535,9438.3798828125,4759.0,95.4000015258789,1.6799999475479126,61.0,4759.0,-6.370419580489397,78.0,0.5,0.05999999865889549,4759.0
1786233665000.0,180.0,78.4000015258789,125.0,4765.0,106.8308805115521,9448.08984375,4765.0,95.5999984741211,1.7259999513626099,62.0,4765.0,-6.370331905782223,78.4000015258789,0.5,0.057999998331069946,4765.0
1786233673000.0,177.0,78.4000015258789,0.0,4773.0,106.83089124038815,9460.9697265625,4773.0,93.4000015258789,1.847000002861023,0.0,4773.0,-6.370215732604265,78.4000015258789,0.0,0.00800000037997961,4773.0
1786233677000.0,175.0,78.4000015258789,0.0,4777.0,106.83090875856578,9467.2099609375,4777.0,92.80000305175781,1.8009999990463257,0.0,4777.0,-6.370162088423967,78.4000015258789,0.0,0.014999999664723873,4777.0
1786233679000.0,173.0,78.4000015258789,124.0,4779.0,106.83090741746128,9470.1201171875,4779.0,92.5999984741211,1.7730000019073486,62.0,4779.0,-6.370135936886072,78.4000015258789,0.0,-0.05700000002980232,4779.0
1786233683000.0,171.0,78.19999694824219,0.0,4783.0,106.83090414851904,9476.41015625,4783.0,92.0,1.7170000076293945,0.0,4783.0,-6.370079442858696,78.19999694824219,0.0,-0.06300000101327896,4783.0
1786233690000.0,168.0,77.5999984741211,0.0,4790.0,106.83089727535844,9487.26953125,4790.0,90.19999694824219,1.6699999570846558,0.0,4790.0,-6.369981374591589,77.5999984741211,0.0,-0.07000000029802322,4790.0
1786233693000.0,167.0,77.4000015258789,0.0,4793.0,106.83089526370168,9491.4404296875,4793.0,89.5999984741211,1.6610000133514404,0.0,4793.0,-6.369943656027317,77.4000015258789,0.0,-0.05400000140070915,4793.0
1786233696000.0,164.0,77.5999984741211,126.0,4796.0,106.83090230450034,9495.6298828125,4796.0,89.0,1.6519999504089355,63.0,4796.0,-6.369906272739172,77.5999984741211,0.0,0.041999999433755875,4796.0
1786233698000.0,161.0,77.5999984741211,0.0,4798.0,106.8309027235955,9498.6796875,4798.0,88.80000305175781,1.6330000162124634,0.0,4798.0,-6.369878528639674,77.5999984741211,0.0,0.004000000189989805,4798.0
1786233701000.0,159.0,77.5999984741211,110.0,4801.0,106.83090683072805,9503.330078125,4801.0,88.19999694824219,1.6239999532699585,55.0,4801.0,-6.369835529476404,77.5999984741211,0.0,0.02500000037252903,4801.0
1786233707000.0,158.0,78.0,159.0,4807.0,106.83092434890568,9520.759765625,4807.0,88.19999694824219,2.8269999027252197,79.0,4807.0,-6.369678284972906,78.0,0.5,0.06199999898672104,4807.0
1786233713000.0,156.0,79.19999694824219,165.0,4813.0,106.83091521263123,9541.7900390625,4813.0,89.0,3.4519999027252197,82.0,4813.0,-6.369488770142198,79.19999694824219,0.5,0.20499999821186066,4813.0
1786233715000.0,158.0,79.80000305175781,166.0,4815.0,106.83091470971704,9549.740234375,4815.0,89.19999694824219,3.490000009536743,83.0,4815.0,-6.369416769593954,79.80000305175781,0.0,0.2619999945163727,4815.0
1786233718000.0,161.0,80.4000015258789,168.0,4818.0,106.8309183139354,9563.0595703125,4818.0,89.19999694824219,3.507999897003174,84.0,4818.0,-6.3692964892834425,80.4000015258789,0.0,0.18400000035762787,4818.0
1786233720000.0,164.0,80.5999984741211,168.0,4820.0,106.83091211132705,9570.6796875,4820.0,89.19999694824219,3.2750000953674316,84.0,4820.0,-6.369228009134531,80.5999984741211,0.0,0.10100000351667404,4820.0
1786233723000.0,166.0,80.80000305175781,168.0,4823.0,106.83090993203223,9582.26953125,4823.0,89.19999694824219,3.3589999675750732,84.0,4823.0,-6.36912340298295,80.80000305175781,0.0,0.1120000034570694,4823.0
1786233729000.0,167.0,81.0,168.0,4829.0,106.83094136416912,9603.6904296875,4829.0,89.80000305175781,3.5269999504089355,84.0,4829.0,-6.368932127952576,81.0,0.0,0.02800000086426735,4829.0
1786233731000.0,168.0,81.0,170.0,4831.0,106.8309460580349,9610.240234375,4831.0,90.0,3.490000009536743,85.0,4831.0,-6.36887320317328,81.0,0.0,0.00800000037997961,4831.0
1786233733000.0,171.0,81.19999694824219,170.0,4833.0,106.830970114097,9616.6103515625,4833.0,90.4000015258789,3.4800000190734863,85.0,4833.0,-6.368820816278458,81.19999694824219,0.0,0.0430000014603138,4833.0
1786233736000.0,174.0,81.19999694824219,170.0,4836.0,106.83102048933506,9626.1201171875,4836.0,90.80000305175781,3.2750000953674316,85.0,4836.0,-6.368750827386975,81.19999694824219,0.0,0.04500000178813934,4836.0
1786233743000.0,175.0,81.80000305175781,168.0,4843.0,106.8311527557671,9647.0400390625,4843.0,91.80000305175781,3.0980000495910645,84.0,4843.0,-6.368616297841072,81.80000305175781,0.0,0.06599999964237213,4843.0
1786233744000.0,175.0,81.80000305175781,170.0,4844.0,106.83117438107729,9650.509765625,4844.0,92.0,3.0980000495910645,85.0,4844.0,-6.3685934990644455,81.80000305175781,0.0,0.0689999982714653,4844.0
1786233750000.0,178.0,81.19999694824219,168.0,4850.0,106.8312825076282,9668.4599609375,4850.0,94.19999694824219,2.930000066757202,84.0,4850.0,-6.368472632020712,81.19999694824219,0.0,-0.10700000077486038,4850.0
1786233752000.0,180.0,81.0,166.0,4852.0,106.83131544850767,9673.7998046875,4852.0,95.4000015258789,2.9110000133514404,83.0,4852.0,-6.368437260389328,81.0,0.0,-0.13199999928474426,4852.0
1786233755000.0,183.0,80.4000015258789,168.0,4855.0,106.8313657399267,9682.41015625,4855.0,96.4000015258789,2.8929998874664307,84.0,4855.0,-6.368378419429064,80.4000015258789,0.0,-0.1509999930858612,4855.0
1786233756000.0,184.0,80.19999694824219,168.0,4856.0,106.83137009851635,9685.16015625,4856.0,96.5999984741211,2.882999897003174,84.0,4856.0,-6.368353944271803,80.19999694824219,0.0,-0.24899999797344208,4856.0
1786233758000.0,186.0,79.80000305175781,168.0,4858.0,106.8313414324075,9690.4599609375,4858.0,97.0,2.874000072479248,84.0,4858.0,-6.368317985907197,79.80000305175781,0.0,-0.2460000067949295,4858.0
1786233763000.0,187.0,79.0,164.0,4863.0,106.83121712878346,9704.5302734375,4863.0,97.0,2.8369998931884766,82.0,4863.0,-6.368298958986998,79.0,0.0,-0.13099999725818634,4863.0
1786233770000.0,187.0,76.80000305175781,166.0,4870.0,106.83102761395276,9725.4404296875,4870.0,97.19999694824219,2.7990000247955322,83.0,4870.0,-6.368314633145928,76.80000305175781,0.0,-0.33500000834465027,4870.0
1786233774000.0,189.0,75.5999984741211,0.0,4874.0,106.8309476505965,9734.2802734375,4874.0,97.4000015258789,2.7899999618530273,0.0,4874.0,-6.368312621489167,75.5999984741211,0.0,-0.29499998688697815,4874.0
1786233782000.0,187.0,74.4000015258789,121.0,4882.0,106.8308268673718,9747.75,4882.0,95.19999694824219,1.7259999513626099,60.0,4882.0,-6.368308514356613,74.4000015258789,0.5,-0.13600000739097595,4882.0
1786233789000.0,185.0,74.5999984741211,126.0,4889.0,106.83074598200619,9758.5,4889.0,94.0,1.6519999504089355,63.0,4889.0,-6.368363751098514,74.5999984741211,0.0,0.029999999329447746,4889.0
1786233795000.0,182.0,75.4000015258789,123.0,4895.0,106.8306918349117,9768.650390625,4895.0,93.19999694824219,1.6050000190734863,61.0,4895.0,-6.368439104408026,75.4000015258789,0.5,0.11599999666213989,4895.0
1786233799000.0,182.0,75.5999984741211,125.0,4899.0,106.83065503835678,9774.4501953125,4899.0,93.0,1.5859999656677246,62.0,4899.0,-6.368476403877139,75.5999984741211,0.5,0.06800000369548798,4899.0
1786233808000.0,179.0,76.19999694824219,125.0,4908.0,106.83059284463525,9784.759765625,4908.0,92.5999984741211,1.437000036239624,62.0,4908.0,-6.368546476587653,76.19999694824219,0.5,0.06199999898672104,4908.0
1786233815000.0,178.0,76.19999694824219,123.0,4915.0,106.83050164952874,9798.0302734375,4915.0,91.19999694824219,1.4279999732971191,61.0,4915.0,-6.368625685572624,76.19999694824219,0.5,-0.009999999776482582,4915.0
1786233824000.0,177.0,75.5999984741211,126.0,4924.0,106.83039595372975,9812.599609375,4924.0,90.0,1.437000036239624,63.0,4924.0,-6.3687046431005,75.5999984741211,0.0,-0.05299999937415123,4924.0
1786233831000.0,177.0,76.19999694824219,162.0,4931.0,106.83027156628668,9831.5,4931.0,88.80000305175781,1.6890000104904175,81.0,4931.0,-6.368822157382965,76.19999694824219,0.0,0.08399999886751175,4931.0
1786233834000.0,174.0,76.5999984741211,165.0,4934.0,106.83021482080221,9841.009765625,4934.0,88.4000015258789,2.434999942779541,82.0,4934.0,-6.3688865303993225,76.5999984741211,0.5,0.10400000214576721,4934.0
1786233838000.0,174.0,76.80000305175781,169.0,4938.0,106.83014541864395,9853.009765625,4938.0,89.0,2.5940001010894775,84.0,4938.0,-6.368970097973943,76.80000305175781,0.5,0.06199999898672104,4938.0
1786233843000.0,177.0,77.80000305175781,165.0,4943.0,106.83004165068269,9867.91015625,4943.0,90.5999984741211,2.7249999046325684,82.0,4943.0,-6.3690561801195145,77.80000305175781,0.5,0.18299999833106995,4943.0
1786233845000.0,181.0,78.4000015258789,165.0,4945.0,106.82999840006232,9873.8095703125,4945.0,91.4000015258789,2.743000030517578,82.0,4945.0,-6.369087444618344,78.4000015258789,0.5,0.3109999895095825,4945.0
1786233848000.0,184.0,79.4000015258789,167.0,4948.0,106.82992623187602,9882.8095703125,4948.0,92.0,2.753000020980835,83.0,4948.0,-6.369124576449394,79.4000015258789,0.5,0.34599998593330383,4948.0
1786233849000.0,185.0,79.80000305175781,167.0,4949.0,106.8298963084817,9886.2001953125,4949.0,92.19999694824219,2.753000020980835,83.0,4949.0,-6.369131030514836,79.80000305175781,0.5,0.4259999990463257,4949.0
1786233856000.0,186.0,80.19999694824219,167.0,4956.0,106.8297126609832,9906.73046875,4956.0,93.19999694824219,2.9579999446868896,83.0,4956.0,-6.369156846776605,80.19999694824219,0.5,0.05299999937415123,4956.0
1786233857000.0,187.0,80.0,165.0,4957.0,106.82968231849372,9910.1103515625,4957.0,93.4000015258789,2.9579999446868896,82.0,4957.0,-6.369160786271095,80.0,0.5,-0.2329999953508377,4957.0
1786233865000.0,188.0,78.80000305175781,165.0,4965.0,106.82948861271143,9931.5498046875,4965.0,95.5999984741211,2.882999897003174,82.0,4965.0,-6.369160618633032,78.80000305175781,0.5,-0.14499999582767487,4965.0
1786233866000.0,188.0,78.80000305175781,165.0,4966.0,106.82947335764766,9933.25,4966.0,96.0,2.8550000190734863,82.0,4966.0,-6.369158690795302,78.80000305175781,0.5,0.014000000432133675,4966.0
1786233873000.0,188.0,78.5999984741211,0.0,4973.0,106.82937554083765,9944.330078125,4973.0,97.19999694824219,2.2209999561309814,0.0,4973.0,-6.369172856211662,78.5999984741211,0.0,-0.014999999664723873,4973.0
1786233882000.0,185.0,79.0,0.0,4982.0,106.82922592386603,9961.1396484375,4982.0,97.5999984741211,1.6610000133514404,0.0,4982.0,-6.369160450994968,79.0,0.0,0.035999998450279236,4982.0
1786233888000.0,186.0,80.19999694824219,163.0,4988.0,106.82908091694117,9977.26953125,4988.0,99.0,2.556999921798706,81.0,4988.0,-6.369143603369594,80.19999694824219,0.5,0.1940000057220459,4988.0
1786233896000.0,186.0,80.80000305175781,165.0,4996.0,106.82890280149877,9997.009765625,4996.0,101.4000015258789,2.490999937057495,82.0,4996.0,-6.369141759350896,80.80000305175781,0.5,0.06800000369548798,4996.0
1786233898000.0,186.0,80.5999984741211,165.0,4998.0,106.82885787449777,10001.990234375,4998.0,101.0,2.4820001125335693,82.0,4998.0,-6.369139831513166,80.5999984741211,0.5,-0.08100000023841858,4998.0
1786233905000.0,185.0,80.0,161.0,5005.0,106.8286874704063,10020.9501953125,5005.0,99.5999984741211,2.4820001125335693,80.0,5005.0,-6.3691209722310305,80.0,0.5,-0.09200000017881393,5005.0
1786233913000.0,188.0,79.19999694824219,161.0,5013.0,106.8284868914634,10043.1796875,5013.0,99.5999984741211,2.5380001068115234,80.0,5013.0,-6.36911803856492,79.19999694824219,0.5,-0.09200000017881393,5013.0
1786233922000.0,188.0,79.5999984741211,161.0,5022.0,106.82829326950014,10064.7197265625,5022.0,100.0,2.575000047683716,80.0,5022.0,-6.369099682196975,79.5999984741211,0.5,0.04800000041723251,5022.0
1786233923000.0,189.0,79.80000305175781,161.0,5023.0,106.82827541604638,10066.7197265625,5023.0,100.0,2.546999931335449,80.0,5023.0,-6.369096077978611,79.80000305175781,0.5,0.09000000357627869,5023.0
1786233932000.0,186.0,80.5999984741211,123.0,5032.0,106.82813895866275,10082.6103515625,5032.0,96.80000305175781,2.0810000896453857,61.0,5032.0,-6.369054336100817,80.5999984741211,0.5,0.09300000220537186,5032.0
1786233943000.0,184.0,81.80000305175781,0.0,5043.0,106.82798883877695,10100.7900390625,5043.0,94.5999984741211,1.7450000047683716,0.0,5043.0,-6.36898753233254,81.80000305175781,0.0,0.11100000143051147,5043.0
1786233947000.0,184.0,83.19999694824219,0.0,5047.0,106.8278755992651,10115.66015625,5047.0,95.0,2.556999921798706,0.0,5047.0,-6.368916537612677,83.19999694824219,0.0,0.3440000116825104,5047.0
1786233950000.0,185.0,84.19999694824219,177.0,5050.0,106.82777635753155,10129.759765625,5050.0,96.19999694824219,4.572000026702881,88.0,5050.0,-6.368836490437388,84.19999694824219,0.5,0.3610000014305115,5050.0
1786233952000.0,187.0,84.5999984741211,183.0,5052.0,106.82772103697062,10138.5595703125,5052.0,97.4000015258789,4.63700008392334,91.0,5052.0,-6.3687793258577585,84.5999984741211,0.5,0.19200000166893005,5052.0
1786233953000.0,187.0,84.80000305175781,183.0,5053.0,106.8276977352798,10142.5,5053.0,97.80000305175781,4.63700008392334,91.0,5053.0,-6.368752168491483,84.80000305175781,0.5,0.14000000059604645,5053.0
1786233956000.0,188.0,84.80000305175781,181.0,5056.0,106.82767535559833,10153.830078125,5056.0,98.80000305175781,4.328999996185303,90.0,5056.0,-6.368654267862439,84.80000305175781,0.5,0.008999999612569809,5056.0
1786233960000.0,186.0,82.80000305175781,183.0,5060.0,106.8277751840651,10171.490234375,5060.0,99.4000015258789,3.9660000801086426,91.0,5060.0,-6.368533903732896,82.80000305175781,0.5,-0.48399999737739563,5060.0
1786233965000.0,185.0,80.5999984741211,180.0,5065.0,106.82791331782937,10189.2802734375,5065.0,100.0,4.050000190734863,90.0,5065.0,-6.3684541918337345,80.5999984741211,0.0,-0.4399999976158142,5065.0
1786233968000.0,184.0,79.5999984741211,163.0,5068.0,106.82798674330115,10199.3896484375,5068.0,100.19999694824219,3.5179998874664307,81.0,5068.0,-6.368401553481817,79.5999984741211,0.5,-0.37700000405311584,5068.0
