directElevation,directCorrectedElevation,directHeartRate,directRunCadence,directLongitude,directSpeed,directLatitude,directDoubleCadence,sumDuration,directFractionalCadence,sumDistance,sumMovingDuration,directTimestamp,directUncorrectedElevation,sumElapsedDuration,directVerticalSpeed,elapsed_s
6.199999809265137,6.199999809265137,96.0,0.0,116.84068330563605,1.0080000162124634,-1.2768616620451212,0.0,0.0,0.0,0.75,0.0,1785362733000.0,7.0,0.0,,0.0
6.199999809265137,6.199999809265137,96.0,0.0,116.84068548493087,0.0,-1.2768518552184105,0.0,1.0,0.0,1.840000033378601,0.0,1785362734000.0,7.199999809265137,1.0,0.0430000014603138,1.0
6.0,6.0,94.0,78.0,116.8406406417489,0.5230000019073486,-1.2768401205539703,156.0,7.0,0.0,9.670000076293945,6.0,1785362740000.0,11.399999618530273,7.0,-0.03400000184774399,7.0
6.400000095367432,6.400000095367432,92.0,75.0,116.8405425734818,1.5399999618530273,-1.2768862210214138,151.0,17.0,0.5,21.739999771118164,16.0,1785362750000.0,14.199999809265137,17.0,0.03500000014901161,17.0
6.800000190734863,6.800000190734863,95.0,76.0,116.84042070060968,1.5119999647140503,-1.276918826624751,153.0,27.0,0.5,35.7599983215332,26.0,1785362760000.0,14.800000190734863,27.0,0.04399999976158142,27.0
6.800000190734863,6.800000190734863,96.0,75.0,116.84040896594524,1.5019999742507935,-1.2769251130521297,151.0,28.0,0.5,37.2400016784668,27.0,1785362761000.0,14.800000190734863,28.0,0.041999999433755875,28.0
7.0,7.0,96.0,75.0,116.84039656072855,1.4839999675750732,-1.2769240234047174,151.0,29.0,0.5,38.619998931884766,28.0,1785362762000.0,15.0,29.0,0.04500000178813934,29.0
7.0,7.0,96.0,75.0,116.8403850775212,1.465000033378601,-1.2769237719476223,151.0,31.0,0.5,39.88999938964844,30.0,1785362764000.0,15.0,31.0,0.020999999716877937,31.0
7.0,7.0,96.0,76.0,116.84037778526545,1.4559999704360962,-1.2769295554608107,153.0,32.0,0.5,40.68000030517578,31.0,1785362765000.0,15.0,32.0,0.026000000536441803,32.0
7.0,7.0,95.0,76.0,116.84036320075393,1.465000033378601,-1.2769275438040495,153.0,33.0,0.5,42.11000061035156,32.0,1785362766000.0,14.800000190734863,33.0,0.019999999552965164,33.0
7.0,7.0,95.0,77.0,116.84034928679466,1.465000033378601,-1.2769438046962023,154.0,35.0,0.0,44.02000045776367,34.0,1785362768000.0,14.600000381469727,35.0,0.0,35.0
7.0,7.0,94.0,76.0,116.84033202007413,1.5299999713897705,-1.2769672740250826,153.0,38.0,0.5,47.130001068115234,37.0,1785362771000.0,14.199999809265137,38.0,0.0,38.0
7.0,7.0,95.0,75.0,116.84031064622104,1.5299999713897705,-1.2769711297005415,151.0,40.0,0.5,49.220001220703125,39.0,1785362773000.0,13.199999809265137,40.0,0.0,40.0
7.0,7.0,94.0,75.0,116.84028868563473,1.4839999675750732,-1.2769811041653156,151.0,42.0,0.5,51.47999954223633,41.0,1785362775000.0,12.600000381469727,42.0,0.0,42.0
7.0,7.0,94.0,75.0,116.84028063900769,1.465000033378601,-1.2769868038594723,151.0,43.0,0.5,52.31999969482422,42.0,1785362776000.0,12.600000381469727,43.0,0.0,43.0
7.0,7.0,93.0,75.0,116.84026856906712,1.4459999799728394,-1.2769899889826775,150.0,44.0,0.0,53.470001220703125,43.0,1785362777000.0,12.399999618530273,44.0,0.0,44.0
7.199999809265137,7.199999809265137,93.0,74.0,116.8402370531112,1.4279999732971191,-1.2769885640591383,148.0,46.0,0.0,56.40999984741211,45.0,1785362779000.0,12.600000381469727,46.0,0.052000001072883606,46.0
7.400000095367432,7.400000095367432,95.0,75.0,116.84016547165811,1.437000036239624,-1.276972470805049,151.0,49.0,0.5,63.2599983215332,48.0,1785362782000.0,13.800000190734863,49.0,0.10499999672174454,49.0
7.599999904632568,7.599999904632568,101.0,76.0,116.84011409059167,1.409000039100647,-1.276947157457471,153.0,53.0,0.5,68.16999816894531,52.0,1785362786000.0,16.799999237060547,53.0,0.0689999982714653,53.0
7.800000190734863,7.800000190734863,104.0,76.0,116.84010344557464,1.3619999885559082,-1.2769356742501259,153.0,54.0,0.5,69.77999877929688,53.0,1785362787000.0,17.399999618530273,54.0,0.07999999821186066,54.0
7.800000190734863,7.800000190734863,106.0,76.0,116.84008961543441,1.3250000476837158,-1.2769260350614786,153.0,55.0,0.5,71.5999984741211,54.0,1785362788000.0,18.0,55.0,0.03200000151991844,55.0
7.0,7.0,109.0,77.0,116.84000059962273,1.2970000505447388,-1.2768759950995445,154.0,58.0,0.0,82.22000122070312,57.0,1785362791000.0,21.200000762939453,58.0,-0.28200000524520874,58.0
6.400000095367432,6.400000095367432,110.0,77.0,116.83994452469051,1.399999976158142,-1.2768601533025503,154.0,60.0,0.0,88.7300033569336,59.0,1785362793000.0,23.399999618530273,60.0,-0.3310000002384186,60.0
5.400000095367432,5.400000095367432,113.0,75.0,116.83986556716263,1.222000002861023,-1.2768630031496286,150.0,64.0,0.0,97.45999908447266,63.0,1785362797000.0,33.400001525878906,64.0,-0.210999995470047,64.0
5.0,5.0,114.0,76.0,116.83977437205613,1.2599999904632568,-1.2768794316798449,153.0,70.0,0.5,107.5,69.0,1785362803000.0,41.599998474121094,70.0,-0.0729999989271164,70.0
5.0,5.0,114.0,76.0,116.83976297266781,1.2410000562667847,-1.2768738996237516,153.0,71.0,0.5,108.9000015258789,70.0,1785362804000.0,42.20000076293945,71.0,0.03999999910593033,71.0
5.199999809265137,5.199999809265137,113.0,75.0,116.83973338454962,1.2599999904632568,-1.2768657691776752,150.0,73.0,0.0,111.88999938964844,72.0,1785362806000.0,43.20000076293945,73.0,0.028999999165534973,73.0
5.199999809265137,5.199999809265137,113.0,75.0,116.83972072787583,1.2599999904632568,-1.2768609076738358,150.0,74.0,0.0,113.30000305175781,73.0,1785362807000.0,43.400001525878906,74.0,0.03500000014901161,74.0
5.199999809265137,5.199999809265137,113.0,75.0,116.83967513032258,1.2599999904632568,-1.2768622487783432,151.0,77.0,0.5,118.26000213623047,76.0,1785362810000.0,44.20000076293945,77.0,-0.003000000026077032,77.0
5.0,5.0,114.0,75.0,116.83964948169887,1.2599999904632568,-1.276881443336606,150.0,79.0,0.0,120.63999938964844,78.0,1785362812000.0,45.20000076293945,79.0,-0.0689999982714653,79.0
4.800000190734863,4.800000190734863,116.0,74.0,116.8395649921149,1.2970000505447388,-1.2769334111362696,148.0,85.0,0.0,130.50999450683594,84.0,1785362818000.0,48.20000076293945,85.0,-0.03200000151991844,85.0
4.800000190734863,4.800000190734863,119.0,75.0,116.83954160660505,1.305999994277954,-1.2769466545432806,151.0,87.0,0.5,133.41000366210938,86.0,1785362820000.0,48.599998474121094,87.0,-0.024000000208616257,87.0
5.0,5.0,120.0,77.0,116.83949617668986,1.4279999732971191,-1.2769671063870192,155.0,91.0,0.5,138.8000030517578,90.0,1785362824000.0,48.20000076293945,91.0,0.057999998331069946,91.0
5.199999809265137,5.199999809265137,121.0,77.0,116.83946072123945,1.437000036239624,-1.2769582215696573,155.0,94.0,0.5,142.8800048828125,93.0,1785362827000.0,47.400001525878906,94.0,0.09300000220537186,94.0
5.400000095367432,5.400000095367432,121.0,76.0,116.83943423442543,1.437000036239624,-1.2769555393606424,153.0,96.0,0.5,145.89999389648438,95.0,1785362829000.0,47.0,96.0,0.04800000041723251,96.0
5.599999904632568,5.599999904632568,122.0,76.0,116.8393493257463,1.4559999704360962,-1.2769888993352652,153.0,100.0,0.5,155.8300018310547,99.0,1785362833000.0,45.79999923706055,100.0,0.07599999755620956,100.0
6.199999809265137,6.199999809265137,123.0,75.0,116.83923055417836,1.5119999647140503,-1.277035502716899,151.0,108.0,0.5,169.64999389648438,107.0,1785362841000.0,42.0,108.0,0.06700000166893005,108.0
6.800000190734863,6.800000190734863,125.0,78.0,116.83913910761476,1.5770000219345093,-1.2770537752658129,156.0,114.0,0.0,180.00999450683594,113.0,1785362847000.0,39.599998474121094,114.0,0.10999999940395355,114.0
7.199999809265137,7.199999809265137,126.0,77.0,116.83908152393997,1.5959999561309814,-1.2770640011876822,155.0,118.0,0.5,186.6199951171875,117.0,1785362851000.0,38.79999923706055,118.0,0.10400000214576721,118.0
7.400000095367432,7.400000095367432,126.0,76.0,116.83905445039272,1.6330000162124634,-1.2770709581673145,153.0,120.0,0.5,189.6300048828125,119.0,1785362853000.0,37.79999923706055,120.0,0.09700000286102295,120.0
8.0,8.0,128.0,75.0,116.83899384923279,1.5959999561309814,-1.2770967744290829,150.0,125.0,0.0,196.47999572753906,124.0,1785362858000.0,35.400001525878906,125.0,0.08699999749660492,125.0
8.0,8.0,127.0,75.0,116.83897037990391,1.5490000247955322,-1.2770976964384317,150.0,127.0,0.0,199.0800018310547,126.0,1785362860000.0,33.79999923706055,127.0,0.039000000804662704,127.0
8.0,8.0,127.0,76.0,116.83886552229524,1.5859999656677246,-1.2771053239703178,153.0,134.0,0.5,210.77000427246094,133.0,1785362867000.0,31.200000762939453,134.0,0.0,134.0
8.0,8.0,129.0,75.0,116.83871305547655,1.6419999599456787,-1.2771454732865095,151.0,144.0,0.5,228.2899932861328,143.0,1785362877000.0,31.799999237060547,144.0,0.0,144.0
8.0,8.0,126.0,77.0,116.83862001635134,1.6419999599456787,-1.2771541066467762,154.0,150.0,0.0,238.52000427246094,149.0,1785362883000.0,34.0,150.0,0.0,150.0
8.0,8.0,123.0,75.0,116.83854977600276,1.6419999599456787,-1.2771520111709833,150.0,154.0,0.0,246.35000610351562,153.0,1785362887000.0,36.400001525878906,154.0,0.0,154.0
8.0,8.0,123.0,75.0,116.83842756785452,1.6419999599456787,-1.2771595548838377,150.0,163.0,0.0,259.8800048828125,162.0,1785362896000.0,38.400001525878906,163.0,0.0,163.0
8.0,8.0,123.0,76.0,116.83834282681346,1.6050000190734863,-1.2771518435329199,153.0,170.0,0.5,269.32000732421875,169.0,1785362903000.0,37.0,170.0,-0.00800000037997961,170.0
8.0,8.0,124.0,74.0,116.83832279406488,1.5959999561309814,-1.277149748057127,148.0,172.0,0.0,271.5400085449219,171.0,1785362905000.0,36.599998474121094,172.0,-0.00800000037997961,172.0
7.800000190734863,7.800000190734863,126.0,75.0,116.83827778324485,1.5679999589920044,-1.2771377619355917,150.0,176.0,0.0,276.4700012207031,175.0,1785362909000.0,35.400001525878906,176.0,-0.02199999988079071,176.0
7.400000095367432,7.400000095367432,126.0,75.0,116.83818683959544,1.5399999618530273,-1.2770759873092175,151.0,183.0,0.5,287.17999267578125,182.0,1785362916000.0,35.0,183.0,-0.06400000303983688,183.0
7.800000190734863,7.800000190734863,126.0,74.0,116.83810050599277,1.5210000276565552,-1.2770949304103851,148.0,190.0,0.0,297.1300048828125,189.0,1785362923000.0,36.400001525878906,190.0,0.04500000178813934,190.0
8.199999809265137,8.199999809265137,126.0,74.0,116.83798148296773,1.5019999742507935,-1.2771125324070454,148.0,199.0,0.0,310.4100036621094,198.0,1785362932000.0,37.599998474121094,199.0,0.06199999898672104,199.0
9.199999809265137,9.199999809265137,127.0,73.0,116.83780730701983,1.5490000247955322,-1.2771426234394312,146.0,210.0,0.0,329.6000061035156,209.0,1785362943000.0,36.20000076293945,210.0,0.0820000022649765,210.0
9.600000381469727,9.600000381469727,130.0,75.0,116.8377049639821,1.5770000219345093,-1.2771455571055412,150.0,216.0,0.0,341.010009765625,215.0,1785362949000.0,35.79999923706055,216.0,0.06300000101327896,216.0
9.800000190734863,9.800000190734863,131.0,76.0,116.8376462906599,1.6050000190734863,-1.2771445512771606,153.0,220.0,0.5,347.5400085449219,219.0,1785362953000.0,36.599998474121094,220.0,0.052000001072883606,220.0
10.0,10.0,131.0,77.0,116.83749348856509,1.6139999628067017,-1.2771651707589626,154.0,230.0,0.0,364.6400146484375,229.0,1785362963000.0,37.79999923706055,230.0,0.01899999938905239,230.0
9.800000190734863,9.800000190734863,128.0,76.0,116.83742651715875,1.6330000162124634,-1.2771732173860073,153.0,236.0,0.5,372.1199951171875,235.0,1785362969000.0,38.400001525878906,236.0,-0.014000000432133675,236.0
10.0,10.0,127.0,75.0,116.83737798593938,1.6330000162124634,-1.2771459762006998,151.0,241.0,0.5,377.8800048828125,240.0,1785362974000.0,39.20000076293945,241.0,0.02800000086426735,241.0
9.399999618530273,9.399999618530273,128.0,76.0,116.83724571950734,1.6139999628067017,-1.2770638335496187,153.0,250.0,0.5,393.9100036621094,249.0,1785362983000.0,41.79999923706055,250.0,-0.0560000017285347,250.0
8.800000190734863,8.800000190734863,128.0,75.0,116.83714983053505,1.6239999532699585,-1.277064336463809,150.0,258.0,0.0,404.7099914550781,257.0,1785362991000.0,43.400001525878906,258.0,-0.0860000029206276,258.0
8.0,8.0,129.0,74.0,116.83702929876745,1.5399999618530273,-1.277048997581005,148.0,267.0,0.0,417.95001220703125,266.0,1785363000000.0,43.20000076293945,267.0,-0.09600000083446503,267.0
7.199999809265137,7.199999809265137,128.0,72.0,116.83692351914942,1.5299999713897705,-1.2770417891442776,145.0,274.0,0.5,429.5799865722656,273.0,1785363007000.0,44.0,274.0,-0.10899999737739563,274.0
6.0,6.0,128.0,74.0,116.83677323162556,1.5490000247955322,-1.2770321499556303,148.0,282.0,0.0,446.5299987792969,281.0,1785363015000.0,44.79999923706055,282.0,-0.13500000536441803,282.0
5.400000095367432,5.400000095367432,128.0,75.0,116.8366811145097,1.6419999599456787,-1.2770250253379345,151.0,289.0,0.5,456.7799987792969,288.0,1785363022000.0,45.400001525878906,289.0,-0.0949999988079071,289.0
5.400000095367432,5.400000095367432,128.0,75.0,116.83666988275945,1.6419999599456787,-1.2770311441272497,151.0,290.0,0.5,458.1499938964844,289.0,1785363023000.0,45.400001525878906,290.0,-0.08100000023841858,290.0
5.0,5.0,127.0,75.0,116.83663006871939,1.5959999561309814,-1.2770402804017067,151.0,294.0,0.5,462.4800109863281,293.0,1785363027000.0,45.400001525878906,294.0,-0.07199999690055847,294.0
4.800000190734863,4.800000190734863,124.0,75.0,116.83656167238951,1.4930000305175781,-1.2770415376871824,150.0,300.0,0.0,470.1300048828125,299.0,1785363033000.0,42.79999923706055,300.0,-0.057999998331069946,300.0
4.599999904632568,4.599999904632568,125.0,73.0,116.83652579784393,1.4559999704360962,-1.2770577147603035,146.0,303.0,0.0,474.1400146484375,302.0,1785363036000.0,42.400001525878906,303.0,-0.06199999898672104,303.0
4.400000095367432,4.400000095367432,123.0,75.0,116.83636830188334,1.4739999771118164,-1.2771520111709833,150.0,313.0,0.0,492.260009765625,312.0,1785363046000.0,38.79999923706055,313.0,-0.008999999612569809,313.0
4.800000190734863,4.800000190734863,125.0,75.0,116.83623276650906,1.4930000305175781,-1.2771650031208992,150.0,324.0,0.0,507.3299865722656,323.0,1785363057000.0,35.20000076293945,324.0,0.039000000804662704,324.0
4.800000190734863,4.800000190734863,126.0,75.0,116.8360856641084,1.5019999742507935,-1.2771786656230688,151.0,334.0,0.5,523.780029296875,333.0,1785363067000.0,32.79999923706055,334.0,0.0,334.0
4.800000190734863,4.800000190734863,127.0,75.0,116.83600368909538,1.5210000276565552,-1.2771831080317497,151.0,340.0,0.5,532.8800048828125,339.0,1785363073000.0,30.600000381469727,340.0,-0.004999999888241291,340.0
4.599999904632568,4.599999904632568,128.0,76.0,116.83589296415448,1.5210000276565552,-1.2772062420845032,153.0,349.0,0.5,545.1599731445312,348.0,1785363082000.0,28.399999618530273,349.0,-0.01899999938905239,349.0
4.0,4.0,125.0,76.0,116.83570294640958,1.5399999618530273,-1.2772245984524488,153.0,360.0,0.5,566.3300170898438,359.0,1785363093000.0,23.200000762939453,360.0,-0.06400000303983688,360.0
3.5999999046325684,3.5999999046325684,125.0,75.0,116.8355843424797,1.5019999742507935,-1.2772296275943518,150.0,369.0,0.0,579.6500244140625,368.0,1785363102000.0,23.399999618530273,369.0,-0.04899999871850014,369.0
3.200000047683716,3.200000047683716,127.0,75.0,116.83548769913614,1.5019999742507935,-1.2772414460778236,150.0,376.0,0.0,590.510009765625,375.0,1785363109000.0,23.600000381469727,376.0,-0.0560000017285347,376.0
2.5999999046325684,2.5999999046325684,128.0,75.0,116.83533883653581,1.5119999647140503,-1.2772530131042004,151.0,387.0,0.5,607.1599731445312,386.0,1785363120000.0,21.600000381469727,387.0,-0.041999999433755875,387.0
2.5999999046325684,2.5999999046325684,126.0,75.0,116.83521679602563,1.5210000276565552,-1.2772567011415958,151.0,397.0,0.5,620.760009765625,396.0,1785363130000.0,19.799999237060547,397.0,-0.0010000000474974513,397.0
2.5999999046325684,2.5999999046325684,124.0,75.0,116.83510288596153,1.5119999647140503,-1.2772464752197266,150.0,405.0,0.0,633.4600219726562,404.0,1785363138000.0,20.399999618530273,405.0,0.004999999888241291,405.0
2.799999952316284,2.799999952316284,126.0,75.0,116.83498051017523,1.5119999647140503,-1.2772568687796593,151.0,415.0,0.5,647.219970703125,414.0,1785363148000.0,22.0,415.0,0.00800000037997961,415.0
3.5999999046325684,3.5999999046325684,124.0,75.0,116.83485134504735,1.5019999742507935,-1.2772638257592916,150.0,425.0,0.0,661.7100219726562,424.0,1785363158000.0,20.200000762939453,425.0,0.08500000089406967,425.0
4.0,4.0,122.0,76.0,116.83474053628743,1.4930000305175781,-1.2772502470761538,153.0,434.0,0.5,674.260009765625,433.0,1785363167000.0,20.600000381469727,434.0,0.04500000178813934,434.0
4.0,4.0,124.0,76.0,116.83470281772316,1.4930000305175781,-1.2772457208484411,153.0,437.0,0.5,678.3499755859375,436.0,1785363170000.0,21.200000762939453,437.0,0.01600000075995922,437.0
4.0,4.0,126.0,75.0,116.83464934118092,1.4839999675750732,-1.2772500794380903,151.0,441.0,0.5,684.4099731445312,440.0,1785363174000.0,21.399999618530273,441.0,-0.012000000104308128,441.0
4.0,4.0,129.0,76.0,116.83455445803702,1.4739999771118164,-1.2772494927048683,153.0,448.0,0.5,694.9500122070312,447.0,1785363181000.0,21.399999618530273,448.0,0.0010000000474974513,448.0
4.199999809265137,4.199999809265137,128.0,76.0,116.83449746109545,1.4839999675750732,-1.2772541865706444,153.0,452.0,0.5,701.3499755859375,451.0,1785363185000.0,22.0,452.0,0.023000000044703484,452.0
4.199999809265137,4.199999809265137,128.0,76.0,116.83444985188544,1.4739999771118164,-1.2772552762180567,153.0,456.0,0.5,706.6400146484375,455.0,1785363189000.0,22.799999237060547,456.0,0.03999999910593033,456.0
4.199999809265137,4.199999809265137,127.0,76.0,116.83441422879696,1.4739999771118164,-1.2772562820464373,153.0,458.0,0.5,710.6099853515625,457.0,1785363191000.0,23.200000762939453,458.0,-0.039000000804662704,458.0
3.5999999046325684,3.5999999046325684,125.0,74.0,116.83426796458662,1.4739999771118164,-1.2772688549011946,148.0,469.0,0.0,726.9000244140625,468.0,1785363202000.0,22.600000381469727,469.0,-0.052000001072883606,469.0
4.400000095367432,4.400000095367432,127.0,76.0,116.83415003120899,1.4559999704360962,-1.2772687710821629,153.0,477.0,0.5,739.989990234375,476.0,1785363210000.0,22.200000762939453,477.0,0.0949999988079071,477.0
5.0,5.0,129.0,75.0,116.83405028656125,1.437000036239624,-1.2772811762988567,151.0,486.0,0.5,751.1699829101562,485.0,1785363219000.0,22.399999618530273,486.0,0.07500000298023224,486.0
5.400000095367432,5.400000095367432,124.0,75.0,116.83399706147611,1.409000039100647,-1.2772842776030302,151.0,491.0,0.5,757.1300048828125,490.0,1785363224000.0,22.600000381469727,491.0,0.07400000095367432,491.0
5.599999904632568,5.599999904632568,121.0,75.0,116.83395883999765,1.399999976158142,-1.2772833555936813,150.0,494.0,0.0,761.3900146484375,493.0,1785363227000.0,22.600000381469727,494.0,0.06499999761581421,494.0
5.800000190734863,5.800000190734863,120.0,75.0,116.83389664627612,1.3899999856948853,-1.2772891391068697,150.0,498.0,0.0,768.3499755859375,497.0,1785363231000.0,22.799999237060547,498.0,0.050999999046325684,498.0
6.599999904632568,6.599999904632568,120.0,75.0,116.83376622386277,1.409000039100647,-1.2772883847355843,151.0,507.0,0.5,783.0800170898438,506.0,1785363240000.0,22.0,507.0,0.08699999749660492,507.0
7.599999904632568,7.599999904632568,122.0,75.0,116.83363739401102,1.4279999732971191,-1.2772824335843325,150.0,516.0,0.0,797.3699951171875,515.0,1785363249000.0,23.600000381469727,516.0,0.1080000028014183,516.0
8.0,8.0,124.0,75.0,116.83347830548882,1.4559999704360962,-1.277286373078823,151.0,527.0,0.5,815.0900268554688,526.0,1785363260000.0,27.399999618530273,527.0,0.035999998450279236,527.0
9.0,9.0,126.0,73.0,116.83334193192422,1.4839999675750732,-1.2772867921739817,147.0,538.0,0.5,830.3099975585938,537.0,1785363271000.0,30.200000762939453,538.0,0.0820000022649765,538.0
9.600000381469727,9.600000381469727,125.0,75.0,116.83327286504209,1.4739999771118164,-1.2772815115749836,150.0,545.0,0.0,837.6599731445312,544.0,1785363278000.0,31.799999237060547,545.0,0.09000000357627869,545.0
10.0,10.0,124.0,74.0,116.83316892944276,1.465000033378601,-1.2772293761372566,148.0,554.0,0.0,849.989990234375,553.0,1785363287000.0,34.0,554.0,0.06199999898672104,554.0
9.800000190734863,9.800000190734863,123.0,75.0,116.83307614177465,1.4279999732971191,-1.277179168537259,150.0,562.0,0.0,861.3699951171875,561.0,1785363295000.0,35.599998474121094,562.0,-0.035999998450279236,562.0
8.600000381469727,8.600000381469727,125.0,75.0,116.83293608017266,1.4559999704360962,-1.2771075870841742,150.0,571.0,0.0,877.219970703125,570.0,1785363304000.0,39.0,571.0,-0.12700000405311584,571.0
8.399999618530273,8.399999618530273,124.0,74.0,116.83284203521907,1.465000033378601,-1.2770593911409378,148.0,579.0,0.0,888.6500244140625,578.0,1785363312000.0,41.400001525878906,579.0,-0.028999999165534973,579.0
7.800000190734863,7.800000190734863,121.0,74.0,116.83273080736399,1.465000033378601,-1.2771088443696499,148.0,586.0,0.0,901.6199951171875,585.0,1785363319000.0,42.79999923706055,586.0,-0.08900000154972076,586.0
7.599999904632568,7.599999904632568,119.0,74.0,116.83270448818803,1.465000033378601,-1.2771171424537897,148.0,588.0,0.0,904.510009765625,587.0,1785363321000.0,43.0,588.0,-0.07999999821186066,588.0
6.800000190734863,6.800000190734863,117.0,74.0,116.83258202858269,1.4839999675750732,-1.2771469820290804,148.0,597.0,0.0,918.3800048828125,596.0,1785363330000.0,43.20000076293945,597.0,-0.0860000029206276,597.0
6.0,6.0,119.0,75.0,116.8324433080852,1.5019999742507935,-1.2771904841065407,150.0,607.0,0.0,934.2000122070312,606.0,1785363340000.0,38.20000076293945,607.0,-0.0949999988079071,607.0
5.0,5.0,120.0,72.0,116.83229612186551,1.5299999713897705,-1.2772309686988592,145.0,619.0,0.5,950.7100219726562,618.0,1785363352000.0,31.0,619.0,-0.07199999690055847,619.0
5.599999904632568,5.599999904632568,119.0,74.0,116.83216595090926,1.5490000247955322,-1.2772579584270716,149.0,630.0,0.5,965.4400024414062,629.0,1785363363000.0,25.0,630.0,0.0430000014603138,630.0
6.0,6.0,121.0,73.0,116.83205581270158,1.5399999618530273,-1.2772722076624632,146.0,639.0,0.0,977.719970703125,638.0,1785363372000.0,23.399999618530273,639.0,0.04399999976158142,639.0
6.0,6.0,122.0,74.0,116.83189270086586,1.5299999713897705,-1.2772823497653008,149.0,651.0,0.5,995.8900146484375,650.0,1785363384000.0,23.799999237060547,651.0,0.006000000052154064,651.0
6.0,6.0,122.0,72.0,116.83185456320643,1.5299999713897705,-1.277285786345601,144.0,654.0,0.0,1000.1599731445312,653.0,1785363387000.0,24.200000762939453,654.0,0.0,654.0
6.0,6.0,122.0,73.0,116.83176336809993,1.5210000276565552,-1.2772947549819946,146.0,661.0,0.0,1010.3800048828125,660.0,1785363394000.0,24.0,661.0,0.0,661.0
7.199999809265137,7.199999809265137,122.0,74.0,116.83165038004518,1.5119999647140503,-1.2773194815963507,148.0,670.0,0.0,1023.510009765625,669.0,1785363403000.0,22.399999618530273,670.0,0.12999999523162842,670.0
8.399999618530273,8.399999618530273,122.0,74.0,116.83150713331997,1.4930000305175781,-1.2773257680237293,148.0,680.0,0.0,1039.52001953125,679.0,1785363413000.0,21.200000762939453,680.0,0.12399999797344208,680.0
9.0,9.0,123.0,73.0,116.8313782196492,1.4739999771118164,-1.277332054451108,147.0,690.0,0.5,1054.0,689.0,1785363423000.0,20.799999237060547,690.0,0.057999998331069946,690.0
9.800000190734863,9.800000190734863,121.0,73.0,116.83125483803451,1.4459999799728394,-1.2773230019956827,146.0,700.0,0.0,1067.81005859375,699.0,1785363433000.0,20.799999237060547,700.0,0.08699999749660492,700.0
11.0,11.0,122.0,73.0,116.83111779391766,1.4179999828338623,-1.277328534051776,147.0,711.0,0.5,1083.0799560546875,710.0,1785363444000.0,19.399999618530273,711.0,0.10499999672174454,711.0
12.0,12.0,122.0,73.0,116.83099164627492,1.4179999828338623,-1.2773292046040297,146.0,721.0,0.0,1097.1400146484375,720.0,1785363454000.0,19.200000762939453,721.0,0.09099999815225601,721.0
12.399999618530273,12.399999618530273,125.0,73.0,116.83090254664421,1.4179999828338623,-1.2773206550627947,147.0,727.0,0.5,1107.1099853515625,726.0,1785363460000.0,20.799999237060547,727.0,0.07100000232458115,727.0
12.199999809265137,12.199999809265137,128.0,74.0,116.83085141703486,1.437000036239624,-1.2773245107382536,149.0,731.0,0.5,1112.81005859375,730.0,1785363464000.0,21.600000381469727,731.0,-0.04899999871850014,731.0
12.0,12.0,129.0,74.0,116.83083607815206,1.437000036239624,-1.2773230019956827,149.0,732.0,0.5,1114.489990234375,731.0,1785363465000.0,21.799999237060547,732.0,-0.05000000074505806,732.0
13.199999809265137,13.199999809265137,127.0,73.0,116.830685287714,1.4559999704360962,-1.2772920727729797,147.0,742.0,0.5,1131.550048828125,741.0,1785363475000.0,24.600000381469727,742.0,0.11299999803304672,742.0
14.0,14.0,126.0,75.0,116.83057565242052,1.465000033378601,-1.277286121621728,151.0,750.0,0.5,1143.72998046875,749.0,1785363483000.0,27.600000381469727,750.0,0.09700000286102295,750.0
13.800000190734863,13.800000190734863,124.0,73.0,116.83043165132403,1.4839999675750732,-1.2772944197058678,147.0,760.0,0.5,1159.949951171875,759.0,1785363493000.0,27.799999237060547,760.0,-0.02199999988079071,760.0
13.399999618530273,13.399999618530273,121.0,72.0,116.83034137822688,1.4930000305175781,-1.277317050844431,144.0,767.0,0.0,1170.1300048828125,766.0,1785363500000.0,28.0,767.0,-0.06700000166893005,767.0
13.199999809265137,13.199999809265137,119.0,71.0,116.83028739877045,1.5019999742507935,-1.2773310486227274,143.0,771.0,0.5,1176.199951171875,770.0,1785363504000.0,26.399999618530273,771.0,-0.03799999877810478,771.0
12.800000190734863,12.800000190734863,121.0,73.0,116.8301532883197,1.4559999704360962,-1.277344711124897,147.0,782.0,0.5,1191.3299560546875,781.0,1785363515000.0,17.799999237060547,782.0,-0.03400000184774399,782.0
12.199999809265137,12.199999809265137,121.0,72.0,116.83005689643323,1.4559999704360962,-1.2773395981639624,144.0,790.0,0.0,1202.050048828125,789.0,1785363523000.0,16.0,790.0,-0.0689999982714653,790.0
11.800000190734863,11.800000190734863,120.0,71.0,116.82992354035378,1.437000036239624,-1.27733850851655,143.0,800.0,0.5,1216.9200439453125,799.0,1785363533000.0,14.600000381469727,800.0,-0.04800000041723251,800.0
10.800000190734863,10.800000190734863,120.0,72.0,116.82982379570603,1.4459999799728394,-1.277358289808035,144.0,807.0,0.0,1228.3199462890625,806.0,1785363540000.0,14.199999809265137,807.0,-0.13300000131130219,807.0
10.600000381469727,10.600000381469727,120.0,72.0,116.82980795390904,1.4459999799728394,-1.2773572839796543,144.0,808.0,0.0,1230.0799560546875,807.0,1785363541000.0,14.199999809265137,808.0,-0.17499999701976776,808.0
9.600000381469727,9.600000381469727,121.0,72.0,116.82969706133008,1.465000033378601,-1.277374131605029,144.0,817.0,0.0,1242.6500244140625,816.0,1785363550000.0,15.800000190734863,817.0,-0.12600000202655792,817.0
8.600000381469727,8.600000381469727,122.0,73.0,116.82961500249803,1.465000033378601,-1.2773856148123741,146.0,824.0,0.0,1251.8499755859375,823.0,1785363557000.0,16.799999237060547,824.0,-0.12099999934434891,824.0
8.600000381469727,8.600000381469727,122.0,73.0,116.82960184291005,1.4559999704360962,-1.2773835193365812,146.0,825.0,0.0,1253.3399658203125,824.0,1785363558000.0,17.0,825.0,-0.15000000596046448,825.0
7.800000190734863,7.800000190734863,119.0,73.0,116.82950117625296,1.437000036239624,-1.2773799151182175,146.0,832.0,0.0,1264.47998046875,831.0,1785363565000.0,18.399999618530273,832.0,-0.10899999737739563,832.0
7.599999904632568,7.599999904632568,119.0,73.0,116.82948935776949,1.437000036239624,-1.2773781549185514,146.0,833.0,0.0,1265.780029296875,832.0,1785363566000.0,18.399999618530273,833.0,-0.08500000089406967,833.0
6.800000190734863,6.800000190734863,119.0,72.0,116.82937980629504,1.4459999799728394,-1.2773795798420906,144.0,841.0,0.0,1277.93994140625,840.0,1785363574000.0,20.0,841.0,-0.0989999994635582,841.0
6.0,6.0,120.0,73.0,116.82925290428102,1.4459999799728394,-1.277370946481824,146.0,850.0,0.0,1292.0699462890625,849.0,1785363583000.0,22.200000762939453,850.0,-0.09700000286102295,850.0
6.0,6.0,120.0,72.0,116.82917822152376,1.4279999732971191,-1.2773774843662977,144.0,857.0,0.0,1300.4000244140625,856.0,1785363590000.0,22.200000762939453,857.0,0.0,857.0
6.0,6.0,120.0,72.0,116.82908643968403,1.4179999828338623,-1.2773950025439262,144.0,866.0,0.0,1310.969970703125,865.0,1785363599000.0,20.799999237060547,866.0,0.0,866.0
6.0,6.0,117.0,75.0,116.82900656014681,1.4179999828338623,-1.2773946672677994,151.0,872.0,0.5,1319.7900390625,871.0,1785363605000.0,20.799999237060547,872.0,-0.009999999776482582,872.0
5.800000190734863,5.800000190734863,116.0,72.0,116.82893388904631,1.437000036239624,-1.2773896381258965,144.0,877.0,0.0,1327.8299560546875,876.0,1785363610000.0,21.0,877.0,-0.023000000044703484,877.0
5.800000190734863,5.800000190734863,119.0,75.0,116.82881427928805,1.465000033378601,-1.2773793283849955,151.0,886.0,0.5,1341.1600341796875,885.0,1785363619000.0,21.600000381469727,886.0,-0.004000000189989805,886.0
5.599999904632568,5.599999904632568,119.0,73.0,116.82869701646268,1.4839999675750732,-1.2773749697953463,146.0,895.0,0.0,1354.1099853515625,894.0,1785363628000.0,22.0,895.0,-0.028999999165534973,895.0
5.400000095367432,5.400000095367432,118.0,73.0,116.82865837588906,1.4739999771118164,-1.2773684319108725,146.0,898.0,0.0,1358.3499755859375,897.0,1785363631000.0,23.0,898.0,-0.06199999898672104,898.0
5.199999809265137,5.199999809265137,120.0,74.0,116.8286043126136,1.4739999771118164,-1.277372119948268,149.0,902.0,0.5,1364.449951171875,901.0,1785363635000.0,23.799999237060547,902.0,-0.041999999433755875,902.0
5.0,5.0,122.0,74.0,116.82855444028974,1.4739999771118164,-1.2773774843662977,149.0,906.0,0.5,1370.0799560546875,905.0,1785363639000.0,24.0,906.0,-0.03500000014901161,906.0
4.800000190734863,4.800000190734863,123.0,74.0,116.82849803008139,1.4739999771118164,-1.2773660849779844,149.0,910.0,0.5,1376.300048828125,909.0,1785363643000.0,23.799999237060547,910.0,-0.07100000232458115,910.0
4.599999904632568,4.599999904632568,122.0,74.0,116.82837590575218,1.5019999742507935,-1.2773654982447624,148.0,918.0,0.0,1389.719970703125,917.0,1785363651000.0,24.200000762939453,918.0,-0.023000000044703484,918.0
4.199999809265137,4.199999809265137,123.0,74.0,116.82826962321997,1.5399999618530273,-1.2773758079856634,149.0,925.0,0.5,1401.719970703125,924.0,1785363658000.0,25.0,925.0,-0.04899999871850014,925.0
4.0,4.0,120.0,73.0,116.82821354828775,1.5579999685287476,-1.277382681146264,146.0,929.0,0.0,1408.02001953125,928.0,1785363662000.0,25.200000762939453,929.0,-0.04399999976158142,929.0
3.799999952316284,3.799999952316284,118.0,72.0,116.82815445587039,1.5579999685287476,-1.2774016242474318,144.0,934.0,0.0,1414.8599853515625,933.0,1785363667000.0,25.799999237060547,934.0,-0.028999999165534973,934.0
4.0,4.0,115.0,72.0,116.82810198515654,1.5299999713897705,-1.2774137780070305,144.0,939.0,0.0,1420.81005859375,938.0,1785363672000.0,25.399999618530273,939.0,0.003000000026077032,939.0
4.0,4.0,114.0,73.0,116.82803258299828,1.5119999647140503,-1.2774353194981813,146.0,944.0,0.0,1428.81005859375,943.0,1785363677000.0,24.0,944.0,0.01600000075995922,944.0
4.0,4.0,117.0,74.0,116.82791942730546,1.5210000276565552,-1.277460716664791,149.0,953.0,0.5,1441.75,952.0,1785363686000.0,21.399999618530273,953.0,0.0010000000474974513,953.0
4.199999809265137,4.199999809265137,120.0,74.0,116.82783611118793,1.5210000276565552,-1.2774830125272274,148.0,960.0,0.0,1451.260009765625,959.0,1785363693000.0,20.799999237060547,960.0,0.03400000184774399,960.0
4.400000095367432,4.400000095367432,120.0,74.0,116.82782261632383,1.5210000276565552,-1.2774865329265594,148.0,961.0,0.0,1452.8199462890625,960.0,1785363694000.0,20.600000381469727,961.0,0.09700000286102295,961.0
5.199999809265137,5.199999809265137,119.0,72.0,116.82769403792918,1.5119999647140503,-1.2775310408324003,144.0,971.0,0.0,1467.93994140625,970.0,1785363704000.0,20.0,971.0,0.09300000220537186,971.0
6.199999809265137,6.199999809265137,120.0,75.0,116.8275479413569,1.4930000305175781,-1.2775752134621143,151.0,982.0,0.5,1484.9000244140625,981.0,1785363715000.0,19.600000381469727,982.0,0.0820000022649765,982.0
6.599999904632568,6.599999904632568,121.0,75.0,116.82744945399463,1.5019999742507935,-1.277579739689827,151.0,991.0,0.5,1496.02001953125,990.0,1785363724000.0,17.600000381469727,991.0,0.039000000804662704,991.0
6.800000190734863,6.800000190734863,120.0,75.0,116.82735507376492,1.465000033378601,-1.277581499889493,151.0,999.0,0.5,1506.6099853515625,998.0,1785363732000.0,16.200000762939453,999.0,0.041999999433755875,999.0
6.599999904632568,6.599999904632568,120.0,73.0,116.82722716592252,1.465000033378601,-1.2775923125445843,146.0,1008.0,0.0,1520.8699951171875,1007.0,1785363741000.0,15.800000190734863,1008.0,-0.017999999225139618,1008.0
6.199999809265137,6.199999809265137,118.0,74.0,116.82709422893822,1.465000033378601,-1.2776436936110258,148.0,1018.0,0.0,1536.6700439453125,1017.0,1785363751000.0,15.600000381469727,1018.0,-0.04800000041723251,1018.0
5.199999809265137,5.199999809265137,118.0,73.0,116.82693178765476,1.465000033378601,-1.2776886206120253,146.0,1030.0,0.0,1555.4300537109375,1029.0,1785363763000.0,17.0,1030.0,-0.07999999821186066,1030.0
4.199999809265137,4.199999809265137,117.0,73.0,116.82679180987179,1.4839999675750732,-1.277715777978301,146.0,1041.0,0.0,1571.3800048828125,1040.0,1785363774000.0,17.600000381469727,1041.0,-0.09200000017881393,1041.0
4.0,4.0,114.0,74.0,116.826694579795,1.4930000305175781,-1.2777400854974985,149.0,1049.0,0.5,1582.6600341796875,1048.0,1785363782000.0,16.600000381469727,1049.0,-0.019999999552965164,1049.0
4.199999809265137,4.199999809265137,117.0,73.0,116.82659475132823,1.4930000305175781,-1.2777621299028397,147.0,1057.0,0.5,1594.050048828125,1056.0,1785363790000.0,14.800000190734863,1057.0,0.009999999776482582,1057.0
4.199999809265137,4.199999809265137,116.0,73.0,116.82652677409351,1.4739999771118164,-1.2777692545205355,146.0,1062.0,0.0,1601.6099853515625,1061.0,1785363795000.0,13.600000381469727,1062.0,0.004999999888241291,1062.0
4.0,4.0,117.0,73.0,116.82642694562674,1.4739999771118164,-1.2777933944016695,146.0,1070.0,0.0,1613.010009765625,1069.0,1785363803000.0,13.399999618530273,1070.0,-0.013000000268220901,1070.0
3.5999999046325684,3.5999999046325684,120.0,72.0,116.82627875357866,1.4739999771118164,-1.277806805446744,144.0,1081.0,0.0,1629.5799560546875,1080.0,1785363814000.0,12.399999618530273,1081.0,-0.04399999976158142,1081.0
3.5999999046325684,3.5999999046325684,120.0,73.0,116.82626676745713,1.4739999771118164,-1.2778099067509174,147.0,1082.0,0.5,1630.9599609375,1081.0,1785363815000.0,12.199999809265137,1082.0,-0.03200000151991844,1082.0
3.200000047683716,3.200000047683716,120.0,72.0,116.82613248936832,1.4279999732971191,-1.2778493016958237,144.0,1094.0,0.0,1646.52001953125,1093.0,1785363827000.0,10.800000190734863,1094.0,-0.02800000086426735,1094.0
2.4000000953674316,2.4000000953674316,119.0,73.0,116.82600047439337,1.4179999828338623,-1.2778664845973253,147.0,1104.0,0.5,1661.3199462890625,1103.0,1785363837000.0,11.800000190734863,1104.0,-0.07800000160932541,1104.0
1.7999999523162842,1.7999999523162842,119.0,72.0,116.82588832452893,1.409000039100647,-1.2778747826814651,145.0,1113.0,0.5,1673.8499755859375,1112.0,1785363846000.0,12.399999618530273,1113.0,-0.0820000022649765,1113.0
2.200000047683716,2.200000047683716,118.0,73.0,116.82578380219638,1.399999976158142,-1.2779117468744516,147.0,1121.0,0.5,1686.280029296875,1120.0,1785363854000.0,14.800000190734863,1121.0,0.05000000074505806,1121.0
2.4000000953674316,2.4000000953674316,115.0,73.0,116.82570517994463,1.409000039100647,-1.277918117120862,147.0,1127.0,0.5,1695.1600341796875,1126.0,1785363860000.0,17.200000762939453,1127.0,0.04100000113248825,1127.0
2.5999999046325684,2.5999999046325684,116.0,73.0,116.82567517273128,1.4179999828338623,-1.2779207155108452,147.0,1129.0,0.5,1698.47998046875,1128.0,1785363862000.0,18.0,1129.0,0.16200000047683716,1129.0
3.4000000953674316,3.4000000953674316,118.0,71.0,116.82553175836802,1.4279999732971191,-1.2779814004898071,143.0,1140.0,0.5,1715.6700439453125,1139.0,1785363873000.0,22.600000381469727,1140.0,0.06599999964237213,1140.0
3.799999952316284,3.799999952316284,121.0,73.0,116.8254476878792,1.437000036239624,-1.2780003435909748,146.0,1147.0,0.0,1725.260009765625,1146.0,1785363880000.0,25.399999618530273,1147.0,0.0430000014603138,1147.0
3.799999952316284,3.799999952316284,121.0,73.0,116.82541600428522,1.437000036239624,-1.2780127488076687,147.0,1150.0,0.5,1729.050048828125,1149.0,1785363883000.0,25.799999237060547,1150.0,0.03799999877810478,1150.0
4.0,4.0,118.0,72.0,116.82537283748388,1.4179999828338623,-1.2780275009572506,144.0,1154.0,0.0,1734.1300048828125,1153.0,1785363887000.0,25.799999237060547,1154.0,0.039000000804662704,1154.0
4.400000095367432,4.400000095367432,116.0,74.0,116.82531382888556,1.409000039100647,-1.2780442647635937,148.0,1159.0,0.0,1740.9599609375,1158.0,1785363892000.0,26.0,1159.0,0.07900000363588333,1159.0
5.0,5.0,115.0,73.0,116.82517250999808,1.409000039100647,-1.2780754454433918,146.0,1170.0,0.0,1756.989990234375,1169.0,1785363903000.0,26.399999618530273,1170.0,0.0560000017285347,1170.0
5.800000190734863,5.800000190734863,116.0,74.0,116.82505432516336,1.4179999828338623,-1.278119282796979,148.0,1180.0,0.0,1771.3800048828125,1179.0,1785363913000.0,24.200000762939453,1180.0,0.07100000232458115,1180.0
6.599999904632568,6.599999904632568,117.0,73.0,116.82493429630995,1.4279999732971191,-1.2781279161572456,146.0,1190.0,0.0,1784.9200439453125,1189.0,1785363923000.0,22.600000381469727,1190.0,0.0820000022649765,1190.0
7.400000095367432,7.400000095367432,118.0,72.0,116.82480110786855,1.409000039100647,-1.2781776208430529,144.0,1201.0,0.0,1800.6300048828125,1200.0,1785363934000.0,18.0,1201.0,0.07199999690055847,1201.0
7.400000095367432,7.400000095367432,118.0,75.0,116.82468920946121,1.3899999856948853,-1.278192875906825,150.0,1212.0,0.0,1813.219970703125,1211.0,1785363945000.0,15.399999618530273,1212.0,0.009999999776482582,1212.0
7.400000095367432,7.400000095367432,119.0,73.0,116.82464428246021,1.3619999885559082,-1.27819262444973,147.0,1215.0,0.5,1818.22998046875,1214.0,1785363948000.0,14.800000190734863,1215.0,-0.0010000000474974513,1215.0
7.599999904632568,7.599999904632568,119.0,72.0,116.82458594441414,1.3619999885559082,-1.2782119866460562,145.0,1219.0,0.5,1825.1199951171875,1218.0,1785363952000.0,14.800000190734863,1219.0,0.05000000074505806,1219.0
7.400000095367432,7.400000095367432,120.0,72.0,116.82443741708994,1.399999976158142,-1.2782575003802776,144.0,1230.0,0.0,1842.469970703125,1229.0,1785363963000.0,16.399999618530273,1230.0,-0.029999999329447746,1230.0
6.400000095367432,6.400000095367432,119.0,72.0,116.82429484091699,1.437000036239624,-1.278288345783949,145.0,1241.0,0.5,1858.7099609375,1240.0,1785363974000.0,17.200000762939453,1241.0,-0.08799999952316284,1241.0
5.800000190734863,5.800000190734863,121.0,71.0,116.82416995055974,1.4459999799728394,-1.2783190235495567,143.0,1251.0,0.5,1873.0400390625,1250.0,1785363984000.0,17.399999618530273,1251.0,-0.04500000178813934,1251.0
5.0,5.0,121.0,74.0,116.82400851510465,1.4839999675750732,-1.2783467676490545,149.0,1263.0,0.5,1891.25,1262.0,1785363996000.0,14.399999618530273,1263.0,-0.07199999690055847,1263.0
4.400000095367432,4.400000095367432,124.0,76.0,116.82387532666326,1.5119999647140503,-1.2783673871308565,152.0,1273.0,0.0,1906.25,1272.0,1785364006000.0,12.199999809265137,1273.0,-0.07100000232458115,1273.0
4.199999809265137,4.199999809265137,124.0,74.0,116.82382780127227,1.5119999647140503,-1.2783711589872837,148.0,1276.0,0.0,1911.550048828125,1275.0,1785364009000.0,12.0,1276.0,-0.04800000041723251,1276.0
3.799999952316284,3.799999952316284,124.0,74.0,116.82369796559215,1.5299999713897705,-1.2783918622881174,148.0,1287.0,0.0,1926.3399658203125,1286.0,1785364020000.0,11.399999618530273,1287.0,-0.02800000086426735,1287.0
4.0,4.0,125.0,73.0,116.8235709797591,1.5019999742507935,-1.2784196063876152,146.0,1297.0,0.0,1940.8800048828125,1296.0,1785364030000.0,11.199999809265137,1297.0,0.019999999552965164,1297.0
4.400000095367432,4.400000095367432,125.0,73.0,116.82346176356077,1.4739999771118164,-1.2784333527088165,146.0,1306.0,0.0,1953.1700439453125,1305.0,1785364039000.0,11.800000190734863,1306.0,0.041999999433755875,1306.0
4.599999904632568,4.599999904632568,122.0,75.0,116.82337769307196,1.4739999771118164,-1.2784484401345253,150.0,1312.0,0.0,1962.760009765625,1311.0,1785364045000.0,11.399999618530273,1312.0,0.03200000151991844,1312.0
4.599999904632568,4.599999904632568,123.0,73.0,116.82332983240485,1.4739999771118164,-1.2784652877599,146.0,1316.0,0.0,1968.3800048828125,1315.0,1785364049000.0,12.199999809265137,1316.0,0.014999999664723873,1316.0
5.0,5.0,123.0,73.0,116.82318021543324,1.4839999675750732,-1.2784790340811014,146.0,1327.0,0.0,1985.2900390625,1326.0,1785364060000.0,13.800000190734863,1327.0,0.02800000086426735,1327.0
5.0,5.0,120.0,72.0,116.8230852484703,1.465000033378601,-1.2784895114600658,145.0,1335.0,0.5,1995.8900146484375,1334.0,1785364068000.0,16.799999237060547,1335.0,0.0,1335.0
4.800000190734863,4.800000190734863,118.0,74.0,116.82305239140987,1.4559999704360962,-1.2784948758780956,148.0,1338.0,0.0,1999.5999755859375,1337.0,1785364071000.0,17.600000381469727,1338.0,-0.04600000008940697,1338.0
4.800000190734863,4.800000190734863,118.0,74.0,116.82304224930704,1.4459999799728394,-1.2784945406019688,148.0,1339.0,0.0,2000.719970703125,1338.0,1785364072000.0,17.799999237060547,1339.0,-0.03500000014901161,1339.0
4.400000095367432,4.400000095367432,122.0,73.0,116.82294786907732,1.4279999732971191,-1.2785087898373604,146.0,1346.0,0.0,2011.3800048828125,1345.0,1785364079000.0,18.200000762939453,1346.0,-0.0560000017285347,1346.0
4.400000095367432,4.400000095367432,122.0,73.0,116.82291903533041,1.4279999732971191,-1.27851658500731,146.0,1348.0,0.0,2014.699951171875,1347.0,1785364081000.0,18.0,1348.0,-0.06599999964237213,1348.0
4.0,4.0,122.0,72.0,116.82282323017716,1.437000036239624,-1.2785457540303469,144.0,1356.0,0.0,2025.8499755859375,1355.0,1785364089000.0,16.799999237060547,1356.0,-0.032999999821186066,1356.0
4.0,4.0,122.0,73.0,116.82279573753476,1.4279999732971191,-1.2785481847822666,146.0,1358.0,0.0,2028.9100341796875,1357.0,1785364091000.0,16.399999618530273,1358.0,-0.013000000268220901,1358.0
4.0,4.0,119.0,72.0,116.8227334599942,1.4279999732971191,-1.278567211702466,144.0,1363.0,0.0,2036.1500244140625,1362.0,1785364096000.0,15.600000381469727,1363.0,-0.01600000075995922,1363.0
3.799999952316284,3.799999952316284,119.0,72.0,116.82265450246632,1.4179999828338623,-1.2785871606320143,144.0,1369.0,0.0,2045.199951171875,1368.0,1785364102000.0,15.0,1369.0,-0.012000000104308128,1369.0
4.0,4.0,119.0,72.0,116.82253145612776,1.409000039100647,-1.2786161620169878,144.0,1379.0,0.0,2059.409912109375,1378.0,1785364112000.0,15.0,1379.0,0.009999999776482582,1379.0
3.799999952316284,3.799999952316284,122.0,70.0,116.82246699929237,1.409000039100647,-1.2786354403942823,141.0,1385.0,0.5,2066.97998046875,1384.0,1785364118000.0,14.199999809265137,1385.0,-0.017000000923871994,1385.0
3.5999999046325684,3.5999999046325684,125.0,71.0,116.82239701040089,1.3899999856948853,-1.2786500249058008,142.0,1391.0,0.0,2074.9599609375,1390.0,1785364124000.0,13.600000381469727,1391.0,-0.032999999821186066,1391.0
3.5999999046325684,3.5999999046325684,125.0,71.0,116.8223706074059,1.38100004196167,-1.278660837560892,142.0,1393.0,0.0,2078.1298828125,1392.0,1785364126000.0,13.800000190734863,1393.0,-0.02800000086426735,1393.0
3.4000000953674316,3.4000000953674316,126.0,72.0,116.82228226214647,1.371999979019165,-1.2786801159381866,144.0,1399.0,0.0,2088.330078125,1398.0,1785364132000.0,14.600000381469727,1399.0,-0.04100000113248825,1399.0
3.200000047683716,3.200000047683716,123.0,71.0,116.82217363268137,1.38100004196167,-1.2787293177098036,142.0,1408.0,0.0,2101.570068359375,1407.0,1785364141000.0,16.399999618530273,1408.0,-0.024000000208616257,1408.0
3.0,3.0,122.0,72.0,116.82212091051042,1.3899999856948853,-1.278743064031005,145.0,1412.0,0.5,2107.639892578125,1411.0,1785364145000.0,17.600000381469727,1412.0,-0.03500000014901161,1412.0
2.5999999046325684,2.5999999046325684,123.0,72.0,116.82200071401894,1.4279999732971191,-1.2787600792944431,144.0,1422.0,0.0,2121.219970703125,1421.0,1785364155000.0,19.200000762939453,1422.0,-0.03700000047683716,1422.0
2.200000047683716,2.200000047683716,123.0,72.0,116.82185805402696,1.4279999732971191,-1.278799306601286,145.0,1434.0,0.5,2137.719970703125,1433.0,1785364167000.0,17.600000381469727,1434.0,-0.03099999949336052,1434.0
2.0,2.0,124.0,73.0,116.8217003904283,1.4459999799728394,-1.2788320798426867,146.0,1446.0,0.0,2155.68994140625,1445.0,1785364179000.0,15.800000190734863,1446.0,-0.02199999988079071,1446.0
2.0,2.0,123.0,72.0,116.8215901684016,1.4459999799728394,-1.2788513582199812,145.0,1455.0,0.5,2168.14990234375,1454.0,1785364188000.0,15.800000190734863,1455.0,0.0,1455.0
2.0,2.0,120.0,74.0,116.82151506654918,1.4559999704360962,-1.27887231297791,148.0,1461.0,0.0,2176.820068359375,1460.0,1785364194000.0,15.800000190734863,1461.0,0.0,1461.0
2.0,2.0,118.0,72.0,116.82146661914885,1.4559999704360962,-1.278874659910798,144.0,1465.0,0.0,2182.169921875,1464.0,1785364198000.0,15.0,1465.0,0.0,1465.0
2.200000047683716,2.200000047683716,117.0,72.0,116.82134667411447,1.4459999799728394,-1.278894441202283,145.0,1475.0,0.5,2195.659912109375,1474.0,1785364208000.0,14.0,1475.0,0.023000000044703484,1475.0
2.5999999046325684,2.5999999046325684,117.0,71.0,116.82123033329844,1.4279999732971191,-1.2789226043969393,142.0,1485.0,0.0,2208.969970703125,1484.0,1785364218000.0,12.800000190734863,1485.0,0.03200000151991844,1485.0
3.4000000953674316,3.4000000953674316,115.0,72.0,116.82109194807708,1.399999976158142,-1.2789490073919296,145.0,1496.0,0.5,2224.780029296875,1495.0,1785364229000.0,11.800000190734863,1496.0,0.07199999690055847,1496.0
3.5999999046325684,3.5999999046325684,117.0,73.0,116.82099756784737,1.409000039100647,-1.2789822835475206,146.0,1504.0,0.0,2235.989990234375,1503.0,1785364237000.0,13.399999618530273,1504.0,0.027000000700354576,1504.0
4.0,4.0,119.0,72.0,116.82089162059128,1.399999976158142,-1.2790153082460165,144.0,1513.0,0.0,2248.3798828125,1512.0,1785364246000.0,14.800000190734863,1513.0,0.05000000074505806,1513.0
5.199999809265137,5.199999809265137,119.0,72.0,116.82078835554421,1.38100004196167,-1.279043722897768,145.0,1522.0,0.5,2260.260009765625,1521.0,1785364255000.0,14.800000190734863,1522.0,0.13500000536441803,1522.0
6.599999904632568,6.599999904632568,121.0,71.0,116.82067100889981,1.38100004196167,-1.2790591455996037,142.0,1531.0,0.0,2273.4599609375,1530.0,1785364264000.0,15.399999618530273,1531.0,0.1469999998807907,1531.0
6.800000190734863,6.800000190734863,124.0,72.0,116.82061241939664,1.38100004196167,-1.279066102579236,144.0,1535.0,0.0,2280.02001953125,1534.0,1785364268000.0,14.600000381469727,1535.0,0.07800000160932541,1535.0
7.0,7.0,125.0,73.0,116.82051024399698,1.3899999856948853,-1.2790886498987675,147.0,1543.0,0.5,2291.659912109375,1542.0,1785364276000.0,13.199999809265137,1543.0,0.009999999776482582,1543.0
7.0,7.0,122.0,72.0,116.82044955901802,1.3899999856948853,-1.2791054137051105,144.0,1548.0,0.0,2298.679931640625,1547.0,1785364281000.0,13.199999809265137,1548.0,0.012000000104308128,1548.0
6.800000190734863,6.800000190734863,121.0,73.0,116.82034428231418,1.399999976158142,-1.2791184894740582,146.0,1556.0,0.0,2310.489990234375,1555.0,1785364289000.0,13.399999618530273,1556.0,-0.02199999988079071,1556.0
6.599999904632568,6.599999904632568,118.0,72.0,116.82028284296393,1.409000039100647,-1.2791302241384983,144.0,1561.0,0.0,2317.449951171875,1560.0,1785364294000.0,14.600000381469727,1561.0,-0.061000000685453415,1561.0
6.199999809265137,6.199999809265137,115.0,71.0,116.82022307999432,1.409000039100647,-1.2791506759822369,142.0,1566.0,0.0,2324.429931640625,1565.0,1785364299000.0,14.800000190734863,1566.0,-0.07199999690055847,1566.0
6.0,6.0,115.0,73.0,116.82020790874958,1.409000039100647,-1.2791521847248077,146.0,1567.0,0.0,2326.1298828125,1566.0,1785364300000.0,14.800000190734863,1567.0,-0.06499999761581421,1567.0
5.599999904632568,5.599999904632568,117.0,72.0,116.82008016854525,1.409000039100647,-1.2791772466152906,144.0,1578.0,0.0,2340.64990234375,1577.0,1785364311000.0,15.0,1578.0,-0.052000001072883606,1578.0
5.400000095367432,5.400000095367432,118.0,71.0,116.81995737366378,1.3899999856948853,-1.2792094331234694,143.0,1588.0,0.5,2354.830078125,1587.0,1785364321000.0,15.199999809265137,1588.0,-0.008999999612569809,1588.0
4.599999904632568,4.599999904632568,117.0,72.0,116.819828459993,1.3899999856948853,-1.2792358361184597,144.0,1598.0,0.0,2369.6298828125,1597.0,1785364331000.0,14.800000190734863,1598.0,-0.08299999684095383,1598.0
4.599999904632568,4.599999904632568,120.0,70.0,116.81966425850987,1.409000039100647,-1.2792791705578566,140.0,1610.0,0.0,2388.590087890625,1609.0,1785364343000.0,15.0,1610.0,0.003000000026077032,1610.0
4.599999904632568,4.599999904632568,119.0,70.0,116.8196505960077,1.4179999828338623,-1.2792826909571886,140.0,1611.0,0.0,2390.159912109375,1610.0,1785364344000.0,15.399999618530273,1611.0,0.013000000268220901,1611.0
5.0,5.0,118.0,70.0,116.8195197544992,1.4279999732971191,-1.2793218344449997,141.0,1622.0,0.5,2405.320068359375,1621.0,1785364355000.0,16.799999237060547,1622.0,0.03700000047683716,1622.0
5.400000095367432,5.400000095367432,118.0,73.0,116.81939922273159,1.38100004196167,-1.279358547180891,146.0,1632.0,0.0,2419.330078125,1631.0,1785364365000.0,17.399999618530273,1632.0,0.0430000014603138,1632.0
5.800000190734863,5.800000190734863,118.0,71.0,116.81929604150355,1.371999979019165,-1.2793842796236277,143.0,1641.0,0.5,2431.2099609375,1640.0,1785364374000.0,16.399999618530273,1641.0,0.04100000113248825,1641.0
6.400000095367432,6.400000095367432,118.0,72.0,116.8191706482321,1.3619999885559082,-1.279403055086732,145.0,1651.0,0.5,2445.320068359375,1650.0,1785364384000.0,16.0,1651.0,0.052000001072883606,1651.0
6.800000190734863,6.800000190734863,116.0,71.0,116.81904978118837,1.3899999856948853,-1.2794002052396536,142.0,1660.0,0.0,2458.300048828125,1659.0,1785364393000.0,16.600000381469727,1660.0,0.04699999839067459,1660.0
7.400000095367432,7.400000095367432,118.0,72.0,116.8189068697393,1.38100004196167,-1.2794343195855618,145.0,1671.0,0.5,2474.68994140625,1670.0,1785364404000.0,14.600000381469727,1671.0,0.04800000041723251,1671.0
8.199999809265137,8.199999809265137,116.0,72.0,116.81876764632761,1.371999979019165,-1.279461309313774,145.0,1682.0,0.5,2490.56005859375,1681.0,1785364415000.0,13.600000381469727,1682.0,0.0820000022649765,1682.0
8.600000381469727,8.600000381469727,114.0,71.0,116.81866119615734,1.3899999856948853,-1.2794800009578466,143.0,1692.0,0.5,2502.60009765625,1691.0,1785364425000.0,14.199999809265137,1692.0,0.041999999433755875,1692.0
8.600000381469727,8.600000381469727,115.0,71.0,116.81861761026084,1.3899999856948853,-1.279481928795576,143.0,1696.0,0.5,2507.659912109375,1695.0,1785364429000.0,14.399999618530273,1696.0,-0.0020000000949949026,1696.0
8.600000381469727,8.600000381469727,114.0,72.0,116.81860662996769,1.3899999856948853,-1.2794579565525055,144.0,1698.0,0.0,2510.60009765625,1697.0,1785364431000.0,14.199999809265137,1698.0,0.009999999776482582,1698.0
8.600000381469727,8.600000381469727,117.0,0.0,116.81859875097871,1.305999994277954,-1.2794095929712057,0.0,1704.0,0.0,2516.0400390625,1703.0,1785364437000.0,13.199999809265137,1704.0,-0.004999999888241291,1704.0
8.600000381469727,8.600000381469727,117.0,0.0,116.81859682314098,1.2410000562667847,-1.2794037256389856,0.0,1705.0,0.0,2516.679931640625,1704.0,1785364438000.0,13.199999809265137,1705.0,-0.007000000216066837,1705.0
8.600000381469727,8.600000381469727,118.0,75.0,116.81863655336201,0.0,-1.2793463934212923,151.0,1710.0,0.5,2524.7099609375,1704.0,1785364443000.0,12.800000190734863,1710.0,-0.024000000208616257,1710.0
8.399999618530273,8.399999618530273,116.0,73.0,116.81874945759773,1.4459999799728394,-1.2792878039181232,146.0,1718.0,0.0,2538.64990234375,1712.0,1785364451000.0,14.0,1718.0,-0.024000000208616257,1718.0
7.800000190734863,7.800000190734863,116.0,71.0,116.81886219419539,1.4559999704360962,-1.2792626582086086,143.0,1727.0,0.5,2551.60009765625,1721.0,1785364460000.0,16.799999237060547,1727.0,-0.05400000140070915,1727.0
7.400000095367432,7.400000095367432,119.0,72.0,116.81891558691859,1.437000036239624,-1.2792545277625322,145.0,1731.0,0.5,2557.60009765625,1725.0,1785364464000.0,17.600000381469727,1731.0,-0.09600000083446503,1731.0
7.0,7.0,121.0,71.0,116.81898850947618,1.4559999704360962,-1.2792370934039354,143.0,1736.0,0.5,2565.89990234375,1730.0,1785364469000.0,18.0,1736.0,-0.10499999672174454,1736.0
5.800000190734863,5.800000190734863,122.0,70.0,116.81913368403912,1.5019999742507935,-1.2791904900223017,141.0,1747.0,0.5,2582.699951171875,1741.0,1785364480000.0,17.0,1747.0,-0.0949999988079071,1747.0
5.199999809265137,5.199999809265137,119.0,70.0,116.81925756856799,1.5019999742507935,-1.279180683195591,141.0,1756.0,0.5,2596.5400390625,1750.0,1785364489000.0,19.799999237060547,1756.0,-0.06700000166893005,1756.0
5.199999809265137,5.199999809265137,117.0,73.0,116.81929461658001,1.5019999742507935,-1.279176576063037,146.0,1759.0,0.0,2600.679931640625,1753.0,1785364492000.0,20.0,1759.0,-0.004999999888241291,1759.0
5.199999809265137,5.199999809265137,117.0,72.0,116.81941129267216,1.4839999675750732,-1.2791661825031042,145.0,1768.0,0.5,2613.909912109375,1762.0,1785364501000.0,19.799999237060547,1768.0,-0.004000000189989805,1768.0
5.0,5.0,119.0,71.0,116.819556215778,1.465000033378601,-1.2791231833398342,143.0,1779.0,0.5,2630.739990234375,1773.0,1785364512000.0,17.200000762939453,1779.0,-0.027000000700354576,1779.0
4.599999904632568,4.599999904632568,116.0,72.0,116.81965579278767,1.4839999675750732,-1.2790891528129578,145.0,1787.0,0.5,2642.330078125,1781.0,1785364520000.0,16.399999618530273,1787.0,-0.04500000178813934,1787.0
4.400000095367432,4.400000095367432,113.0,70.0,116.81968982331455,1.4839999675750732,-1.2790783401578665,141.0,1790.0,0.5,2646.280029296875,1784.0,1785364523000.0,16.399999618530273,1790.0,-0.04100000113248825,1790.0
4.199999809265137,4.199999809265137,114.0,71.0,116.81977942585945,1.4839999675750732,-1.2790503446012735,143.0,1798.0,0.5,2656.590087890625,1792.0,1785364531000.0,17.0,1798.0,-0.03999999910593033,1798.0
4.599999904632568,4.599999904632568,116.0,72.0,116.81995175778866,1.5019999742507935,-1.2790053337812424,145.0,1811.0,0.5,2676.409912109375,1805.0,1785364544000.0,18.0,1811.0,0.04100000113248825,1811.0
5.400000095367432,5.400000095367432,117.0,73.0,116.82005728594959,1.5019999742507935,-1.278992760926485,147.0,1819.0,0.5,2688.260009765625,1813.0,1785364552000.0,18.799999237060547,1819.0,0.08900000154972076,1819.0
6.199999809265137,6.199999809265137,115.0,75.0,116.8201725371182,1.5210000276565552,-1.2789702974259853,151.0,1827.0,0.5,2701.4599609375,1821.0,1785364560000.0,17.200000762939453,1827.0,0.09399999678134918,1827.0
6.599999904632568,6.599999904632568,114.0,81.0,116.82028133422136,1.6139999628067017,-1.2789435591548681,163.0,1833.0,0.5,2713.93994140625,1827.0,1785364566000.0,15.800000190734863,1833.0,0.09600000083446503,1833.0
6.800000190734863,6.800000190734863,117.0,78.0,116.82042634114623,1.8569999933242798,-1.2789140548557043,156.0,1842.0,0.0,2730.419921875,1836.0,1785364575000.0,15.199999809265137,1842.0,0.009999999776482582,1842.0
6.599999904632568,6.599999904632568,121.0,74.0,116.82046498171985,1.819000005722046,-1.2789103668183088,149.0,1845.0,0.5,2734.739990234375,1839.0,1785364578000.0,15.800000190734863,1845.0,-0.04600000008940697,1845.0
6.599999904632568,6.599999904632568,123.0,73.0,116.82047847658396,1.8009999990463257,-1.2789087742567062,147.0,1846.0,0.5,2736.25,1840.0,1785364579000.0,16.0,1846.0,-0.04899999871850014,1846.0
6.199999809265137,6.199999809265137,123.0,74.0,116.8206109944731,1.5579999685287476,-1.2788688763976097,149.0,1857.0,0.5,2751.590087890625,1851.0,1785364590000.0,16.200000762939453,1857.0,-0.04100000113248825,1857.0
5.0,5.0,123.0,73.0,116.82073957286775,1.4559999704360962,-1.2788507714867592,147.0,1867.0,0.5,2766.139892578125,1861.0,1785364600000.0,16.600000381469727,1867.0,-0.10899999737739563,1867.0
3.4000000953674316,3.4000000953674316,124.0,73.0,116.82088960893452,1.4559999704360962,-1.2788141425698996,146.0,1878.0,0.0,2783.179931640625,1872.0,1785364611000.0,17.200000762939453,1878.0,-0.1459999978542328,1878.0
3.200000047683716,3.200000047683716,123.0,70.0,116.82102623395622,1.4739999771118164,-1.2787946127355099,141.0,1889.0,0.5,2798.530029296875,1883.0,1785364622000.0,16.0,1889.0,-0.01899999938905239,1889.0
3.4000000953674316,3.4000000953674316,120.0,70.0,116.82107426226139,1.465000033378601,-1.278777765110135,141.0,1893.0,0.5,2804.18994140625,1887.0,1785364626000.0,15.0,1893.0,0.029999999329447746,1893.0
3.4000000953674316,3.4000000953674316,119.0,68.0,116.82115221396089,1.465000033378601,-1.278768377378583,136.0,1899.0,0.0,2812.93994140625,1893.0,1785364632000.0,14.199999809265137,1899.0,0.010999999940395355,1899.0
3.0,3.0,117.0,73.0,116.82126872241497,1.4559999704360962,-1.2787490990012884,146.0,1908.0,0.0,2826.0400390625,1902.0,1785364641000.0,13.199999809265137,1908.0,-0.039000000804662704,1908.0
2.799999952316284,2.799999952316284,117.0,73.0,116.82136888615787,1.4559999704360962,-1.2787298206239939,147.0,1916.0,0.5,2837.409912109375,1910.0,1785364649000.0,13.600000381469727,1916.0,-0.04100000113248825,1916.0
2.4000000953674316,2.4000000953674316,119.0,71.0,116.8215000629425,1.437000036239624,-1.2786825466901064,143.0,1926.0,0.5,2852.8701171875,1920.0,1785364659000.0,14.800000190734863,1926.0,-0.03799999877810478,1926.0
1.399999976158142,1.399999976158142,120.0,73.0,116.82164314202964,1.437000036239624,-1.27863728441298,146.0,1937.0,0.0,2869.530029296875,1931.0,1785364670000.0,18.799999237060547,1937.0,-0.07900000363588333,1937.0
1.2000000476837158,1.2000000476837158,123.0,73.0,116.82172109372914,1.4459999799728394,-1.27861431799829,146.0,1943.0,0.0,2878.56005859375,1937.0,1785364676000.0,20.0,1943.0,-0.04399999976158142,1943.0
1.2000000476837158,1.2000000476837158,123.0,73.0,116.82175923138857,1.4459999799728394,-1.2786050140857697,146.0,1946.0,0.0,2882.929931640625,1940.0,1785364679000.0,20.200000762939453,1946.0,-0.007000000216066837,1946.0
1.600000023841858,1.600000023841858,122.0,73.0,116.82193173095584,1.4739999771118164,-1.278563356027007,147.0,1959.0,0.5,2902.659912109375,1953.0,1785364692000.0,18.600000381469727,1959.0,0.035999998450279236,1959.0
2.200000047683716,2.200000047683716,122.0,72.0,116.8220785818994,1.4839999675750732,-1.278532175347209,145.0,1971.0,0.5,2919.389892578125,1965.0,1785364704000.0,18.799999237060547,1971.0,0.05000000074505806,1971.0
3.0,3.0,124.0,71.0,116.82222057133913,1.4739999771118164,-1.278494205325842,143.0,1982.0,0.5,2935.760009765625,1976.0,1785364715000.0,20.799999237060547,1982.0,0.07100000232458115,1982.0
3.200000047683716,3.200000047683716,127.0,71.0,116.82226767763495,1.4739999771118164,-1.2784895114600658,143.0,1985.0,0.5,2941.030029296875,1979.0,1785364718000.0,20.399999618530273,1985.0,0.06800000369548798,1985.0
3.5999999046325684,3.5999999046325684,128.0,72.0,116.82233062572777,1.5019999742507935,-1.278472999110818,145.0,1990.0,0.5,2948.260009765625,1984.0,1785364723000.0,19.200000762939453,1990.0,0.0689999982714653,1990.0
4.199999809265137,4.199999809265137,126.0,71.0,116.82246356271207,1.5019999742507935,-1.2784455064684153,142.0,2001.0,0.0,2963.389892578125,1995.0,1785364734000.0,18.399999618530273,2001.0,0.061000000685453415,2001.0
5.0,5.0,123.0,72.0,116.82259130291641,1.5119999647140503,-1.2784082908183336,144.0,2010.0,0.0,2978.169921875,2004.0,1785364743000.0,17.799999237060547,2010.0,0.08100000023841858,2010.0
5.0,5.0,123.0,72.0,116.82260303758085,1.5119999647140503,-1.2784056086093187,144.0,2011.0,0.0,2979.510009765625,2005.0,1785364744000.0,18.0,2011.0,0.06199999898672104,2011.0
5.800000190734863,5.800000190734863,121.0,72.0,116.82272021658719,1.5490000247955322,-1.2783764395862818,145.0,2020.0,0.5,2992.949951171875,2014.0,1785364753000.0,18.0,2020.0,0.07000000029802322,2020.0
6.0,6.0,120.0,72.0,116.82278861291707,1.5399999618530273,-1.2783730868250132,145.0,2025.0,0.5,3000.550048828125,2019.0,1785364758000.0,17.600000381469727,2025.0,0.03799999877810478,2025.0
6.0,6.0,120.0,73.0,116.82283982634544,1.5399999618530273,-1.2783636152744293,146.0,2029.0,0.0,3006.35009765625,2023.0,1785364762000.0,17.200000762939453,2029.0,0.026000000536441803,2029.0
6.0,6.0,117.0,74.0,116.82293957099319,1.5299999713897705,-1.2783411517739296,148.0,2037.0,0.0,3017.719970703125,2031.0,1785364770000.0,17.200000762939453,2037.0,-0.0020000000949949026,2037.0
5.800000190734863,5.800000190734863,116.0,73.0,116.82297745719552,1.5210000276565552,-1.2783396430313587,147.0,2040.0,0.5,3021.93994140625,2034.0,1785364773000.0,17.0,2040.0,-0.03999999910593033,2040.0
5.800000190734863,5.800000190734863,117.0,72.0,116.8230921216309,1.5019999742507935,-1.278310725465417,145.0,2049.0,0.5,3035.090087890625,2043.0,1785364782000.0,16.200000762939453,2049.0,-0.010999999940395355,2049.0
5.400000095367432,5.400000095367432,116.0,74.0,116.82322044856846,1.4739999771118164,-1.2782872561365366,148.0,2059.0,0.0,3049.659912109375,2053.0,1785364792000.0,16.200000762939453,2059.0,-0.03700000047683716,2059.0
4.599999904632568,4.599999904632568,119.0,75.0,116.82334533892572,1.4839999675750732,-1.2782659661024809,151.0,2068.0,0.5,3063.81005859375,2062.0,1785364801000.0,16.399999618530273,2068.0,-0.09099999815225601,2068.0
4.400000095367432,4.400000095367432,120.0,73.0,116.82336076162755,1.4839999675750732,-1.2782625295221806,147.0,2069.0,0.5,3065.56005859375,2063.0,1785364802000.0,16.200000762939453,2069.0,-0.0989999994635582,2069.0
4.400000095367432,4.400000095367432,121.0,72.0,116.82337048463523,1.4839999675750732,-1.2782586738467216,145.0,2070.0,0.5,3066.699951171875,2064.0,1785364803000.0,16.0,2070.0,-0.0560000017285347,2070.0
4.199999809265137,4.199999809265137,123.0,69.0,116.8234396353364,1.465000033378601,-1.2782367132604122,139.0,2076.0,0.5,3074.93994140625,2070.0,1785364809000.0,15.399999618530273,2076.0,-0.05000000074505806,2076.0
4.199999809265137,4.199999809265137,121.0,72.0,116.82352655567229,1.399999976158142,-1.2781994137912989,144.0,2084.0,0.0,3085.469970703125,2078.0,1785364817000.0,15.199999809265137,2084.0,0.003000000026077032,2084.0
4.199999809265137,4.199999809265137,118.0,73.0,116.8235482648015,1.3899999856948853,-1.278190864250064,146.0,2086.0,0.0,3088.02001953125,2080.0,1785364819000.0,15.0,2086.0,-0.00800000037997961,2086.0
4.0,4.0,119.0,72.0,116.82364356704056,1.371999979019165,-1.2781647127121687,144.0,2094.0,0.0,3099.0400390625,2088.0,1785364827000.0,15.0,2094.0,-0.01899999938905239,2094.0
3.5999999046325684,3.5999999046325684,120.0,72.0,116.82374926283956,1.38100004196167,-1.2781648803502321,144.0,2102.0,0.0,3110.840087890625,2096.0,1785364835000.0,16.799999237060547,2102.0,-0.04800000041723251,2102.0
3.5999999046325684,3.5999999046325684,117.0,58.0,116.82385076768696,1.3530000448226929,-1.2781632039695978,116.0,2111.0,0.0,3122.31005859375,2105.0,1785364844000.0,16.0,2111.0,-0.006000000052154064,2111.0
3.5999999046325684,3.5999999046325684,114.0,73.0,116.82388404384255,1.3339999914169312,-1.278153145685792,146.0,2114.0,0.0,3126.110107421875,2108.0,1785364847000.0,16.200000762939453,2114.0,0.03999999910593033,2114.0
4.0,4.0,112.0,71.0,116.8239594809711,1.3899999856948853,-1.2781326100230217,142.0,2120.0,0.0,3134.800048828125,2114.0,1785364853000.0,16.600000381469727,2120.0,0.04500000178813934,2120.0
4.400000095367432,4.400000095367432,114.0,73.0,116.82406752370298,1.437000036239624,-1.2780909519642591,146.0,2129.0,0.0,3147.77001953125,2123.0,1785364862000.0,17.200000762939453,2129.0,0.0430000014603138,2129.0
4.599999904632568,4.599999904632568,117.0,74.0,116.82413013651967,1.4279999732971191,-1.2780791334807873,148.0,2134.0,0.0,3154.8701171875,2128.0,1785364867000.0,17.0,2134.0,0.04500000178813934,2134.0
4.599999904632568,4.599999904632568,119.0,73.0,116.8241508398205,1.4179999828338623,-1.2780748587101698,146.0,2136.0,0.0,3157.25,2130.0,1785364869000.0,16.600000381469727,2136.0,0.03700000047683716,2136.0
4.800000190734863,4.800000190734863,120.0,72.0,116.82417548261583,1.4179999828338623,-1.2780735176056623,145.0,2138.0,0.5,3159.97998046875,2132.0,1785364871000.0,16.0,2138.0,0.04399999976158142,2138.0
5.599999904632568,5.599999904632568,120.0,72.0,116.82429760694504,1.3899999856948853,-1.2780596874654293,145.0,2147.0,0.5,3173.550048828125,2141.0,1785364880000.0,14.600000381469727,2147.0,0.1080000028014183,2147.0
6.199999809265137,6.199999809265137,120.0,72.0,116.82435569353402,1.371999979019165,-1.2780399061739445,145.0,2152.0,0.5,3180.18994140625,2146.0,1785364885000.0,14.199999809265137,2152.0,0.11100000143051147,2152.0
6.599999904632568,6.599999904632568,120.0,71.0,116.82438318617642,1.371999979019165,-1.2780377268791199,143.0,2154.0,0.5,3183.06005859375,2148.0,1785364887000.0,14.0,2154.0,0.14399999380111694,2154.0
7.800000190734863,7.800000190734863,118.0,73.0,116.82451444678009,1.3619999885559082,-1.2780112400650978,147.0,2163.0,0.5,3198.1298828125,2157.0,1785364896000.0,15.199999809265137,2163.0,0.1469999998807907,2163.0
7.0,7.0,121.0,71.0,116.8246555980295,1.399999976158142,-1.2779854238033295,142.0,2174.0,0.0,3214.070068359375,2168.0,1785364907000.0,18.600000381469727,2174.0,-0.06800000369548798,2174.0
6.400000095367432,6.400000095367432,122.0,71.0,116.82473958469927,1.399999976158142,-1.277976455166936,142.0,2181.0,0.0,3223.550048828125,2175.0,1785364914000.0,17.799999237060547,2181.0,-0.09099999815225601,2181.0
5.800000190734863,5.800000190734863,120.0,74.0,116.82485869154334,1.3899999856948853,-1.2779358867555857,149.0,2191.0,0.5,3237.31005859375,2185.0,1785364924000.0,16.0,2191.0,-0.06700000166893005,2191.0
5.599999904632568,5.599999904632568,117.0,73.0,116.82494125328958,1.371999979019165,-1.2779149319976568,146.0,2198.0,0.0,3246.679931640625,2192.0,1785364931000.0,15.800000190734863,2198.0,-0.035999998450279236,2198.0
5.400000095367432,5.400000095367432,117.0,73.0,116.8249542452395,1.3619999885559082,-1.2779114954173565,146.0,2199.0,0.0,3248.139892578125,2193.0,1785364932000.0,15.800000190734863,2199.0,-0.04699999839067459,2199.0
5.400000095367432,5.400000095367432,117.0,72.0,116.82496530935168,1.3530000448226929,-1.2779070530086756,145.0,2200.0,0.5,3249.469970703125,2194.0,1785364933000.0,15.800000190734863,2200.0,-0.03999999910593033,2200.0
5.400000095367432,5.400000095367432,117.0,56.0,116.82500512339175,1.2690000534057617,-1.2778640538454056,113.0,2207.0,0.5,3256.639892578125,2201.0,1785364940000.0,14.399999618530273,2207.0,-0.019999999552965164,2207.0
5.199999809265137,5.199999809265137,117.0,0.0,116.82504627853632,1.1100000143051147,-1.2778709270060062,0.0,2210.0,0.0,3261.27001953125,2204.0,1785364943000.0,14.0,2210.0,-0.04899999871850014,2210.0
5.0,5.0,117.0,74.0,116.82509363628924,1.2319999933242798,-1.2778788059949875,149.0,2214.0,0.5,3266.110107421875,2208.0,1785364947000.0,12.800000190734863,2214.0,-0.03700000047683716,2214.0
5.400000095367432,5.400000095367432,116.0,72.0,116.82521534152329,1.2319999933242798,-1.2778544146567583,145.0,2223.0,0.5,3279.64990234375,2217.0,1785364956000.0,13.199999809265137,2223.0,0.04899999871850014,2223.0
5.400000095367432,5.400000095367432,118.0,71.0,116.82526890188456,1.2410000562667847,-1.277846870943904,142.0,2227.0,0.0,3285.469970703125,2221.0,1785364960000.0,13.800000190734863,2227.0,-0.008999999612569809,2227.0
5.199999809265137,5.199999809265137,118.0,72.0,116.82531575672328,1.25,-1.2778452783823013,144.0,2230.0,0.0,3290.6201171875,2224.0,1785364963000.0,14.0,2230.0,-0.052000001072883606,2230.0
4.800000190734863,4.800000190734863,118.0,70.0,116.82543226517737,1.315999984741211,-1.2777872756123543,141.0,2238.0,0.5,3304.820068359375,2232.0,1785364971000.0,17.200000762939453,2238.0,-0.057999998331069946,2238.0
4.0,4.0,117.0,72.0,116.82550057768822,1.38100004196167,-1.2777860183268785,144.0,2243.0,0.0,3311.929931640625,2237.0,1785364976000.0,20.600000381469727,2243.0,-0.1459999978542328,2243.0
4.0,4.0,117.0,72.0,116.82551574893296,1.3899999856948853,-1.2777835875749588,144.0,2244.0,0.0,3313.489990234375,2238.0,1785364977000.0,21.200000762939453,2244.0,-0.1459999978542328,2244.0
3.4000000953674316,3.4000000953674316,117.0,72.0,116.82558079250157,1.409000039100647,-1.2777522392570972,144.0,2250.0,0.0,3321.409912109375,2244.0,1785364983000.0,22.799999237060547,2250.0,-0.07900000363588333,2250.0
3.4000000953674316,3.4000000953674316,117.0,72.0,116.82559034787118,1.409000039100647,-1.277747629210353,144.0,2251.0,0.0,3322.570068359375,2245.0,1785364984000.0,22.799999237060547,2251.0,-0.07000000029802322,2251.0
2.799999952316284,2.799999952316284,117.0,74.0,116.82566980831325,1.4179999828338623,-1.277713431045413,148.0,2258.0,0.0,3332.159912109375,2252.0,1785364991000.0,22.200000762939453,2258.0,-0.08699999749660492,2258.0
1.7999999523162842,1.7999999523162842,119.0,71.0,116.82576972059906,1.437000036239624,-1.2776971701532602,143.0,2266.0,0.5,3343.449951171875,2260.0,1785364999000.0,19.600000381469727,2266.0,-0.11999999731779099,2266.0
1.2000000476837158,1.2000000476837158,119.0,70.0,116.82583015412092,1.4459999799728394,-1.2776868604123592,140.0,2272.0,0.0,3350.25,2266.0,1785365005000.0,18.200000762939453,2272.0,-0.09600000083446503,2272.0
1.2000000476837158,1.2000000476837158,119.0,70.0,116.82583970949054,1.437000036239624,-1.277685184031725,140.0,2273.0,0.0,3351.199951171875,2267.0,1785365006000.0,17.799999237060547,2273.0,-0.09099999815225601,2273.0
0.4000000059604645,0.4000000059604645,117.0,72.0,116.82592612691224,1.409000039100647,-1.2776662409305573,144.0,2279.0,0.0,3361.070068359375,2273.0,1785365012000.0,16.0,2279.0,-0.12700000405311584,2279.0
1.0,1.0,117.0,75.0,116.8260177411139,1.4179999828338623,-1.2776621337980032,151.0,2286.0,0.5,3371.419921875,2280.0,1785365019000.0,16.399999618530273,2286.0,0.09200000017881393,2286.0
2.200000047683716,2.200000047683716,119.0,69.0,116.82612586766481,1.5019999742507935,-1.2776452861726284,139.0,2295.0,0.5,3383.72998046875,2289.0,1785365028000.0,16.0,2295.0,0.12999999523162842,2295.0
3.200000047683716,3.200000047683716,120.0,68.0,116.82622502557933,1.4279999732971191,-1.2776384130120277,137.0,2303.0,0.5,3395.0,2297.0,1785365036000.0,15.399999618530273,2303.0,0.12300000339746475,2303.0
3.799999952316284,3.799999952316284,118.0,72.0,116.82633684016764,1.4459999799728394,-1.2776020355522633,144.0,2312.0,0.0,3407.919921875,2306.0,1785365045000.0,15.600000381469727,2312.0,0.08100000023841858,2312.0
4.599999904632568,4.599999904632568,118.0,71.0,116.8264768179506,1.4279999732971191,-1.2775650713592768,143.0,2324.0,0.5,3423.93994140625,2318.0,1785365057000.0,17.0,2324.0,0.05299999937415123,2324.0
4.199999809265137,4.199999809265137,118.0,72.0,116.82661268860102,1.399999976158142,-1.27753640525043,144.0,2336.0,0.0,3439.409912109375,2330.0,1785365069000.0,16.200000762939453,2336.0,-0.03099999949336052,2336.0
4.0,4.0,119.0,72.0,116.82673305273056,1.3899999856948853,-1.2775098346173763,145.0,2346.0,0.5,3453.090087890625,2340.0,1785365079000.0,15.199999809265137,2346.0,-0.017000000923871994,2346.0
4.599999904632568,4.599999904632568,117.0,59.0,116.82683841325343,1.343999981880188,-1.2774838507175446,119.0,2357.0,0.5,3465.090087890625,2351.0,1785365090000.0,15.399999618530273,2357.0,0.05299999937415123,2357.0
4.800000190734863,4.800000190734863,120.0,59.0,116.82686355896294,1.222000002861023,-1.2774767260998487,119.0,2360.0,0.5,3467.929931640625,2354.0,1785365093000.0,15.0,2360.0,0.05999999865889549,2360.0
5.199999809265137,5.199999809265137,119.0,0.0,116.82691879570484,1.1380000114440918,-1.2774734571576118,0.0,2365.0,0.0,3474.139892578125,2359.0,1785365098000.0,14.399999618530273,2365.0,0.07999999821186066,2365.0
5.800000190734863,5.800000190734863,117.0,74.0,116.82701971381903,1.2130000591278076,-1.2774440366774797,149.0,2373.0,0.5,3485.7900390625,2367.0,1785365106000.0,14.199999809265137,2373.0,0.09099999815225601,2373.0
6.0,6.0,116.0,72.0,116.82705793529749,1.25,-1.2774400133639574,144.0,2377.0,0.0,3490.090087890625,2371.0,1785365110000.0,14.600000381469727,2377.0,0.04800000041723251,2377.0
6.199999809265137,6.199999809265137,117.0,74.0,116.82710629887879,1.2599999904632568,-1.277436576783657,148.0,2380.0,0.0,3495.449951171875,2374.0,1785365113000.0,14.800000190734863,2380.0,0.0560000017285347,2380.0
6.599999904632568,6.599999904632568,118.0,72.0,116.8272400740534,1.305999994277954,-1.2774006184190512,144.0,2389.0,0.0,3510.820068359375,2383.0,1785365122000.0,17.0,2389.0,0.039000000804662704,2389.0
6.599999904632568,6.599999904632568,119.0,69.0,116.82733722031116,1.409000039100647,-1.27736977301538,139.0,2397.0,0.5,3521.9599609375,2391.0,1785365130000.0,17.799999237060547,2397.0,0.00800000037997961,2397.0
6.199999809265137,6.199999809265137,118.0,73.0,116.82746504433453,1.437000036239624,-1.2773453816771507,146.0,2407.0,0.0,3536.409912109375,2401.0,1785365140000.0,17.799999237060547,2407.0,-0.054999999701976776,2407.0
5.599999904632568,5.599999904632568,119.0,71.0,116.82757585309446,1.4930000305175781,-1.2773380056023598,143.0,2415.0,0.5,3548.830078125,2409.0,1785365148000.0,17.600000381469727,2415.0,-0.05299999937415123,2415.0
5.0,5.0,121.0,74.0,116.8276811297983,1.5210000276565552,-1.277321744710207,148.0,2424.0,0.0,3560.75,2418.0,1785365157000.0,16.0,2424.0,-0.08500000089406967,2424.0
4.0,4.0,124.0,74.0,116.82779545895755,1.5210000276565552,-1.2772941682487726,148.0,2432.0,0.0,3573.72998046875,2426.0,1785365165000.0,15.600000381469727,2432.0,-0.11500000208616257,2432.0
3.5999999046325684,3.5999999046325684,124.0,73.0,116.82784642092884,1.5399999618530273,-1.2772796675562859,146.0,2436.0,0.0,3579.590087890625,2430.0,1785365169000.0,15.800000190734863,2436.0,-0.10499999672174454,2436.0
3.4000000953674316,3.4000000953674316,124.0,71.0,116.82794624939561,1.5490000247955322,-1.2772590480744839,143.0,2444.0,0.5,3590.8701171875,2438.0,1785365177000.0,16.600000381469727,2444.0,-0.028999999165534973,2444.0
3.4000000953674316,3.4000000953674316,123.0,71.0,116.82806678116322,1.5299999713897705,-1.2772471457719803,143.0,2453.0,0.5,3604.35009765625,2447.0,1785365186000.0,16.200000762939453,2453.0,-0.004999999888241291,2453.0
3.4000000953674316,3.4000000953674316,122.0,70.0,116.82810282334685,1.5210000276565552,-1.2772602215409279,141.0,2457.0,0.5,3608.659912109375,2451.0,1785365190000.0,16.600000381469727,2457.0,0.012000000104308128,2457.0
3.4000000953674316,3.4000000953674316,122.0,78.0,116.82813165709376,1.5119999647140503,-1.277257539331913,156.0,2459.0,0.0,3611.8701171875,2453.0,1785365192000.0,16.799999237060547,2459.0,-0.004999999888241291,2459.0
3.5999999046325684,3.5999999046325684,119.0,77.0,116.82821522466838,1.5399999618530273,-1.2772512529045343,154.0,2465.0,0.0,3621.2099609375,2459.0,1785365198000.0,17.200000762939453,2465.0,0.03700000047683716,2465.0
3.5999999046325684,3.5999999046325684,118.0,75.0,116.82825210504234,1.5399999618530273,-1.2772488221526146,151.0,2468.0,0.5,3625.300048828125,2462.0,1785365201000.0,17.0,2468.0,0.04100000113248825,2468.0
4.0,4.0,117.0,74.0,116.82837456464767,1.5119999647140503,-1.277238093316555,148.0,2477.0,0.0,3638.969970703125,2471.0,1785365210000.0,15.399999618530273,2477.0,0.04500000178813934,2477.0
4.199999809265137,4.199999809265137,117.0,75.0,116.82853826321661,1.5490000247955322,-1.277231303974986,151.0,2488.0,0.5,3657.14990234375,2482.0,1785365221000.0,14.600000381469727,2488.0,0.014000000432133675,2488.0
4.199999809265137,4.199999809265137,122.0,74.0,116.82858997955918,1.5579999685287476,-1.2772346567362547,149.0,2492.0,0.5,3662.909912109375,2486.0,1785365225000.0,15.0,2492.0,0.003000000026077032,2492.0
4.400000095367432,4.400000095367432,124.0,73.0,116.82865527458489,1.5490000247955322,-1.2772262748330832,147.0,2497.0,0.5,3670.14990234375,2491.0,1785365230000.0,14.600000381469727,2497.0,0.00800000037997961,2497.0
4.599999904632568,4.599999904632568,124.0,73.0,116.82879382744431,1.5490000247955322,-1.2771999556571245,146.0,2508.0,0.0,3686.0,2502.0,1785365241000.0,15.600000381469727,2508.0,0.02800000086426735,2508.0
5.0,5.0,123.0,70.0,116.82889868505299,1.4930000305175781,-1.277193333953619,141.0,2518.0,0.5,3697.64990234375,2512.0,1785365251000.0,17.799999237060547,2518.0,0.032999999821186066,2518.0
5.199999809265137,5.199999809265137,123.0,74.0,116.82895937003195,1.465000033378601,-1.2772008776664734,149.0,2523.0,0.5,3704.389892578125,2517.0,1785365256000.0,19.399999618530273,2523.0,0.03999999910593033,2523.0
5.199999809265137,5.199999809265137,122.0,75.0,116.8289848510176,1.437000036239624,-1.2771981116384268,151.0,2525.0,0.5,3707.179931640625,2519.0,1785365258000.0,19.799999237060547,2525.0,0.003000000026077032,2525.0
5.400000095367432,5.400000095367432,119.0,77.0,116.82905760593712,1.409000039100647,-1.2771829403936863,154.0,2530.0,0.0,3715.340087890625,2524.0,1785365263000.0,20.399999618530273,2530.0,0.04100000113248825,2530.0
5.599999904632568,5.599999904632568,120.0,77.0,116.82911627925932,1.409000039100647,-1.2771805096417665,155.0,2533.0,0.5,3721.989990234375,2527.0,1785365266000.0,20.799999237060547,2533.0,0.06700000166893005,2533.0
5.800000190734863,5.800000190734863,121.0,74.0,116.82917134836316,1.409000039100647,-1.277184784412384,149.0,2537.0,0.5,3727.669921875,2531.0,1785365270000.0,22.200000762939453,2537.0,0.05299999937415123,2537.0
5.800000190734863,5.800000190734863,121.0,74.0,116.82918844744563,1.409000039100647,-1.2771808449178934,149.0,2539.0,0.5,3729.570068359375,2533.0,1785365272000.0,23.200000762939453,2539.0,0.024000000208616257,2539.0
5.800000190734863,5.800000190734863,124.0,74.0,116.82920345105231,1.409000039100647,-1.277177156880498,149.0,2541.0,0.5,3731.280029296875,2535.0,1785365274000.0,24.399999618530273,2541.0,0.019999999552965164,2541.0
6.0,6.0,127.0,75.0,116.82923639193177,1.38100004196167,-1.277188891544938,151.0,2544.0,0.5,3735.0,2538.0,1785365277000.0,26.0,2544.0,0.04500000178813934,2544.0
6.0,6.0,127.0,75.0,116.82924427092075,1.371999979019165,-1.27718947827816,151.0,2545.0,0.5,3735.8701171875,2539.0,1785365278000.0,26.200000762939453,2545.0,0.0,2545.0
6.400000095367432,6.400000095367432,126.0,74.0,116.82931543327868,1.315999984741211,-1.2771867122501135,148.0,2551.0,0.0,3743.889892578125,2545.0,1785365284000.0,28.799999237060547,2551.0,0.0689999982714653,2551.0
6.800000190734863,6.800000190734863,123.0,72.0,116.82937771081924,1.2970000505447388,-1.2771696131676435,144.0,2555.0,0.0,3751.070068359375,2549.0,1785365288000.0,29.200000762939453,2555.0,0.1120000034570694,2555.0
7.400000095367432,7.400000095367432,122.0,72.0,116.82945021428168,1.2970000505447388,-1.2771705351769924,144.0,2560.0,0.0,3759.1298828125,2554.0,1785365293000.0,27.200000762939453,2560.0,0.10400000214576721,2560.0
8.0,8.0,122.0,74.0,116.82954836636782,1.305999994277954,-1.277157962322235,148.0,2568.0,0.0,3769.93994140625,2562.0,1785365301000.0,24.399999618530273,2568.0,0.08500000089406967,2568.0
9.0,9.0,122.0,72.0,116.8296807166189,1.315999984741211,-1.2771546933799982,144.0,2577.0,0.0,3784.6298828125,2571.0,1785365310000.0,22.0,2577.0,0.10199999809265137,2577.0
10.0,10.0,122.0,73.0,116.82982664555311,1.371999979019165,-1.2771472334861755,146.0,2587.0,0.0,3800.889892578125,2581.0,1785365320000.0,19.600000381469727,2587.0,0.11100000143051147,2587.0
11.600000381469727,11.600000381469727,120.0,74.0,116.82997575961053,1.4279999732971191,-1.2771465629339218,148.0,2598.0,0.0,3817.43994140625,2592.0,1785365331000.0,18.799999237060547,2598.0,0.1459999978542328,2598.0
12.800000190734863,12.800000190734863,119.0,71.0,116.83008371852338,1.4459999799728394,-1.2771494127810001,142.0,2607.0,0.0,3829.47998046875,2601.0,1785365340000.0,17.799999237060547,2607.0,0.13099999725818634,2607.0
14.0,14.0,120.0,73.0,116.83022025972605,1.465000033378601,-1.2771484907716513,146.0,2617.0,0.0,3844.7099609375,2611.0,1785365350000.0,15.600000381469727,2617.0,0.10899999737739563,2617.0
14.800000190734863,14.800000190734863,123.0,73.0,116.83033190667629,1.4930000305175781,-1.2771204113960266,146.0,2626.0,0.0,3857.300048828125,2620.0,1785365359000.0,16.799999237060547,2626.0,0.10100000351667404,2626.0
15.199999809265137,15.199999809265137,123.0,74.0,116.83036996051669,1.4930000305175781,-1.2771139573305845,148.0,2629.0,0.0,3861.6298828125,2623.0,1785365362000.0,17.600000381469727,2629.0,0.09700000286102295,2629.0
15.0,15.0,122.0,73.0,116.83042561635375,1.4930000305175781,-1.2771062459796667,146.0,2633.0,0.0,3867.840087890625,2627.0,1785365366000.0,18.0,2633.0,-0.03999999910593033,2633.0
15.399999618530273,15.399999618530273,122.0,72.0,116.83052259497344,1.5019999742507935,-1.2771147955209017,145.0,2640.0,0.5,3878.719970703125,2634.0,1785365373000.0,18.600000381469727,2640.0,0.05400000140070915,2640.0
15.800000190734863,15.800000190734863,121.0,72.0,116.83065536431968,1.5210000276565552,-1.2771063297986984,145.0,2649.0,0.5,3893.52001953125,2643.0,1785365382000.0,20.600000381469727,2649.0,0.03999999910593033,2649.0
15.0,15.0,119.0,71.0,116.8307426199317,1.5019999742507935,-1.27711764536798,143.0,2657.0,0.5,3903.389892578125,2651.0,1785365390000.0,20.399999618530273,2657.0,-0.09700000286102295,2657.0
14.199999809265137,14.199999809265137,119.0,73.0,116.83081269264221,1.4739999771118164,-1.277108509093523,146.0,2663.0,0.0,3910.919921875,2657.0,1785365396000.0,19.799999237060547,2663.0,-0.12600000202655792,2663.0
13.0,13.0,117.0,73.0,116.83091922663152,1.4459999799728394,-1.2771007977426052,147.0,2671.0,0.5,3922.77001953125,2665.0,1785365404000.0,19.200000762939453,2671.0,-0.14399999380111694,2671.0
11.600000381469727,11.600000381469727,119.0,72.0,116.83105576783419,1.465000033378601,-1.2771054077893496,145.0,2680.0,0.5,3938.139892578125,2674.0,1785365413000.0,19.600000381469727,2680.0,-0.15600000321865082,2680.0
11.600000381469727,11.600000381469727,122.0,73.0,116.83108376339078,1.4739999771118164,-1.2771115265786648,146.0,2682.0,0.0,3941.320068359375,2676.0,1785365415000.0,19.399999618530273,2682.0,-0.07900000363588333,2682.0
11.399999618530273,11.399999618530273,124.0,72.0,116.83111242949963,1.4839999675750732,-1.27711177803576,145.0,2684.0,0.5,3944.550048828125,2678.0,1785365417000.0,19.200000762939453,2684.0,-0.10199999809265137,2684.0
11.199999809265137,11.199999809265137,124.0,72.0,116.8311358988285,1.4839999675750732,-1.2771075032651424,145.0,2686.0,0.5,3947.2099609375,2680.0,1785365419000.0,19.0,2686.0,-0.10000000149011612,2686.0
11.0,11.0,123.0,72.0,116.83114746585488,1.4839999675750732,-1.2771062459796667,145.0,2687.0,0.5,3948.5,2681.0,1785365420000.0,19.0,2687.0,-0.09200000017881393,2687.0
10.399999618530273,10.399999618530273,122.0,71.0,116.83126556687057,1.4739999771118164,-1.2771078385412693,143.0,2696.0,0.5,3961.639892578125,2690.0,1785365429000.0,17.399999618530273,2696.0,-0.07599999755620956,2696.0
9.199999809265137,9.199999809265137,120.0,74.0,116.83137495070696,1.4839999675750732,-1.2771116942167282,148.0,2704.0,0.0,3973.85009765625,2698.0,1785365437000.0,15.399999618530273,2704.0,-0.14800000190734863,2704.0
8.199999809265137,8.199999809265137,120.0,73.0,116.8314715102315,1.4930000305175781,-1.2770893145352602,146.0,2712.0,0.0,3984.75,2706.0,1785365445000.0,16.799999237060547,2712.0,-0.12999999523162842,2712.0
7.800000190734863,7.800000190734863,121.0,73.0,116.83156211860478,1.4839999675750732,-1.2770806811749935,146.0,2720.0,0.0,3995.1298828125,2714.0,1785365453000.0,18.399999618530273,2720.0,-0.05000000074505806,2720.0
7.400000095367432,7.400000095367432,122.0,72.0,116.83161282911897,1.4739999771118164,-1.2770755682140589,145.0,2723.0,0.5,4000.550048828125,2717.0,1785365456000.0,19.200000762939453,2723.0,-0.11599999666213989,2723.0
6.800000190734863,6.800000190734863,122.0,72.0,116.83169849216938,1.4739999771118164,-1.2770765740424395,145.0,2728.0,0.5,4010.169921875,2722.0,1785365461000.0,20.799999237060547,2728.0,-0.12399999797344208,2728.0
6.400000095367432,6.400000095367432,121.0,73.0,116.83183327317238,1.5019999742507935,-1.2770707067102194,146.0,2738.0,0.0,4025.2099609375,2732.0,1785365471000.0,22.799999237060547,2738.0,-0.04100000113248825,2738.0
6.400000095367432,6.400000095367432,120.0,72.0,116.83199378661811,1.5210000276565552,-1.277067270129919,145.0,2750.0,0.5,4043.110107421875,2744.0,1785365483000.0,23.399999618530273,2750.0,0.0010000000474974513,2750.0
6.0,6.0,117.0,0.0,116.83207659982145,1.5119999647140503,-1.2770769093185663,0.0,2757.0,0.0,4052.3798828125,2751.0,1785365490000.0,22.200000762939453,2757.0,-0.04600000008940697,2757.0
5.599999904632568,5.599999904632568,119.0,73.0,116.83213560841978,1.5119999647140503,-1.277083782479167,146.0,2761.0,0.0,4058.97998046875,2755.0,1785365494000.0,20.600000381469727,2761.0,-0.09200000017881393,2761.0
5.199999809265137,5.199999809265137,122.0,74.0,116.83226309716702,1.5119999647140503,-1.277083195745945,148.0,2771.0,0.0,4073.18994140625,2765.0,1785365504000.0,19.399999618530273,2771.0,-0.04600000008940697,2771.0
5.199999809265137,5.199999809265137,122.0,73.0,116.83227743022144,1.5119999647140503,-1.2770845368504524,146.0,2772.0,0.0,4074.7900390625,2766.0,1785365505000.0,19.200000762939453,2772.0,-0.052000001072883606,2772.0
5.199999809265137,5.199999809265137,121.0,67.0,116.83239226229489,1.5019999742507935,-1.2770827766507864,135.0,2782.0,0.5,4087.64990234375,2776.0,1785365515000.0,19.0,2782.0,0.014999999664723873,2782.0
6.199999809265137,6.199999809265137,119.0,72.0,116.83250768110156,1.4179999828338623,-1.2770798429846764,145.0,2792.0,0.5,4100.47021484375,2786.0,1785365525000.0,19.600000381469727,2792.0,0.0820000022649765,2792.0
6.800000190734863,6.800000190734863,122.0,72.0,116.83260574936867,1.371999979019165,-1.277089063078165,145.0,2800.0,0.5,4111.419921875,2794.0,1785365533000.0,19.200000762939453,2800.0,0.09200000017881393,2800.0
7.0,7.0,124.0,72.0,116.83263718150556,1.371999979019165,-1.2770914938300848,145.0,2802.0,0.5,4114.919921875,2796.0,1785365535000.0,18.600000381469727,2802.0,0.11699999868869781,2802.0
7.599999904632568,7.599999904632568,124.0,72.0,116.83271890506148,1.38100004196167,-1.2770702876150608,145.0,2808.0,0.5,4124.240234375,2802.0,1785365541000.0,17.799999237060547,2808.0,0.08500000089406967,2808.0
8.199999809265137,8.199999809265137,123.0,72.0,116.83282946236432,1.399999976158142,-1.277037262916565,145.0,2816.0,0.5,4137.06005859375,2810.0,1785365549000.0,19.799999237060547,2816.0,0.08500000089406967,2816.0
8.399999618530273,8.399999618530273,125.0,72.0,116.8328804243356,1.409000039100647,-1.2770087644457817,145.0,2821.0,0.5,4143.5498046875,2815.0,1785365554000.0,22.200000762939453,2821.0,0.03099999949336052,2821.0
8.399999618530273,8.399999618530273,125.0,72.0,116.83290934190154,1.399999976158142,-1.277006920427084,145.0,2823.0,0.5,4146.75,2817.0,1785365556000.0,22.600000381469727,2823.0,-0.054999999701976776,2823.0
7.800000190734863,7.800000190734863,124.0,73.0,116.83301243931055,1.3899999856948853,-1.2769887316972017,146.0,2831.0,0.0,4158.509765625,2825.0,1785365564000.0,23.399999618530273,2831.0,-0.054999999701976776,2831.0
8.0,8.0,121.0,72.0,116.83312282897532,1.4179999828338623,-1.2769864685833454,145.0,2837.0,0.5,4170.60986328125,2831.0,1785365570000.0,23.0,2837.0,0.027000000700354576,2837.0
8.0,8.0,120.0,72.0,116.83327009901404,1.4839999675750732,-1.276983618736267,145.0,2846.0,0.5,4187.009765625,2840.0,1785365579000.0,24.0,2846.0,0.007000000216066837,2846.0
7.400000095367432,7.400000095367432,119.0,71.0,116.8334332946688,1.6139999628067017,-1.2770187389105558,143.0,2858.0,0.5,4205.39990234375,2852.0,1785365591000.0,24.799999237060547,2858.0,-0.052000001072883606,2858.0
7.0,7.0,119.0,73.0,116.83355558663607,1.6239999532699585,-1.2770329043269157,146.0,2868.0,0.0,4219.1298828125,2862.0,1785365601000.0,23.200000762939453,2868.0,-0.03799999877810478,2868.0
7.0,7.0,118.0,74.0,116.83356690220535,1.6239999532699585,-1.2770286295562983,148.0,2869.0,0.0,4220.47021484375,2863.0,1785365602000.0,23.200000762939453,2869.0,-0.03099999949336052,2869.0
7.0,7.0,116.0,75.0,116.83358006179333,1.6239999532699585,-1.2770106084644794,150.0,2872.0,0.0,4222.97021484375,2866.0,1785365605000.0,23.0,2872.0,-0.0430000014603138,2872.0
6.800000190734863,6.800000190734863,115.0,75.0,116.83358911424875,1.6139999628067017,-1.2770072557032108,150.0,2873.0,0.0,4224.0498046875,2867.0,1785365606000.0,23.0,2873.0,-0.024000000208616257,2873.0
7.0,7.0,113.0,73.0,116.83369983918965,1.5579999685287476,-1.2770109437406063,146.0,2882.0,0.0,4236.33984375,2876.0,1785365615000.0,22.200000762939453,2882.0,0.003000000026077032,2882.0
7.0,7.0,116.0,72.0,116.83384224772453,1.5490000247955322,-1.277023097500205,145.0,2893.0,0.5,4252.2998046875,2887.0,1785365626000.0,17.799999237060547,2893.0,0.007000000216066837,2893.0
6.199999809265137,6.199999809265137,116.0,72.0,116.83395188301802,1.5210000276565552,-1.2770252767950296,145.0,2902.0,0.5,4264.4599609375,2896.0,1785365635000.0,17.0,2902.0,-0.08799999952316284,2902.0
5.800000190734863,5.800000190734863,119.0,73.0,116.83405573479831,1.5019999742507935,-1.2770330719649792,146.0,2910.0,0.0,4276.06982421875,2904.0,1785365643000.0,17.0,2910.0,-0.05999999865889549,2910.0
5.0,5.0,119.0,72.0,116.83417836204171,1.4839999675750732,-1.2770300544798374,145.0,2919.0,0.5,4289.7099609375,2913.0,1785365652000.0,15.600000381469727,2919.0,-0.07599999755620956,2919.0
4.400000095367432,4.400000095367432,116.0,73.0,116.83428221382201,1.4930000305175781,-1.2770338263362646,146.0,2927.0,0.0,4301.27001953125,2921.0,1785365660000.0,15.0,2927.0,-0.07500000298023224,2927.0
4.400000095367432,4.400000095367432,115.0,72.0,116.8343173339963,1.4930000305175781,-1.2770321499556303,145.0,2930.0,0.5,4305.169921875,2924.0,1785365663000.0,14.600000381469727,2930.0,0.0020000000949949026,2930.0
4.599999904632568,4.599999904632568,114.0,74.0,116.83442294597626,1.4930000305175781,-1.2770412024110556,148.0,2938.0,0.0,4316.990234375,2932.0,1785365671000.0,14.399999618530273,2938.0,0.01600000075995922,2938.0
5.0,5.0,114.0,73.0,116.83452654629946,1.4459999799728394,-1.2770421244204044,146.0,2946.0,0.0,4328.52001953125,2940.0,1785365679000.0,14.399999618530273,2946.0,0.04699999839067459,2946.0
5.400000095367432,5.400000095367432,114.0,71.0,116.83465051464736,1.437000036239624,-1.2770423758774996,143.0,2956.0,0.5,4342.330078125,2950.0,1785365689000.0,15.600000381469727,2956.0,0.04500000178813934,2956.0
5.400000095367432,5.400000095367432,117.0,73.0,116.83477775193751,1.38100004196167,-1.2770323175936937,146.0,2967.0,0.0,4356.580078125,2961.0,1785365700000.0,15.800000190734863,2967.0,0.004999999888241291,2967.0
5.400000095367432,5.400000095367432,118.0,73.0,116.83482720516622,1.371999979019165,-1.2770339101552963,146.0,2971.0,0.0,4362.0,2965.0,1785365704000.0,16.600000381469727,2971.0,-0.012000000104308128,2971.0
5.400000095367432,5.400000095367432,119.0,73.0,116.8348591402173,1.3619999885559082,-1.2770261149853468,146.0,2974.0,0.0,4365.509765625,2968.0,1785365707000.0,17.0,2974.0,-0.028999999165534973,2974.0
4.599999904632568,4.599999904632568,117.0,73.0,116.83501378633082,1.3530000448226929,-1.2770118657499552,146.0,2983.0,0.0,4382.759765625,2977.0,1785365716000.0,16.799999237060547,2983.0,-0.07599999755620956,2983.0
4.599999904632568,4.599999904632568,117.0,73.0,116.83502493426204,1.3530000448226929,-1.2770136259496212,146.0,2984.0,0.0,4384.0,2978.0,1785365717000.0,16.799999237060547,2984.0,-0.09300000220537186,2984.0
4.0,4.0,117.0,71.0,116.83509978465736,1.3339999914169312,-1.277013374492526,143.0,2990.0,0.5,4392.27001953125,2984.0,1785365723000.0,16.799999237060547,2990.0,-0.08100000023841858,2990.0
4.0,4.0,116.0,71.0,116.83528460562229,1.4559999704360962,-1.277012536302209,143.0,3003.0,0.5,4412.830078125,2997.0,1785365736000.0,16.399999618530273,3003.0,0.0,3003.0
4.0,4.0,115.0,72.0,116.83535073883832,1.4279999732971191,-1.2770127039402723,145.0,3009.0,0.5,4420.14013671875,3003.0,1785365742000.0,15.199999809265137,3009.0,0.0,3009.0
4.0,4.0,115.0,72.0,116.83538158424199,1.4179999828338623,-1.277015469968319,145.0,3012.0,0.5,4423.35986328125,3006.0,1785365745000.0,15.0,3012.0,-0.007000000216066837,3012.0
4.0,4.0,116.0,72.0,116.83541527949274,1.3250000476837158,-1.2770097702741623,145.0,3016.0,0.5,4427.169921875,3010.0,1785365749000.0,14.800000190734863,3016.0,0.009999999776482582,3016.0
4.0,4.0,114.0,75.0,116.83546758256853,1.315999984741211,-1.2770163919776678,151.0,3019.0,0.5,4432.97998046875,3013.0,1785365752000.0,15.0,3019.0,-0.01600000075995922,3019.0
4.0,4.0,111.0,75.0,116.83548778295517,1.315999984741211,-1.2770170625299215,150.0,3021.0,0.0,4435.22021484375,3015.0,1785365754000.0,15.0,3021.0,-0.0020000000949949026,3021.0
4.400000095367432,4.400000095367432,112.0,72.0,116.83561267331243,1.2970000505447388,-1.2770274560898542,145.0,3030.0,0.5,4449.02001953125,3024.0,1785365763000.0,18.799999237060547,3030.0,0.03500000014901161,3030.0
4.400000095367432,4.400000095367432,115.0,71.0,116.83568593114614,1.315999984741211,-1.2770297192037106,143.0,3036.0,0.5,4457.27001953125,3030.0,1785365769000.0,19.0,3036.0,0.019999999552965164,3036.0
4.400000095367432,4.400000095367432,116.0,72.0,116.83571208268404,1.3250000476837158,-1.2770293839275837,145.0,3038.0,0.5,4460.169921875,3032.0,1785365771000.0,18.799999237060547,3038.0,0.0010000000474974513,3038.0
4.599999904632568,4.599999904632568,119.0,73.0,116.8358007632196,1.3619999885559082,-1.2770306412130594,146.0,3044.0,0.0,4470.0498046875,3038.0,1785365777000.0,17.799999237060547,3044.0,0.013000000268220901,3044.0
4.800000190734863,4.800000190734863,119.0,73.0,116.8358610291034,1.399999976158142,-1.2770312279462814,146.0,3049.0,0.0,4476.75,3043.0,1785365782000.0,17.799999237060547,3049.0,0.0430000014603138,3049.0
5.0,5.0,118.0,73.0,116.83597443625331,1.4279999732971191,-1.2770272884517908,146.0,3058.0,0.0,4489.39013671875,3052.0,1785365791000.0,17.399999618530273,3058.0,0.026000000536441803,3058.0
5.0,5.0,119.0,71.0,116.83613662607968,1.4559999704360962,-1.2770202476531267,143.0,3071.0,0.5,4507.43017578125,3065.0,1785365804000.0,16.200000762939453,3071.0,0.0,3071.0
5.0,5.0,118.0,71.0,116.8362270668149,1.4179999828338623,-1.2770121172070503,142.0,3080.0,0.0,4517.4599609375,3074.0,1785365813000.0,16.799999237060547,3080.0,0.0,3080.0
5.0,5.0,117.0,71.0,116.83625388890505,1.409000039100647,-1.2770186550915241,142.0,3082.0,0.0,4520.509765625,3076.0,1785365815000.0,16.799999237060547,3082.0,0.0,3082.0
5.0,5.0,116.0,72.0,116.8363600037992,1.3899999856948853,-1.2770078424364328,145.0,3090.0,0.5,4532.39013671875,3084.0,1785365823000.0,17.0,3090.0,-0.0010000000474974513,3090.0
4.800000190734863,4.800000190734863,117.0,72.0,116.83639906346798,1.38100004196167,-1.277001639828086,145.0,3093.0,0.5,4536.5400390625,3087.0,1785365826000.0,17.200000762939453,3093.0,-0.039000000804662704,3093.0
4.800000190734863,4.800000190734863,117.0,71.0,116.83642127551138,1.38100004196167,-1.2770056631416082,142.0,3095.0,0.0,4539.06005859375,3089.0,1785365828000.0,17.399999618530273,3095.0,-0.04699999839067459,3095.0
4.800000190734863,4.800000190734863,117.0,70.0,116.83643175289035,1.38100004196167,-1.2770032323896885,141.0,3096.0,0.5,4540.259765625,3090.0,1785365829000.0,17.600000381469727,3096.0,-0.028999999165534973,3096.0
4.599999904632568,4.599999904632568,117.0,72.0,116.83649260550737,1.38100004196167,-1.2770203314721584,145.0,3100.0,0.5,4547.08984375,3094.0,1785365833000.0,19.399999618530273,3100.0,-0.052000001072883606,3100.0
4.800000190734863,4.800000190734863,117.0,72.0,116.83653535321355,1.38100004196167,-1.2770067527890205,144.0,3103.0,0.0,4552.06982421875,3097.0,1785365836000.0,20.0,3103.0,0.06800000369548798,3103.0
5.0,5.0,119.0,72.0,116.83660618029535,1.3899999856948853,-1.2769888993352652,144.0,3109.0,0.0,4560.16015625,3103.0,1785365842000.0,19.799999237060547,3109.0,0.05299999937415123,3109.0
5.400000095367432,5.400000095367432,118.0,73.0,116.83667558245361,1.3899999856948853,-1.2769875582307577,146.0,3113.0,0.0,4567.89013671875,3107.0,1785365846000.0,19.399999618530273,3113.0,0.0820000022649765,3113.0
6.0,6.0,117.0,74.0,116.83676719665527,1.3619999885559082,-1.2769949343055487,149.0,3121.0,0.5,4578.2001953125,3115.0,1785365854000.0,17.399999618530273,3121.0,0.0820000022649765,3121.0
6.800000190734863,6.800000190734863,118.0,77.0,116.83685780502856,1.3899999856948853,-1.2769866362214088,155.0,3127.0,0.5,4588.3701171875,3121.0,1785365860000.0,17.200000762939453,3127.0,0.10899999737739563,3127.0
6.800000190734863,6.800000190734863,119.0,74.0,116.83687289245427,1.399999976158142,-1.276986300945282,149.0,3129.0,0.5,4590.10009765625,3123.0,1785365862000.0,17.799999237060547,3129.0,0.05400000140070915,3129.0
7.0,7.0,120.0,0.0,116.83688948862255,1.3339999914169312,-1.2770101055502892,0.0,3134.0,0.0,4593.169921875,3128.0,1785365867000.0,19.399999618530273,3134.0,0.024000000208616257,3134.0
6.800000190734863,6.800000190734863,118.0,56.0,116.8368692882359,1.1759999990463257,-1.277039023116231,112.0,3140.0,0.0,4597.47021484375,3134.0,1785365873000.0,21.0,3140.0,-0.024000000208616257,3140.0
6.599999904632568,6.599999904632568,119.0,60.0,116.8368573859334,1.0540000200271606,-1.2770636659115553,121.0,3146.0,0.5,4600.7001953125,3140.0,1785365879000.0,22.399999618530273,3146.0,-0.014000000432133675,3146.0
7.0,7.0,119.0,73.0,116.83690340258181,1.1660000085830688,-1.2770434655249119,146.0,3151.0,0.0,4606.64990234375,3145.0,1785365884000.0,23.600000381469727,3151.0,0.06599999964237213,3151.0
7.800000190734863,7.800000190734863,118.0,74.0,116.83701655827463,1.4179999828338623,-1.277023684233427,149.0,3158.0,0.5,4619.27978515625,3152.0,1785365891000.0,25.600000381469727,3158.0,0.11599999666213989,3158.0
9.199999809265137,9.199999809265137,117.0,73.0,116.83720230124891,1.4739999771118164,-1.2769961077719927,146.0,3169.0,0.0,4640.2001953125,3163.0,1785365902000.0,31.200000762939453,3169.0,0.12200000137090683,3169.0
10.0,10.0,120.0,74.0,116.83736415579915,1.5490000247955322,-1.2770127039402723,149.0,3178.0,0.5,4658.27978515625,3172.0,1785365911000.0,38.79999923706055,3178.0,0.09099999815225601,3178.0
10.0,10.0,119.0,73.0,116.83755702339113,1.5210000276565552,-1.2769859656691551,146.0,3189.0,0.0,4679.6298828125,3183.0,1785365922000.0,43.400001525878906,3189.0,0.0,3189.0
10.0,10.0,119.0,73.0,116.8375741224736,1.5210000276565552,-1.2769876420497894,146.0,3190.0,0.0,4681.52978515625,3184.0,1785365923000.0,43.79999923706055,3190.0,0.0,3190.0
9.399999618530273,9.399999618530273,119.0,73.0,116.83766867034137,1.5299999713897705,-1.2770361732691526,146.0,3198.0,0.0,4692.85009765625,3192.0,1785365931000.0,45.400001525878906,3198.0,-0.06700000166893005,3198.0
8.800000190734863,8.800000190734863,119.0,73.0,116.83782172389328,1.4179999828338623,-1.277046985924244,146.0,3210.0,0.0,4710.06005859375,3204.0,1785365943000.0,45.79999923706055,3210.0,-0.05700000002980232,3210.0
8.199999809265137,8.199999809265137,120.0,71.0,116.83792381547391,1.5210000276565552,-1.2770471535623074,143.0,3219.0,0.5,4721.5400390625,3213.0,1785365952000.0,46.79999923706055,3219.0,-0.06199999898672104,3219.0
7.599999904632568,7.599999904632568,119.0,75.0,116.83806329034269,1.5859999656677246,-1.2770557031035423,151.0,3229.0,0.5,4737.08984375,3223.0,1785365962000.0,47.599998474121094,3229.0,-0.06599999964237213,3229.0
7.400000095367432,7.400000095367432,121.0,74.0,116.83816412463784,1.6239999532699585,-1.2770768254995346,148.0,3238.0,0.0,4748.5,3232.0,1785365971000.0,44.79999923706055,3238.0,-0.017999999225139618,3238.0
7.400000095367432,7.400000095367432,121.0,74.0,116.8381735123694,1.6139999628067017,-1.2770805973559618,148.0,3239.0,0.0,4749.6201171875,3233.0,1785365972000.0,44.0,3239.0,0.027000000700354576,3239.0
7.400000095367432,7.400000095367432,120.0,74.0,116.83822112157941,1.5770000219345093,-1.2770854588598013,148.0,3244.0,0.0,4755.0,3238.0,1785365977000.0,40.599998474121094,3244.0,0.007000000216066837,3244.0
7.400000095367432,7.400000095367432,120.0,73.0,116.83823319151998,1.5770000219345093,-1.2770850397646427,146.0,3245.0,0.0,4756.2998046875,3239.0,1785365978000.0,40.0,3245.0,-0.003000000026077032,3245.0
7.400000095367432,7.400000095367432,120.0,72.0,116.83829538524151,1.5210000276565552,-1.2770810164511204,145.0,3250.0,0.5,4763.259765625,3244.0,1785365983000.0,37.400001525878906,3250.0,-0.006000000052154064,3250.0
7.599999904632568,7.599999904632568,120.0,74.0,116.83834475465119,1.4930000305175781,-1.2770930863916874,149.0,3254.0,0.5,4768.8701171875,3248.0,1785365987000.0,35.79999923706055,3254.0,0.02199999988079071,3254.0
7.599999904632568,7.599999904632568,119.0,75.0,116.8383719958365,1.4839999675750732,-1.2770965229719877,151.0,3256.0,0.5,4771.919921875,3250.0,1785365989000.0,35.0,3256.0,0.012000000104308128,3256.0
7.599999904632568,7.599999904632568,119.0,75.0,116.83838448487222,1.4839999675750732,-1.277103228494525,151.0,3257.0,0.5,4773.4501953125,3251.0,1785365990000.0,34.599998474121094,3257.0,0.04800000041723251,3257.0
7.599999904632568,7.599999904632568,119.0,71.0,116.83841600082815,1.5019999742507935,-1.2771124485880136,143.0,3260.0,0.5,4777.10986328125,3254.0,1785365993000.0,34.0,3260.0,0.02199999988079071,3260.0
7.599999904632568,7.599999904632568,119.0,71.0,116.83842773549259,1.4739999771118164,-1.2771110236644745,142.0,3261.0,0.0,4778.419921875,3255.0,1785365994000.0,33.79999923706055,3261.0,-0.007000000216066837,3261.0
8.0,8.0,117.0,72.0,116.83848808519542,1.4179999828338623,-1.2771007977426052,145.0,3266.0,0.5,4785.16015625,3260.0,1785365999000.0,33.599998474121094,3266.0,0.07000000029802322,3266.0
8.0,8.0,117.0,70.0,116.83852094225585,1.371999979019165,-1.277104066684842,141.0,3270.0,0.5,4788.7001953125,3264.0,1785366003000.0,33.400001525878906,3270.0,0.0,3270.0
8.0,8.0,120.0,72.0,116.83860425837338,1.315999984741211,-1.277098534628749,145.0,3277.0,0.5,4798.0498046875,3271.0,1785366010000.0,32.79999923706055,3277.0,0.0,3277.0
8.0,8.0,120.0,71.0,116.83861599303782,1.305999994277954,-1.2771010491997004,143.0,3278.0,0.5,4799.3798828125,3272.0,1785366011000.0,32.599998474121094,3278.0,0.0,3278.0
8.0,8.0,122.0,73.0,116.83872831054032,1.305999994277954,-1.2771175615489483,146.0,3287.0,0.0,4812.02001953125,3281.0,1785366020000.0,32.0,3287.0,0.0,3287.0
8.0,8.0,122.0,71.0,116.8388054240495,1.2879999876022339,-1.277125272899866,143.0,3294.0,0.5,4820.759765625,3288.0,1785366027000.0,29.799999237060547,3294.0,0.0,3294.0
8.0,8.0,121.0,70.0,116.83889904990792,1.25,-1.2771295476704836,141.0,3301.0,0.5,4831.35986328125,3295.0,1785366034000.0,27.600000381469727,3301.0,0.0,3301.0
8.0,8.0,122.0,70.0,116.83892654255033,1.2599999904632568,-1.2771286256611347,141.0,3303.0,0.5,4834.43994140625,3297.0,1785366036000.0,27.200000762939453,3303.0,0.0,3303.0
8.0,8.0,124.0,73.0,116.83897892944515,1.277999997138977,-1.277132062241435,146.0,3307.0,0.0,4840.18994140625,3301.0,1785366040000.0,26.799999237060547,3307.0,0.0,3307.0
7.800000190734863,7.800000190734863,124.0,74.0,116.83901011012495,1.2879999876022339,-1.2771344929933548,149.0,3310.0,0.5,4843.60986328125,3304.0,1785366043000.0,26.600000381469727,3310.0,-0.06499999761581421,3310.0
7.400000095367432,7.400000095367432,125.0,72.0,116.83905377984047,1.2970000505447388,-1.2771368399262428,145.0,3314.0,0.5,4848.35009765625,3308.0,1785366047000.0,26.0,3314.0,-0.07900000363588333,3314.0
7.0,7.0,126.0,70.0,116.83912636712193,1.2690000534057617,-1.2771319784224033,141.0,3319.0,0.5,4855.41015625,3313.0,1785366052000.0,25.200000762939453,3319.0,-0.10400000214576721,3319.0
6.800000190734863,6.800000190734863,126.0,71.0,116.83914975263178,1.2690000534057617,-1.277122674509883,143.0,3321.0,0.5,4858.14990234375,3315.0,1785366054000.0,25.399999618530273,3321.0,-0.08399999886751175,3321.0
6.199999809265137,6.199999809265137,126.0,70.0,116.83923415839672,1.2879999876022339,-1.2771156337112188,140.0,3328.0,0.0,4867.669921875,3322.0,1785366061000.0,25.200000762939453,3328.0,-0.08699999749660492,3328.0
6.0,6.0,125.0,70.0,116.83926056139171,1.2879999876022339,-1.2771173100918531,140.0,3330.0,0.0,4870.60009765625,3324.0,1785366063000.0,25.0,3330.0,-0.0949999988079071,3330.0
5.800000190734863,5.800000190734863,122.0,72.0,116.83932409621775,1.305999994277954,-1.277114963158965,144.0,3335.0,0.0,4877.7001953125,3329.0,1785366068000.0,24.200000762939453,3335.0,-0.05900000035762787,3335.0
5.400000095367432,5.400000095367432,122.0,72.0,116.83936877176166,1.3339999914169312,-1.2771159689873457,145.0,3339.0,0.5,4882.669921875,3333.0,1785366072000.0,24.0,3339.0,-0.08100000023841858,3339.0
4.599999904632568,4.599999904632568,124.0,72.0,116.83947740122676,1.3619999885559082,-1.2770961876958609,145.0,3347.0,0.5,4894.89013671875,3341.0,1785366080000.0,22.799999237060547,3347.0,-0.08900000154972076,3347.0
4.400000095367432,4.400000095367432,121.0,73.0,116.83957857079804,1.399999976158142,-1.2770715449005365,146.0,3355.0,0.0,4906.43994140625,3349.0,1785366088000.0,22.0,3355.0,-0.04399999976158142,3355.0
4.599999904632568,4.599999904632568,120.0,72.0,116.83972399681807,1.409000039100647,-1.2770279590040445,145.0,3367.0,0.5,4923.31005859375,3361.0,1785366100000.0,21.200000762939453,3367.0,0.028999999165534973,3367.0
5.199999809265137,5.199999809265137,120.0,71.0,116.83984285220504,1.437000036239624,-1.277001891285181,143.0,3376.0,0.5,4936.919921875,3370.0,1785366109000.0,21.399999618530273,3376.0,0.0689999982714653,3376.0
5.599999904632568,5.599999904632568,123.0,73.0,116.83988023549318,1.4459999799728394,-1.2769986223429441,146.0,3379.0,0.0,4941.10986328125,3373.0,1785366112000.0,21.399999618530273,3379.0,0.13500000536441803,3379.0
6.400000095367432,6.400000095367432,124.0,72.0,116.83993706479669,1.4459999799728394,-1.2769687827676535,145.0,3383.0,0.5,4948.18994140625,3377.0,1785366116000.0,21.799999237060547,3383.0,0.15299999713897705,3383.0
7.199999809265137,7.199999809265137,121.0,71.0,116.8400296010077,1.4739999771118164,-1.2769469060003757,142.0,3390.0,0.0,4958.7998046875,3384.0,1785366123000.0,22.200000762939453,3390.0,0.14300000667572021,3390.0
7.800000190734863,7.800000190734863,121.0,73.0,116.84008148498833,1.4839999675750732,-1.276935925707221,146.0,3394.0,0.0,4964.7099609375,3388.0,1785366127000.0,22.0,3394.0,0.10400000214576721,3394.0
7.599999904632568,7.599999904632568,121.0,73.0,116.84012523852289,1.4839999675750732,-1.276938607916236,146.0,3398.0,0.0,4969.7998046875,3392.0,1785366131000.0,22.0,3398.0,-0.007000000216066837,3398.0
7.599999904632568,7.599999904632568,121.0,73.0,116.84014770202339,1.4839999675750732,-1.2769379373639822,146.0,3400.0,0.0,4972.330078125,3394.0,1785366133000.0,21.799999237060547,3400.0,-0.039000000804662704,3400.0
7.400000095367432,7.400000095367432,121.0,72.0,116.84028080664575,1.4839999675750732,-1.2768878135830164,145.0,3409.0,0.5,4988.02978515625,3403.0,1785366142000.0,22.600000381469727,3409.0,-0.032999999821186066,3409.0
7.0,7.0,120.0,76.0,116.8403885141015,1.5019999742507935,-1.2768445629626513,153.0,3417.0,0.5,5000.8798828125,3411.0,1785366150000.0,24.0,3417.0,-0.04600000008940697,3417.0
6.800000190734863,6.800000190734863,120.0,77.0,116.84041600674391,1.5119999647140503,-1.2768361810594797,154.0,3419.0,0.0,5004.06982421875,3413.0,1785366152000.0,24.0,3419.0,-0.04899999871850014,3419.0
6.599999904632568,6.599999904632568,120.0,75.0,116.84049203060567,1.5299999713897705,-1.2768544536083937,151.0,3425.0,0.5,5012.240234375,3419.0,1785366158000.0,23.600000381469727,3425.0,-0.04600000008940697,3425.0
