directRunCadence,sumDuration,directTimestamp,directLatitude,directElevation,sumElapsedDuration,directSpeed,directCorrectedElevation,directUncorrectedElevation,sumMovingDuration,directFractionalCadence,directHeartRate,sumDistance,directLongitude,directDoubleCadence,directVerticalSpeed,elapsed_s
0.0,0.0,1788343711000.0,-6.218372862786055,16.799999237060547,0.0,0.0,16.799999237060547,39.79999923706055,0.0,0.0,81.0,0.019999999552965164,106.80409421212971,0.0,,0.0
82.0,8.0,1788343719000.0,-6.218301448971033,15.800000190734863,8.0,0.8299999833106995,15.800000190734863,39.79999923706055,8.0,0.0,88.0,8.449999809265137,106.80404911749065,164.0,-0.10499999672174454,8.0
82.0,9.0,1788343720000.0,-6.218283176422119,15.600000381469727,9.0,0.9139999747276306,15.600000381469727,40.0,9.0,0.5,91.0,10.729999542236328,106.80403746664524,165.0,-0.2150000035762787,9.0
82.0,12.0,1788343723000.0,-6.218228274956346,15.399999618530273,12.0,1.5679999589920044,15.399999618530273,40.400001525878906,12.0,0.5,94.0,17.989999771118164,106.80400092154741,165.0,-0.05900000035762787,12.0
82.0,15.0,1788343726000.0,-6.218172702938318,16.399999618530273,15.0,1.7259999513626099,16.399999618530273,40.599998474121094,15.0,0.5,94.0,25.860000610351562,106.80395524017513,165.0,0.2759999930858612,15.0
81.0,18.0,1788343729000.0,-6.218129452317953,17.200000762939453,18.0,1.7170000076293945,17.200000762939453,40.79999923706055,18.0,0.5,99.0,32.41999816894531,106.80391391739249,163.0,0.3070000112056732,18.0
83.0,20.0,1788343731000.0,-6.218079412356019,18.0,20.0,1.7259999513626099,18.0,40.79999923706055,20.0,0.5,103.0,37.88999938964844,106.80390344001353,167.0,0.39800000190734863,20.0
83.0,23.0,1788343734000.0,-6.2180206552147865,18.200000762939453,23.0,1.753999948501587,18.200000762939453,40.79999923706055,23.0,0.5,107.0,44.209999084472656,106.80390075780451,167.0,0.04399999976158142,23.0
83.0,26.0,1788343737000.0,-6.217952761799097,17.799999237060547,26.0,1.7910000085830688,17.799999237060547,40.79999923706055,26.0,0.5,110.0,51.779998779296875,106.80388667620718,167.0,-0.09399999678134918,26.0
81.0,29.0,1788343740000.0,-6.2178846169263124,18.600000381469727,29.0,1.8289999961853027,18.600000381469727,40.79999923706055,29.0,0.5,114.0,59.75,106.8038632068783,163.0,0.2680000066757202,29.0
81.0,32.0,1788343743000.0,-6.217820327728987,19.399999618530273,32.0,1.8660000562667847,19.399999618530273,41.0,32.0,0.5,116.0,67.41000366210938,106.80383655242622,163.0,0.22599999606609344,32.0
81.0,34.0,1788343745000.0,-6.217775736004114,20.0,34.0,1.902999997138977,20.0,41.20000076293945,34.0,0.5,119.0,72.43000030517578,106.80382498539984,163.0,0.296999990940094,34.0
81.0,36.0,1788343747000.0,-6.2177379336208105,20.399999618530273,36.0,1.930999994277954,20.399999618530273,41.400001525878906,36.0,0.5,122.0,77.05999755859375,106.80380646139383,163.0,0.17299999296665192,36.0
81.0,38.0,1788343749000.0,-6.217699628323317,20.799999237060547,38.0,1.9500000476837158,20.799999237060547,41.79999923706055,38.0,0.5,125.0,81.4800033569336,106.80379355326295,163.0,0.2290000021457672,38.0
81.0,40.0,1788343751000.0,-6.217653779312968,21.0,40.0,1.930999994277954,21.0,42.0,40.0,0.5,128.0,86.4800033569336,106.80378609336913,163.0,0.0989999994635582,40.0
81.0,41.0,1788343752000.0,-6.217634836211801,20.799999237060547,41.0,1.940999984741211,20.799999237060547,42.20000076293945,41.0,0.5,129.0,88.91000366210938,106.80377486161888,163.0,-0.06599999964237213,41.0
81.0,47.0,1788343758000.0,-6.217568535357714,21.0,47.0,1.9500000476837158,21.0,44.0,47.0,0.5,132.0,98.97000122070312,106.8037099018693,163.0,0.024000000208616257,47.0
81.0,50.0,1788343761000.0,-6.217531990259886,21.399999618530273,50.0,1.9589999914169312,21.399999618530273,44.599998474121094,50.0,0.5,133.0,105.94999694824219,106.80365818552673,163.0,0.12300000339746475,50.0
81.0,56.0,1788343767000.0,-6.2174316588789225,22.399999618530273,56.0,2.0250000953674316,22.399999618530273,45.0,56.0,0.5,136.0,120.72000122070312,106.80357210338116,163.0,0.17299999296665192,56.0
81.0,58.0,1788343769000.0,-6.217394694685936,22.600000381469727,58.0,2.0899999141693115,22.600000381469727,45.20000076293945,58.0,0.5,137.0,126.25,106.80353824049234,163.0,0.09000000357627869,58.0
80.0,63.0,1788343774000.0,-6.217328058555722,22.399999618530273,63.0,2.2019999027252197,22.399999618530273,46.20000076293945,63.0,0.5,138.0,136.8000030517578,106.80346917361021,161.0,-0.04399999976158142,63.0
80.0,65.0,1788343776000.0,-6.217305343598127,21.799999237060547,65.0,2.2209999561309814,21.799999237060547,46.400001525878906,65.0,0.5,140.0,140.7100067138672,106.80343841202557,161.0,-0.2619999945163727,65.0
81.0,71.0,1788343782000.0,-6.217224206775427,20.600000381469727,71.0,2.2109999656677246,20.600000381469727,46.599998474121094,71.0,0.5,141.0,155.4499969482422,106.80332693271339,163.0,-0.20100000500679016,71.0
82.0,73.0,1788343784000.0,-6.217183722183108,20.600000381469727,73.0,2.2209999561309814,20.600000381469727,45.79999923706055,73.0,0.5,141.0,159.94000244140625,106.80331670679152,165.0,-0.017999999225139618,73.0
82.0,75.0,1788343786000.0,-6.217154385522008,20.600000381469727,75.0,2.183000087738037,20.600000381469727,45.20000076293945,75.0,0.5,140.0,163.52000427246094,106.80330212228,165.0,-0.026000000536441803,75.0
82.0,76.0,1788343787000.0,-6.217140136286616,20.600000381469727,76.0,2.1549999713897705,20.600000381469727,44.79999923706055,76.0,0.5,140.0,165.08999633789062,106.80329533293843,165.0,-0.012000000104308128,76.0
80.0,81.0,1788343792000.0,-6.2171059381216764,20.399999618530273,81.0,2.0339999198913574,20.399999618530273,43.79999923706055,81.0,0.5,139.0,173.22000122070312,106.80322903208435,161.0,-0.023000000044703484,81.0
80.0,88.0,1788343799000.0,-6.217068554833531,20.799999237060547,88.0,1.9780000448226929,20.799999237060547,44.0,88.0,0.5,139.0,185.19000244140625,106.80311855860054,161.0,0.054999999701976776,88.0
81.0,95.0,1788343806000.0,-6.217023376375437,22.799999237060547,95.0,1.9589999914169312,22.799999237060547,45.20000076293945,95.0,0.5,139.0,198.52000427246094,106.80300657637417,163.0,0.2770000100135803,95.0
79.0,104.0,1788343815000.0,-6.21698934584856,23.600000381469727,104.0,1.9589999914169312,23.600000381469727,44.599998474121094,104.0,0.5,141.0,217.7899932861328,106.80283701047301,159.0,0.08100000023841858,104.0
78.0,111.0,1788343822000.0,-6.2169925309717655,26.200000762939453,111.0,1.968999981880188,26.200000762939453,45.400001525878906,111.0,0.5,142.0,231.41000366210938,106.80271371267736,157.0,0.38100001215934753,111.0
79.0,120.0,1788343831000.0,-6.217030081897974,26.200000762939453,120.0,1.968999981880188,26.200000762939453,46.599998474121094,120.0,0.5,142.0,252.67999267578125,106.8025214318186,159.0,-0.003000000026077032,120.0
80.0,124.0,1788343835000.0,-6.2170269805938005,24.399999618530273,124.0,1.9780000448226929,24.399999618530273,46.79999923706055,124.0,0.5,140.0,259.8800048828125,106.8024561367929,161.0,-0.4339999854564667,124.0
79.0,128.0,1788343839000.0,-6.217039804905653,23.399999618530273,128.0,1.9780000448226929,23.399999618530273,45.599998474121094,128.0,0.5,137.0,267.1499938964844,106.80239176377654,159.0,-0.23100000619888306,128.0
80.0,134.0,1788343845000.0,-6.217043409124017,23.0,134.0,1.9589999914169312,23.0,43.0,134.0,0.5,137.0,276.7799987792969,106.80230509489775,161.0,-0.09399999678134918,134.0
77.0,143.0,1788343854000.0,-6.2170785292983055,25.200000762939453,143.0,1.940999984741211,25.200000762939453,43.599998474121094,143.0,0.5,137.0,292.0400085449219,106.80217182263732,155.0,0.2549999952316284,143.0
80.0,151.0,1788343862000.0,-6.2171318382024765,27.600000381469727,151.0,1.940999984741211,27.600000381469727,44.599998474121094,151.0,0.5,136.0,306.3399963378906,106.80205372162163,161.0,0.2840000092983246,151.0
80.0,161.0,1788343872000.0,-6.217220015823841,27.799999237060547,161.0,1.902999997138977,27.799999237060547,43.599998474121094,161.0,0.5,134.0,323.5,106.80192304775119,161.0,0.03500000014901161,161.0
79.0,171.0,1788343882000.0,-6.217331411316991,27.600000381469727,171.0,1.847000002861023,27.600000381469727,40.599998474121094,171.0,0.5,134.0,344.95001220703125,106.80176437832415,159.0,-0.02800000086426735,171.0
79.0,178.0,1788343889000.0,-6.217400059103966,26.799999237060547,178.0,1.8380000591278076,26.799999237060547,42.400001525878906,178.0,0.5,136.0,357.2900085449219,106.8016756977886,159.0,-0.12099999934434891,178.0
81.0,185.0,1788343896000.0,-6.217484883964062,25.799999237060547,185.0,1.809999942779541,25.799999237060547,42.20000076293945,185.0,0.5,136.0,367.8599853515625,106.80163194425404,163.0,-0.13500000536441803,185.0
80.0,189.0,1788343900000.0,-6.217539366334677,25.200000762939453,189.0,1.7910000085830688,25.200000762939453,40.20000076293945,189.0,0.5,135.0,374.19000244140625,106.80161484517157,161.0,-0.15700000524520874,189.0
79.0,192.0,1788343903000.0,-6.217590998858213,24.399999618530273,192.0,1.781999945640564,24.399999618530273,37.20000076293945,192.0,0.5,134.0,380.3399963378906,106.80159389041364,159.0,-0.23800000548362732,192.0
78.0,195.0,1788343906000.0,-6.217636009678245,23.200000762939453,195.0,1.7730000019073486,23.200000762939453,35.599998474121094,195.0,0.5,134.0,387.1499938964844,106.80155164562166,157.0,-0.4090000092983246,195.0
79.0,199.0,1788343910000.0,-6.217689570039511,21.799999237060547,199.0,1.7640000581741333,21.799999237060547,35.79999923706055,199.0,0.5,134.0,395.010009765625,106.80150361731648,159.0,-0.35100001096725464,199.0
79.0,200.0,1788343911000.0,-6.217704992741346,21.600000381469727,200.0,1.7730000019073486,21.600000381469727,36.0,200.0,0.5,134.0,396.82000732421875,106.80149825289845,159.0,-0.17000000178813934,200.0
79.0,206.0,1788343917000.0,-6.217791493982077,20.799999237060547,206.0,1.7730000019073486,20.799999237060547,36.599998474121094,206.0,0.5,134.0,407.1499938964844,106.80146330036223,159.0,-0.13600000739097595,206.0
79.0,214.0,1788343925000.0,-6.217904901131988,19.799999237060547,214.0,1.781999945640564,19.799999237060547,34.599998474121094,214.0,0.0,135.0,420.8999938964844,106.80140697397292,158.0,-0.12700000405311584,214.0
79.0,220.0,1788343931000.0,-6.2180044781416655,19.399999618530273,220.0,1.7730000019073486,19.399999618530273,32.20000076293945,220.0,0.0,136.0,432.4599914550781,106.80137269198895,158.0,-0.05400000140070915,220.0
80.0,222.0,1788343933000.0,-6.218041442334652,19.799999237060547,222.0,1.7730000019073486,19.799999237060547,31.200000762939453,222.0,0.0,136.0,436.5299987792969,106.80136766284704,160.0,0.15399999916553497,222.0
78.0,229.0,1788343940000.0,-6.2181593757122755,19.600000381469727,229.0,1.8009999990463257,19.600000381469727,29.399999618530273,229.0,0.5,135.0,449.75,106.80134251713753,157.0,-0.0430000014603138,229.0
79.0,237.0,1788343948000.0,-6.218269346281886,18.600000381469727,237.0,1.8009999990463257,18.600000381469727,27.399999618530273,237.0,0.0,135.0,462.04998779296875,106.80132592096925,158.0,-0.11500000208616257,237.0
79.0,238.0,1788343949000.0,-6.218295497819781,18.600000381469727,238.0,1.8009999990463257,18.600000381469727,27.200000762939453,238.0,0.0,135.0,464.6400146484375,106.80132793262601,158.0,0.08699999749660492,238.0
78.0,240.0,1788343951000.0,-6.218337323516607,18.799999237060547,240.0,1.7910000085830688,18.799999237060547,27.0,240.0,0.5,135.0,469.1300048828125,106.80132147856057,157.0,0.08699999749660492,240.0
78.0,242.0,1788343953000.0,-6.218372443690896,19.0,242.0,1.7910000085830688,19.0,27.399999618530273,242.0,0.5,134.0,473.20001220703125,106.80130873806775,157.0,0.0860000029206276,242.0
79.0,248.0,1788343959000.0,-6.218476882204413,19.200000762939453,248.0,1.7730000019073486,19.200000762939453,30.399999618530273,248.0,0.0,136.0,485.1400146484375,106.8012853525579,158.0,0.03500000014901161,248.0
78.0,254.0,1788343965000.0,-6.218569669872522,19.799999237060547,254.0,1.781999945640564,19.799999237060547,32.400001525878906,254.0,0.5,135.0,495.9200134277344,106.80125702172518,157.0,0.10499999672174454,254.0
78.0,261.0,1788343972000.0,-6.218665223568678,21.200000762939453,261.0,1.7640000581741333,21.200000762939453,34.0,261.0,0.5,135.0,506.54998779296875,106.8012560158968,157.0,0.1979999989271164,261.0
78.0,270.0,1788343981000.0,-6.218813750892878,23.399999618530273,270.0,1.7730000019073486,23.399999618530273,33.20000076293945,270.0,0.5,134.0,522.8900146484375,106.80127588100731,157.0,0.24500000476837158,270.0
79.0,278.0,1788343989000.0,-6.218920452520251,24.600000381469727,278.0,1.7640000581741333,24.600000381469727,33.400001525878906,278.0,0.0,133.0,534.5800170898438,106.80127772502601,158.0,0.1420000046491623,278.0
0.0,283.0,1788343994000.0,-6.2189415749162436,24.799999237060547,283.0,1.6979999542236328,24.799999237060547,31.799999237060547,283.0,0.0,134.0,537.1500244140625,106.80127923376858,0.0,0.0430000014603138,283.0
0.0,289.0,1788344000000.0,-6.219038385897875,26.200000762939453,289.0,0.2800000011920929,26.200000762939453,32.0,283.0,0.0,131.0,547.9099731445312,106.80129281245172,0.0,0.24400000274181366,289.0
0.0,290.0,1788344001000.0,-6.21905816718936,26.799999237060547,290.0,1.1660000085830688,26.799999237060547,32.400001525878906,284.0,0.0,130.0,550.219970703125,106.80129976943135,0.0,0.4519999921321869,290.0
81.0,297.0,1788344008000.0,-6.219204682856798,26.600000381469727,297.0,2.0429999828338623,26.600000381469727,34.0,291.0,0.5,131.0,567.030029296875,106.80134100839496,163.0,-0.004000000189989805,297.0
80.0,303.0,1788344014000.0,-6.219311887398362,26.0,303.0,2.1649999618530273,26.0,34.599998474121094,297.0,0.5,134.0,579.3099975585938,106.80137235671282,161.0,-0.10999999940395355,303.0
82.0,306.0,1788344017000.0,-6.21935622766614,25.799999237060547,306.0,2.1649999618530273,25.799999237060547,34.599998474121094,300.0,0.5,136.0,585.3800048828125,106.801404543221,165.0,-0.06800000369548798,306.0
80.0,314.0,1788344025000.0,-6.219489499926567,23.0,314.0,2.062000036239624,23.0,35.0,308.0,0.5,137.0,602.3099975585938,106.8014788068831,161.0,-0.3659999966621399,314.0
81.0,323.0,1788344034000.0,-6.219619754701853,19.799999237060547,323.0,2.0429999828338623,19.799999237060547,36.599998474121094,317.0,0.5,139.0,618.6500244140625,106.80154661647975,163.0,-0.3449999988079071,323.0
80.0,330.0,1788344041000.0,-6.219721511006355,19.0,330.0,2.0250000953674316,19.0,36.20000076293945,324.0,0.5,142.0,633.3900146484375,106.80163202807307,161.0,-0.11100000143051147,330.0
79.0,333.0,1788344044000.0,-6.219770964235067,18.799999237060547,333.0,2.0250000953674316,18.799999237060547,36.400001525878906,327.0,0.5,143.0,640.6199951171875,106.80167494341731,159.0,-0.06700000166893005,333.0
79.0,340.0,1788344051000.0,-6.219866266474128,19.200000762939453,340.0,2.062000036239624,19.200000762939453,37.400001525878906,334.0,0.5,143.0,656.9000244140625,106.80178742855787,159.0,0.054999999701976776,340.0
80.0,347.0,1788344058000.0,-6.2199367582798,20.399999618530273,347.0,2.0899999141693115,20.399999618530273,39.599998474121094,341.0,0.5,144.0,673.1300048828125,106.80191081017256,161.0,0.17299999296665192,347.0
80.0,352.0,1788344063000.0,-6.2199935875833035,21.399999618530273,352.0,2.0810000896453857,21.399999618530273,39.79999923706055,346.0,0.0,144.0,681.530029296875,106.80196495726705,160.0,0.2150000035762787,352.0
79.0,354.0,1788344065000.0,-6.220008675009012,21.399999618530273,354.0,2.0810000896453857,21.399999618530273,39.79999923706055,348.0,0.0,144.0,684.8699951171875,106.80199144408107,158.0,-0.05400000140070915,354.0
78.0,361.0,1788344072000.0,-6.2200733833014965,21.0,361.0,2.0429999828338623,21.0,38.400001525878906,355.0,0.5,143.0,696.5900268554688,106.80207710713148,157.0,-0.04100000113248825,361.0
79.0,368.0,1788344079000.0,-6.22012778185308,20.399999618530273,368.0,2.015000104904175,20.399999618530273,38.599998474121094,362.0,0.0,143.0,709.780029296875,106.80218447931111,158.0,-0.08699999749660492,368.0
76.0,377.0,1788344088000.0,-6.220187544822693,19.200000762939453,377.0,1.9780000448226929,19.200000762939453,38.599998474121094,371.0,0.0,143.0,725.72998046875,106.80231934413314,152.0,-0.14399999380111694,377.0
77.0,380.0,1788344091000.0,-6.220222748816013,19.600000381469727,380.0,1.9780000448226929,19.600000381469727,38.599998474121094,374.0,0.0,143.0,730.6099853515625,106.80235714651644,154.0,0.16899999976158142,380.0
77.0,383.0,1788344094000.0,-6.220237668603659,20.200000762939453,383.0,1.9589999914169312,20.200000762939453,38.400001525878906,377.0,0.5,143.0,734.8599853515625,106.80239109322429,155.0,0.15299999713897705,383.0
76.0,386.0,1788344097000.0,-6.220230208709836,20.399999618530273,386.0,1.940999984741211,20.399999618530273,38.400001525878906,380.0,0.0,141.0,739.27001953125,106.80242956615984,152.0,0.05700000002980232,386.0
75.0,390.0,1788344101000.0,-6.220226185396314,20.600000381469727,390.0,1.902999997138977,20.600000381469727,37.20000076293945,384.0,0.0,139.0,745.010009765625,106.80248010903597,150.0,0.07599999755620956,390.0
75.0,399.0,1788344110000.0,-6.22024797834456,21.399999618530273,399.0,1.7640000581741333,21.399999618530273,33.599998474121094,393.0,0.0,138.0,759.5599975585938,106.80261136963964,150.0,0.0820000022649765,399.0
76.0,407.0,1788344118000.0,-6.2202380038797855,22.200000762939453,407.0,1.7079999446868896,22.200000762939453,35.400001525878906,401.0,0.0,139.0,771.6699829101562,106.80272159166634,152.0,0.0949999988079071,407.0
76.0,415.0,1788344126000.0,-6.220204392448068,23.0,415.0,1.6699999570846558,23.0,36.0,409.0,0.0,136.0,787.469970703125,106.80286349728703,152.0,0.10999999940395355,415.0
77.0,418.0,1788344129000.0,-6.220195842906833,23.200000762939453,418.0,1.6890000104904175,23.200000762939453,36.20000076293945,412.0,0.5,134.0,793.1799926757812,106.80291445925832,155.0,0.06599999964237213,418.0
78.0,425.0,1788344136000.0,-6.220145132392645,23.799999237060547,425.0,1.7730000019073486,23.799999237060547,39.20000076293945,419.0,0.5,133.0,808.9600219726562,106.80304823443294,157.0,0.0949999988079071,425.0
76.0,433.0,1788344144000.0,-6.220098026096821,24.0,433.0,1.781999945640564,24.0,42.79999923706055,427.0,0.0,131.0,823.6699829101562,106.80317195132375,152.0,0.004000000189989805,433.0
78.0,442.0,1788344153000.0,-6.220030132681131,22.600000381469727,442.0,1.8009999990463257,22.600000381469727,47.0,436.0,0.5,131.0,837.7899780273438,106.80327798239887,157.0,-0.1420000046491623,442.0
78.0,443.0,1788344154000.0,-6.220022588968277,22.600000381469727,443.0,1.7910000085830688,22.600000381469727,47.400001525878906,437.0,0.5,131.0,838.8699951171875,106.80328426882625,157.0,-0.06300000101327896,443.0
77.0,446.0,1788344157000.0,-6.219991324469447,22.200000762939453,446.0,1.7359999418258667,22.200000762939453,48.0,440.0,0.5,131.0,843.8599853515625,106.80331352166831,155.0,-0.10300000011920929,446.0
77.0,447.0,1788344158000.0,-6.219980847090483,22.200000762939453,447.0,1.7259999513626099,22.200000762939453,48.0,441.0,0.0,131.0,845.3900146484375,106.80332249030471,154.0,-0.09099999815225601,447.0
78.0,455.0,1788344166000.0,-6.219917982816696,20.399999618530273,455.0,1.6610000133514404,20.399999618530273,47.79999923706055,449.0,0.5,131.0,861.0999755859375,106.80345215834677,157.0,-0.22300000488758087,455.0
79.0,462.0,1788344173000.0,-6.219835001975298,18.600000381469727,462.0,1.7359999418258667,18.600000381469727,47.0,456.0,0.0,135.0,875.1099853515625,106.80354570038617,158.0,-0.23999999463558197,462.0
78.0,464.0,1788344175000.0,-6.219811951741576,18.200000762939453,464.0,1.7640000581741333,18.200000762939453,47.0,458.0,0.5,135.0,878.7000122070312,106.80356841534376,157.0,-0.20399999618530273,464.0
79.0,471.0,1788344182000.0,-6.219721427187324,17.0,471.0,1.8380000591278076,17.0,46.400001525878906,465.0,0.5,135.0,891.719970703125,106.80364242754877,159.0,-0.1899999976158142,471.0
80.0,478.0,1788344189000.0,-6.219622688367963,16.200000762939453,478.0,1.847000002861023,16.200000762939453,43.599998474121094,472.0,0.0,138.0,903.6799926757812,106.80369070731103,160.0,-0.11299999803304672,478.0
78.0,481.0,1788344192000.0,-6.219576168805361,16.0,481.0,1.847000002861023,16.0,41.599998474121094,475.0,0.5,138.0,909.2000122070312,106.80370973423123,157.0,-0.024000000208616257,481.0
78.0,490.0,1788344201000.0,-6.2194713950157166,15.600000381469727,490.0,1.7910000085830688,15.600000381469727,38.79999923706055,484.0,0.5,138.0,924.1900024414062,106.80379061959684,157.0,-0.054999999701976776,490.0
77.0,496.0,1788344207000.0,-6.219382546842098,15.600000381469727,496.0,1.753999948501587,15.600000381469727,37.20000076293945,490.0,0.0,138.0,934.5900268554688,106.80382071062922,154.0,-0.0010000000474974513,496.0
78.0,506.0,1788344217000.0,-6.219250280410051,16.200000762939453,506.0,1.7170000076293945,16.200000762939453,36.400001525878906,500.0,0.5,140.0,949.6199951171875,106.80385231040418,157.0,0.054999999701976776,506.0
76.0,515.0,1788344226000.0,-6.219117343425751,17.600000381469727,515.0,1.6799999475479126,17.600000381469727,35.599998474121094,509.0,0.0,138.0,964.5900268554688,106.80387854576111,152.0,0.15399999916553497,515.0
77.0,523.0,1788344234000.0,-6.21900737285614,17.600000381469727,523.0,1.6519999504089355,17.600000381469727,34.0,517.0,0.5,138.0,977.280029296875,106.80391048081219,155.0,0.014999999664723873,523.0
77.0,533.0,1788344244000.0,-6.2188658863306046,17.600000381469727,533.0,1.6239999532699585,17.600000381469727,32.400001525878906,527.0,0.5,139.0,993.3200073242188,106.80394015274942,155.0,-0.013000000268220901,533.0
77.0,537.0,1788344248000.0,-6.218805955722928,17.399999618530273,537.0,1.6239999532699585,17.399999618530273,31.200000762939453,531.0,0.5,139.0,1000.1699829101562,106.80395607836545,155.0,-0.020999999716877937,537.0
76.0,543.0,1788344254000.0,-6.218716017901897,17.0,543.0,1.6239999532699585,17.0,30.799999237060547,537.0,0.0,139.0,1010.4099731445312,106.8039773683995,152.0,-0.0820000022649765,543.0
77.0,551.0,1788344262000.0,-6.218594731763005,17.0,551.0,1.6519999504089355,17.0,32.0,545.0,0.5,137.0,1023.7999877929688,106.80397812277079,155.0,-0.0010000000474974513,551.0
76.0,559.0,1788344270000.0,-6.2184821628034115,16.799999237060547,559.0,1.6610000133514404,16.799999237060547,31.600000381469727,553.0,0.5,136.0,1036.489990234375,106.80396270006895,153.0,-0.017999999225139618,559.0
77.0,569.0,1788344280000.0,-6.218330450356007,15.800000190734863,569.0,1.6699999570846558,15.800000190734863,32.400001525878906,563.0,0.5,136.0,1053.3599853515625,106.80395264178514,155.0,-0.0949999988079071,569.0
77.0,578.0,1788344289000.0,-6.218194747343659,16.200000762939453,578.0,1.6799999475479126,16.200000762939453,34.599998474121094,572.0,0.5,136.0,1068.5400390625,106.80392984300852,155.0,0.03799999877810478,578.0
77.0,587.0,1788344298000.0,-6.218067007139325,18.200000762939453,587.0,1.6610000133514404,18.200000762939453,34.79999923706055,581.0,0.0,136.0,1083.3199462890625,106.80389296263456,154.0,0.23399999737739563,587.0
76.0,595.0,1788344306000.0,-6.217923676595092,18.0,595.0,1.6610000133514404,18.0,34.20000076293945,589.0,0.0,136.0,1099.550048828125,106.80385951884091,152.0,-0.04600000008940697,595.0
76.0,601.0,1788344312000.0,-6.217848155647516,18.799999237060547,601.0,1.6699999570846558,18.799999237060547,37.599998474121094,595.0,0.0,136.0,1108.800048828125,106.80383110418916,152.0,0.14100000262260437,601.0
76.0,609.0,1788344320000.0,-6.217720499262214,20.600000381469727,609.0,1.6610000133514404,20.600000381469727,41.20000076293945,603.0,0.0,136.0,1122.8199462890625,106.80380931124091,152.0,0.23800000548362732,609.0
75.0,616.0,1788344327000.0,-6.217637434601784,20.600000381469727,616.0,1.6610000133514404,20.600000381469727,42.20000076293945,610.0,0.0,136.0,1133.4599609375,106.80376178584993,150.0,-0.004000000189989805,616.0
76.0,617.0,1788344328000.0,-6.21762259863317,20.799999237060547,617.0,1.6519999504089355,20.799999237060547,42.20000076293945,611.0,0.5,136.0,1135.260009765625,106.80375407449901,153.0,0.0989999994635582,617.0
77.0,622.0,1788344333000.0,-6.217562919482589,21.200000762939453,622.0,1.6519999504089355,21.200000762939453,42.400001525878906,616.0,0.5,135.0,1142.8800048828125,106.80372163653374,155.0,0.10199999809265137,622.0
75.0,630.0,1788344341000.0,-6.217489410191774,22.0,630.0,1.6419999599456787,22.0,42.20000076293945,624.0,0.0,133.0,1154.8699951171875,106.8036390747875,150.0,0.09700000286102295,630.0
75.0,641.0,1788344352000.0,-6.217376673594117,22.799999237060547,641.0,1.6050000190734863,22.799999237060547,39.0,635.0,0.0,131.0,1171.3399658203125,106.80354226380587,150.0,0.06800000369548798,641.0
76.0,652.0,1788344363000.0,-6.217262260615826,21.600000381469727,652.0,1.5770000219345093,21.600000381469727,39.20000076293945,646.0,0.0,130.0,1188.9300537109375,106.80343086831272,152.0,-0.10499999672174454,652.0
74.0,658.0,1788344369000.0,-6.217221021652222,20.799999237060547,658.0,1.5679999589920044,20.799999237060547,40.0,652.0,0.0,128.0,1198.22998046875,106.80335786193609,148.0,-0.12800000607967377,658.0
74.0,661.0,1788344372000.0,-6.217200653627515,20.600000381469727,661.0,1.5679999589920044,20.600000381469727,39.79999923706055,655.0,0.5,128.0,1203.0699462890625,106.80331888608634,149.0,-0.06800000369548798,661.0
76.0,672.0,1788344383000.0,-6.21714130975306,20.0,672.0,1.5579999685287476,20.0,39.599998474121094,666.0,0.0,128.0,1220.989990234375,106.8031644076109,152.0,-0.05000000074505806,672.0
75.0,680.0,1788344391000.0,-6.217131419107318,21.399999618530273,680.0,1.5770000219345093,21.399999618530273,41.20000076293945,674.0,0.0,129.0,1233.199951171875,106.80304613895714,150.0,0.16699999570846558,680.0
76.0,685.0,1788344396000.0,-6.217138208448887,22.600000381469727,685.0,1.5770000219345093,22.600000381469727,41.20000076293945,679.0,0.0,129.0,1241.97998046875,106.80296332575381,152.0,0.2290000021457672,685.0
75.0,688.0,1788344399000.0,-6.2171330116689205,23.200000762939453,688.0,1.5859999656677246,23.200000762939453,40.79999923706055,682.0,0.5,130.0,1246.31005859375,106.80292141623795,151.0,0.21400000154972076,688.0
75.0,695.0,1788344406000.0,-6.217102333903313,24.600000381469727,695.0,1.5859999656677246,24.600000381469727,39.400001525878906,689.0,0.5,131.0,1257.27001953125,106.80282770656049,151.0,0.19200000166893005,695.0
75.0,705.0,1788344416000.0,-6.217063190415502,27.399999618530273,705.0,1.5770000219345093,27.399999618530273,38.599998474121094,699.0,0.5,131.0,1271.239990234375,106.80270700715482,151.0,0.2759999930858612,705.0
79.0,713.0,1788344424000.0,-6.217052796855569,28.399999618530273,713.0,1.5679999589920044,28.399999618530273,37.0,707.0,0.0,128.0,1283.469970703125,106.80259628221393,158.0,0.12700000405311584,713.0
79.0,714.0,1788344425000.0,-6.217047683894634,28.200000762939453,714.0,1.5679999589920044,28.200000762939453,36.79999923706055,708.0,0.0,129.0,1285.1199951171875,106.80258211679757,158.0,-0.1509999930858612,714.0
78.0,719.0,1788344430000.0,-6.217029327526689,26.0,719.0,1.5770000219345093,26.0,36.400001525878906,713.0,0.5,128.0,1292.800048828125,106.80251254700124,157.0,-0.4560000002384186,719.0
78.0,722.0,1788344433000.0,-6.21702941134572,24.799999237060547,722.0,1.5770000219345093,24.799999237060547,36.20000076293945,716.0,0.5,128.0,1297.6400146484375,106.80246870964766,157.0,-0.367000013589859,722.0
77.0,732.0,1788344443000.0,-6.217046845704317,23.200000762939453,732.0,1.5859999656677246,23.200000762939453,35.20000076293945,726.0,0.0,128.0,1312.47998046875,106.80233476683497,154.0,-0.164000004529953,732.0
78.0,736.0,1788344447000.0,-6.217033686116338,23.200000762939453,736.0,1.5770000219345093,23.200000762939453,35.20000076293945,730.0,0.5,131.0,1318.6300048828125,106.80228187702596,157.0,0.0,736.0
78.0,738.0,1788344449000.0,-6.2170325964689255,23.600000381469727,738.0,1.5770000219345093,23.600000381469727,35.599998474121094,732.0,0.5,131.0,1321.489990234375,106.80225614458323,157.0,0.17900000512599945,738.0
78.0,740.0,1788344451000.0,-6.217039469629526,23.799999237060547,740.0,1.5770000219345093,23.799999237060547,36.400001525878906,734.0,0.5,131.0,1323.52001953125,106.80223887786269,157.0,0.16099999845027924,740.0
77.0,742.0,1788344453000.0,-6.217049024999142,24.200000762939453,742.0,1.5679999589920044,24.200000762939453,37.0,736.0,0.5,131.0,1326.1800537109375,106.80221742019057,155.0,0.20600000023841858,742.0
77.0,743.0,1788344454000.0,-6.217057155445218,24.600000381469727,743.0,1.5679999589920044,24.600000381469727,37.20000076293945,737.0,0.5,131.0,1327.719970703125,106.8022056017071,155.0,0.257999986410141,743.0
77.0,744.0,1788344455000.0,-6.217069560661912,24.799999237060547,744.0,1.5679999589920044,24.799999237060547,37.400001525878906,738.0,0.0,131.0,1329.47998046875,106.80219562724233,154.0,0.27799999713897705,744.0
78.0,749.0,1788344460000.0,-6.2170956283807755,26.200000762939453,749.0,1.5579999685287476,26.200000762939453,38.0,743.0,0.0,129.0,1338.4200439453125,106.80211851373315,156.0,0.27799999713897705,749.0
78.0,759.0,1788344470000.0,-6.217205431312323,28.200000762939453,759.0,1.5579999685287476,28.200000762939453,43.400001525878906,753.0,0.5,130.0,1358.5799560546875,106.80197526700795,157.0,0.2070000022649765,759.0
79.0,762.0,1788344473000.0,-6.217219764366746,28.0,762.0,1.5579999685287476,28.0,44.400001525878906,756.0,0.0,132.0,1362.719970703125,106.80193696171045,158.0,-0.06700000166893005,762.0
78.0,767.0,1788344478000.0,-6.2172820419073105,27.799999237060547,767.0,1.5579999685287476,27.799999237060547,44.0,761.0,0.5,132.0,1375.3199462890625,106.80183964781463,157.0,-0.0560000017285347,767.0
77.0,776.0,1788344487000.0,-6.217372482642531,28.200000762939453,776.0,1.5490000247955322,28.200000762939453,43.0,770.0,0.0,132.0,1389.3199462890625,106.80175172165036,154.0,0.03999999910593033,776.0
76.0,785.0,1788344496000.0,-6.217459570616484,26.799999237060547,785.0,1.5210000276565552,26.799999237060547,40.400001525878906,779.0,0.0,132.0,1402.2900390625,106.8016720097512,152.0,-0.13899999856948853,785.0
75.0,793.0,1788344504000.0,-6.217549676075578,25.200000762939453,793.0,1.5119999647140503,25.200000762939453,38.20000076293945,787.0,0.0,130.0,1414.0400390625,106.80161585099995,150.0,-0.21699999272823334,793.0
76.0,802.0,1788344513000.0,-6.217660065740347,23.200000762939453,802.0,1.5490000247955322,23.200000762939453,37.20000076293945,796.0,0.0,131.0,1427.81005859375,106.80155692622066,152.0,-0.20900000631809235,802.0
77.0,805.0,1788344516000.0,-6.217699712142348,22.600000381469727,805.0,1.5679999589920044,22.600000381469727,36.79999923706055,799.0,0.0,134.0,1432.7900390625,106.80153228342533,154.0,-0.2540000081062317,805.0
77.0,807.0,1788344518000.0,-6.2177258636802435,22.0,807.0,1.5770000219345093,22.0,36.599998474121094,801.0,0.0,134.0,1436.4100341796875,106.80151208303869,154.0,-0.2540000081062317,807.0
76.0,809.0,1788344520000.0,-6.217753021046519,21.600000381469727,809.0,1.5859999656677246,21.600000381469727,35.79999923706055,803.0,0.0,135.0,1439.949951171875,106.8014941457659,152.0,-0.22599999606609344,809.0
76.0,816.0,1788344527000.0,-6.217842120677233,20.600000381469727,816.0,1.6050000190734863,20.600000381469727,32.599998474121094,810.0,0.0,136.0,1450.949951171875,106.80144846439362,152.0,-0.14000000059604645,816.0
77.0,823.0,1788344534000.0,-6.217947313562036,20.200000762939453,823.0,1.6139999628067017,20.200000762939453,31.799999237060547,817.0,0.0,133.0,1462.280029296875,106.80142767727375,154.0,-0.05299999937415123,823.0
78.0,831.0,1788344542000.0,-6.218073293566704,20.200000762939453,831.0,1.6330000162124634,20.200000762939453,30.0,825.0,0.5,132.0,1476.699951171875,106.80138752795756,157.0,0.009999999776482582,831.0
79.0,840.0,1788344551000.0,-6.2182097509503365,19.0,840.0,1.6699999570846558,19.0,29.0,834.0,0.0,133.0,1492.1600341796875,106.80135634727776,158.0,-0.1509999930858612,840.0
78.0,849.0,1788344560000.0,-6.218342436477542,18.799999237060547,849.0,1.6890000104904175,18.799999237060547,28.600000381469727,843.0,0.5,134.0,1507.0999755859375,106.80133279412985,157.0,-0.009999999776482582,849.0
78.0,857.0,1788344568000.0,-6.218463722616434,19.0,857.0,1.6610000133514404,19.0,29.799999237060547,851.0,0.5,137.0,1520.989990234375,106.80130194872618,157.0,0.03400000184774399,857.0
77.0,859.0,1788344570000.0,-6.218493897467852,19.0,859.0,1.6610000133514404,19.0,30.200000762939453,853.0,0.5,137.0,1524.3599853515625,106.80129465647042,155.0,-0.014999999664723873,859.0
77.0,866.0,1788344577000.0,-6.2185928877443075,19.799999237060547,866.0,1.6610000133514404,19.799999237060547,31.600000381469727,860.0,0.0,138.0,1535.3499755859375,106.80128560401499,154.0,0.11699999868869781,866.0
75.0,873.0,1788344584000.0,-6.218693302944303,21.399999618530273,873.0,1.6519999504089355,21.399999618530273,33.0,867.0,0.0,134.0,1546.3900146484375,106.80127579718828,150.0,0.22200000286102295,873.0
75.0,875.0,1788344586000.0,-6.218722136691213,21.799999237060547,875.0,1.6419999599456787,21.799999237060547,33.599998474121094,869.0,0.0,134.0,1549.5899658203125,106.80127864703536,150.0,0.19200000166893005,875.0
75.0,884.0,1788344595000.0,-6.218846859410405,23.799999237060547,884.0,1.6239999532699585,23.799999237060547,35.20000076293945,878.0,0.0,133.0,1563.4100341796875,106.8012871965766,150.0,0.21199999749660492,884.0
77.0,891.0,1788344602000.0,-6.218947526067495,24.799999237060547,891.0,1.6239999532699585,24.799999237060547,36.79999923706055,885.0,0.0,133.0,1574.800048828125,106.80128728039563,154.0,0.1550000011920929,891.0
75.0,896.0,1788344607000.0,-6.219008965417743,25.600000381469727,896.0,1.6139999628067017,25.600000381469727,37.599998474121094,890.0,0.0,136.0,1581.8699951171875,106.80126942694187,150.0,0.15800000727176666,896.0
75.0,897.0,1788344608000.0,-6.219026483595371,26.0,897.0,1.6139999628067017,26.0,38.0,891.0,0.0,136.0,1583.8599853515625,106.80127386935055,150.0,0.3400000035762787,897.0
76.0,900.0,1788344611000.0,-6.219063280150294,26.799999237060547,900.0,1.6050000190734863,26.799999237060547,38.79999923706055,894.0,0.0,139.0,1587.969970703125,106.80127789266407,152.0,0.27000001072883606,900.0
76.0,901.0,1788344612000.0,-6.2190906051546335,27.200000762939453,901.0,1.6050000190734863,27.200000762939453,39.20000076293945,895.0,0.0,139.0,1590.989990234375,106.80127806030214,152.0,0.5350000262260437,901.0
59.0,908.0,1788344619000.0,-6.219191271811724,26.600000381469727,908.0,1.5679999589920044,26.600000381469727,41.0,902.0,0.5,136.0,1602.739990234375,106.8013091571629,119.0,-0.08799999952316284,908.0
57.0,910.0,1788344621000.0,-6.219217758625746,26.399999618530273,910.0,1.5210000276565552,26.399999618530273,42.400001525878906,904.0,0.0,135.0,1605.7099609375,106.80131351575255,114.0,-0.08699999749660492,910.0
0.0,917.0,1788344628000.0,-6.219287160784006,26.0,917.0,1.3899999856948853,26.0,47.20000076293945,911.0,0.0,134.0,1613.9599609375,106.80133916437626,0.0,-0.057999998331069946,917.0
0.0,919.0,1788344630000.0,-6.219308702275157,26.0,919.0,1.343999981880188,26.0,48.0,913.0,0.0,134.0,1616.3199462890625,106.80133732035756,0.0,-0.08100000023841858,919.0
56.0,924.0,1788344635000.0,-6.219342984259129,25.799999237060547,924.0,1.3250000476837158,25.799999237060547,48.79999923706055,918.0,0.5,133.0,1620.52001953125,106.80135626345873,113.0,-0.035999998450279236,924.0
0.0,933.0,1788344644000.0,-6.219433257356286,25.0,933.0,1.2690000534057617,25.0,51.599998474121094,927.0,0.0,130.0,1631.6700439453125,106.80140462704003,0.0,-0.07999999821186066,933.0
0.0,935.0,1788344646000.0,-6.2194528710097075,24.399999618530273,935.0,1.2690000534057617,24.399999618530273,51.79999923706055,929.0,0.0,130.0,1633.97998046875,106.80141250602901,0.0,-0.2809999883174896,935.0
0.0,938.0,1788344649000.0,-6.2194849736988544,23.399999618530273,938.0,1.2599999904632568,23.399999618530273,51.20000076293945,932.0,0.0,130.0,1638.300048828125,106.8014373164624,0.0,-0.35899999737739563,938.0
89.0,943.0,1788344654000.0,-6.219575917348266,20.799999237060547,943.0,1.277999997138977,20.799999237060547,48.79999923706055,937.0,0.5,129.0,1650.3900146484375,106.80149984546006,179.0,-0.5339999794960022,943.0
86.0,947.0,1788344658000.0,-6.219653533771634,19.399999618530273,947.0,2.621999979019165,19.399999618530273,46.20000076293945,941.0,0.5,132.0,1662.6099853515625,106.80157804861665,173.0,-0.3529999852180481,947.0
86.0,949.0,1788344660000.0,-6.219693012535572,19.200000762939453,949.0,2.565999984741211,19.200000762939453,44.400001525878906,943.0,0.5,136.0,1669.22998046875,106.80162314325571,173.0,-0.061000000685453415,949.0
86.0,950.0,1788344661000.0,-6.219718409702182,19.0,950.0,2.565999984741211,19.0,43.400001525878906,944.0,0.5,138.0,1672.5400390625,106.80163890123367,173.0,-0.12600000202655792,950.0
88.0,953.0,1788344664000.0,-6.219793176278472,18.799999237060547,953.0,2.743000030517578,18.799999237060547,41.0,947.0,0.0,141.0,1682.3399658203125,106.801687348634,176.0,-0.12099999934434891,953.0
88.0,957.0,1788344668000.0,-6.219882778823376,18.600000381469727,957.0,2.874000072479248,18.600000381469727,38.0,951.0,0.0,144.0,1695.239990234375,106.80176177993417,176.0,-0.0430000014603138,957.0
88.0,958.0,1788344669000.0,-6.219904068857431,18.799999237060547,958.0,2.9019999504089355,18.799999237060547,37.599998474121094,952.0,0.0,146.0,1698.56005859375,106.80178315378726,176.0,0.20399999618530273,958.0
87.0,961.0,1788344672000.0,-6.219951007515192,19.399999618530273,961.0,2.938999891281128,19.399999618530273,36.79999923706055,955.0,0.5,149.0,1706.4100341796875,106.80183654651046,175.0,0.23800000548362732,961.0
86.0,964.0,1788344675000.0,-6.219978416338563,20.200000762939453,964.0,2.8459999561309814,20.200000762939453,36.79999923706055,958.0,0.5,151.0,1712.010009765625,106.8018792103976,173.0,0.27000001072883606,964.0
86.0,965.0,1788344676000.0,-6.219979841262102,20.600000381469727,965.0,2.118000030517578,20.600000381469727,36.79999923706055,959.0,0.5,152.0,1713.949951171875,106.80189672857523,173.0,0.2619999945163727,965.0
0.0,969.0,1788344680000.0,-6.219985205680132,21.200000762939453,969.0,1.875,21.200000762939453,37.0,963.0,0.0,152.0,1719.6099853515625,106.80194760672748,0.0,0.19300000369548798,969.0
57.0,976.0,1788344687000.0,-6.220015045255423,21.399999618530273,976.0,1.5299999713897705,21.399999618530273,36.20000076293945,970.0,0.0,150.0,1731.530029296875,106.80205129086971,114.0,0.017999999225139618,976.0
57.0,978.0,1788344689000.0,-6.220024516806006,21.399999618530273,978.0,1.5019999742507935,21.399999618530273,36.20000076293945,972.0,0.0,150.0,1734.0899658203125,106.80207174271345,114.0,0.003000000026077032,978.0
59.0,982.0,1788344693000.0,-6.220050835981965,21.399999618530273,982.0,1.4559999704360962,21.399999618530273,36.20000076293945,976.0,0.0,149.0,1740.97998046875,106.8021276500076,118.0,0.003000000026077032,982.0
59.0,985.0,1788344696000.0,-6.220090817660093,21.200000762939453,985.0,1.4559999704360962,21.200000762939453,37.400001525878906,979.0,0.0,145.0,1746.0899658203125,106.80215262807906,118.0,-0.10199999809265137,985.0
59.0,988.0,1788344699000.0,-6.220116717740893,20.600000381469727,988.0,1.437000036239624,20.600000381469727,38.599998474121094,982.0,0.0,144.0,1750.6700439453125,106.80218137800694,118.0,-0.1589999943971634,988.0
57.0,989.0,1788344700000.0,-6.220127027481794,20.399999618530273,989.0,1.437000036239624,20.399999618530273,39.0,983.0,0.5,143.0,1752.31005859375,106.8021936994046,115.0,-0.19300000369548798,989.0
59.0,994.0,1788344705000.0,-6.220169439911842,19.600000381469727,994.0,1.4279999732971191,19.600000381469727,40.20000076293945,988.0,0.0,142.0,1760.800048828125,106.80226000025868,118.0,-0.17000000178813934,994.0
58.0,996.0,1788344707000.0,-6.220159130170941,19.600000381469727,996.0,1.4279999732971191,19.600000381469727,40.599998474121094,990.0,0.5,142.0,1765.43994140625,106.80230375379324,117.0,-0.004999999888241291,996.0
58.0,998.0,1788344709000.0,-6.220175977796316,19.399999618530273,998.0,1.437000036239624,19.399999618530273,41.20000076293945,992.0,0.0,141.0,1767.6199951171875,106.80231783539057,116.0,-0.12600000202655792,998.0
56.0,1002.0,1788344713000.0,-6.220229538157582,20.0,1002.0,1.437000036239624,20.0,42.20000076293945,996.0,0.5,139.0,1775.4100341796875,106.80237516760826,113.0,0.14300000667572021,1002.0
57.0,1003.0,1788344714000.0,-6.2202338129282,20.0,1003.0,1.437000036239624,20.0,42.599998474121094,997.0,0.0,139.0,1776.4300537109375,106.80238405242562,114.0,0.125,1003.0
84.0,1007.0,1788344718000.0,-6.220252169296145,20.799999237060547,1007.0,1.4459999799728394,20.799999237060547,43.0,1001.0,0.5,140.0,1784.4100341796875,106.80245387367904,169.0,0.19200000166893005,1007.0
87.0,1012.0,1788344723000.0,-6.220262227579951,21.399999618530273,1012.0,2.7709999084472656,21.399999618530273,42.79999923706055,1006.0,0.5,141.0,1800.6800537109375,106.8026012275368,175.0,0.10700000077486038,1012.0
84.0,1017.0,1788344728000.0,-6.220244038850069,22.200000762939453,1017.0,2.7990000247955322,22.200000762939453,43.599998474121094,1011.0,0.5,144.0,1814.489990234375,106.80272469297051,169.0,0.16500000655651093,1017.0
85.0,1020.0,1788344731000.0,-6.220241440460086,22.799999237060547,1020.0,2.7990000247955322,22.799999237060547,44.0,1014.0,0.5,148.0,1824.1099853515625,106.80281220003963,171.0,0.2070000022649765,1020.0
86.0,1023.0,1788344734000.0,-6.22021914459765,23.200000762939453,1023.0,2.8369998931884766,23.200000762939453,44.20000076293945,1017.0,0.5,149.0,1835.780029296875,106.80291529744864,173.0,0.1340000033378601,1023.0
85.0,1027.0,1788344738000.0,-6.220188047736883,23.600000381469727,1027.0,2.8550000190734863,23.600000381469727,44.79999923706055,1021.0,0.5,152.0,1847.3900146484375,106.80301546119153,171.0,0.10100000351667404,1027.0
85.0,1028.0,1788344739000.0,-6.220182180404663,23.600000381469727,1028.0,2.8269999027252197,23.600000381469727,44.79999923706055,1022.0,0.5,153.0,1848.3599853515625,106.80302266962826,171.0,0.04699999839067459,1028.0
58.0,1035.0,1788344746000.0,-6.220143204554915,24.200000762939453,1035.0,1.809999942779541,24.200000762939453,45.0,1029.0,0.5,154.0,1859.77001953125,106.8031189776957,117.0,0.07000000029802322,1035.0
58.0,1043.0,1788344754000.0,-6.220081262290478,23.600000381469727,1043.0,1.5770000219345093,23.600000381469727,41.400001525878906,1037.0,0.5,152.0,1871.3399658203125,106.80320388637483,117.0,-0.07800000160932541,1043.0
58.0,1046.0,1788344757000.0,-6.220045471563935,23.399999618530273,1046.0,1.5959999561309814,23.399999618530273,39.20000076293945,1040.0,0.0,149.0,1875.5899658203125,106.80321587249637,116.0,-0.014999999664723873,1046.0
58.0,1047.0,1788344758000.0,-6.220035832375288,23.399999618530273,1047.0,1.6050000190734863,23.399999618530273,38.599998474121094,1041.0,0.5,148.0,1876.93994140625,106.80322350002825,117.0,-0.07500000298023224,1047.0
59.0,1049.0,1788344760000.0,-6.220013201236725,23.399999618530273,1049.0,1.5959999561309814,23.399999618530273,37.400001525878906,1043.0,0.0,146.0,1879.219970703125,106.80322366766632,118.0,0.03999999910593033,1049.0
58.0,1054.0,1788344765000.0,-6.219970034435391,22.799999237060547,1054.0,1.5770000219345093,22.799999237060547,36.20000076293945,1048.0,0.5,145.0,1886.5799560546875,106.80327848531306,117.0,-0.12700000405311584,1054.0
57.0,1055.0,1788344766000.0,-6.219963999465108,22.799999237060547,1055.0,1.5770000219345093,22.799999237060547,36.0,1049.0,0.0,145.0,1887.7099609375,106.80328737013042,114.0,-0.10599999874830246,1055.0
0.0,1056.0,1788344767000.0,-6.219958048313856,22.399999618530273,1056.0,1.5679999589920044,22.399999618530273,36.0,1050.0,0.0,145.0,1889.8699951171875,106.80330606177449,0.0,-0.24799999594688416,1056.0
59.0,1062.0,1788344773000.0,-6.219916976988316,21.399999618530273,1062.0,1.4930000305175781,21.399999618530273,36.400001525878906,1056.0,0.0,145.0,1899.8599853515625,106.80338652804494,118.0,-0.1720000058412552,1062.0
56.0,1068.0,1788344779000.0,-6.219875402748585,20.0,1068.0,1.5019999742507935,20.0,39.400001525878906,1062.0,0.5,144.0,1910.449951171875,106.80347562767565,113.0,-0.24899999797344208,1068.0
56.0,1069.0,1788344780000.0,-6.219863165169954,19.799999237060547,1069.0,1.5119999647140503,19.799999237060547,39.79999923706055,1063.0,0.5,143.0,1911.9000244140625,106.80348149500787,113.0,-0.10599999874830246,1069.0
87.0,1074.0,1788344785000.0,-6.219755373895168,18.600000381469727,1074.0,1.8940000534057617,18.600000381469727,40.79999923706055,1068.0,0.0,143.0,1925.97998046875,106.8035510648042,174.0,-0.25,1074.0
87.0,1080.0,1788344791000.0,-6.219621514901519,17.0,1080.0,2.7899999618530273,17.0,39.599998474121094,1074.0,0.5,145.0,1943.969970703125,106.80364150553942,175.0,-0.257999986410141,1080.0
86.0,1084.0,1788344795000.0,-6.219520512968302,16.399999618530273,1084.0,2.9019999504089355,16.399999618530273,39.0,1078.0,0.5,148.0,1956.9000244140625,106.8037009332329,173.0,-0.16699999570846558,1084.0
87.0,1087.0,1788344798000.0,-6.219432670623064,16.399999618530273,1087.0,2.9019999504089355,16.399999618530273,38.599998474121094,1081.0,0.0,151.0,1967.3599853515625,106.80373680777848,174.0,-0.024000000208616257,1087.0
88.0,1088.0,1788344799000.0,-6.2194007355719805,16.200000762939453,1088.0,2.9110000133514404,16.200000762939453,38.400001525878906,1082.0,0.0,152.0,1971.43994140625,106.80375533178449,176.0,-0.08500000089406967,1088.0
89.0,1092.0,1788344803000.0,-6.219305852428079,16.200000762939453,1092.0,2.994999885559082,16.200000762939453,37.0,1086.0,0.0,155.0,1983.9599609375,106.80381660349667,178.0,-0.02500000037252903,1092.0
89.0,1094.0,1788344805000.0,-6.219283053651452,16.200000762939453,1094.0,2.9860000610351562,16.200000762939453,36.400001525878906,1088.0,0.0,157.0,1986.760009765625,106.80382791906595,178.0,0.020999999716877937,1094.0
56.0,1097.0,1788344808000.0,-6.219243407249451,16.399999618530273,1097.0,2.0810000896453857,16.399999618530273,36.400001525878906,1091.0,0.5,159.0,1991.18994140625,106.80383110418916,113.0,0.08399999886751175,1097.0
56.0,1100.0,1788344811000.0,-6.219203090295196,16.799999237060547,1100.0,1.6979999542236328,16.799999237060547,36.79999923706055,1094.0,0.5,157.0,1995.77001953125,106.80383848026395,113.0,0.14399999380111694,1100.0
56.0,1101.0,1788344812000.0,-6.219192696735263,16.799999237060547,1101.0,1.6799999475479126,16.799999237060547,37.0,1095.0,0.5,158.0,1997.2900390625,106.80384753271937,113.0,-0.00800000037997961,1101.0
58.0,1105.0,1788344816000.0,-6.219142405316234,17.600000381469727,1105.0,1.6610000133514404,17.600000381469727,37.0,1099.0,0.5,158.0,2002.780029296875,106.80385465733707,117.0,0.18799999356269836,1105.0
58.0,1111.0,1788344822000.0,-6.219086749479175,17.799999237060547,1111.0,1.7259999513626099,17.799999237060547,33.0,1105.0,0.5,155.0,2010.050048828125,106.80389028042555,117.0,0.03400000184774399,1111.0
56.0,1115.0,1788344826000.0,-6.219045175239444,17.399999618530273,1115.0,1.7079999446868896,17.399999618530273,30.0,1109.0,0.5,153.0,2015.3800048828125,106.80391433648765,113.0,-0.09200000017881393,1115.0
0.0,1120.0,1788344831000.0,-6.218997230753303,17.399999618530273,1120.0,1.5959999561309814,17.399999618530273,28.399999618530273,1114.0,0.0,150.0,2020.9100341796875,106.80392464622855,0.0,-0.009999999776482582,1120.0
0.0,1124.0,1788344835000.0,-6.218958925455809,17.200000762939453,1124.0,1.4279999732971191,17.200000762939453,26.600000381469727,1118.0,0.0,147.0,2025.3399658203125,106.80393638089299,0.0,-0.028999999165534973,1124.0
58.0,1131.0,1788344842000.0,-6.218871753662825,17.0,1131.0,1.409000039100647,17.0,25.799999237060547,1125.0,0.0,145.0,2035.3800048828125,106.80396144278347,116.0,-0.03200000151991844,1131.0
56.0,1133.0,1788344844000.0,-6.218844680115581,17.0,1133.0,1.4179999828338623,17.0,26.0,1127.0,0.5,144.0,2038.3699951171875,106.80396303534508,113.0,0.03200000151991844,1133.0
56.0,1134.0,1788344845000.0,-6.218828083947301,17.200000762939453,1134.0,1.4279999732971191,17.200000762939453,26.0,1128.0,0.5,143.0,2040.2099609375,106.80396353825927,113.0,0.04899999871850014,1134.0
84.0,1139.0,1788344850000.0,-6.218695482239127,17.0,1139.0,2.1649999618530273,17.0,26.399999618530273,1133.0,0.5,141.0,2054.949951171875,106.80397141724825,169.0,-0.019999999552965164,1139.0
86.0,1142.0,1788344853000.0,-6.21860621497035,16.799999237060547,1142.0,3.0139999389648438,16.799999237060547,27.0,1136.0,0.5,144.0,2064.89990234375,106.80398181080818,173.0,-0.05700000002980232,1142.0
87.0,1144.0,1788344855000.0,-6.218550223857164,17.0,1144.0,3.0139999389648438,17.0,27.799999237060547,1138.0,0.5,147.0,2071.1201171875,106.80397619493306,175.0,0.03999999910593033,1144.0
87.0,1145.0,1788344856000.0,-6.21851334348321,16.799999237060547,1145.0,3.059999942779541,16.799999237060547,28.200000762939453,1139.0,0.5,149.0,2075.2099609375,106.80397267453372,175.0,-0.09000000357627869,1145.0
88.0,1150.0,1788344861000.0,-6.2183628883212805,16.0,1150.0,3.0880000591278076,16.0,30.200000762939453,1144.0,0.0,152.0,2092.02001953125,106.8039514683187,176.0,-0.15600000321865082,1150.0
88.0,1153.0,1788344864000.0,-6.218270268291235,15.399999618530273,1153.0,3.0789999961853027,15.399999618530273,31.0,1147.0,0.0,153.0,2102.389892578125,106.80393604561687,176.0,-0.20100000500679016,1153.0
86.0,1157.0,1788344868000.0,-6.218183767050505,16.399999618530273,1157.0,3.0880000591278076,16.399999618530273,31.600000381469727,1151.0,0.5,156.0,2112.18994140625,106.80391467176378,173.0,0.2409999966621399,1157.0
86.0,1158.0,1788344869000.0,-6.2181702721863985,16.600000381469727,1158.0,3.0320000648498535,16.600000381469727,31.600000381469727,1152.0,0.5,157.0,2113.7099609375,106.8039120733738,173.0,0.21299999952316284,1158.0
83.0,1161.0,1788344872000.0,-6.218139678239822,17.200000762939453,1161.0,1.8569999933242798,17.200000762939453,31.799999237060547,1155.0,0.0,160.0,2117.070068359375,106.80391140282154,166.0,0.14800000190734863,1161.0
60.0,1165.0,1788344876000.0,-6.218082178384066,18.200000762939453,1165.0,1.409000039100647,18.200000762939453,32.20000076293945,1159.0,0.5,160.0,2123.969970703125,106.80388768203557,121.0,0.25,1165.0
57.0,1175.0,1788344886000.0,-6.217918898910284,17.799999237060547,1175.0,1.5490000247955322,17.799999237060547,35.79999923706055,1169.0,0.0,159.0,2142.3798828125,106.80385080166161,114.0,-0.026000000536441803,1175.0
59.0,1178.0,1788344889000.0,-6.217876318842173,18.399999618530273,1178.0,1.5859999656677246,18.399999618530273,37.0,1172.0,0.0,156.0,2147.409912109375,106.80383495986462,118.0,0.1599999964237213,1178.0
60.0,1181.0,1788344892000.0,-6.217830805107951,19.200000762939453,1181.0,1.6139999628067017,19.200000762939453,38.0,1175.0,0.5,154.0,2152.35009765625,106.8038357142359,121.0,0.27799999713897705,1181.0
0.0,1184.0,1788344895000.0,-6.217792499810457,20.0,1184.0,1.6519999504089355,20.0,38.79999923706055,1178.0,0.0,151.0,2156.5400390625,106.80384350940585,0.0,0.2770000100135803,1184.0
0.0,1187.0,1788344898000.0,-6.217757211998105,20.600000381469727,1187.0,1.6139999628067017,20.600000381469727,39.400001525878906,1181.0,0.0,150.0,2160.429931640625,106.80383722297847,0.0,0.17399999499320984,1187.0
61.0,1194.0,1788344905000.0,-6.21769392862916,20.600000381469727,1194.0,1.6050000190734863,20.600000381469727,40.599998474121094,1188.0,0.0,148.0,2169.340087890625,106.80378332734108,122.0,0.01600000075995922,1194.0
62.0,1195.0,1788344906000.0,-6.217678757384419,20.799999237060547,1195.0,1.5959999561309814,20.799999237060547,41.20000076293945,1189.0,0.0,148.0,2171.0,106.80378307588398,124.0,0.10499999672174454,1195.0
0.0,1198.0,1788344909000.0,-6.217630812898278,21.0,1198.0,1.5859999656677246,21.0,43.400001525878906,1192.0,0.0,148.0,2176.10009765625,106.80377930402756,0.0,0.09200000017881393,1198.0
0.0,1200.0,1788344911000.0,-6.217592591419816,21.399999618530273,1200.0,1.5859999656677246,21.399999618530273,44.599998474121094,1194.0,0.0,147.0,2180.159912109375,106.8037754483521,0.0,0.19900000095367432,1200.0
0.0,1201.0,1788344912000.0,-6.217569541186094,21.600000381469727,1201.0,1.5959999561309814,21.600000381469727,45.400001525878906,1195.0,0.0,147.0,2182.7900390625,106.80376941338181,0.0,0.2669999897480011,1201.0
84.0,1206.0,1788344917000.0,-6.217461414635181,22.799999237060547,1206.0,1.7259999513626099,22.799999237060547,48.400001525878906,1200.0,0.5,147.0,2195.89990234375,106.80372146889567,169.0,0.20800000429153442,1206.0
87.0,1211.0,1788344922000.0,-6.217333925887942,23.200000762939453,1211.0,2.9670000076293945,23.200000762939453,48.20000076293945,1205.0,0.0,148.0,2215.47998046875,106.80359859019518,174.0,0.11500000208616257,1211.0
87.0,1214.0,1788344925000.0,-6.217282377183437,22.799999237060547,1214.0,2.818000078201294,22.799999237060547,47.20000076293945,1208.0,0.0,151.0,2226.909912109375,106.80350756272674,174.0,-0.16300000250339508,1214.0
87.0,1218.0,1788344929000.0,-6.217210963368416,21.0,1218.0,2.9670000076293945,21.0,46.400001525878906,1212.0,0.0,154.0,2243.1201171875,106.80337789468467,174.0,-0.45899999141693115,1218.0
86.0,1220.0,1788344931000.0,-6.217182883992791,20.600000381469727,1220.0,3.003999948501587,20.600000381469727,46.0,1214.0,0.5,156.0,2249.18994140625,106.80333053693175,173.0,-0.13500000536441803,1220.0
86.0,1222.0,1788344933000.0,-6.217176932841539,20.600000381469727,1222.0,2.930000066757202,20.600000381469727,45.599998474121094,1216.0,0.5,159.0,2252.35009765625,106.80330195464194,173.0,-0.050999999046325684,1222.0
86.0,1224.0,1788344935000.0,-6.217173999175429,20.600000381469727,1224.0,1.930999994277954,20.600000381469727,45.400001525878906,1218.0,0.5,160.0,2253.389892578125,106.80329172872007,173.0,-0.017999999225139618,1224.0
0.0,1229.0,1788344940000.0,-6.217161761596799,20.399999618530273,1229.0,1.222000002861023,20.399999618530273,44.400001525878906,1223.0,0.0,160.0,2259.080078125,106.80324244312942,0.0,-0.03500000014901161,1229.0
58.0,1234.0,1788344945000.0,-6.217165449634194,20.0,1234.0,1.2970000505447388,20.0,43.79999923706055,1228.0,0.0,157.0,2265.830078125,106.80316558107734,116.0,-0.054999999701976776,1234.0
57.0,1239.0,1788344950000.0,-6.217153714969754,20.799999237060547,1239.0,1.437000036239624,20.799999237060547,42.79999923706055,1233.0,0.0,157.0,2273.280029296875,106.80309710092843,114.0,0.12600000202655792,1239.0
0.0,1240.0,1788344951000.0,-6.217161091044545,21.0,1240.0,1.4459999799728394,21.0,42.79999923706055,1234.0,0.0,156.0,2275.2099609375,106.80308125913143,0.0,0.30799999833106995,1240.0
56.0,1245.0,1788344956000.0,-6.217165281996131,22.0,1245.0,1.465000033378601,22.0,42.400001525878906,1239.0,0.0,156.0,2283.280029296875,106.80301898159087,112.0,0.18799999356269836,1245.0
56.0,1246.0,1788344957000.0,-6.217152290046215,22.0,1246.0,1.465000033378601,22.0,42.20000076293945,1240.0,0.0,156.0,2284.860107421875,106.80301303043962,112.0,-0.054999999701976776,1246.0
56.0,1247.0,1788344958000.0,-6.217149188742042,22.0,1247.0,1.4559999704360962,22.0,42.0,1241.0,0.0,156.0,2285.68994140625,106.80300615727901,112.0,0.06499999761581421,1247.0
56.0,1249.0,1788344960000.0,-6.217143572866917,22.200000762939453,1249.0,1.4559999704360962,22.200000762939453,41.20000076293945,1243.0,0.0,156.0,2287.97998046875,106.80298637598753,112.0,0.11299999803304672,1249.0
57.0,1250.0,1788344961000.0,-6.2171359453350306,22.399999618530273,1250.0,1.465000033378601,22.399999618530273,40.79999923706055,1244.0,0.0,156.0,2289.199951171875,106.80297816172242,114.0,0.17299999296665192,1250.0
57.0,1251.0,1788344962000.0,-6.217135693877935,22.600000381469727,1251.0,1.4559999704360962,22.600000381469727,40.599998474121094,1245.0,0.0,156.0,2290.3701171875,106.80296584032476,114.0,0.17900000512599945,1251.0
57.0,1257.0,1788344968000.0,-6.217119265347719,23.799999237060547,1257.0,1.4459999799728394,23.799999237060547,39.400001525878906,1251.0,0.0,154.0,2299.9599609375,106.80287330411375,114.0,0.210999995470047,1257.0
60.0,1261.0,1788344972000.0,-6.2170847319066525,24.399999618530273,1261.0,1.465000033378601,24.399999618530273,39.599998474121094,1255.0,0.5,151.0,2305.9599609375,106.80282795801759,121.0,0.15199999511241913,1261.0
60.0,1263.0,1788344974000.0,-6.217079618945718,25.0,1263.0,1.4739999771118164,25.0,40.0,1257.0,0.5,150.0,2309.070068359375,106.80280013009906,121.0,0.3319999873638153,1263.0
60.0,1265.0,1788344976000.0,-6.217074170708656,26.200000762939453,1265.0,1.4839999675750732,26.200000762939453,40.20000076293945,1259.0,0.5,149.0,2314.179931640625,106.80275428108871,121.0,0.5580000281333923,1265.0
87.0,1271.0,1788344982000.0,-6.217058748006821,28.200000762939453,1271.0,2.874000072479248,28.200000762939453,40.400001525878906,1265.0,0.0,149.0,2334.4599609375,106.80257205851376,174.0,0.3400000035762787,1271.0
88.0,1273.0,1788344984000.0,-6.217066710814834,26.799999237060547,1273.0,2.9579999446868896,26.799999237060547,40.79999923706055,1267.0,0.0,150.0,2342.030029296875,106.80250357836485,176.0,-0.7480000257492065,1273.0
87.0,1279.0,1788344990000.0,-6.217060759663582,23.200000762939453,1279.0,3.0510001182556152,23.200000762939453,42.20000076293945,1273.0,0.0,154.0,2361.610107421875,106.8023263849318,174.0,-0.5849999785423279,1279.0
88.0,1281.0,1788344992000.0,-6.217065118253231,23.799999237060547,1281.0,3.0789999961853027,23.799999237060547,42.79999923706055,1275.0,0.0,156.0,2368.780029296875,106.80226167663932,176.0,0.2709999978542328,1281.0
87.0,1283.0,1788344994000.0,-6.217076014727354,24.799999237060547,1283.0,3.0980000495910645,24.799999237060547,43.79999923706055,1277.0,0.0,157.0,2375.989990234375,106.80219763889909,174.0,0.5199999809265137,1283.0
87.0,1288.0,1788344999000.0,-6.217109290882945,26.799999237060547,1288.0,3.0320000648498535,26.799999237060547,46.599998474121094,1282.0,0.5,157.0,2388.389892578125,106.80209152400494,175.0,0.37700000405311584,1288.0
55.0,1297.0,1788345008000.0,-6.217151619493961,27.600000381469727,1297.0,1.437000036239624,27.600000381469727,51.0,1291.0,0.0,158.0,2400.18994140625,106.80199261754751,110.0,0.10100000351667404,1297.0
56.0,1300.0,1788345011000.0,-6.217173580080271,27.399999618530273,1300.0,1.399999976158142,27.399999618530273,52.79999923706055,1294.0,0.5,158.0,2405.35009765625,106.8019521329552,113.0,-0.06300000101327896,1300.0
57.0,1305.0,1788345016000.0,-6.217233678326011,28.0,1305.0,1.437000036239624,28.0,55.599998474121094,1299.0,0.0,158.0,2412.949951171875,106.80191114544868,114.0,0.09799999743700027,1305.0
57.0,1313.0,1788345024000.0,-6.217296039685607,27.799999237060547,1313.0,1.4279999732971191,27.799999237060547,53.400001525878906,1307.0,0.0,156.0,2424.409912109375,106.80182615295053,114.0,-0.013000000268220901,1313.0
56.0,1321.0,1788345032000.0,-6.2173503544181585,27.600000381469727,1321.0,1.5019999742507935,27.600000381469727,49.20000076293945,1315.0,0.5,154.0,2435.2900390625,106.80174535140395,113.0,-0.029999999329447746,1321.0
55.0,1325.0,1788345036000.0,-6.217384049668908,27.200000762939453,1325.0,1.5019999742507935,27.200000762939453,48.0,1319.0,0.5,151.0,2440.89990234375,106.80170738138258,111.0,-0.08799999952316284,1325.0
58.0,1328.0,1788345039000.0,-6.217412715777755,26.799999237060547,1328.0,1.4930000305175781,26.799999237060547,47.20000076293945,1322.0,0.0,150.0,2445.8701171875,106.80167293176055,116.0,-0.11699999868869781,1328.0
58.0,1331.0,1788345042000.0,-6.217458313331008,26.0,1331.0,1.5019999742507935,26.0,46.599998474121094,1325.0,0.0,147.0,2452.139892578125,106.8016389850527,116.0,-0.2759999930858612,1331.0
87.0,1337.0,1788345048000.0,-6.217599045485258,23.200000762939453,1337.0,2.6589999198913574,23.200000762939453,45.20000076293945,1331.0,0.0,146.0,2470.669921875,106.80154829286039,174.0,-0.4650000035762787,1337.0
89.0,1343.0,1788345054000.0,-6.217757547274232,20.600000381469727,1343.0,2.882999897003174,20.600000381469727,41.400001525878906,1337.0,0.0,149.0,2491.010009765625,106.801454750821,178.0,-0.4320000112056732,1343.0
89.0,1345.0,1788345056000.0,-6.217816891148686,20.200000762939453,1345.0,3.0880000591278076,20.200000762939453,40.20000076293945,1339.0,0.0,151.0,2498.139892578125,106.80142926983535,178.0,-0.2290000021457672,1345.0
87.0,1347.0,1788345058000.0,-6.21788109652698,19.799999237060547,1347.0,3.181999921798706,19.799999237060547,39.0,1341.0,0.5,154.0,2505.72998046875,106.80140521377325,175.0,-0.2160000056028366,1347.0
87.0,1348.0,1788345059000.0,-6.217913785949349,19.600000381469727,1348.0,3.2100000381469727,19.600000381469727,38.400001525878906,1342.0,0.0,156.0,2509.5,106.80139540694654,174.0,-0.17599999904632568,1348.0
88.0,1351.0,1788345062000.0,-6.218020152300596,20.0,1351.0,3.190999984741211,20.0,36.79999923706055,1345.0,0.0,159.0,2520.97998046875,106.80138844996691,176.0,0.11299999803304672,1351.0
87.0,1352.0,1788345063000.0,-6.218020152300596,20.0,1352.0,3.190999984741211,20.0,36.79999923706055,1346.0,0.5,160.0,2520.97998046875,106.80138844996691,175.0,0.0,1352.0
50.0,1356.0,1788345067000.0,-6.218070024624467,20.399999618530273,1356.0,1.4279999732971191,20.399999618530273,34.79999923706055,1350.0,0.5,163.0,2526.159912109375,106.80138325318694,101.0,0.09300000220537186,1356.0
52.0,1357.0,1788345068000.0,-6.218084944412112,20.200000762939453,1357.0,1.4179999828338623,20.200000762939453,34.0,1351.0,0.5,164.0,2527.81005859375,106.80138174444437,105.0,-0.15600000321865082,1357.0
58.0,1365.0,1788345076000.0,-6.218189802020788,19.200000762939453,1365.0,1.6330000162124634,19.200000762939453,32.0,1359.0,0.0,164.0,2539.889892578125,106.80136271752417,116.0,-0.13300000131130219,1365.0
0.0,1370.0,1788345081000.0,-6.218229867517948,18.799999237060547,1370.0,1.5679999589920044,18.799999237060547,32.20000076293945,1364.0,0.0,160.0,2545.0,106.80134268477559,0.0,-0.07199999690055847,1370.0
52.0,1372.0,1788345083000.0,-6.218242524191737,18.600000381469727,1372.0,1.5490000247955322,18.600000381469727,32.20000076293945,1366.0,0.5,157.0,2546.56005859375,106.80133413523436,105.0,-0.05299999937415123,1372.0
52.0,1373.0,1788345084000.0,-6.218253588303924,18.600000381469727,1373.0,1.5119999647140503,18.600000381469727,32.20000076293945,1367.0,0.5,156.0,2547.7900390625,106.80133396759629,105.0,-0.11900000274181366,1373.0
55.0,1378.0,1788345089000.0,-6.218315362930298,18.799999237060547,1378.0,1.4279999732971191,18.799999237060547,32.0,1372.0,0.5,155.0,2554.6201171875,106.80132709443569,111.0,0.04500000178813934,1378.0
55.0,1381.0,1788345092000.0,-6.218346627429128,18.799999237060547,1381.0,1.4179999828338623,18.799999237060547,31.600000381469727,1375.0,0.5,155.0,2558.1201171875,106.80132273584604,111.0,0.0430000014603138,1381.0
55.0,1383.0,1788345094000.0,-6.2183617148548365,19.0,1383.0,1.409000039100647,19.0,31.399999618530273,1377.0,0.0,154.0,2559.85009765625,106.80131728760898,110.0,0.03700000047683716,1383.0
55.0,1386.0,1788345097000.0,-6.218396835029125,19.0,1386.0,1.399999976158142,19.0,31.0,1380.0,0.0,154.0,2563.75,106.80131318047643,110.0,0.04699999839067459,1386.0
56.0,1388.0,1788345099000.0,-6.218423321843147,19.200000762939453,1388.0,1.3899999856948853,19.200000762939453,31.0,1382.0,0.0,153.0,2566.889892578125,106.80130161345005,112.0,0.06800000369548798,1388.0
56.0,1393.0,1788345104000.0,-6.218492807820439,19.200000762939453,1393.0,1.38100004196167,19.200000762939453,31.0,1387.0,0.0,150.0,2574.780029296875,106.80128795094788,112.0,-0.017000000923871994,1393.0
56.0,1396.0,1788345107000.0,-6.21855340898037,19.399999618530273,1396.0,1.437000036239624,19.399999618530273,31.600000381469727,1390.0,0.0,149.0,2581.760009765625,106.80127127096057,112.0,0.10999999940395355,1396.0
85.0,1402.0,1788345113000.0,-6.218714090064168,21.799999237060547,1402.0,2.6029999256134033,21.799999237060547,33.20000076293945,1396.0,0.5,149.0,2599.580078125,106.80126339197159,171.0,0.4000000059604645,1402.0
86.0,1407.0,1788345118000.0,-6.21884903870523,23.799999237060547,1407.0,2.7990000247955322,23.799999237060547,34.79999923706055,1401.0,0.5,152.0,2614.64990234375,106.80128267034888,173.0,0.382999986410141,1407.0
86.0,1408.0,1788345119000.0,-6.21887736953795,24.200000762939453,1408.0,2.8269999027252197,24.200000762939453,35.20000076293945,1402.0,0.5,152.0,2617.85009765625,106.80127705447376,173.0,0.34599998593330383,1408.0
87.0,1412.0,1788345123000.0,-6.218994716182351,25.399999618530273,1412.0,2.9019999504089355,25.399999618530273,36.400001525878906,1406.0,0.0,156.0,2630.949951171875,106.80129289627075,174.0,0.30000001192092896,1412.0
87.0,1413.0,1788345124000.0,-6.219024136662483,26.0,1413.0,2.9110000133514404,26.0,36.79999923706055,1407.0,0.0,157.0,2634.179931640625,106.80129582993686,174.0,0.6460000276565552,1413.0
87.0,1416.0,1788345127000.0,-6.219094460830092,27.399999618530273,1416.0,2.938999891281128,27.399999618530273,38.20000076293945,1410.0,0.5,160.0,2641.860107421875,106.80129624903202,175.0,0.45100000500679016,1416.0
86.0,1418.0,1788345129000.0,-6.219118349254131,27.200000762939453,1418.0,2.7899999618530273,27.200000762939453,39.20000076293945,1412.0,0.5,162.0,2644.489990234375,106.80130161345005,173.0,-0.07599999755620956,1418.0
56.0,1425.0,1788345136000.0,-6.219235025346279,26.399999618530273,1425.0,1.968999981880188,26.399999618530273,44.20000076293945,1419.0,0.5,162.0,2657.60009765625,106.80132080800831,113.0,-0.10999999940395355,1425.0
52.0,1433.0,1788345144000.0,-6.219295542687178,26.0,1433.0,1.343999981880188,26.0,53.599998474121094,1427.0,0.5,160.0,2665.10009765625,106.80134637281299,105.0,-0.0430000014603138,1433.0
56.0,1438.0,1788345149000.0,-6.219344073906541,25.799999237060547,1438.0,1.371999979019165,25.799999237060547,55.400001525878906,1432.0,0.5,157.0,2670.820068359375,106.80135928094387,113.0,-0.061000000685453415,1438.0
58.0,1439.0,1788345150000.0,-6.219357987865806,25.600000381469727,1439.0,1.371999979019165,25.600000381469727,55.79999923706055,1433.0,0.5,157.0,2672.320068359375,106.80136053822935,117.0,-0.09600000083446503,1439.0
59.0,1447.0,1788345158000.0,-6.219450775533915,24.399999618530273,1447.0,1.371999979019165,24.399999618530273,56.400001525878906,1441.0,0.0,155.0,2685.39990234375,106.80143136531115,118.0,-0.16699999570846558,1447.0
59.0,1455.0,1788345166000.0,-6.219495534896851,22.799999237060547,1455.0,1.399999976158142,22.799999237060547,52.20000076293945,1449.0,0.0,152.0,2699.030029296875,106.80157008580863,118.0,-0.19699999690055847,1455.0
59.0,1458.0,1788345169000.0,-6.219551274552941,21.399999618530273,1458.0,1.4179999828338623,21.399999618530273,50.20000076293945,1452.0,0.5,152.0,2705.5400390625,106.80158953182399,119.0,-0.4390000104904175,1458.0
84.0,1461.0,1788345172000.0,-6.219613635912538,20.200000762939453,1461.0,1.5119999647140503,20.200000762939453,47.599998474121094,1455.0,0.5,149.0,2713.719970703125,106.80162875913084,169.0,-0.4020000100135803,1461.0
84.0,1462.0,1788345173000.0,-6.219636853784323,19.799999237060547,1462.0,1.5579999685287476,19.799999237060547,47.0,1456.0,0.5,149.0,2717.080078125,106.80164828896523,169.0,-0.4309999942779541,1462.0
87.0,1468.0,1788345179000.0,-6.219778507947922,19.799999237060547,1468.0,3.1540000438690186,19.799999237060547,44.599998474121094,1462.0,0.0,151.0,2738.6201171875,106.80178214795887,174.0,-0.013000000268220901,1468.0
87.0,1469.0,1788345180000.0,-6.219805581495166,20.0,1469.0,3.1540000438690186,20.0,44.400001525878906,1463.0,0.0,152.0,2742.25,106.80180092342198,174.0,0.210999995470047,1469.0
88.0,1472.0,1788345183000.0,-6.219879258424044,20.399999618530273,1472.0,3.2839999198913574,20.399999618530273,43.79999923706055,1466.0,0.0,155.0,2753.340087890625,106.8018686491996,176.0,0.12999999523162842,1472.0
88.0,1474.0,1788345185000.0,-6.219906834885478,20.600000381469727,1474.0,3.3310000896453857,20.600000381469727,43.599998474121094,1468.0,0.0,155.0,2759.639892578125,106.80191818624735,176.0,0.15800000727176666,1474.0
87.0,1478.0,1788345189000.0,-6.220014207065105,21.399999618530273,1478.0,3.38700008392334,21.399999618530273,43.599998474121094,1472.0,0.5,156.0,2776.81005859375,106.80202715098858,175.0,0.17499999701976776,1478.0
87.0,1480.0,1788345191000.0,-6.2200648337602615,21.0,1480.0,3.3959999084472656,21.0,43.79999923706055,1474.0,0.0,158.0,2783.360107421875,106.80206084623933,174.0,-0.12399999797344208,1480.0
82.0,1484.0,1788345195000.0,-6.220098780468106,21.0,1484.0,2.3980000019073486,21.0,44.400001525878906,1478.0,0.0,160.0,2790.070068359375,106.80211214348674,164.0,-0.014999999664723873,1484.0
0.0,1488.0,1788345199000.0,-6.220125937834382,20.600000381469727,1488.0,1.8940000534057617,20.600000381469727,45.20000076293945,1482.0,0.0,163.0,2794.840087890625,106.80214466527104,0.0,-0.09600000083446503,1488.0
0.0,1490.0,1788345201000.0,-6.220132978633046,20.399999618530273,1490.0,1.6979999542236328,20.399999618530273,45.400001525878906,1484.0,0.0,163.0,2797.7099609375,106.8021693918854,0.0,-0.0949999988079071,1490.0
58.0,1495.0,1788345206000.0,-6.220121746882796,20.399999618530273,1495.0,1.5299999713897705,20.399999618530273,44.599998474121094,1489.0,0.5,162.0,2802.989990234375,106.80223083123565,117.0,-0.012000000104308128,1495.0
58.0,1496.0,1788345207000.0,-6.220118897035718,20.399999618530273,1496.0,1.5210000276565552,20.399999618530273,44.400001525878906,1490.0,0.5,161.0,2804.18994140625,106.80224457755685,117.0,-0.00800000037997961,1496.0
58.0,1498.0,1788345209000.0,-6.220118226483464,20.399999618530273,1498.0,1.4839999675750732,20.399999618530273,43.79999923706055,1492.0,0.5,161.0,2806.820068359375,106.80227039381862,117.0,-0.041999999433755875,1498.0
59.0,1501.0,1788345212000.0,-6.220134822651744,20.0,1501.0,1.465000033378601,20.0,43.400001525878906,1495.0,0.0,159.0,2811.010009765625,106.80230467580259,118.0,-0.12099999934434891,1501.0
59.0,1503.0,1788345214000.0,-6.220148904249072,19.799999237060547,1503.0,1.4559999704360962,19.799999237060547,43.400001525878906,1497.0,0.0,158.0,2813.64990234375,106.80232395417988,118.0,-0.10400000214576721,1503.0
59.0,1508.0,1788345219000.0,-6.220168601721525,19.799999237060547,1508.0,1.4559999704360962,19.799999237060547,43.79999923706055,1502.0,0.5,156.0,2820.639892578125,106.80238438770175,119.0,0.010999999940395355,1508.0
58.0,1510.0,1788345221000.0,-6.220162566751242,20.0,1510.0,1.4459999799728394,20.0,43.599998474121094,1504.0,0.5,156.0,2824.4599609375,106.802419424057,117.0,0.14800000190734863,1510.0
60.0,1515.0,1788345226000.0,-6.220174888148904,20.399999618530273,1515.0,1.437000036239624,20.399999618530273,43.0,1509.0,0.0,153.0,2832.090087890625,106.80248756892979,120.0,0.07999999821186066,1515.0
57.0,1523.0,1788345234000.0,-6.220203135162592,21.0,1523.0,1.4459999799728394,21.0,42.400001525878906,1517.0,0.5,152.0,2842.760009765625,106.80258018895984,115.0,0.06599999964237213,1523.0
57.0,1525.0,1788345236000.0,-6.220199530944228,21.200000762939453,1525.0,1.437000036239624,21.200000762939453,42.20000076293945,1519.0,0.5,152.0,2846.56005859375,106.80261438712478,115.0,0.10300000011920929,1525.0
85.0,1531.0,1788345242000.0,-6.220196932554245,22.399999618530273,1531.0,2.947999954223633,22.399999618530273,41.79999923706055,1525.0,0.5,151.0,2865.7099609375,106.80278697051108,171.0,0.20999999344348907,1531.0
87.0,1537.0,1788345248000.0,-6.220164075493813,23.600000381469727,1537.0,3.1630001068115234,23.600000381469727,40.79999923706055,1531.0,0.0,153.0,2887.8701171875,106.80298386141658,174.0,0.1809999942779541,1537.0
87.0,1538.0,1788345249000.0,-6.2201520055532455,23.799999237060547,1538.0,3.23799991607666,23.799999237060547,40.79999923706055,1532.0,0.0,153.0,2891.929931640625,106.80301873013377,174.0,0.16899999976158142,1538.0
87.0,1541.0,1788345252000.0,-6.22009014710784,24.399999618530273,1541.0,3.2660000324249268,24.399999618530273,40.79999923706055,1535.0,0.5,156.0,2904.659912109375,106.8031173851341,175.0,0.19300000369548798,1541.0
87.0,1543.0,1788345254000.0,-6.220049494877458,24.0,1543.0,3.2839999198913574,24.0,41.20000076293945,1537.0,0.0,158.0,2912.929931640625,106.80318016558886,174.0,-0.17800000309944153,1543.0
87.0,1546.0,1788345257000.0,-6.2200006283819675,23.0,1546.0,3.25600004196167,23.0,41.400001525878906,1540.0,0.5,159.0,2922.780029296875,106.80325451306999,175.0,-0.2980000078678131,1546.0
82.0,1550.0,1788345261000.0,-6.2199644185602665,22.399999618530273,1550.0,1.9589999914169312,22.399999618530273,41.20000076293945,1544.0,0.5,162.0,2930.3701171875,106.80331259965897,165.0,-0.17599999904632568,1550.0
0.0,1559.0,1788345270000.0,-6.219908930361271,21.399999618530273,1559.0,1.3899999856948853,21.399999618530273,39.400001525878906,1553.0,0.0,163.0,2940.449951171875,106.80338434875011,0.0,-0.09799999743700027,1559.0
0.0,1560.0,1788345271000.0,-6.219895938411355,21.399999618530273,1560.0,1.409000039100647,21.399999618530273,39.0,1554.0,0.0,163.0,2941.929931640625,106.80338761769235,0.0,-0.04699999839067459,1560.0
58.0,1565.0,1788345276000.0,-6.219832403585315,20.799999237060547,1565.0,1.4559999704360962,20.799999237060547,37.599998474121094,1559.0,0.5,163.0,2950.409912109375,106.80343229323626,117.0,-0.13899999856948853,1565.0
56.0,1573.0,1788345284000.0,-6.219754619523883,20.200000762939453,1573.0,1.4559999704360962,20.200000762939453,37.400001525878906,1567.0,0.5,160.0,2958.68994140625,106.8034572713077,113.0,-0.0560000017285347,1573.0
56.0,1574.0,1788345285000.0,-6.219748584553599,20.0,1574.0,1.4459999799728394,20.0,37.0,1568.0,0.5,160.0,2960.590087890625,106.80347437039018,113.0,-0.30799999833106995,1574.0
56.0,1580.0,1788345291000.0,-6.219693515449762,19.0,1580.0,1.4279999732971191,19.0,34.0,1574.0,0.5,158.0,2968.72998046875,106.80352390743792,113.0,-0.14900000393390656,1580.0
56.0,1581.0,1788345292000.0,-6.219689156860113,19.0,1581.0,1.4179999828338623,19.0,33.79999923706055,1575.0,0.5,158.0,2969.889892578125,106.80353346280754,113.0,-0.1720000058412552,1581.0
56.0,1586.0,1788345297000.0,-6.219641296193004,18.399999618530273,1586.0,1.399999976158142,18.399999618530273,33.400001525878906,1580.0,0.0,157.0,2976.330078125,106.8035645596683,112.0,-0.10999999940395355,1586.0
57.0,1588.0,1788345299000.0,-6.219613971188664,18.200000762939453,1588.0,1.3899999856948853,18.200000762939453,33.400001525878906,1582.0,0.0,156.0,2979.5400390625,106.80357411503792,114.0,-0.03700000047683716,1588.0
57.0,1591.0,1788345302000.0,-6.2195848021656275,18.200000762939453,1591.0,1.3899999856948853,18.200000762939453,33.400001525878906,1585.0,0.0,153.0,2983.1201171875,106.80358710698783,114.0,-0.0430000014603138,1591.0
56.0,1593.0,1788345304000.0,-6.219565020874143,18.0,1593.0,1.3899999856948853,18.0,33.400001525878906,1587.0,0.0,153.0,2986.090087890625,106.80360563099384,112.0,-0.13099999725818634,1593.0
56.0,1595.0,1788345306000.0,-6.219541048631072,17.799999237060547,1595.0,1.3899999856948853,17.799999237060547,33.20000076293945,1589.0,0.0,152.0,2988.89990234375,106.80361568927765,112.0,-0.04699999839067459,1595.0
56.0,1598.0,1788345309000.0,-6.2195033300668,17.799999237060547,1598.0,1.3899999856948853,17.799999237060547,30.600000381469727,1592.0,0.0,149.0,2993.02001953125,106.8036266695708,112.0,-0.020999999716877937,1598.0
57.0,1601.0,1788345312000.0,-6.2194758374243975,17.399999618530273,1601.0,1.3899999856948853,17.399999618530273,27.600000381469727,1595.0,0.0,146.0,2996.760009765625,106.8036459479481,114.0,-0.08299999684095383,1601.0
57.0,1602.0,1788345313000.0,-6.219467790797353,17.399999618530273,1602.0,1.38100004196167,17.399999618530273,27.0,1596.0,0.0,145.0,2998.239990234375,106.80365701206028,114.0,-0.17000000178813934,1602.0
55.0,1605.0,1788345316000.0,-6.219446249306202,16.799999237060547,1605.0,1.38100004196167,16.799999237060547,25.600000381469727,1599.0,0.5,143.0,3002.469970703125,106.8036887794733,111.0,-0.16500000655651093,1605.0
55.0,1606.0,1788345317000.0,-6.2194363586604595,16.799999237060547,1606.0,1.38100004196167,16.799999237060547,25.399999618530273,1600.0,0.5,142.0,3003.919921875,106.80369758047163,111.0,-0.10700000077486038,1606.0
56.0,1611.0,1788345322000.0,-6.219392269849777,16.600000381469727,1611.0,1.371999979019165,16.600000381469727,26.399999618530273,1605.0,0.0,140.0,3009.389892578125,106.80372264236212,112.0,-0.02199999988079071,1611.0
56.0,1612.0,1788345323000.0,-6.219385145232081,16.600000381469727,1612.0,1.371999979019165,16.600000381469727,27.0,1606.0,0.0,140.0,3010.360107421875,106.80372934788465,112.0,-0.04699999839067459,1612.0
58.0,1617.0,1788345328000.0,-6.2193450797349215,16.399999618530273,1617.0,1.3619999885559082,16.399999618530273,29.399999618530273,1611.0,0.0,139.0,3016.169921875,106.80376765318215,116.0,-0.03799999877810478,1617.0
58.0,1619.0,1788345330000.0,-6.219321526587009,16.399999618530273,1619.0,1.3619999885559082,16.399999618530273,29.600000381469727,1613.0,0.0,139.0,3019.1298828125,106.8037807289511,116.0,0.014000000432133675,1619.0
57.0,1628.0,1788345339000.0,-6.219212813302875,16.799999237060547,1628.0,1.3530000448226929,16.799999237060547,30.0,1622.0,0.0,136.0,3032.43994140625,106.80383278056979,114.0,0.04399999976158142,1628.0
57.0,1629.0,1788345340000.0,-6.219200659543276,17.0,1629.0,1.3530000448226929,17.0,30.200000762939453,1623.0,0.0,136.0,3033.85009765625,106.80383663624525,114.0,0.13500000536441803,1629.0
56.0,1637.0,1788345348000.0,-6.219095718115568,18.600000381469727,1637.0,1.3619999885559082,18.600000381469727,32.20000076293945,1631.0,0.5,137.0,3045.3798828125,106.80384543724358,113.0,0.21199999749660492,1637.0
55.0,1640.0,1788345351000.0,-6.219060681760311,18.799999237060547,1640.0,1.3619999885559082,18.799999237060547,32.599998474121094,1634.0,0.0,134.0,3049.340087890625,106.80384803563356,110.0,0.05700000002980232,1640.0
57.0,1644.0,1788345355000.0,-6.219018856063485,18.600000381469727,1644.0,1.3530000448226929,18.600000381469727,32.400001525878906,1638.0,0.0,131.0,3054.389892578125,106.80386831983924,114.0,-0.07199999690055847,1644.0
57.0,1646.0,1788345357000.0,-6.218993961811066,18.399999618530273,1646.0,1.3530000448226929,18.399999618530273,32.0,1640.0,0.0,131.0,3057.27001953125,106.80387552827597,114.0,-0.032999999821186066,1646.0
0.0,1655.0,1788345366000.0,-6.218869993463159,18.200000762939453,1655.0,1.3530000448226929,18.200000762939453,29.600000381469727,1649.0,0.0,132.0,3071.39990234375,106.80390603840351,0.0,-0.019999999552965164,1655.0
84.0,1663.0,1788345374000.0,-6.218710066750646,18.200000762939453,1663.0,1.5399999618530273,18.200000762939453,28.799999237060547,1657.0,0.5,134.0,3089.550048828125,106.80392565205693,169.0,-0.008999999612569809,1663.0
85.0,1668.0,1788345379000.0,-6.218600934371352,18.600000381469727,1668.0,1.902999997138977,18.600000381469727,29.799999237060547,1662.0,0.5,137.0,3101.7900390625,106.80391006171703,171.0,0.07900000363588333,1668.0
83.0,1671.0,1788345382000.0,-6.218539914116263,18.200000762939453,1671.0,2.015000104904175,18.200000762939453,30.200000762939453,1665.0,0.5,137.0,3108.6298828125,106.8039015121758,167.0,-0.16200000047683716,1671.0
84.0,1674.0,1788345385000.0,-6.21847671456635,17.600000381469727,1674.0,2.118000030517578,17.600000381469727,30.799999237060547,1668.0,0.5,140.0,3115.60009765625,106.80390260182321,169.0,-0.16500000655651093,1674.0
84.0,1679.0,1788345390000.0,-6.218374287709594,17.0,1679.0,2.2109999656677246,17.0,31.799999237060547,1673.0,0.5,141.0,3126.949951171875,106.80389472283423,169.0,-0.125,1679.0
81.0,1687.0,1788345398000.0,-6.218206314370036,16.399999618530273,1687.0,2.071000099182129,16.399999618530273,34.400001525878906,1681.0,0.5,145.0,3145.7099609375,106.80386312305927,163.0,-0.06199999898672104,1687.0
81.0,1691.0,1788345402000.0,-6.218141354620457,17.600000381469727,1691.0,2.015000104904175,17.600000381469727,38.599998474121094,1685.0,0.0,148.0,3153.169921875,106.80384485051036,162.0,0.2669999897480011,1691.0
82.0,1695.0,1788345406000.0,-6.218068432062864,17.399999618530273,1695.0,1.9869999885559082,17.399999618530273,41.400001525878906,1689.0,0.0,149.0,3161.14990234375,106.8038304336369,164.0,-0.03700000047683716,1695.0
81.0,1696.0,1788345407000.0,-6.218052674084902,17.200000762939453,1696.0,1.9780000448226929,17.200000762939453,41.599998474121094,1690.0,0.5,149.0,3162.840087890625,106.80382682941854,163.0,-0.23499999940395355,1696.0
71.0,1703.0,1788345414000.0,-6.217965418472886,16.399999618530273,1703.0,1.902999997138977,16.399999618530273,43.0,1697.0,0.5,150.0,3172.389892578125,106.80381886661053,143.0,-0.10599999874830246,1703.0
72.0,1706.0,1788345417000.0,-6.217927532270551,17.0,1706.0,1.781999945640564,17.0,45.0,1700.0,0.5,149.0,3176.929931640625,106.80380998179317,145.0,0.17399999499320984,1706.0
70.0,1709.0,1788345420000.0,-6.217898949980736,17.200000762939453,1709.0,1.7079999446868896,17.200000762939453,47.0,1703.0,0.0,147.0,3180.239990234375,106.80379916913807,140.0,0.10700000077486038,1709.0
66.0,1713.0,1788345424000.0,-6.217849077656865,17.600000381469727,1713.0,1.5959999561309814,17.600000381469727,48.79999923706055,1707.0,0.5,148.0,3186.5400390625,106.80377117358148,133.0,0.09799999743700027,1713.0
67.0,1716.0,1788345427000.0,-6.217821668833494,18.0,1716.0,1.5299999713897705,18.0,50.79999923706055,1710.0,0.0,146.0,3189.760009765625,106.80375910364091,134.0,0.09200000017881393,1716.0
70.0,1724.0,1788345435000.0,-6.217729300260544,19.0,1724.0,1.465000033378601,19.0,52.599998474121094,1718.0,0.0,148.0,3200.43994140625,106.80372582748532,140.0,0.13300000131130219,1724.0
66.0,1731.0,1788345442000.0,-6.21766853146255,19.399999618530273,1731.0,1.437000036239624,19.399999618530273,53.20000076293945,1725.0,0.0,148.0,3208.89990234375,106.80369121022522,132.0,0.06199999898672104,1731.0
66.0,1732.0,1788345443000.0,-6.217656712979078,19.600000381469727,1732.0,1.4179999828338623,19.600000381469727,53.20000076293945,1726.0,0.0,148.0,3210.219970703125,106.80368810892105,132.0,0.17000000178813934,1732.0
67.0,1736.0,1788345447000.0,-6.217616060748696,20.200000762939453,1736.0,1.371999979019165,20.200000762939453,52.400001525878906,1730.0,0.0,146.0,3214.639892578125,106.80367511697114,134.0,0.1459999978542328,1736.0
70.0,1738.0,1788345449000.0,-6.217601643875241,20.399999618530273,1738.0,1.3619999885559082,20.399999618530273,51.79999923706055,1732.0,0.0,145.0,3216.860107421875,106.80366137064993,140.0,0.10400000214576721,1738.0
71.0,1741.0,1788345452000.0,-6.21757130138576,20.799999237060547,1741.0,1.343999981880188,20.799999237060547,51.0,1735.0,0.0,144.0,3220.3701171875,106.80364971980453,142.0,0.1459999978542328,1741.0
69.0,1742.0,1788345453000.0,-6.217564595863223,21.0,1742.0,1.343999981880188,21.0,50.79999923706055,1736.0,0.0,145.0,3221.409912109375,106.8036427628249,138.0,0.09700000286102295,1742.0
72.0,1748.0,1788345459000.0,-6.21749410405755,22.0,1748.0,1.3250000476837158,22.0,51.400001525878906,1742.0,0.0,142.0,3230.2900390625,106.80360998958349,144.0,0.16099999845027924,1748.0
73.0,1751.0,1788345462000.0,-6.217458564788103,22.200000762939453,1751.0,1.3250000476837158,22.200000762939453,52.20000076293945,1745.0,0.5,142.0,3234.449951171875,106.80359456688166,147.0,0.10899999737739563,1751.0
81.0,1758.0,1788345469000.0,-6.217363849282265,22.799999237060547,1758.0,1.3899999856948853,22.799999237060547,51.79999923706055,1752.0,0.5,143.0,3247.8798828125,106.80352197960019,163.0,0.07900000363588333,1758.0
80.0,1762.0,1788345473000.0,-6.217328645288944,22.399999618530273,1762.0,1.4739999771118164,22.399999618530273,50.20000076293945,1756.0,0.5,140.0,3255.090087890625,106.80346640758216,161.0,-0.10599999874830246,1762.0
79.0,1769.0,1788345480000.0,-6.217261841520667,21.0,1769.0,1.5770000219345093,21.0,48.599998474121094,1763.0,0.5,138.0,3268.8798828125,106.80336062796414,159.0,-0.19300000369548798,1769.0
81.0,1777.0,1788345488000.0,-6.217200485989451,20.399999618530273,1777.0,1.6699999570846558,20.399999618530273,45.79999923706055,1771.0,0.0,139.0,3285.090087890625,106.80322366766632,162.0,-0.08900000154972076,1777.0
77.0,1784.0,1788345495000.0,-6.2171754240989685,20.600000381469727,1784.0,1.7259999513626099,20.600000381469727,43.0,1778.0,0.5,139.0,3296.739990234375,106.8031173851341,155.0,0.03700000047683716,1784.0
69.0,1790.0,1788345501000.0,-6.217156313359737,21.399999618530273,1790.0,1.7259999513626099,21.399999618530273,42.20000076293945,1784.0,0.0,139.0,3304.610107421875,106.80304798297584,138.0,0.14900000393390656,1790.0
0.0,1797.0,1788345508000.0,-6.217141980305314,22.399999618530273,1797.0,1.5770000219345093,22.399999618530273,41.599998474121094,1791.0,0.0,138.0,3312.159912109375,106.80297874845564,0.0,0.125,1797.0
66.0,1808.0,1788345519000.0,-6.217096466571093,23.600000381469727,1808.0,1.371999979019165,23.600000381469727,41.79999923706055,1802.0,0.5,137.0,3325.139892578125,106.80287104099989,133.0,0.12099999934434891,1808.0
70.0,1816.0,1788345527000.0,-6.217066710814834,25.600000381469727,1816.0,1.2879999876022339,25.600000381469727,42.599998474121094,1810.0,0.0,137.0,3336.280029296875,106.80277439765632,140.0,0.24899999797344208,1816.0
71.0,1820.0,1788345531000.0,-6.217064196243882,26.799999237060547,1820.0,1.305999994277954,26.799999237060547,44.20000076293945,1814.0,0.0,137.0,3341.320068359375,106.80272938683629,142.0,0.27900001406669617,1820.0
70.0,1822.0,1788345533000.0,-6.217067381367087,27.399999618530273,1822.0,1.305999994277954,27.399999618530273,44.79999923706055,1816.0,0.0,137.0,3344.070068359375,106.80270482786,140.0,0.32100000977516174,1822.0
71.0,1830.0,1788345541000.0,-6.217053299769759,28.399999618530273,1830.0,1.315999984741211,28.399999618530273,49.400001525878906,1824.0,0.0,136.0,3356.81005859375,106.80259108543396,142.0,0.12099999934434891,1830.0
71.0,1834.0,1788345545000.0,-6.217051455751061,27.0,1834.0,1.315999984741211,27.0,52.79999923706055,1828.0,0.0,133.0,3363.14990234375,106.8025338370353,142.0,-0.3230000138282776,1834.0
72.0,1837.0,1788345548000.0,-6.217036871239543,25.600000381469727,1837.0,1.3250000476837158,25.600000381469727,54.599998474121094,1831.0,0.0,131.0,3367.860107421875,106.80248958058655,144.0,-0.5120000243186951,1837.0
69.0,1841.0,1788345552000.0,-6.217051623389125,24.600000381469727,1841.0,1.3250000476837158,24.600000381469727,59.400001525878906,1835.0,0.0,131.0,3373.929931640625,106.80243819952011,138.0,-0.21699999272823334,1841.0
69.0,1843.0,1788345554000.0,-6.217047097161412,24.0,1843.0,1.3250000476837158,24.0,61.400001525878906,1837.0,0.0,130.0,3376.77001953125,106.8024128023535,138.0,-0.38499999046325684,1843.0
70.0,1848.0,1788345559000.0,-6.217046594247222,23.399999618530273,1848.0,1.305999994277954,23.399999618530273,64.19999694824219,1842.0,0.0,130.0,3380.969970703125,106.8023747485131,140.0,-0.09200000017881393,1848.0
70.0,1849.0,1788345560000.0,-6.217043325304985,23.399999618530273,1849.0,1.305999994277954,23.399999618530273,64.5999984741211,1843.0,0.5,129.0,3382.6201171875,106.8023596610874,141.0,-0.14399999380111694,1849.0
72.0,1852.0,1788345563000.0,-6.217034524306655,23.0,1852.0,1.2970000505447388,23.0,65.80000305175781,1846.0,0.0,129.0,3386.820068359375,106.80232127197087,144.0,-0.12399999797344208,1852.0
71.0,1855.0,1788345566000.0,-6.217023711651564,23.0,1855.0,1.2879999876022339,23.0,67.19999694824219,1849.0,0.0,130.0,3390.889892578125,106.8022853974253,142.0,0.02500000037252903,1855.0
71.0,1857.0,1788345568000.0,-6.217025555670261,23.399999618530273,1857.0,1.2879999876022339,23.399999618530273,68.0,1851.0,0.0,131.0,3394.52001953125,106.8022526241839,142.0,0.2460000067949295,1857.0
73.0,1861.0,1788345572000.0,-6.217036619782448,24.600000381469727,1861.0,1.2970000505447388,24.600000381469727,70.80000305175781,1855.0,0.0,134.0,3401.93994140625,106.80218758061528,146.0,0.2639999985694885,1861.0
73.0,1862.0,1788345573000.0,-6.217033686116338,25.0,1862.0,1.305999994277954,25.0,72.0,1856.0,0.0,134.0,3405.43994140625,106.80215497501194,146.0,0.43799999356269836,1862.0
74.0,1865.0,1788345576000.0,-6.217041900381446,25.399999618530273,1865.0,1.315999984741211,25.399999618530273,73.0,1859.0,0.5,134.0,3408.610107421875,106.80212739855051,149.0,0.14900000393390656,1865.0
73.0,1869.0,1788345580000.0,-6.217052461579442,25.799999237060547,1869.0,1.3339999914169312,25.799999237060547,74.19999694824219,1863.0,0.5,135.0,3414.60009765625,106.80207417346537,147.0,0.06700000166893005,1869.0
76.0,1874.0,1788345585000.0,-6.217058748006821,25.399999618530273,1874.0,1.3530000448226929,25.399999618530273,75.5999984741211,1868.0,0.0,135.0,3422.669921875,106.80200016126037,152.0,-0.04899999871850014,1874.0
74.0,1876.0,1788345587000.0,-6.217072075232863,25.399999618530273,1876.0,1.3619999885559082,25.399999618530273,76.4000015258789,1870.0,0.5,136.0,3425.85009765625,106.80197342298925,149.0,-0.02500000037252903,1876.0
76.0,1883.0,1788345594000.0,-6.217129742726684,25.399999618530273,1883.0,1.399999976158142,25.399999618530273,81.19999694824219,1877.0,0.0,135.0,3438.780029296875,106.80187426507473,152.0,0.004000000189989805,1883.0
77.0,1884.0,1788345595000.0,-6.217138459905982,25.600000381469727,1884.0,1.409000039100647,25.600000381469727,81.4000015258789,1878.0,0.0,136.0,3440.110107421875,106.80186579935253,154.0,0.09799999743700027,1884.0
75.0,1891.0,1788345602000.0,-6.217205515131354,25.399999618530273,1891.0,1.465000033378601,25.399999618530273,79.5999984741211,1885.0,0.0,136.0,3453.199951171875,106.80177326314151,150.0,-0.013000000268220901,1891.0
76.0,1895.0,1788345606000.0,-6.2172717321664095,26.0,1895.0,1.5019999742507935,26.0,77.80000305175781,1889.0,0.0,136.0,3461.159912109375,106.80173713713884,152.0,0.13199999928474426,1895.0
77.0,1898.0,1788345609000.0,-6.217314479872584,26.200000762939453,1898.0,1.5490000247955322,26.200000762939453,75.80000305175781,1892.0,0.0,135.0,3466.419921875,106.80171366780996,154.0,0.05900000035762787,1898.0
77.0,1907.0,1788345618000.0,-6.217454876750708,26.600000381469727,1907.0,1.6979999542236328,26.600000381469727,64.5999984741211,1901.0,0.5,138.0,3482.510009765625,106.80166052654386,155.0,0.052000001072883606,1907.0
77.0,1909.0,1788345620000.0,-6.21748136356473,26.200000762939453,1909.0,1.7079999446868896,26.200000762939453,61.400001525878906,1903.0,0.5,138.0,3485.800048828125,106.80164518766105,155.0,-0.2409999966621399,1909.0
76.0,1914.0,1788345625000.0,-6.217551939189434,24.600000381469727,1914.0,1.7910000085830688,24.600000381469727,56.20000076293945,1908.0,0.0,139.0,3495.2900390625,106.80159791372716,152.0,-0.289000004529953,1914.0
75.0,1916.0,1788345627000.0,-6.217582114040852,24.399999618530273,1916.0,1.809999942779541,24.399999618530273,54.79999923706055,1910.0,0.5,139.0,3498.5,106.8015929684043,151.0,-0.11699999868869781,1916.0
77.0,1921.0,1788345632000.0,-6.2176507618278265,23.0,1921.0,1.8380000591278076,23.0,51.400001525878906,1915.0,0.0,139.0,3508.139892578125,106.80154167115688,154.0,-0.30799999833106995,1921.0
77.0,1923.0,1788345634000.0,-6.217693006619811,22.799999237060547,1923.0,1.847000002861023,22.799999237060547,49.79999923706055,1917.0,0.5,137.0,3512.1298828125,106.80154611356556,155.0,-0.019999999552965164,1923.0
74.0,1933.0,1788345644000.0,-6.217832732945681,21.799999237060547,1933.0,1.875,21.799999237060547,37.599998474121094,1927.0,0.0,136.0,3527.68994140625,106.8015062995255,148.0,-0.10300000011920929,1933.0
71.0,1936.0,1788345647000.0,-6.217864081263542,21.399999618530273,1936.0,1.8569999933242798,21.399999618530273,36.20000076293945,1930.0,0.0,133.0,3531.72998046875,106.80148760788143,142.0,-0.15700000524520874,1936.0
67.0,1941.0,1788345652000.0,-6.217915797606111,20.799999237060547,1941.0,1.809999942779541,20.799999237060547,35.400001525878906,1935.0,0.5,132.0,3537.929931640625,106.80146271362901,135.0,-0.11100000143051147,1941.0
73.0,1945.0,1788345656000.0,-6.217959132045507,20.799999237060547,1945.0,1.753999948501587,20.799999237060547,35.20000076293945,1939.0,0.5,135.0,3542.6201171875,106.80145701393485,147.0,-0.026000000536441803,1945.0
70.0,1946.0,1788345657000.0,-6.2179679330438375,20.799999237060547,1946.0,1.7359999418258667,20.799999237060547,35.0,1940.0,0.5,136.0,3543.18994140625,106.80145852267742,141.0,0.027000000700354576,1946.0
69.0,1948.0,1788345659000.0,-6.218001125380397,20.799999237060547,1948.0,1.7079999446868896,20.799999237060547,34.599998474121094,1942.0,0.0,138.0,3546.179931640625,106.80146346800029,138.0,0.014000000432133675,1948.0
69.0,1950.0,1788345661000.0,-6.218027360737324,20.600000381469727,1950.0,1.6890000104904175,20.600000381469727,34.400001525878906,1944.0,0.0,140.0,3549.0,106.80145734921098,138.0,-0.13099999725818634,1950.0
70.0,1954.0,1788345665000.0,-6.218065079301596,20.200000762939453,1954.0,1.6699999570846558,20.200000762939453,33.79999923706055,1948.0,0.5,143.0,3554.97998046875,106.80141661316156,141.0,-0.06499999761581421,1954.0
73.0,1957.0,1788345668000.0,-6.218101205304265,19.799999237060547,1957.0,1.6610000133514404,19.799999237060547,33.0,1951.0,0.0,145.0,3558.22998046875,106.80141787044704,146.0,-0.13199999928474426,1957.0
67.0,1961.0,1788345672000.0,-6.218153005465865,19.399999618530273,1961.0,1.6419999599456787,19.399999618530273,32.400001525878906,1955.0,0.5,145.0,3564.0400390625,106.80141242220998,135.0,-0.13500000536441803,1961.0
67.0,1962.0,1788345673000.0,-6.218163734301925,19.200000762939453,1962.0,1.6330000162124634,19.200000762939453,32.20000076293945,1956.0,0.5,145.0,3565.22998046875,106.80141309276223,135.0,-0.11800000071525574,1962.0
71.0,1967.0,1788345678000.0,-6.218226179480553,18.600000381469727,1967.0,1.6050000190734863,18.600000381469727,31.399999618530273,1961.0,0.0,143.0,3572.159912109375,106.80140739306808,142.0,-0.13099999725818634,1967.0
71.0,1969.0,1788345680000.0,-6.21825098991394,18.200000762939453,1969.0,1.6139999628067017,18.200000762939453,31.0,1963.0,0.5,141.0,3574.81005859375,106.8014074768871,143.0,-0.1340000033378601,1969.0
71.0,1973.0,1788345684000.0,-6.2183119263499975,18.600000381469727,1973.0,1.6139999628067017,18.600000381469727,30.399999618530273,1967.0,0.5,139.0,3582.18994140625,106.80138241499662,143.0,0.06300000101327896,1973.0
76.0,1981.0,1788345692000.0,-6.2184270936995745,18.799999237060547,1981.0,1.6239999532699585,18.799999237060547,31.600000381469727,1975.0,0.0,137.0,3595.9599609375,106.80133673362434,152.0,0.03999999910593033,1981.0
77.0,1989.0,1788345700000.0,-6.218552738428116,18.799999237060547,1989.0,1.6890000104904175,18.799999237060547,33.20000076293945,1983.0,0.0,137.0,3609.949951171875,106.80133723653853,154.0,-0.013000000268220901,1989.0
74.0,1998.0,1788345709000.0,-6.218675533309579,20.600000381469727,1998.0,1.7170000076293945,20.600000381469727,32.599998474121094,1992.0,0.5,136.0,3623.669921875,106.80134109221399,149.0,0.19599999487400055,1998.0
74.0,2005.0,1788345716000.0,-6.218748791143298,22.0,2005.0,1.6979999542236328,22.0,34.0,1999.0,0.5,136.0,3632.0400390625,106.80132667534053,149.0,0.2029999941587448,2005.0
74.0,2015.0,1788345726000.0,-6.2188647128641605,23.600000381469727,2015.0,1.6139999628067017,23.600000381469727,39.0,2009.0,0.5,136.0,3644.969970703125,106.80132105946541,149.0,0.17399999499320984,2015.0
74.0,2018.0,1788345729000.0,-6.218911483883858,24.0,2018.0,1.6050000190734863,24.0,40.400001525878906,2012.0,0.5,135.0,3650.409912109375,106.8013371527195,149.0,0.12999999523162842,2018.0
74.0,2022.0,1788345733000.0,-6.218965044245124,25.0,2022.0,1.6239999532699585,25.0,41.79999923706055,2016.0,0.5,135.0,3656.75,106.80135634727776,149.0,0.21299999952316284,2022.0
74.0,2029.0,1788345740000.0,-6.219049450010061,26.799999237060547,2029.0,1.6519999504089355,26.799999237060547,44.599998474121094,2023.0,0.5,136.0,3666.010009765625,106.80135852657259,149.0,0.2619999945163727,2029.0
77.0,2032.0,1788345743000.0,-6.219096723943949,27.600000381469727,2032.0,1.6519999504089355,27.600000381469727,45.599998474121094,2026.0,0.0,135.0,3671.31005859375,106.8013662379235,154.0,0.2720000147819519,2032.0
76.0,2034.0,1788345745000.0,-6.219123378396034,27.399999618530273,2034.0,1.6610000133514404,27.399999618530273,46.79999923706055,2028.0,0.0,135.0,3674.179931640625,106.80135819129646,152.0,-0.10999999940395355,2034.0
76.0,2035.0,1788345746000.0,-6.219139974564314,27.200000762939453,2035.0,1.6610000133514404,27.200000762939453,47.400001525878906,2029.0,0.0,136.0,3675.93994140625,106.80135944858193,152.0,-0.11500000208616257,2035.0
78.0,2043.0,1788345754000.0,-6.219237456098199,26.600000381469727,2043.0,1.6419999599456787,26.600000381469727,51.400001525878906,2037.0,0.5,136.0,3686.72998046875,106.80136472918093,157.0,-0.08500000089406967,2043.0
79.0,2050.0,1788345761000.0,-6.219321861863136,26.0,2050.0,1.6419999599456787,26.0,56.400001525878906,2044.0,0.5,136.0,3696.75,106.80139842443168,159.0,-0.0689999982714653,2050.0
78.0,2055.0,1788345766000.0,-6.219394616782665,25.399999618530273,2055.0,1.6419999599456787,25.399999618530273,59.400001525878906,2049.0,0.5,136.0,3704.860107421875,106.80141124874353,157.0,-0.11599999666213989,2055.0
77.0,2062.0,1788345773000.0,-6.219491763040423,22.799999237060547,2062.0,1.6419999599456787,22.799999237060547,61.79999923706055,2056.0,0.0,139.0,3717.780029296875,106.80147520266473,154.0,-0.37599998712539673,2062.0
77.0,2063.0,1788345774000.0,-6.219500647857785,22.600000381469727,2063.0,1.6419999599456787,22.600000381469727,61.79999923706055,2057.0,0.0,139.0,3719.14990234375,106.80148400366306,154.0,-0.2240000069141388,2063.0
74.0,2072.0,1788345783000.0,-6.219642972573638,19.600000381469727,2072.0,1.6519999504089355,19.600000381469727,57.79999923706055,2066.0,0.5,140.0,3739.919921875,106.80160721763968,149.0,-0.3449999988079071,2072.0
77.0,2082.0,1788345793000.0,-6.219789404422045,19.0,2082.0,1.6330000162124634,19.0,52.599998474121094,2076.0,0.5,139.0,3761.179931640625,106.8017357122153,155.0,-0.061000000685453415,2082.0
76.0,2091.0,1788345802000.0,-6.21989375911653,19.799999237060547,2091.0,1.7359999418258667,19.799999237060547,51.20000076293945,2085.0,0.0,140.0,3778.02001953125,106.80184526368976,152.0,0.09700000286102295,2091.0
76.0,2098.0,1788345809000.0,-6.219942206516862,21.0,2098.0,1.7259999513626099,21.0,49.79999923706055,2092.0,0.0,141.0,3789.820068359375,106.80194442160428,152.0,0.16599999368190765,2098.0
77.0,2103.0,1788345814000.0,-6.219961568713188,21.799999237060547,2103.0,1.6979999542236328,21.799999237060547,48.599998474121094,2097.0,0.0,140.0,3796.409912109375,106.802001837641,154.0,0.15600000321865082,2103.0
75.0,2112.0,1788345823000.0,-6.220038263127208,21.399999618530273,2112.0,1.6419999599456787,21.399999618530273,48.20000076293945,2106.0,0.5,140.0,3811.409912109375,106.80211356841028,151.0,-0.027000000700354576,2112.0
74.0,2116.0,1788345827000.0,-6.220069192349911,21.399999618530273,2116.0,1.6330000162124634,21.399999618530273,49.400001525878906,2110.0,0.5,137.0,3817.89990234375,106.80216335691512,149.0,-0.017999999225139618,2116.0
74.0,2120.0,1788345831000.0,-6.220093248412013,20.799999237060547,2120.0,1.6330000162124634,20.799999237060547,50.0,2114.0,0.0,137.0,3823.3798828125,106.80220643989742,148.0,-0.125,2120.0
73.0,2127.0,1788345838000.0,-6.22010825201869,20.399999618530273,2127.0,1.5770000219345093,20.399999618530273,49.599998474121094,2121.0,0.0,135.0,3833.239990234375,106.8022970482707,146.0,-0.07699999958276749,2127.0
74.0,2134.0,1788345845000.0,-6.2200934160500765,20.600000381469727,2134.0,1.5399999618530273,20.600000381469727,48.599998474121094,2128.0,0.0,135.0,3840.409912109375,106.80236779153347,148.0,0.026000000536441803,2134.0
73.0,2142.0,1788345853000.0,-6.220127446576953,20.799999237060547,2142.0,1.4839999675750732,20.799999237060547,47.599998474121094,2136.0,0.0,137.0,3852.5400390625,106.80247189477086,146.0,0.023000000044703484,2142.0
75.0,2150.0,1788345861000.0,-6.220133481547236,21.399999618530273,2150.0,1.5679999589920044,21.399999618530273,45.79999923706055,2144.0,0.5,137.0,3865.25,106.80258639156818,151.0,0.09799999743700027,2150.0
74.0,2160.0,1788345871000.0,-6.220134571194649,22.399999618530273,2160.0,1.5859999656677246,22.399999618530273,42.599998474121094,2154.0,0.5,135.0,3880.449951171875,106.8027236033231,149.0,0.09799999743700027,2160.0
78.0,2173.0,1788345884000.0,-6.220102971419692,23.600000381469727,2173.0,1.6139999628067017,23.600000381469727,39.400001525878906,2167.0,0.0,135.0,3901.919921875,106.80291437543929,156.0,0.09399999678134918,2173.0
77.0,2174.0,1788345885000.0,-6.220102217048407,23.799999237060547,2174.0,1.6139999628067017,23.799999237060547,39.20000076293945,2168.0,0.0,135.0,3903.669921875,106.80293038487434,154.0,0.004999999888241291,2174.0
74.0,2182.0,1788345893000.0,-6.220087045803666,24.0,2182.0,1.6050000190734863,24.0,39.599998474121094,2176.0,0.0,134.0,3915.85009765625,106.80303960107267,148.0,0.0430000014603138,2182.0
72.0,2188.0,1788345899000.0,-6.220069024711847,24.399999618530273,2188.0,1.5859999656677246,24.399999618530273,42.20000076293945,2182.0,0.0,132.0,3927.35009765625,106.80314387194812,144.0,0.061000000685453415,2188.0
72.0,2190.0,1788345901000.0,-6.220062235370278,24.200000762939453,2190.0,1.5679999589920044,24.200000762939453,43.599998474121094,2184.0,0.5,132.0,3929.659912109375,106.80316356942058,145.0,-0.12999999523162842,2190.0
76.0,2198.0,1788345909000.0,-6.220012698322535,23.0,2198.0,1.4930000305175781,23.0,46.599998474121094,2192.0,0.0,134.0,3941.050048828125,106.80325367487967,152.0,-0.14000000059604645,2198.0
75.0,2207.0,1788345918000.0,-6.219914797693491,21.600000381469727,2207.0,1.4739999771118164,21.600000381469727,46.400001525878906,2201.0,0.5,133.0,3958.31005859375,106.80337487719953,151.0,-0.15800000727176666,2207.0
75.0,2218.0,1788345929000.0,-6.219814550131559,20.0,2218.0,1.4839999675750732,20.0,46.20000076293945,2212.0,0.5,134.0,3973.340087890625,106.80347093380988,151.0,-0.14300000667572021,2218.0
74.0,2222.0,1788345933000.0,-6.219771970063448,19.600000381469727,2222.0,1.4839999675750732,19.600000381469727,45.79999923706055,2216.0,0.5,134.0,3978.830078125,106.80349851027131,149.0,-0.12399999797344208,2222.0
74.0,2226.0,1788345937000.0,-6.219726791605353,19.0,2226.0,1.4839999675750732,19.0,43.79999923706055,2220.0,0.5,134.0,3985.070068359375,106.80353262461722,149.0,-0.15299999713897705,2226.0
74.0,2235.0,1788345946000.0,-6.219653869047761,17.799999237060547,2235.0,1.4739999771118164,17.799999237060547,40.20000076293945,2229.0,0.5,134.0,3995.64990234375,106.80359129793942,149.0,-0.11699999868869781,2235.0
74.0,2244.0,1788345955000.0,-6.219529984518886,17.399999618530273,2244.0,1.4559999704360962,17.399999618530273,38.400001525878906,2238.0,0.5,134.0,4010.2099609375,106.8036441039294,149.0,-0.05999999865889549,2244.0
73.0,2252.0,1788345963000.0,-6.219443483278155,16.600000381469727,2252.0,1.4559999704360962,16.600000381469727,35.20000076293945,2246.0,0.0,132.0,4021.820068359375,106.80370009504259,146.0,-0.08299999684095383,2252.0
75.0,2258.0,1788345969000.0,-6.21937969699502,16.600000381469727,2258.0,1.465000033378601,16.600000381469727,34.20000076293945,2252.0,0.5,132.0,4029.52001953125,106.80372691713274,151.0,-0.009999999776482582,2258.0
74.0,2260.0,1788345971000.0,-6.219358490779996,16.600000381469727,2260.0,1.465000033378601,16.600000381469727,34.0,2254.0,0.5,132.0,4032.27001953125,106.80373731069267,149.0,-0.004000000189989805,2260.0
74.0,2269.0,1788345980000.0,-6.219257237389684,16.600000381469727,2269.0,1.4739999771118164,16.600000381469727,34.0,2263.0,0.5,132.0,4045.580078125,106.80380067788064,149.0,0.009999999776482582,2269.0
74.0,2273.0,1788345984000.0,-6.219208287075162,17.399999618530273,2273.0,1.4739999771118164,17.399999618530273,34.79999923706055,2267.0,0.5,132.0,4051.02001953125,106.80380755104125,149.0,0.18299999833106995,2273.0
76.0,2277.0,1788345988000.0,-6.219157576560974,17.799999237060547,2277.0,1.4739999771118164,17.799999237060547,35.20000076293945,2271.0,0.0,133.0,4057.1298828125,106.80383060127497,152.0,0.10400000214576721,2277.0
77.0,2283.0,1788345994000.0,-6.219079373404384,18.600000381469727,2283.0,1.4739999771118164,18.600000381469727,36.400001525878906,2277.0,0.0,134.0,4065.830078125,106.8038510531187,154.0,0.13899999856948853,2283.0
76.0,2284.0,1788345995000.0,-6.2190705724060535,18.600000381469727,2284.0,1.4739999771118164,18.600000381469727,36.599998474121094,2278.0,0.0,134.0,4067.030029296875,106.80385767482221,152.0,-0.11100000143051147,2284.0
74.0,2293.0,1788346004000.0,-6.21896437369287,18.200000762939453,2293.0,1.4739999771118164,18.200000762939453,38.599998474121094,2287.0,0.0,132.0,4079.3701171875,106.80389153771102,148.0,-0.039000000804662704,2293.0
75.0,2304.0,1788346015000.0,-6.21882607229054,17.799999237060547,2304.0,1.4459999799728394,17.799999237060547,37.0,2298.0,0.5,133.0,4095.489990234375,106.80393730290234,151.0,-0.03799999877810478,2304.0
75.0,2308.0,1788346019000.0,-6.218767650425434,17.399999618530273,2308.0,1.4559999704360962,17.399999618530273,37.0,2302.0,0.5,130.0,4102.18017578125,106.80395381525159,151.0,-0.07699999958276749,2308.0
75.0,2312.0,1788346023000.0,-6.218711156398058,17.200000762939453,2312.0,1.465000033378601,17.200000762939453,37.0,2306.0,0.5,130.0,4108.5498046875,106.80396538227797,151.0,-0.0729999989271164,2312.0
74.0,2326.0,1788346037000.0,-6.218519378453493,16.799999237060547,2326.0,1.5019999742507935,16.799999237060547,37.599998474121094,2320.0,0.5,129.0,4130.1298828125,106.80400083772838,149.0,-0.028999999165534973,2326.0
75.0,2334.0,1788346045000.0,-6.218425584957004,16.600000381469727,2334.0,1.5119999647140503,16.600000381469727,37.400001525878906,2328.0,0.5,131.0,4140.56982421875,106.8040170148015,151.0,-0.03200000151991844,2334.0
76.0,2336.0,1788346047000.0,-6.218416700139642,16.600000381469727,2336.0,1.5019999742507935,16.600000381469727,37.20000076293945,2330.0,0.0,131.0,4142.64990234375,106.80403185077012,152.0,0.020999999716877937,2336.0
59.0,2344.0,1788346055000.0,-6.21845425106585,15.800000190734863,2344.0,1.4459999799728394,15.800000190734863,37.0,2338.0,0.0,131.0,4155.509765625,106.80413955822587,118.0,-0.10599999874830246,2344.0
76.0,2351.0,1788346062000.0,-6.218551900237799,14.399999618530273,2351.0,1.371999979019165,14.399999618530273,35.79999923706055,2345.0,0.0,131.0,4166.39990234375,106.80415070615709,152.0,-0.1850000023841858,2351.0
77.0,2356.0,1788346067000.0,-6.218625074252486,14.399999618530273,2356.0,1.4459999799728394,14.399999618530273,34.400001525878906,2350.0,0.5,134.0,4174.47998046875,106.8041552323848,155.0,-0.013000000268220901,2356.0
76.0,2362.0,1788346073000.0,-6.21871517971158,13.600000381469727,2362.0,1.4930000305175781,13.600000381469727,33.599998474121094,2356.0,0.0,134.0,4184.509765625,106.80416160263121,152.0,-0.12600000202655792,2362.0
75.0,2363.0,1788346074000.0,-6.2187242321670055,13.399999618530273,2363.0,1.4930000305175781,13.399999618530273,33.400001525878906,2357.0,0.5,134.0,4185.66015625,106.80416696704924,151.0,-0.1809999942779541,2363.0
76.0,2366.0,1788346077000.0,-6.218733787536621,12.399999618530273,2366.0,1.5019999742507935,12.399999618530273,33.20000076293945,2360.0,0.0,134.0,4190.68017578125,106.80421088822186,152.0,-0.33899998664855957,2366.0
77.0,2373.0,1788346084000.0,-6.218804698437452,11.199999809265137,2373.0,1.5119999647140503,11.199999809265137,33.0,2367.0,0.0,132.0,4203.27001953125,106.80429537780583,154.0,-0.1850000023841858,2373.0
76.0,2375.0,1788346086000.0,-6.2188158463686705,11.0,2375.0,1.5210000276565552,11.0,33.0,2369.0,0.0,132.0,4206.2001953125,106.80432219989598,152.0,-0.09300000220537186,2375.0
77.0,2378.0,1788346089000.0,-6.2188326101750135,10.800000190734863,2378.0,1.5210000276565552,10.800000190734863,33.599998474121094,2372.0,0.5,132.0,4211.91015625,106.80437358096242,155.0,-0.05999999865889549,2378.0
77.0,2386.0,1788346097000.0,-6.218875357881188,10.399999618530273,2386.0,1.5299999713897705,10.399999618530273,34.400001525878906,2380.0,0.0,131.0,4224.52001953125,106.80446838028729,154.0,-0.057999998331069946,2386.0
75.0,2392.0,1788346103000.0,-6.218818696215749,11.0,2392.0,1.5399999618530273,11.0,34.599998474121094,2386.0,0.5,133.0,4232.68994140625,106.80451422929764,151.0,0.10199999809265137,2392.0
74.0,2395.0,1788346106000.0,-6.2187751941382885,11.800000190734863,2395.0,1.5399999618530273,11.800000190734863,35.20000076293945,2389.0,0.5,136.0,4237.509765625,106.80451540276408,149.0,0.2849999964237213,2395.0
74.0,2398.0,1788346109000.0,-6.218737894669175,12.600000381469727,2398.0,1.5299999713897705,12.600000381469727,35.79999923706055,2392.0,0.5,139.0,4242.52978515625,106.80448992177844,149.0,0.2680000066757202,2398.0
74.0,2399.0,1788346110000.0,-6.2187292613089085,12.800000190734863,2399.0,1.5299999713897705,12.800000190734863,36.0,2393.0,0.5,139.0,4244.2099609375,106.80447751656175,149.0,0.1860000044107437,2399.0
74.0,2407.0,1788346118000.0,-6.218731440603733,12.800000190734863,2407.0,1.5399999618530273,12.800000190734863,36.79999923706055,2401.0,0.5,137.0,4258.5,106.8043484352529,149.0,-0.006000000052154064,2407.0
75.0,2418.0,1788346129000.0,-6.218766812235117,12.199999809265137,2418.0,1.5399999618530273,12.199999809265137,37.400001525878906,2412.0,0.0,136.0,4274.2099609375,106.8042091280222,150.0,-0.04500000178813934,2418.0
71.0,2423.0,1788346134000.0,-6.218778546899557,13.199999809265137,2423.0,1.5210000276565552,13.199999809265137,37.0,2417.0,0.0,135.0,4280.0,106.80416093207896,142.0,0.19099999964237213,2423.0
70.0,2425.0,1788346136000.0,-6.218804195523262,13.199999809265137,2425.0,1.4930000305175781,13.199999809265137,36.79999923706055,2419.0,0.0,135.0,4282.85986328125,106.80415489710867,140.0,-0.027000000700354576,2425.0
71.0,2429.0,1788346140000.0,-6.218854067847133,13.0,2429.0,1.4459999799728394,13.0,36.0,2423.0,0.0,135.0,4288.43994140625,106.80414970032871,142.0,-0.023000000044703484,2429.0
71.0,2433.0,1788346144000.0,-6.218899246305227,13.199999809265137,2433.0,1.4179999828338623,13.199999809265137,35.400001525878906,2427.0,0.5,135.0,4293.919921875,106.80413050577044,143.0,0.06300000101327896,2433.0
0.0,2440.0,1788346151000.0,-6.21898147277534,13.0,2440.0,1.399999976158142,13.0,33.79999923706055,2434.0,0.0,138.0,4303.0400390625,106.80411600507796,0.0,-0.03400000184774399,2440.0
0.0,2441.0,1788346152000.0,-6.218996476382017,13.0,2441.0,1.399999976158142,13.0,33.599998474121094,2435.0,0.0,139.0,4304.759765625,106.8041121494025,0.0,-0.050999999046325684,2441.0
54.0,2450.0,1788346161000.0,-6.219124048948288,12.0,2450.0,1.343999981880188,12.0,31.0,2444.0,0.5,138.0,4318.81005859375,106.80410167202353,109.0,-0.10499999672174454,2450.0
55.0,2462.0,1788346173000.0,-6.219260757789016,12.199999809265137,2462.0,1.3339999914169312,12.199999809265137,31.0,2456.0,0.0,138.0,4334.5,106.80406504310668,110.0,0.006000000052154064,2462.0
56.0,2467.0,1788346178000.0,-6.219316329807043,12.600000381469727,2467.0,1.343999981880188,12.600000381469727,31.200000762939453,2461.0,0.5,135.0,4341.06982421875,106.80404400452971,113.0,0.08500000089406967,2467.0
0.0,2469.0,1788346180000.0,-6.219341307878494,12.800000190734863,2469.0,1.343999981880188,12.800000190734863,31.399999618530273,2463.0,0.0,132.0,4343.97998046875,106.80403562262654,0.0,0.11999999731779099,2469.0
55.0,2473.0,1788346184000.0,-6.219383804127574,13.0,2473.0,1.343999981880188,13.0,31.200000762939453,2467.0,0.0,131.0,4348.77978515625,106.80402640253305,110.0,0.06400000303983688,2473.0
58.0,2481.0,1788346192000.0,-6.219474915415049,13.800000190734863,2481.0,1.343999981880188,13.800000190734863,30.799999237060547,2475.0,0.0,129.0,4360.1201171875,106.80397988297045,116.0,0.10499999672174454,2481.0
57.0,2488.0,1788346199000.0,-6.219546245411038,14.199999809265137,2488.0,1.3530000448226929,14.199999809265137,31.399999618530273,2482.0,0.0,128.0,4369.10986328125,106.8039409071207,114.0,0.05000000074505806,2488.0
