directRunCadence,directSpeed,directDoubleCadence,sumDistance,sumElapsedDuration,directElevation,sumMovingDuration,directTimestamp,sumDuration,directLongitude,directCorrectedElevation,directUncorrectedElevation,directHeartRate,directLatitude,directFractionalCadence,directVerticalSpeed,elapsed_s
0.0,0.8489999771118164,0.0,1.5,0.0,81.5999984741211,0.0,1790116517000.0,0.0,106.89384922385216,81.5999984741211,93.19999694824219,104.0,-6.4293422643095255,0.0,,0.0
0.0,0.0,0.0,2.740000009536743,1.0,81.4000015258789,0.0,1790116518000.0,1.0,106.89383941702545,81.4000015258789,93.5999984741211,104.0,-6.429336732253432,0.0,-0.16099999845027924,1.0
80.0,0.0,160.0,12.270000457763672,5.0,79.80000305175781,0.0,1790116522000.0,5.0,106.89376599155366,79.80000305175781,95.19999694824219,102.0,-6.4292924758046865,0.0,-0.38199999928474426,5.0
84.0,1.9589999914169312,169.0,26.100000381469727,11.0,78.4000015258789,6.0,1790116528000.0,11.0,106.89373011700809,78.4000015258789,97.0,102.0,-6.429176470264792,0.5,-0.24699999392032623,11.0
81.0,2.0429999828338623,163.0,34.060001373291016,15.0,78.19999694824219,10.0,1790116532000.0,15.0,106.89374252222478,78.19999694824219,97.5999984741211,106.0,-6.429107068106532,0.5,-0.05299999937415123,15.0
81.0,2.0339999198913574,163.0,38.0099983215332,17.0,78.4000015258789,12.0,1790116534000.0,17.0,106.89375953748822,78.4000015258789,98.19999694824219,104.0,-6.4290757197886705,0.5,0.06599999964237213,17.0
81.0,2.0339999198913574,163.0,40.2599983215332,18.0,78.4000015258789,13.0,1790116535000.0,18.0,106.89376858994365,78.4000015258789,99.0,107.0,-6.429057447239757,0.5,0.06499999761581421,18.0
81.0,2.0339999198913574,163.0,45.06999969482422,20.0,78.4000015258789,15.0,1790116537000.0,20.0,106.89378627575934,78.4000015258789,100.5999984741211,110.0,-6.429017381742597,0.5,0.054999999701976776,20.0
80.0,2.0339999198913574,161.0,50.0099983215332,22.0,78.4000015258789,17.0,1790116539000.0,22.0,106.89379272982478,78.4000015258789,102.0,114.0,-6.4289723709225655,0.5,-0.03500000014901161,22.0
80.0,2.0339999198913574,161.0,52.029998779296875,23.0,78.4000015258789,18.0,1790116540000.0,23.0,106.89379817806184,78.4000015258789,102.4000015258789,117.0,-6.428954852744937,0.5,0.014999999664723873,23.0
80.0,2.0429999828338623,161.0,53.880001068115234,24.0,78.4000015258789,19.0,1790116541000.0,24.0,106.89380295574665,78.4000015258789,102.80000305175781,117.0,-6.428938508033752,0.5,0.009999999776482582,24.0
79.0,2.0429999828338623,159.0,57.779998779296875,26.0,78.4000015258789,21.0,1790116543000.0,26.0,106.89381401985884,78.4000015258789,103.5999984741211,120.0,-6.4289031364023685,0.5,0.01600000075995922,26.0
79.0,2.0429999828338623,159.0,61.7400016784668,28.0,78.4000015258789,23.0,1790116545000.0,28.0,106.89382483251393,78.4000015258789,104.19999694824219,123.0,-6.428866172209382,0.5,0.010999999940395355,28.0
80.0,2.0339999198913574,161.0,68.33000183105469,31.0,78.5999984741211,26.0,1790116548000.0,31.0,106.8938469607383,78.5999984741211,104.80000305175781,126.0,-6.428810767829418,0.5,0.03999999910593033,31.0
80.0,2.0250000953674316,161.0,72.94999694824219,33.0,78.5999984741211,28.0,1790116550000.0,33.0,106.89386263489723,78.5999984741211,105.0,127.0,-6.428771959617734,0.5,0.0430000014603138,33.0
81.0,2.071000099182129,163.0,86.25,39.0,79.4000015258789,34.0,1790116556000.0,39.0,106.89393832348287,79.4000015258789,105.80000305175781,128.0,-6.428681267425418,0.5,0.12700000405311584,39.0
81.0,2.0810000896453857,163.0,95.75,44.0,79.5999984741211,39.0,1790116561000.0,44.0,106.89396573230624,79.5999984741211,106.19999694824219,131.0,-6.428598202764988,0.5,0.03799999877810478,44.0
82.0,2.0810000896453857,165.0,100.48999786376953,46.0,79.80000305175781,41.0,1790116563000.0,46.0,106.89398031681776,79.80000305175781,106.19999694824219,134.0,-6.42855528742075,0.5,0.07900000363588333,46.0
82.0,2.0899999141693115,165.0,108.29000091552734,49.0,80.19999694824219,44.0,1790116566000.0,49.0,106.89401568844914,80.19999694824219,106.80000305175781,137.0,-6.428495943546295,0.5,0.10599999874830246,49.0
82.0,2.0899999141693115,165.0,110.54000091552734,50.0,80.19999694824219,45.0,1790116567000.0,50.0,106.89403002150357,80.19999694824219,107.4000015258789,137.0,-6.428480772301555,0.5,0.10300000011920929,50.0
82.0,2.127000093460083,165.0,126.45999908447266,56.0,80.4000015258789,51.0,1790116573000.0,56.0,106.89406321384013,80.4000015258789,111.0,139.0,-6.428349427878857,0.5,0.03999999910593033,56.0
80.0,2.127000093460083,161.0,136.6300048828125,60.0,80.0,55.0,1790116577000.0,60.0,106.89404443837702,80.0,113.0,139.0,-6.42825135961175,0.5,-0.13099999725818634,60.0
79.0,2.0989999771118164,159.0,143.6999969482422,63.0,79.80000305175781,58.0,1790116580000.0,63.0,106.89406329765916,79.80000305175781,113.80000305175781,140.0,-6.42818933352828,0.5,-0.052000001072883606,63.0
78.0,2.0899999141693115,157.0,147.36000061035156,65.0,79.5999984741211,60.0,1790116582000.0,65.0,106.89406363293529,79.5999984741211,113.80000305175781,140.0,-6.428156308829784,0.5,-0.05900000035762787,65.0
77.0,1.9780000448226929,154.0,154.97000122070312,69.0,79.4000015258789,64.0,1790116586000.0,69.0,106.89406053163111,79.4000015258789,113.80000305175781,140.0,-6.428086319938302,0.0,-0.06599999964237213,69.0
77.0,1.9129999876022339,155.0,164.25,75.0,79.19999694824219,70.0,1790116592000.0,75.0,106.89407058991492,79.19999694824219,114.0,138.0,-6.4280022494494915,0.5,-0.04399999976158142,75.0
76.0,1.8289999961853027,153.0,170.58999633789062,80.0,79.0,75.0,1790116597000.0,80.0,106.89407084137201,79.0,114.19999694824219,137.0,-6.427944749593735,0.5,-0.02800000086426735,80.0
77.0,1.809999942779541,155.0,172.0399932861328,81.0,79.0,76.0,1790116598000.0,81.0,106.894068159163,79.0,114.19999694824219,137.0,-6.427931506186724,0.5,0.0,81.0
77.0,1.7910000085830688,155.0,172.82000732421875,82.0,79.0,77.0,1790116599000.0,82.0,106.89407193101943,79.0,114.19999694824219,136.0,-6.427922286093235,0.5,0.0,82.0
77.0,1.7640000581741333,155.0,176.38999938964844,85.0,79.0,80.0,1790116602000.0,85.0,106.89409120939672,79.0,114.4000015258789,136.0,-6.427895380184054,0.5,0.0,85.0
77.0,1.7450000047683716,155.0,185.5,91.0,79.0,86.0,1790116608000.0,91.0,106.89414527267218,79.0,115.19999694824219,133.0,-6.427834276109934,0.5,0.0,91.0
77.0,1.7450000047683716,155.0,187.0500030517578,92.0,79.0,87.0,1790116609000.0,92.0,106.89414887689054,79.0,115.5999984741211,132.0,-6.427820445969701,0.5,0.0,92.0
76.0,1.7640000581741333,152.0,199.75999450683594,98.0,78.80000305175781,93.0,1790116615000.0,98.0,106.89414476975799,78.80000305175781,117.5999984741211,130.0,-6.427699830383062,0.0,-0.03500000014901161,98.0
75.0,1.7079999446868896,151.0,211.8699951171875,105.0,78.4000015258789,100.0,1790116622000.0,105.0,106.89420595765114,78.4000015258789,118.0,131.0,-6.427609641104937,0.5,-0.04600000008940697,105.0
75.0,1.6699999570846558,151.0,215.10000610351562,107.0,78.4000015258789,102.0,1790116624000.0,107.0,106.89422448165715,78.4000015258789,117.4000015258789,131.0,-6.4275887701660395,0.5,-0.03799999877810478,107.0
75.0,1.6610000133514404,151.0,222.55999755859375,111.0,78.19999694824219,106.0,1790116628000.0,111.0,106.89419338479638,78.19999694824219,116.0,130.0,-6.427519284188747,0.5,-0.024000000208616257,111.0
75.0,1.6699999570846558,151.0,239.6199951171875,122.0,77.80000305175781,117.0,1790116639000.0,122.0,106.89421257935464,77.80000305175781,115.19999694824219,128.0,-6.427366901189089,0.5,-0.0430000014603138,122.0
76.0,1.6699999570846558,153.0,260.3800048828125,137.0,77.0,132.0,1790116654000.0,137.0,106.89428315497935,77.0,114.0,128.0,-6.427193144336343,0.5,-0.05900000035762787,137.0
77.0,1.6699999570846558,155.0,275.04998779296875,146.0,76.4000015258789,141.0,1790116663000.0,146.0,106.8942925427109,76.4000015258789,112.19999694824219,129.0,-6.427060877904296,0.5,-0.05700000002980232,146.0
77.0,1.7170000076293945,155.0,293.5799865722656,157.0,75.80000305175781,152.0,1790116674000.0,157.0,106.89430218189955,75.80000305175781,110.19999694824219,129.0,-6.426894161850214,0.5,-0.04899999871850014,157.0
79.0,1.7450000047683716,158.0,314.44000244140625,169.0,75.19999694824219,164.0,1790116686000.0,169.0,106.89429899677634,75.19999694824219,109.0,131.0,-6.426704982295632,0.0,-0.05700000002980232,169.0
78.0,1.753999948501587,157.0,319.3900146484375,172.0,75.0,167.0,1790116689000.0,172.0,106.8942906986922,75.0,108.5999984741211,130.0,-6.426660977303982,0.5,-0.05299999937415123,172.0
77.0,1.753999948501587,155.0,330.92999267578125,179.0,75.4000015258789,174.0,1790116696000.0,179.0,106.89427552744746,75.4000015258789,107.4000015258789,130.0,-6.4265573769807816,0.5,0.03799999877810478,179.0
79.0,1.7730000019073486,159.0,344.8599853515625,187.0,75.80000305175781,182.0,1790116704000.0,187.0,106.89426647499204,75.80000305175781,106.5999984741211,127.0,-6.4264328218996525,0.5,0.0560000017285347,187.0
80.0,1.781999945640564,160.0,347.67999267578125,189.0,75.80000305175781,184.0,1790116706000.0,189.0,106.89426957629621,75.80000305175781,106.5999984741211,127.0,-6.426407424733043,0.0,0.04600000008940697,189.0
77.0,1.7640000581741333,155.0,356.9100036621094,195.0,76.19999694824219,190.0,1790116712000.0,195.0,106.89428483135998,76.19999694824219,105.0,126.0,-6.426325282081962,0.5,0.05999999865889549,195.0
79.0,1.6979999542236328,158.0,371.3599853515625,204.0,77.19999694824219,199.0,1790116721000.0,204.0,106.89427091740072,77.19999694824219,101.0,126.0,-6.426195865496993,0.0,0.11599999666213989,204.0
78.0,1.6799999475479126,157.0,383.3699951171875,211.0,78.19999694824219,206.0,1790116728000.0,211.0,106.89425155520439,78.19999694824219,99.4000015258789,128.0,-6.426090253517032,0.5,0.14399999380111694,211.0
78.0,1.6519999504089355,157.0,394.57000732421875,218.0,78.80000305175781,213.0,1790116735000.0,218.0,106.89422892406583,78.80000305175781,98.5999984741211,128.0,-6.425992855802178,0.5,0.08500000089406967,218.0
76.0,1.6330000162124634,153.0,404.3900146484375,225.0,79.4000015258789,220.0,1790116742000.0,225.0,106.89421073533595,79.4000015258789,96.4000015258789,127.0,-6.42590350471437,0.5,0.07400000095367432,225.0
77.0,1.5679999589920044,154.0,422.6300048828125,235.0,80.19999694824219,230.0,1790116752000.0,235.0,106.89419170841575,80.19999694824219,96.4000015258789,128.0,-6.425743326544762,0.0,0.08399999886751175,235.0
84.0,1.6519999504089355,169.0,434.7099914550781,240.0,79.5999984741211,235.0,1790116757000.0,240.0,106.89423956908286,79.5999984741211,97.19999694824219,129.0,-6.425652801990509,0.5,-0.1379999965429306,240.0
84.0,1.7259999513626099,169.0,436.7200012207031,241.0,79.19999694824219,236.0,1790116758000.0,241.0,106.89425717107952,79.19999694824219,97.19999694824219,129.0,-6.425660429522395,0.5,-0.2529999911785126,241.0
83.0,1.7730000019073486,167.0,439.8500061035156,242.0,79.0,237.0,1790116759000.0,242.0,106.89428055658937,79.0,97.19999694824219,129.0,-6.425676355138421,0.5,-0.35199999809265137,242.0
82.0,1.8849999904632568,165.0,449.4200134277344,245.0,78.0,240.0,1790116762000.0,245.0,106.89432749524713,78.0,97.19999694824219,129.0,-6.425748104229569,0.5,-0.28200000524520874,245.0
78.0,1.8009999990463257,157.0,466.25,253.0,76.80000305175781,248.0,1790116770000.0,253.0,106.8943803012371,76.80000305175781,95.80000305175781,128.0,-6.42589277587831,0.5,-0.1550000011920929,253.0
80.0,1.753999948501587,160.0,472.5,257.0,76.19999694824219,252.0,1790116774000.0,257.0,106.89440008252859,76.19999694824219,94.80000305175781,131.0,-6.425944659858942,0.0,-0.13600000739097595,257.0
79.0,1.7079999446868896,158.0,480.9200134277344,262.0,76.19999694824219,257.0,1790116779000.0,262.0,106.89442221075296,76.19999694824219,94.19999694824219,132.0,-6.426017247140408,0.0,-0.027000000700354576,262.0
78.0,1.7079999446868896,156.0,500.6000061035156,273.0,75.4000015258789,268.0,1790116790000.0,273.0,106.89445917494595,75.4000015258789,93.0,131.0,-6.426189495250583,0.0,-0.0729999989271164,273.0
78.0,1.6330000162124634,156.0,517.0800170898438,283.0,75.80000305175781,278.0,1790116800000.0,283.0,106.89451432786882,75.80000305175781,91.19999694824219,132.0,-6.4263285510241985,0.0,0.05000000074505806,283.0
76.0,1.6419999599456787,153.0,526.7999877929688,288.0,75.80000305175781,283.0,1790116805000.0,288.0,106.89453947357833,75.80000305175781,91.19999694824219,135.0,-6.426412872970104,0.5,-0.003000000026077032,288.0
77.0,1.6699999570846558,155.0,535.97998046875,294.0,75.4000015258789,289.0,1790116811000.0,294.0,106.89456361345947,75.4000015258789,90.5999984741211,134.0,-6.426492584869266,0.5,-0.06499999761581421,294.0
77.0,1.6699999570846558,155.0,546.260009765625,300.0,75.0,295.0,1790116817000.0,300.0,106.89458364620805,75.0,89.19999694824219,132.0,-6.4265836123377085,0.5,-0.09099999815225601,300.0
78.0,1.6699999570846558,157.0,553.6300048828125,304.0,74.5999984741211,299.0,1790116821000.0,304.0,106.89458414912224,74.5999984741211,88.80000305175781,132.0,-6.426651170477271,0.5,-0.057999998331069946,304.0
83.0,1.809999942779541,166.0,574.2000122070312,313.0,74.80000305175781,308.0,1790116830000.0,313.0,106.89457618631423,74.80000305175781,92.80000305175781,131.0,-6.426836745813489,0.0,0.009999999776482582,313.0
83.0,1.847000002861023,166.0,577.1900024414062,314.0,74.80000305175781,309.0,1790116831000.0,314.0,106.89457115717232,74.80000305175781,92.80000305175781,131.0,-6.426863316446543,0.0,0.05400000140070915,314.0
80.0,2.0989999771118164,160.0,595.0,322.0,75.4000015258789,317.0,1790116839000.0,322.0,106.89455430954695,75.4000015258789,94.80000305175781,132.0,-6.427023410797119,0.0,0.06800000369548798,322.0
82.0,2.1459999084472656,165.0,603.9400024414062,326.0,75.5999984741211,321.0,1790116843000.0,326.0,106.8945462629199,75.5999984741211,96.4000015258789,135.0,-6.427103793248534,0.5,0.07999999821186066,326.0
81.0,2.2300000190734863,163.0,613.7999877929688,330.0,76.0,325.0,1790116847000.0,330.0,106.89453704282641,76.0,97.5999984741211,138.0,-6.427191635593772,0.5,0.08699999749660492,330.0
81.0,2.249000072479248,163.0,616.030029296875,331.0,76.19999694824219,326.0,1790116848000.0,331.0,106.89453477971256,76.19999694824219,97.80000305175781,138.0,-6.427211835980415,0.5,0.08100000023841858,331.0
82.0,2.2950000762939453,165.0,633.4099731445312,339.0,76.80000305175781,334.0,1790116856000.0,339.0,106.894501587376,76.80000305175781,98.19999694824219,137.0,-6.427364554256201,0.5,0.08399999886751175,339.0
81.0,2.2669999599456787,163.0,639.0700073242188,342.0,77.0,337.0,1790116859000.0,342.0,106.89449454657733,77.0,98.0,134.0,-6.427415264770389,0.5,0.0689999982714653,342.0
82.0,2.2019999027252197,165.0,659.5800170898438,351.0,77.80000305175781,346.0,1790116868000.0,351.0,106.89443637616932,77.80000305175781,98.19999694824219,135.0,-6.427591033279896,0.5,0.09399999678134918,351.0
82.0,2.2209999561309814,165.0,673.489990234375,357.0,78.4000015258789,352.0,1790116874000.0,357.0,106.89438432455063,78.4000015258789,99.0,138.0,-6.427705613896251,0.5,0.10000000149011612,357.0
82.0,2.2300000190734863,165.0,678.1599731445312,359.0,78.5999984741211,354.0,1790116876000.0,359.0,106.89436923712492,78.5999984741211,99.19999694824219,140.0,-6.42774517647922,0.5,0.09799999743700027,359.0
83.0,2.249000072479248,167.0,685.8599853515625,362.0,79.0,357.0,1790116879000.0,362.0,106.89434501342475,79.0,99.80000305175781,144.0,-6.427810387685895,0.5,0.10700000077486038,362.0
82.0,2.2860000133514404,165.0,693.219970703125,365.0,79.19999694824219,360.0,1790116882000.0,365.0,106.89432732760906,79.19999694824219,101.0,147.0,-6.427874844521284,0.5,0.0989999994635582,365.0
82.0,2.2950000762939453,165.0,696.2100219726562,366.0,79.4000015258789,361.0,1790116883000.0,366.0,106.8943216279149,79.4000015258789,101.5999984741211,148.0,-6.427901582792401,0.5,0.11699999868869781,366.0
84.0,2.313999891281128,169.0,711.8400268554688,373.0,80.0,368.0,1790116890000.0,373.0,106.8942756112665,80.0,103.5999984741211,149.0,-6.428038207814097,0.5,0.09399999678134918,373.0
81.0,2.2860000133514404,163.0,722.5,378.0,80.4000015258789,373.0,1790116895000.0,378.0,106.89425163902342,80.4000015258789,104.5999984741211,149.0,-6.428129151463509,0.5,0.09600000083446503,378.0
80.0,2.1549999713897705,161.0,741.9000244140625,387.0,81.4000015258789,382.0,1790116904000.0,387.0,106.89421274699271,81.4000015258789,100.19999694824219,149.0,-6.428300309926271,0.5,0.10599999874830246,387.0
79.0,2.0810000896453857,159.0,752.010009765625,394.0,81.4000015258789,389.0,1790116911000.0,394.0,106.89417896792293,81.4000015258789,96.19999694824219,149.0,-6.428385721519589,0.5,-0.020999999716877937,394.0
78.0,1.8849999904632568,157.0,762.5900268554688,401.0,81.5999984741211,396.0,1790116918000.0,401.0,106.89416538923979,81.5999984741211,96.80000305175781,147.0,-6.4284849632531404,0.5,0.04899999871850014,401.0
78.0,1.753999948501587,156.0,772.8300170898438,408.0,82.0,403.0,1790116925000.0,408.0,106.89414761960506,82.0,100.80000305175781,146.0,-6.428571883589029,0.0,0.05299999937415123,408.0
81.0,1.753999948501587,162.0,783.3499755859375,412.0,82.0,407.0,1790116929000.0,412.0,106.89412565901875,82.0,101.19999694824219,145.0,-6.428664335981011,0.0,0.02199999988079071,412.0
79.0,1.8009999990463257,158.0,787.510009765625,414.0,82.19999694824219,409.0,1790116931000.0,414.0,106.89412632957101,82.19999694824219,100.19999694824219,145.0,-6.4287011325359344,0.0,0.07100000232458115,414.0
79.0,1.8009999990463257,158.0,789.0800170898438,415.0,82.19999694824219,410.0,1790116932000.0,415.0,106.89412456937134,82.19999694824219,99.5999984741211,145.0,-6.428715381771326,0.0,0.026000000536441803,415.0
78.0,1.6979999542236328,157.0,796.9000244140625,421.0,81.80000305175781,416.0,1790116938000.0,421.0,106.89407947473228,81.80000305175781,98.5999984741211,141.0,-6.4287729654461145,0.5,-0.07400000095367432,421.0
76.0,1.6519999504089355,152.0,799.510009765625,423.0,81.5999984741211,418.0,1790116940000.0,423.0,106.89406363293529,81.5999984741211,99.0,139.0,-6.428791405633092,0.0,-0.08100000023841858,423.0
76.0,1.5490000247955322,152.0,804.4299926757812,427.0,81.5999984741211,422.0,1790116944000.0,427.0,106.89404779113829,81.5999984741211,99.80000305175781,138.0,-6.428832560777664,0.0,-0.019999999552965164,427.0
75.0,1.5299999713897705,150.0,807.9500122070312,429.0,81.4000015258789,424.0,1790116946000.0,429.0,106.89403404481709,81.4000015258789,100.0,138.0,-6.428861143067479,0.0,-0.04800000041723251,429.0
82.0,1.5679999589920044,165.0,816.2899780273438,433.0,81.5999984741211,428.0,1790116950000.0,433.0,106.89401057548821,81.5999984741211,100.19999694824219,138.0,-6.428930880501866,0.5,0.03400000184774399,433.0
82.0,1.6050000190734863,165.0,821.510009765625,435.0,81.80000305175781,430.0,1790116952000.0,435.0,106.89400663599372,81.80000305175781,100.19999694824219,138.0,-6.428977232426405,0.5,0.1379999965429306,435.0
81.0,1.6890000104904175,163.0,828.75,438.0,81.5999984741211,433.0,1790116955000.0,438.0,106.89396916888654,81.5999984741211,100.19999694824219,138.0,-6.429032972082496,0.5,-0.08100000023841858,438.0
82.0,1.875,165.0,843.6900024414062,444.0,81.4000015258789,439.0,1790116961000.0,444.0,106.89390689134598,81.4000015258789,100.5999984741211,139.0,-6.429151324555278,0.5,-0.04500000178813934,444.0
82.0,2.0899999141693115,165.0,858.5499877929688,451.0,81.5999984741211,446.0,1790116968000.0,451.0,106.8938731122762,81.5999984741211,101.19999694824219,138.0,-6.429280657321215,0.5,0.041999999433755875,451.0
83.0,2.0989999771118164,167.0,860.3099975585938,452.0,81.5999984741211,447.0,1790116969000.0,452.0,106.89386984333396,81.5999984741211,101.0,139.0,-6.429296415299177,0.5,0.009999999776482582,452.0
83.0,2.1089999675750732,167.0,864.7999877929688,454.0,81.80000305175781,449.0,1790116971000.0,454.0,106.89386934041977,81.80000305175781,100.5999984741211,142.0,-6.429337151348591,0.5,0.07000000029802322,454.0
81.0,2.1089999675750732,163.0,879.97998046875,461.0,81.5999984741211,456.0,1790116978000.0,461.0,106.89383623190224,81.5999984741211,98.19999694824219,143.0,-6.4294689148664474,0.5,-0.04600000008940697,461.0
83.0,2.0989999771118164,167.0,900.97998046875,470.0,80.19999694824219,465.0,1790116987000.0,470.0,106.8937832582742,80.19999694824219,94.80000305175781,144.0,-6.429650634527206,0.5,-0.14499999582767487,470.0
83.0,2.118000030517578,167.0,903.9199829101562,471.0,80.0,466.0,1790116988000.0,471.0,106.89376817084849,80.0,94.19999694824219,145.0,-6.429672595113516,0.5,-0.22200000286102295,471.0
82.0,2.1459999084472656,165.0,913.1400146484375,475.0,79.19999694824219,470.0,1790116992000.0,475.0,106.89372290857136,79.19999694824219,92.4000015258789,148.0,-6.429743757471442,0.5,-0.1940000057220459,475.0
83.0,2.1649999618530273,167.0,926.25,481.0,79.4000015258789,476.0,1790116998000.0,481.0,106.89369147643447,79.4000015258789,91.19999694824219,149.0,-6.429856829345226,0.5,0.03999999910593033,481.0
81.0,2.183000087738037,163.0,939.969970703125,487.0,79.80000305175781,482.0,1790117004000.0,487.0,106.89367454499006,79.80000305175781,93.5999984741211,149.0,-6.4299792889505625,0.5,0.06300000101327896,487.0
81.0,2.1740000247955322,163.0,941.9600219726562,488.0,80.0,483.0,1790117005000.0,488.0,106.89366959966719,80.0,94.80000305175781,149.0,-6.429996639490128,0.5,0.21799999475479126,488.0
81.0,2.1649999618530273,163.0,943.9199829101562,489.0,80.19999694824219,484.0,1790117006000.0,489.0,106.89365996047854,80.19999694824219,95.5999984741211,149.0,-6.430012984201312,0.5,0.20100000500679016,489.0
79.0,2.127000093460083,159.0,950.25,493.0,80.5999984741211,488.0,1790117010000.0,493.0,106.89361863769591,80.5999984741211,97.4000015258789,148.0,-6.430052295327187,0.5,0.10400000214576721,493.0
78.0,2.015000104904175,157.0,960.8599853515625,500.0,81.80000305175781,495.0,1790117017000.0,500.0,106.89358896575868,81.80000305175781,98.80000305175781,147.0,-6.430142233148217,0.5,0.15399999916553497,500.0
77.0,1.7910000085830688,154.0,975.260009765625,509.0,83.0,504.0,1790117026000.0,509.0,106.89353842288256,83.0,102.4000015258789,146.0,-6.430263435468078,0.0,0.14100000262260437,509.0
79.0,1.6799999475479126,159.0,989.1799926757812,518.0,83.4000015258789,513.0,1790117035000.0,518.0,106.8935070745647,83.4000015258789,102.4000015258789,146.0,-6.430385811254382,0.5,0.04899999871850014,518.0
79.0,1.5579999685287476,158.0,1001.6799926757812,526.0,83.80000305175781,521.0,1790117043000.0,526.0,106.89348519779742,83.80000305175781,101.19999694824219,146.0,-6.430496284738183,0.0,0.052000001072883606,526.0
78.0,1.5579999685287476,156.0,1018.4600219726562,535.0,84.0,530.0,1790117052000.0,535.0,106.89341730438173,84.0,100.19999694824219,146.0,-6.430628634989262,0.0,0.014000000432133675,535.0
81.0,1.6419999599456787,163.0,1033.8699951171875,542.0,84.0,537.0,1790117059000.0,542.0,106.8933839444071,84.0,100.0,144.0,-6.430763583630323,0.5,0.0,542.0
81.0,1.847000002861023,163.0,1050.5,550.0,84.4000015258789,545.0,1790117067000.0,550.0,106.89333340153098,84.4000015258789,99.80000305175781,147.0,-6.4309046510607,0.5,0.04100000113248825,550.0
80.0,1.8380000591278076,161.0,1057.5999755859375,555.0,84.5999984741211,550.0,1790117072000.0,555.0,106.89331278204918,84.5999984741211,100.80000305175781,150.0,-6.430965168401599,0.5,0.05900000035762787,555.0
82.0,1.819000005722046,164.0,1061.47998046875,557.0,84.80000305175781,552.0,1790117074000.0,557.0,106.89329844899476,84.80000305175781,101.19999694824219,150.0,-6.430997187271714,0.0,0.08900000154972076,557.0
79.0,1.7450000047683716,159.0,1073.1199951171875,564.0,85.4000015258789,559.0,1790117081000.0,564.0,106.89325762912631,85.4000015258789,102.4000015258789,147.0,-6.431094417348504,0.5,0.07900000363588333,564.0
80.0,1.6979999542236328,160.0,1079.3599853515625,568.0,85.5999984741211,563.0,1790117085000.0,568.0,106.89323642291129,85.5999984741211,102.80000305175781,146.0,-6.4311461336910725,0.0,0.07400000095367432,568.0
78.0,1.6699999570846558,156.0,1090.699951171875,575.0,86.19999694824219,570.0,1790117092000.0,575.0,106.89320440404117,86.19999694824219,101.4000015258789,143.0,-6.431243447586894,0.0,0.08399999886751175,575.0
77.0,1.6699999570846558,155.0,1093.77001953125,577.0,86.4000015258789,572.0,1790117094000.0,577.0,106.89319644123316,86.4000015258789,100.4000015258789,141.0,-6.4312701020389795,0.5,0.0820000022649765,577.0
79.0,1.6610000133514404,159.0,1108.0,584.0,87.0,579.0,1790117101000.0,584.0,106.89316174015403,87.0,97.80000305175781,139.0,-6.431393902748823,0.5,0.08900000154972076,584.0
80.0,1.7259999513626099,161.0,1123.030029296875,593.0,87.4000015258789,588.0,1790117110000.0,593.0,106.89310030080378,87.4000015258789,96.0,141.0,-6.431513596326113,0.5,0.04899999871850014,593.0
80.0,1.7359999418258667,161.0,1136.0400390625,600.0,87.80000305175781,595.0,1790117117000.0,600.0,106.89305872656405,87.80000305175781,94.5999984741211,142.0,-6.4316232316195965,0.5,0.0430000014603138,600.0
81.0,1.7730000019073486,162.0,1153.2099609375,609.0,87.19999694824219,604.0,1790117126000.0,609.0,106.89301078207791,87.19999694824219,95.19999694824219,142.0,-6.431768070906401,0.0,-0.057999998331069946,609.0
82.0,1.7730000019073486,164.0,1171.77001953125,618.0,86.80000305175781,613.0,1790117135000.0,618.0,106.89296568743885,86.80000305175781,97.4000015258789,142.0,-6.431932104751468,0.0,-0.0560000017285347,618.0
81.0,1.7910000085830688,162.0,1189.75,628.0,87.5999984741211,623.0,1790117145000.0,628.0,106.89290114678442,87.5999984741211,101.80000305175781,139.0,-6.432081051170826,0.0,0.07699999958276749,628.0
79.0,1.8009999990463257,159.0,1207.27001953125,638.0,88.19999694824219,633.0,1790117155000.0,638.0,106.8928490113467,88.19999694824219,101.80000305175781,139.0,-6.432230668142438,0.5,0.06700000166893005,638.0
79.0,1.809999942779541,159.0,1221.0400390625,646.0,88.5999984741211,641.0,1790117163000.0,646.0,106.89280634745955,88.5999984741211,100.4000015258789,139.0,-6.432347511872649,0.5,0.0430000014603138,646.0
79.0,1.809999942779541,159.0,1233.8299560546875,653.0,89.0,648.0,1790117170000.0,653.0,106.89277835190296,89.0,97.19999694824219,138.0,-6.432458655908704,0.5,0.05700000002980232,653.0
81.0,1.8289999961853027,163.0,1252.050048828125,662.0,89.80000305175781,657.0,1790117179000.0,662.0,106.89270593225956,89.80000305175781,97.4000015258789,137.0,-6.432606093585491,0.5,0.10899999737739563,662.0
82.0,1.847000002861023,165.0,1262.3699951171875,666.0,90.5999984741211,661.0,1790117183000.0,666.0,106.89267366193235,90.5999984741211,99.80000305175781,140.0,-6.432693684473634,0.5,0.15800000727176666,666.0
82.0,1.875,165.0,1266.1199951171875,668.0,90.80000305175781,663.0,1790117185000.0,668.0,106.89265639521182,90.80000305175781,100.80000305175781,142.0,-6.4327235240489244,0.5,0.17100000381469727,668.0
82.0,1.968999981880188,165.0,1273.93994140625,671.0,91.19999694824219,666.0,1790117188000.0,671.0,106.89262663945556,91.19999694824219,102.19999694824219,145.0,-6.432787980884314,0.5,0.14100000262260437,671.0
82.0,2.0899999141693115,165.0,1281.949951171875,674.0,91.4000015258789,669.0,1790117191000.0,674.0,106.89261339604855,91.4000015258789,103.5999984741211,148.0,-6.432860568165779,0.5,0.039000000804662704,674.0
81.0,2.1549999713897705,163.0,1287.3699951171875,676.0,91.4000015258789,671.0,1790117193000.0,676.0,106.89259453676641,91.4000015258789,104.4000015258789,149.0,-6.432905662804842,0.5,0.004999999888241291,676.0
83.0,2.127000093460083,167.0,1296.5,681.0,91.5999984741211,676.0,1790117198000.0,681.0,106.89257366582751,91.5999984741211,105.0,152.0,-6.432985458523035,0.5,0.027000000700354576,681.0
81.0,2.00600004196167,163.0,1299.6099853515625,683.0,91.5999984741211,678.0,1790117200000.0,683.0,106.89256796613336,91.5999984741211,104.80000305175781,152.0,-6.433013202622533,0.5,0.028999999165534973,683.0
77.0,1.7910000085830688,155.0,1316.7099609375,694.0,91.4000015258789,689.0,1790117211000.0,694.0,106.89257978461683,91.4000015258789,103.0,150.0,-6.4331673458218575,0.5,-0.027000000700354576,694.0
76.0,1.7259999513626099,152.0,1332.9200439453125,704.0,91.0,699.0,1790117221000.0,704.0,106.89260317012668,91.0,100.0,147.0,-6.433311179280281,0.0,-0.03500000014901161,704.0
76.0,1.7259999513626099,152.0,1339.1199951171875,708.0,91.0,703.0,1790117225000.0,708.0,106.89261180348694,91.0,98.4000015258789,144.0,-6.433366751298308,0.0,0.009999999776482582,708.0
76.0,1.7170000076293945,152.0,1344.8299560546875,712.0,91.0,707.0,1790117229000.0,712.0,106.89261507242918,91.0,97.19999694824219,143.0,-6.433418216183782,0.0,0.003000000026077032,712.0
78.0,1.7170000076293945,156.0,1365.0400390625,724.0,91.0,719.0,1790117241000.0,724.0,106.89261700026691,91.0,97.0,144.0,-6.433600690215826,0.0,-0.0020000000949949026,724.0
80.0,1.7640000581741333,160.0,1379.0899658203125,732.0,91.0,727.0,1790117249000.0,732.0,106.89260174520314,91.0,98.19999694824219,145.0,-6.4337265864014626,0.0,-0.003000000026077032,732.0
80.0,1.819000005722046,160.0,1400.43994140625,744.0,91.5999984741211,739.0,1790117261000.0,744.0,106.89254575408995,91.5999984741211,100.5999984741211,146.0,-6.4339111559093,0.0,0.04399999976158142,744.0
80.0,1.819000005722046,160.0,1416.6500244140625,753.0,92.4000015258789,748.0,1790117270000.0,753.0,106.89250946044922,92.4000015258789,100.5999984741211,148.0,-6.434052810072899,0.0,0.10300000011920929,753.0
78.0,1.819000005722046,157.0,1431.050048828125,762.0,93.19999694824219,757.0,1790117279000.0,762.0,106.89246905967593,93.19999694824219,102.5999984741211,147.0,-6.434176443144679,0.5,0.08699999749660492,762.0
78.0,1.809999942779541,157.0,1437.1099853515625,766.0,94.0,761.0,1790117283000.0,766.0,106.8924446683377,94.0,103.5999984741211,144.0,-6.434225896373391,0.5,0.1770000010728836,766.0
78.0,1.7910000085830688,157.0,1445.5,771.0,95.0,766.0,1790117288000.0,771.0,106.89240275882185,95.0,104.19999694824219,142.0,-6.434288593009114,0.5,0.210999995470047,771.0
78.0,1.7640000581741333,157.0,1464.1500244140625,782.0,97.4000015258789,777.0,1790117299000.0,782.0,106.89229806885123,97.4000015258789,106.19999694824219,140.0,-6.434421110898256,0.5,0.21299999952316284,782.0
79.0,1.753999948501587,158.0,1474.9599609375,789.0,98.0,784.0,1790117306000.0,789.0,106.8922337796539,98.0,107.4000015258789,140.0,-6.4344943687319756,0.0,0.10400000214576721,789.0
80.0,1.7450000047683716,160.0,1492.68994140625,798.0,99.19999694824219,793.0,1790117315000.0,798.0,106.89212808385491,99.19999694824219,107.5999984741211,143.0,-6.434614732861519,0.0,0.12700000405311584,798.0
80.0,1.7910000085830688,161.0,1508.0699462890625,805.0,100.0,800.0,1790117322000.0,805.0,106.89204392954707,100.0,107.5999984741211,145.0,-6.434723781421781,0.5,0.11500000208616257,805.0
82.0,1.8380000591278076,164.0,1522.1300048828125,812.0,100.0,807.0,1790117329000.0,812.0,106.89195139333606,100.0,107.0,146.0,-6.434810617938638,0.0,0.0,812.0
80.0,1.8940000534057617,161.0,1537.8399658203125,819.0,100.0,814.0,1790117336000.0,819.0,106.89185248687863,100.0,107.0,148.0,-6.434911787509918,0.5,0.0,819.0
81.0,1.9220000505447388,163.0,1544.510009765625,822.0,100.0,817.0,1790117339000.0,822.0,106.89181694760919,100.0,107.19999694824219,148.0,-6.434961073100567,0.5,0.0,822.0
82.0,1.9780000448226929,165.0,1556.8699951171875,828.0,100.5999984741211,823.0,1790117345000.0,828.0,106.89173857681453,100.5999984741211,107.80000305175781,148.0,-6.435041120275855,0.5,0.09799999743700027,828.0
81.0,1.996999979019165,163.0,1566.1800537109375,833.0,101.0,828.0,1790117350000.0,833.0,106.89168023876846,101.0,108.5999984741211,149.0,-6.435101637616754,0.5,0.09000000357627869,833.0
81.0,1.996999979019165,163.0,1569.6600341796875,835.0,101.19999694824219,830.0,1790117352000.0,835.0,106.8916555121541,101.19999694824219,108.5999984741211,149.0,-6.435120413079858,0.5,0.04600000008940697,835.0
81.0,1.996999979019165,163.0,1571.6500244140625,836.0,101.19999694824219,831.0,1790117353000.0,836.0,106.89164285548031,101.19999694824219,108.4000015258789,149.0,-6.435133321210742,0.5,0.0949999988079071,836.0
80.0,1.9869999885559082,161.0,1585.5699462890625,843.0,101.5999984741211,838.0,1790117360000.0,843.0,106.89153900370002,101.5999984741211,106.80000305175781,152.0,-6.435205824673176,0.5,0.041999999433755875,843.0
80.0,1.9780000448226929,161.0,1587.4100341796875,844.0,101.5999984741211,839.0,1790117361000.0,844.0,106.89152341336012,101.5999984741211,106.4000015258789,152.0,-6.435212446376681,0.5,-0.017000000923871994,844.0
77.0,1.9129999876022339,154.0,1603.77001953125,854.0,100.4000015258789,849.0,1790117371000.0,854.0,106.89138544723392,100.4000015258789,103.5999984741211,152.0,-6.435268186032772,0.0,-0.10300000011920929,854.0
78.0,1.8380000591278076,157.0,1614.3599853515625,861.0,99.80000305175781,856.0,1790117378000.0,861.0,106.89129986800253,99.80000305175781,102.0,149.0,-6.435311269015074,0.5,-0.10999999940395355,861.0
78.0,1.8009999990463257,157.0,1618.5699462890625,864.0,99.4000015258789,859.0,1790117381000.0,864.0,106.89126592129469,99.4000015258789,101.4000015258789,148.0,-6.435329541563988,0.5,-0.09700000286102295,864.0
80.0,1.7259999513626099,160.0,1636.6400146484375,875.0,97.4000015258789,870.0,1790117392000.0,875.0,106.89111177809536,97.4000015258789,100.80000305175781,146.0,-6.435382766649127,0.0,-0.1850000023841858,875.0
79.0,1.7079999446868896,159.0,1647.6500244140625,882.0,96.19999694824219,877.0,1790117399000.0,882.0,106.8910180684179,96.19999694824219,100.5999984741211,145.0,-6.435417886823416,0.5,-0.164000004529953,882.0
78.0,1.6799999475479126,156.0,1662.1099853515625,891.0,95.4000015258789,886.0,1790117408000.0,891.0,106.89090617001057,95.4000015258789,100.5999984741211,146.0,-6.435485780239105,0.0,-0.0820000022649765,891.0
78.0,1.6519999504089355,157.0,1678.949951171875,901.0,95.4000015258789,896.0,1790117418000.0,901.0,106.8907659407705,95.4000015258789,95.4000015258789,145.0,-6.435543699190021,0.5,-0.010999999940395355,901.0
78.0,1.6610000133514404,157.0,1691.4599609375,908.0,95.19999694824219,903.0,1790117425000.0,908.0,106.89065907150507,95.19999694824219,96.19999694824219,145.0,-6.4355790708214045,0.5,-0.03400000184774399,908.0
78.0,1.6610000133514404,156.0,1704.4100341796875,916.0,95.19999694824219,911.0,1790117433000.0,916.0,106.89054943621159,95.19999694824219,96.80000305175781,143.0,-6.435619555413723,0.0,0.003000000026077032,916.0
78.0,1.6610000133514404,156.0,1706.1199951171875,917.0,95.19999694824219,912.0,1790117434000.0,917.0,106.89053585752845,95.19999694824219,96.80000305175781,142.0,-6.435627182945609,0.0,0.006000000052154064,917.0
78.0,1.6519999504089355,157.0,1711.6500244140625,920.0,95.19999694824219,915.0,1790117437000.0,920.0,106.89048782922328,95.19999694824219,96.80000305175781,139.0,-6.435641096904874,0.5,-0.024000000208616257,920.0
80.0,1.6799999475479126,161.0,1727.0699462890625,928.0,95.19999694824219,923.0,1790117445000.0,928.0,106.89036042429507,95.19999694824219,96.0,140.0,-6.435697926208377,0.5,0.017000000923871994,928.0
79.0,1.753999948501587,159.0,1748.22998046875,938.0,96.80000305175781,933.0,1790117455000.0,938.0,106.89023913815618,96.80000305175781,96.80000305175781,142.0,-6.435841927304864,0.5,0.1469999998807907,938.0
82.0,1.8380000591278076,165.0,1768.31005859375,947.0,98.19999694824219,942.0,1790117464000.0,947.0,106.89018214121461,98.19999694824219,99.19999694824219,144.0,-6.436014259234071,0.5,0.16099999845027924,947.0
83.0,1.902999997138977,167.0,1784.06005859375,954.0,99.0,949.0,1790117471000.0,954.0,106.89013604074717,99.0,102.0,145.0,-6.436148788779974,0.5,0.11900000274181366,954.0
80.0,1.9589999914169312,161.0,1801.8399658203125,963.0,98.80000305175781,958.0,1790117480000.0,963.0,106.8900948856026,98.80000305175781,102.0,145.0,-6.436304105445743,0.5,-0.01600000075995922,963.0
79.0,1.968999981880188,159.0,1807.56005859375,966.0,98.5999984741211,961.0,1790117483000.0,966.0,106.89007451757789,98.5999984741211,102.0,148.0,-6.4363521337509155,0.5,-0.0729999989271164,966.0
80.0,1.968999981880188,161.0,1813.1700439453125,969.0,98.4000015258789,964.0,1790117486000.0,969.0,106.89006051979959,98.4000015258789,102.0,152.0,-6.4364013355225325,0.5,-0.08699999749660492,969.0
81.0,1.9589999914169312,163.0,1816.6500244140625,971.0,98.19999694824219,966.0,1790117488000.0,971.0,106.89004819840193,98.19999694824219,101.80000305175781,153.0,-6.436430336907506,0.5,-0.11900000274181366,971.0
78.0,1.9129999876022339,157.0,1835.52001953125,982.0,97.4000015258789,977.0,1790117499000.0,982.0,106.88999203965068,97.4000015258789,102.19999694824219,151.0,-6.4365912694483995,0.5,-0.07400000095367432,982.0
79.0,1.8660000562667847,159.0,1842.9200439453125,988.0,97.0,983.0,1790117505000.0,988.0,106.88996588811278,97.0,102.19999694824219,148.0,-6.436653630807996,0.5,-0.05999999865889549,988.0
78.0,1.847000002861023,156.0,1845.9300537109375,990.0,96.5999984741211,985.0,1790117507000.0,990.0,106.88993965275586,96.5999984741211,102.4000015258789,148.0,-6.436671484261751,0.0,-0.15700000524520874,990.0
80.0,1.6799999475479126,160.0,1861.6500244140625,998.0,96.5999984741211,993.0,1790117515000.0,998.0,106.88989732414484,96.5999984741211,107.0,150.0,-6.436806013807654,0.0,-0.01600000075995922,998.0
78.0,1.6519999504089355,157.0,1870.6800537109375,1004.0,96.19999694824219,999.0,1790117521000.0,1004.0,106.88985608518124,96.19999694824219,107.19999694824219,150.0,-6.436876757070422,0.5,-0.05700000002980232,1004.0
80.0,1.6419999599456787,160.0,1872.4000244140625,1005.0,96.19999694824219,1000.0,1790117522000.0,1005.0,106.88984720036387,96.19999694824219,107.19999694824219,150.0,-6.436889581382275,0.0,-0.0820000022649765,1005.0
78.0,1.6419999599456787,157.0,1884.219970703125,1012.0,96.19999694824219,1007.0,1790117529000.0,1012.0,106.88978743739426,96.19999694824219,105.80000305175781,147.0,-6.436977842822671,0.5,0.023000000044703484,1012.0
77.0,1.6610000133514404,155.0,1886.75,1014.0,96.19999694824219,1009.0,1790117531000.0,1014.0,106.88976681791246,96.19999694824219,105.4000015258789,147.0,-6.4369891583919525,0.5,-0.03200000151991844,1014.0
78.0,1.5679999589920044,157.0,1900.6400146484375,1023.0,96.4000015258789,1018.0,1790117540000.0,1023.0,106.8896728567779,96.4000015258789,105.4000015258789,146.0,-6.437072474509478,0.5,0.01600000075995922,1023.0
77.0,1.5770000219345093,154.0,1916.3299560546875,1032.0,96.5999984741211,1027.0,1790117549000.0,1032.0,106.88957042992115,96.5999984741211,105.5999984741211,145.0,-6.4371697045862675,0.0,0.03099999949336052,1032.0
78.0,1.5959999561309814,157.0,1926.97998046875,1038.0,97.19999694824219,1033.0,1790117555000.0,1038.0,106.88953078351915,97.19999694824219,106.5999984741211,142.0,-6.437257127836347,0.5,0.0860000029206276,1038.0
79.0,1.6239999532699585,158.0,1936.1800537109375,1043.0,97.4000015258789,1038.0,1790117560000.0,1043.0,106.88950563780963,97.4000015258789,106.5999984741211,141.0,-6.437336336821318,0.0,0.05999999865889549,1043.0
80.0,1.7079999446868896,160.0,1955.8699951171875,1053.0,97.80000305175781,1048.0,1790117570000.0,1053.0,106.88944486901164,97.80000305175781,105.5999984741211,140.0,-6.437503639608622,0.0,0.03200000151991844,1053.0
79.0,1.7910000085830688,158.0,1974.760009765625,1062.0,96.5999984741211,1057.0,1790117579000.0,1062.0,106.8893884588033,96.5999984741211,104.80000305175781,139.0,-6.437664655968547,0.0,-0.125,1062.0
80.0,1.8849999904632568,161.0,1994.1099853515625,1071.0,95.5999984741211,1066.0,1790117588000.0,1071.0,106.88932903110981,95.5999984741211,105.80000305175781,141.0,-6.437828438356519,0.5,-0.12200000137090683,1071.0
80.0,1.940999984741211,161.0,2009.18994140625,1078.0,94.4000015258789,1073.0,1790117595000.0,1078.0,106.88928217627108,94.4000015258789,106.4000015258789,143.0,-6.437955508008599,0.5,-0.16200000047683716,1078.0
78.0,1.9869999885559082,156.0,2022.18994140625,1085.0,93.80000305175781,1080.0,1790117602000.0,1085.0,106.88923875801265,93.80000305175781,108.5999984741211,143.0,-6.438064556568861,0.0,-0.0729999989271164,1085.0
79.0,1.9869999885559082,158.0,2026.22998046875,1087.0,94.0,1082.0,1790117604000.0,1087.0,106.88922978937626,94.0,109.19999694824219,143.0,-6.438100095838308,0.0,0.08299999684095383,1087.0
81.0,1.996999979019165,163.0,2045.6099853515625,1097.0,94.4000015258789,1092.0,1790117614000.0,1097.0,106.88916248269379,94.4000015258789,111.5999984741211,143.0,-6.438261028379202,0.5,0.03400000184774399,1097.0
80.0,1.996999979019165,161.0,2052.239990234375,1101.0,94.5999984741211,1096.0,1790117618000.0,1101.0,106.88914362341166,94.5999984741211,112.5999984741211,143.0,-6.43831760622561,0.5,0.03400000184774399,1101.0
80.0,1.9869999885559082,160.0,2061.969970703125,1106.0,94.80000305175781,1101.0,1790117623000.0,1106.0,106.88911286182702,94.80000305175781,113.0,146.0,-6.438400000333786,0.0,0.03700000047683716,1106.0
79.0,1.9869999885559082,159.0,2068.5,1109.0,94.80000305175781,1104.0,1790117626000.0,1109.0,106.88909308053553,94.80000305175781,113.0,149.0,-6.438455656170845,0.5,0.0430000014603138,1109.0
78.0,1.9869999885559082,156.0,2087.8701171875,1120.0,95.80000305175781,1115.0,1790117637000.0,1120.0,106.8890530988574,95.80000305175781,112.4000015258789,150.0,-6.438626563176513,0.0,0.0820000022649765,1120.0
77.0,1.8660000562667847,154.0,2101.9599609375,1130.0,96.80000305175781,1125.0,1790117647000.0,1130.0,106.88901982270181,96.80000305175781,111.4000015258789,148.0,-6.438749274238944,0.0,0.10899999737739563,1130.0
77.0,1.8009999990463257,154.0,2114.31005859375,1138.0,97.5999984741211,1133.0,1790117655000.0,1138.0,106.8889873009175,97.5999984741211,112.0,148.0,-6.4388554729521275,0.0,0.10100000351667404,1138.0
75.0,1.753999948501587,151.0,2127.6201171875,1147.0,99.0,1142.0,1790117664000.0,1147.0,106.8889497499913,99.0,113.80000305175781,149.0,-6.438968377187848,0.5,0.15700000524520874,1147.0
76.0,1.7079999446868896,152.0,2137.919921875,1154.0,100.4000015258789,1149.0,1790117671000.0,1154.0,106.88892301172018,100.4000015258789,114.0,151.0,-6.439057979732752,0.0,0.1940000057220459,1154.0
76.0,1.6979999542236328,152.0,2142.75,1157.0,101.0,1152.0,1790117674000.0,1157.0,106.88890934921801,101.0,113.4000015258789,154.0,-6.439099470153451,0.0,0.20000000298023224,1157.0
72.0,1.6699999570846558,145.0,2152.8701171875,1164.0,102.4000015258789,1159.0,1790117681000.0,1164.0,106.88888663426042,102.4000015258789,112.4000015258789,153.0,-6.439188150689006,0.5,0.18400000035762787,1164.0
72.0,1.6419999599456787,144.0,2159.18994140625,1169.0,103.0,1164.0,1790117686000.0,1169.0,106.88886953517795,103.0,110.80000305175781,150.0,-6.439242800697684,0.0,0.12300000339746475,1169.0
74.0,1.6139999628067017,149.0,2163.590087890625,1172.0,103.19999694824219,1167.0,1790117689000.0,1172.0,106.88885536976159,103.19999694824219,110.0,148.0,-6.439280100166798,0.5,0.12200000137090683,1172.0
76.0,1.5959999561309814,152.0,2169.080078125,1175.0,103.5999984741211,1170.0,1790117692000.0,1175.0,106.88884204253554,103.5999984741211,109.4000015258789,144.0,-6.439327960833907,0.0,0.07900000363588333,1175.0
76.0,1.5859999656677246,152.0,2175.340087890625,1179.0,103.5999984741211,1174.0,1790117696000.0,1179.0,106.8888284638524,103.5999984741211,108.4000015258789,141.0,-6.439382862299681,0.0,0.02500000037252903,1179.0
76.0,1.5770000219345093,152.0,2177.780029296875,1181.0,103.5999984741211,1176.0,1790117698000.0,1181.0,106.88881882466376,103.5999984741211,108.0,142.0,-6.4394026435911655,0.0,0.0010000000474974513,1181.0
76.0,1.5490000247955322,152.0,2188.219970703125,1188.0,103.80000305175781,1183.0,1790117705000.0,1188.0,106.888777166605,103.80000305175781,110.0,142.0,-6.439484702423215,0.0,0.028999999165534973,1188.0
77.0,1.5399999618530273,154.0,2201.39990234375,1196.0,104.19999694824219,1191.0,1790117713000.0,1196.0,106.88872955739498,104.19999694824219,114.0,141.0,-6.439594840630889,0.0,0.0560000017285347,1196.0
78.0,1.5679999589920044,157.0,2217.340087890625,1205.0,105.19999694824219,1200.0,1790117722000.0,1205.0,106.88868144527078,105.19999694824219,115.19999694824219,141.0,-6.4397307112813,0.5,0.10000000149011612,1205.0
80.0,1.6519999504089355,161.0,2230.43994140625,1211.0,105.80000305175781,1206.0,1790117728000.0,1211.0,106.88865504227579,105.80000305175781,114.80000305175781,145.0,-6.439845794811845,0.5,0.09200000017881393,1211.0
80.0,1.6699999570846558,161.0,2234.5400390625,1213.0,106.0,1208.0,1790117730000.0,1213.0,106.8886437267065,106.0,114.4000015258789,146.0,-6.43988125026226,0.5,0.08399999886751175,1213.0
80.0,1.7259999513626099,161.0,2245.530029296875,1219.0,106.4000015258789,1214.0,1790117736000.0,1219.0,106.88861371949315,106.4000015258789,112.4000015258789,147.0,-6.43997554667294,0.5,0.07500000298023224,1219.0
80.0,1.7450000047683716,161.0,2261.889892578125,1228.0,105.80000305175781,1223.0,1790117745000.0,1228.0,106.88854783773422,105.80000305175781,110.5999984741211,148.0,-6.440105466172099,0.5,-0.06800000369548798,1228.0
79.0,1.7450000047683716,159.0,2265.7099609375,1230.0,105.5999984741211,1225.0,1790117747000.0,1230.0,106.8885401263833,105.5999984741211,110.4000015258789,148.0,-6.440138490870595,0.5,-0.10499999672174454,1230.0
81.0,1.753999948501587,162.0,2272.75,1234.0,105.19999694824219,1229.0,1790117751000.0,1234.0,106.8885335046798,105.19999694824219,109.4000015258789,149.0,-6.4402019418776035,0.0,-0.07800000160932541,1234.0
81.0,1.753999948501587,162.0,2274.610107421875,1235.0,105.19999694824219,1230.0,1790117752000.0,1235.0,106.88852353021502,105.19999694824219,109.19999694824219,149.0,-6.440215604379773,0.0,-0.04899999871850014,1235.0
77.0,1.7450000047683716,154.0,2281.93994140625,1240.0,104.80000305175781,1235.0,1790117757000.0,1240.0,106.88849821686745,104.80000305175781,108.5999984741211,149.0,-6.440276624634862,0.0,-0.054999999701976776,1240.0
77.0,1.6699999570846558,155.0,2294.010009765625,1248.0,104.19999694824219,1243.0,1790117765000.0,1248.0,106.88845655880868,104.19999694824219,109.80000305175781,149.0,-6.440377123653889,0.5,-0.09000000357627869,1248.0
74.0,1.6239999532699585,149.0,2305.669921875,1256.0,103.19999694824219,1251.0,1790117773000.0,1256.0,106.88842370174825,103.19999694824219,111.19999694824219,147.0,-6.4404770359396935,0.5,-0.12099999934434891,1256.0
74.0,1.6139999628067017,149.0,2307.4599609375,1257.0,103.0,1252.0,1790117774000.0,1257.0,106.88841691240668,103.0,111.4000015258789,144.0,-6.440491788089275,0.5,-0.20399999618530273,1257.0
75.0,1.6139999628067017,151.0,2308.820068359375,1258.0,102.80000305175781,1253.0,1790117775000.0,1258.0,106.88841540366411,102.80000305175781,111.5999984741211,144.0,-6.440504025667906,0.5,-0.10999999940395355,1258.0
75.0,1.6050000190734863,151.0,2310.360107421875,1259.0,102.80000305175781,1254.0,1790117776000.0,1259.0,106.88841179944575,102.80000305175781,112.0,144.0,-6.440517688170075,0.5,-0.15000000596046448,1259.0
73.0,1.6050000190734863,147.0,2314.9599609375,1262.0,102.4000015258789,1257.0,1790117779000.0,1262.0,106.88840324990451,102.4000015258789,113.4000015258789,145.0,-6.440558424219489,0.5,-0.11599999666213989,1262.0
76.0,1.5959999561309814,152.0,2328.179931640625,1270.0,101.80000305175781,1265.0,1790117787000.0,1270.0,106.88837215304375,101.80000305175781,115.5999984741211,144.0,-6.440674010664225,0.0,-0.07800000160932541,1270.0
76.0,1.6139999628067017,152.0,2342.5400390625,1279.0,100.80000305175781,1274.0,1790117796000.0,1279.0,106.88832429237664,100.80000305175781,115.4000015258789,146.0,-6.440793368965387,0.0,-0.09600000083446503,1279.0
75.0,1.5959999561309814,151.0,2357.31005859375,1289.0,101.19999694824219,1284.0,1790117806000.0,1289.0,106.88829445280135,101.19999694824219,117.5999984741211,147.0,-6.4409232046455145,0.5,0.023000000044703484,1289.0
76.0,1.5859999656677246,152.0,2363.030029296875,1293.0,101.4000015258789,1288.0,1790117810000.0,1293.0,106.88829386606812,101.4000015258789,118.0,144.0,-6.4409747533500195,0.0,0.06199999898672104,1293.0
75.0,1.5679999589920044,151.0,2373.610107421875,1300.0,101.4000015258789,1295.0,1790117817000.0,1300.0,106.88833124935627,101.4000015258789,119.0,142.0,-6.441062428057194,0.5,-0.007000000216066837,1300.0
77.0,1.5679999589920044,154.0,2393.81005859375,1312.0,101.0,1307.0,1790117829000.0,1312.0,106.88841842114925,101.0,119.19999694824219,141.0,-6.44122151657939,0.0,-0.027000000700354576,1312.0
79.0,1.5859999656677246,158.0,2412.510009765625,1323.0,100.4000015258789,1318.0,1790117840000.0,1323.0,106.88851724378765,100.4000015258789,119.4000015258789,142.0,-6.441357806324959,0.0,-0.052000001072883606,1323.0
77.0,1.6239999532699585,155.0,2428.489990234375,1332.0,99.4000015258789,1327.0,1790117849000.0,1332.0,106.8886027392,99.4000015258789,119.80000305175781,144.0,-6.44147414714098,0.5,-0.10499999672174454,1332.0
78.0,1.6519999504089355,156.0,2445.18994140625,1342.0,98.4000015258789,1337.0,1790117859000.0,1342.0,106.88868320547044,98.4000015258789,120.4000015258789,147.0,-6.441601719707251,0.0,-0.10899999737739563,1342.0
79.0,1.6519999504089355,159.0,2448.8798828125,1344.0,98.19999694824219,1339.0,1790117861000.0,1344.0,106.88870298676193,98.19999694824219,120.80000305175781,148.0,-6.441628290340304,0.5,-0.1080000028014183,1344.0
77.0,1.6519999504089355,154.0,2468.889892578125,1357.0,99.5999984741211,1352.0,1790117874000.0,1357.0,106.88880214467645,99.5999984741211,120.0,148.0,-6.441779583692551,0.0,0.11400000005960464,1357.0
77.0,1.6519999504089355,154.0,2470.22998046875,1358.0,99.80000305175781,1353.0,1790117875000.0,1358.0,106.88880826346576,99.80000305175781,119.80000305175781,148.0,-6.441789977252483,0.0,0.125,1358.0
76.0,1.6139999628067017,152.0,2489.3701171875,1370.0,101.80000305175781,1365.0,1790117887000.0,1370.0,106.88890532590449,101.80000305175781,121.4000015258789,147.0,-6.441933140158653,0.0,0.164000004529953,1370.0
76.0,1.6139999628067017,152.0,2500.97998046875,1377.0,103.19999694824219,1372.0,1790117894000.0,1377.0,106.88895947299898,103.19999694824219,121.5999984741211,147.0,-6.442023413255811,0.0,0.20800000429153442,1377.0
78.0,1.6330000162124634,157.0,2516.510009765625,1387.0,104.19999694824219,1382.0,1790117904000.0,1387.0,106.88903474248946,104.19999694824219,122.4000015258789,148.0,-6.442141849547625,0.5,0.09700000286102295,1387.0
78.0,1.6419999599456787,157.0,2521.60009765625,1390.0,104.4000015258789,1385.0,1790117907000.0,1390.0,106.88906122930348,104.4000015258789,123.19999694824219,151.0,-6.442179316654801,0.5,0.0949999988079071,1390.0
77.0,1.6519999504089355,154.0,2532.93994140625,1397.0,105.0,1392.0,1790117914000.0,1397.0,106.88911621458828,105.0,125.4000015258789,150.0,-6.442265901714563,0.0,0.08699999749660492,1397.0
78.0,1.6419999599456787,156.0,2545.25,1405.0,105.5999984741211,1400.0,1790117922000.0,1405.0,106.88918779604137,105.5999984741211,126.5999984741211,150.0,-6.4423509780317545,0.0,0.07699999958276749,1405.0
77.0,1.6330000162124634,154.0,2548.199951171875,1407.0,105.80000305175781,1402.0,1790117924000.0,1407.0,106.88920196145773,105.80000305175781,126.80000305175781,151.0,-6.442373525351286,0.0,0.02500000037252903,1407.0
76.0,1.6050000190734863,152.0,2568.5,1420.0,106.0,1415.0,1790117937000.0,1420.0,106.88932500779629,106.0,126.5999984741211,149.0,-6.442509312182665,0.0,0.019999999552965164,1420.0
75.0,1.6050000190734863,151.0,2569.949951171875,1421.0,106.0,1416.0,1790117938000.0,1421.0,106.8893345631659,106.0,126.5999984741211,149.0,-6.44251836463809,0.5,0.0,1421.0
75.0,1.5770000219345093,151.0,2574.610107421875,1424.0,106.0,1419.0,1790117941000.0,1424.0,106.88936582766473,106.0,127.19999694824219,146.0,-6.44254669547081,0.5,0.0,1424.0
77.0,1.5399999618530273,154.0,2586.739990234375,1432.0,106.19999694824219,1427.0,1790117949000.0,1432.0,106.889443192631,106.19999694824219,129.0,146.0,-6.44262439571321,0.0,0.014000000432133675,1432.0
79.0,1.5579999685287476,158.0,2603.89990234375,1442.0,106.80000305175781,1437.0,1790117959000.0,1442.0,106.88955743797123,106.80000305175781,130.0,149.0,-6.442729085683823,0.0,0.07900000363588333,1442.0
80.0,1.5679999589920044,160.0,2606.820068359375,1444.0,107.0,1439.0,1790117961000.0,1444.0,106.88957353122532,107.0,130.1999969482422,149.0,-6.4427500404417515,0.0,0.06700000166893005,1444.0
77.0,1.5770000219345093,155.0,2615.340087890625,1449.0,107.19999694824219,1444.0,1790117966000.0,1449.0,106.8896130938083,107.19999694824219,130.60000610351562,145.0,-6.4428148325532675,0.5,0.03700000047683716,1449.0
79.0,1.5959999561309814,158.0,2623.60009765625,1453.0,107.4000015258789,1448.0,1790117970000.0,1453.0,106.88964779488742,107.4000015258789,131.1999969482422,144.0,-6.442880295217037,0.0,0.03099999949336052,1453.0
80.0,1.6699999570846558,161.0,2638.489990234375,1461.0,108.19999694824219,1456.0,1790117978000.0,1461.0,106.88974644988775,108.19999694824219,130.60000610351562,147.0,-6.442971574142575,0.5,0.10100000351667404,1461.0
79.0,1.6890000104904175,159.0,2641.739990234375,1463.0,108.4000015258789,1458.0,1790117980000.0,1463.0,106.88975684344769,108.4000015258789,130.39999389648438,148.0,-6.44299915060401,0.5,0.08699999749660492,1463.0
79.0,1.7079999446868896,159.0,2645.159912109375,1465.0,108.19999694824219,1460.0,1790117982000.0,1465.0,106.88973320648074,108.19999694824219,130.39999389648438,150.0,-6.4430177584290504,0.5,-0.052000001072883606,1465.0
82.0,1.7170000076293945,165.0,2657.97998046875,1471.0,107.4000015258789,1466.0,1790117988000.0,1471.0,106.88962139189243,107.4000015258789,130.0,152.0,-6.442995211109519,0.5,-0.14800000190734863,1471.0
80.0,1.7910000085830688,161.0,2673.949951171875,1480.0,106.80000305175781,1475.0,1790117997000.0,1480.0,106.88950111158192,106.80000305175781,129.1999969482422,149.0,-6.442916672676802,0.5,-0.057999998331069946,1480.0
81.0,1.819000005722046,163.0,2693.889892578125,1490.0,106.4000015258789,1485.0,1790118007000.0,1490.0,106.8893604632467,106.4000015258789,127.19999694824219,149.0,-6.442803768441081,0.5,-0.050999999046325684,1490.0
80.0,1.8380000591278076,161.0,2700.610107421875,1493.0,106.19999694824219,1488.0,1790118010000.0,1493.0,106.88931562006474,106.19999694824219,126.5999984741211,152.0,-6.442762780934572,0.5,-0.05400000140070915,1493.0
79.0,1.8849999904632568,159.0,2711.260009765625,1498.0,105.80000305175781,1493.0,1790118015000.0,1498.0,106.88924487680197,105.80000305175781,125.80000305175781,153.0,-6.442697066813707,0.5,-0.050999999046325684,1498.0
80.0,1.9220000505447388,160.0,2728.010009765625,1507.0,105.5999984741211,1502.0,1790118024000.0,1507.0,106.88913960009813,105.5999984741211,124.5999984741211,150.0,-6.4425883535295725,0.0,-0.041999999433755875,1507.0
80.0,1.9220000505447388,160.0,2729.8798828125,1508.0,105.4000015258789,1503.0,1790118025000.0,1508.0,106.88912660814822,105.4000015258789,124.4000015258789,150.0,-6.4425774570554495,0.0,-0.04699999839067459,1508.0
80.0,1.9220000505447388,160.0,2739.0400390625,1513.0,105.19999694824219,1508.0,1790118030000.0,1513.0,106.88907288014889,105.19999694824219,123.80000305175781,147.0,-6.442514341324568,0.0,-0.039000000804662704,1513.0
79.0,1.9220000505447388,159.0,2746.780029296875,1517.0,105.19999694824219,1512.0,1790118034000.0,1517.0,106.88902778550982,105.19999694824219,123.80000305175781,146.0,-6.442460864782333,0.5,-0.04100000113248825,1517.0
81.0,1.9500000476837158,163.0,2767.389892578125,1527.0,103.80000305175781,1522.0,1790118044000.0,1527.0,106.88891504891217,103.80000305175781,124.80000305175781,148.0,-6.442312588915229,0.5,-0.13199999928474426,1527.0
81.0,1.996999979019165,162.0,2784.219970703125,1535.0,103.4000015258789,1530.0,1790118052000.0,1535.0,106.88883575610816,103.4000015258789,125.0,148.0,-6.442182837054133,0.0,-0.05700000002980232,1535.0
81.0,2.015000104904175,162.0,2797.669921875,1542.0,102.0,1537.0,1790118059000.0,1542.0,106.88877339474857,102.0,125.19999694824219,148.0,-6.4420785661786795,0.0,-0.19900000095367432,1542.0
82.0,2.00600004196167,165.0,2810.14990234375,1548.0,99.80000305175781,1543.0,1790118065000.0,1548.0,106.888716397807,99.80000305175781,124.80000305175781,151.0,-6.441981168463826,0.5,-0.36899998784065247,1548.0
80.0,2.015000104904175,160.0,2819.659912109375,1553.0,98.5999984741211,1548.0,1790118070000.0,1553.0,106.88867188990116,98.5999984741211,124.80000305175781,149.0,-6.441907659173012,0.0,-0.2290000021457672,1553.0
80.0,2.00600004196167,161.0,2840.889892578125,1563.0,97.4000015258789,1558.0,1790118080000.0,1563.0,106.88856041058898,97.4000015258789,125.0,150.0,-6.441751504316926,0.5,-0.11599999666213989,1563.0
80.0,1.996999979019165,161.0,2842.419921875,1564.0,97.4000015258789,1559.0,1790118081000.0,1564.0,106.8885506875813,97.4000015258789,125.0,150.0,-6.441741613671184,0.5,-0.03500000014901161,1564.0
78.0,1.968999981880188,156.0,2859.68994140625,1574.0,97.4000015258789,1569.0,1790118091000.0,1574.0,106.88845546916127,97.4000015258789,125.5999984741211,148.0,-6.44161831587553,0.0,0.0,1574.0
79.0,1.940999984741211,159.0,2869.81005859375,1580.0,98.0,1575.0,1790118097000.0,1580.0,106.88839863985777,98.0,126.80000305175781,145.0,-6.44154698587954,0.5,0.09399999678134918,1580.0
78.0,1.9220000505447388,157.0,2874.510009765625,1583.0,98.19999694824219,1578.0,1790118100000.0,1583.0,106.88837399706244,98.19999694824219,126.5999984741211,144.0,-6.441512368619442,0.5,0.0949999988079071,1583.0
77.0,1.902999997138977,155.0,2885.0,1589.0,98.80000305175781,1584.0,1790118106000.0,1589.0,106.88831934705377,98.80000305175781,126.4000015258789,141.0,-6.441435255110264,0.5,0.10599999874830246,1589.0
80.0,1.8849999904632568,161.0,2898.8798828125,1596.0,99.5999984741211,1591.0,1790118113000.0,1596.0,106.8882417306304,99.5999984741211,128.39999389648438,142.0,-6.441336181014776,0.5,0.09399999678134918,1596.0
78.0,1.9129999876022339,157.0,2918.139892578125,1605.0,99.5999984741211,1600.0,1790118122000.0,1605.0,106.88816268928349,99.5999984741211,129.1999969482422,142.0,-6.441182540729642,0.5,0.014999999664723873,1605.0
82.0,2.0429999828338623,165.0,2940.159912109375,1614.0,98.5999984741211,1609.0,1790118131000.0,1614.0,106.88809831626713,98.5999984741211,126.80000305175781,143.0,-6.44099528901279,0.5,-0.12200000137090683,1614.0
83.0,2.071000099182129,166.0,2944.699951171875,1616.0,98.19999694824219,1611.0,1790118133000.0,1616.0,106.88809605315328,98.19999694824219,126.80000305175781,143.0,-6.440954301506281,0.0,-0.1599999964237213,1616.0
82.0,2.1549999713897705,165.0,2961.110107421875,1623.0,97.80000305175781,1618.0,1790118140000.0,1623.0,106.8881135713309,97.80000305175781,125.0,146.0,-6.440807534381747,0.5,-0.057999998331069946,1623.0
80.0,2.193000078201294,161.0,2982.909912109375,1633.0,98.80000305175781,1628.0,1790118150000.0,1633.0,106.88816830515862,98.80000305175781,122.4000015258789,147.0,-6.440618187189102,0.5,0.09300000220537186,1633.0
80.0,2.2019999027252197,161.0,2987.0400390625,1635.0,99.19999694824219,1630.0,1790118152000.0,1635.0,106.88818205147982,99.19999694824219,121.80000305175781,148.0,-6.440583318471909,0.5,0.16200000047683716,1635.0
79.0,2.183000087738037,159.0,3001.97998046875,1643.0,100.5999984741211,1638.0,1790118160000.0,1643.0,106.88823888078332,100.5999984741211,120.4000015258789,147.0,-6.440460775047541,0.5,0.19499999284744263,1643.0
79.0,2.13700008392334,159.0,3014.919921875,1650.0,102.5999984741211,1645.0,1790118167000.0,1650.0,106.88827802427113,102.5999984741211,119.19999694824219,146.0,-6.440350720658898,0.5,0.2669999897480011,1650.0
81.0,2.0810000896453857,163.0,3035.1201171875,1660.0,104.80000305175781,1655.0,1790118177000.0,1660.0,106.88833904452622,104.80000305175781,117.5999984741211,148.0,-6.440178640186787,0.5,0.23199999332427979,1660.0
81.0,2.0810000896453857,163.0,3039.219970703125,1662.0,105.19999694824219,1657.0,1790118179000.0,1662.0,106.88834952190518,105.19999694824219,117.80000305175781,148.0,-6.440143017098308,0.5,0.16599999368190765,1662.0
79.0,2.062000036239624,159.0,3059.449951171875,1673.0,106.80000305175781,1668.0,1790118190000.0,1673.0,106.88841397874057,106.80000305175781,117.5999984741211,148.0,-6.439972361549735,0.5,0.14800000190734863,1673.0
79.0,2.0250000953674316,158.0,3066.679931640625,1677.0,106.4000015258789,1672.0,1790118194000.0,1677.0,106.88843602314591,106.4000015258789,116.80000305175781,145.0,-6.439910838380456,0.0,-0.09099999815225601,1677.0
77.0,1.9589999914169312,155.0,3074.419921875,1682.0,106.0,1677.0,1790118199000.0,1682.0,106.88846033066511,106.0,116.19999694824219,144.0,-6.439845208078623,0.5,-0.09099999815225601,1682.0
78.0,1.875,157.0,3091.8701171875,1692.0,105.0,1687.0,1790118209000.0,1692.0,106.88849578611553,105.0,114.80000305175781,143.0,-6.439691819250584,0.5,-0.10999999940395355,1692.0
79.0,1.8569999933242798,158.0,3112.25,1703.0,102.80000305175781,1698.0,1790118220000.0,1703.0,106.88856141641736,102.80000305175781,115.19999694824219,145.0,-6.439519738778472,0.0,-0.1979999989271164,1703.0
79.0,1.8569999933242798,158.0,3113.989990234375,1704.0,102.4000015258789,1699.0,1790118221000.0,1704.0,106.88856560736895,102.4000015258789,115.19999694824219,146.0,-6.4395045675337315,0.0,-0.2669999897480011,1704.0
77.0,1.8380000591278076,155.0,3130.64990234375,1714.0,100.4000015258789,1709.0,1790118231000.0,1714.0,106.8886196706444,100.4000015258789,113.80000305175781,145.0,-6.439363919198513,0.5,-0.2029999941587448,1714.0
78.0,1.7910000085830688,157.0,3144.35009765625,1722.0,99.0,1717.0,1790118239000.0,1722.0,106.88866317272186,99.0,112.0,145.0,-6.439248081296682,0.5,-0.18199999630451202,1722.0
77.0,1.781999945640564,155.0,3153.580078125,1727.0,98.0,1722.0,1790118244000.0,1727.0,106.88869217410684,98.0,111.19999694824219,142.0,-6.439169878140092,0.5,-0.21299999952316284,1727.0
78.0,1.781999945640564,157.0,3157.330078125,1729.0,97.4000015258789,1724.0,1790118246000.0,1729.0,106.88870592042804,97.4000015258789,110.80000305175781,141.0,-6.439138948917389,0.5,-0.21400000154972076,1729.0
78.0,1.781999945640564,156.0,3171.31005859375,1736.0,95.80000305175781,1731.0,1790118253000.0,1736.0,106.8887340836227,95.80000305175781,110.0,139.0,-6.43901539966464,0.0,-0.23199999332427979,1736.0
78.0,1.809999942779541,157.0,3186.570068359375,1744.0,94.19999694824219,1739.0,1790118261000.0,1744.0,106.8887702934444,94.19999694824219,109.80000305175781,137.0,-6.438882295042276,0.5,-0.21799999475479126,1744.0
80.0,1.8289999961853027,161.0,3206.18994140625,1754.0,93.80000305175781,1749.0,1790118271000.0,1754.0,106.88882938586175,93.80000305175781,109.80000305175781,138.0,-6.438714824616909,0.5,-0.03099999949336052,1754.0
81.0,1.847000002861023,163.0,3219.6201171875,1760.0,94.0,1755.0,1790118277000.0,1760.0,106.8888683617115,94.0,109.80000305175781,141.0,-6.4385998249053955,0.5,0.04699999839067459,1760.0
82.0,1.875,165.0,3228.800048828125,1764.0,94.0,1759.0,1790118281000.0,1764.0,106.8888929206878,94.0,110.0,143.0,-6.4385206159204245,0.5,-0.02199999988079071,1764.0
82.0,1.9220000505447388,164.0,3246.820068359375,1771.0,93.80000305175781,1766.0,1790118288000.0,1771.0,106.88894723542035,93.80000305175781,110.0,146.0,-6.43836697563529,0.0,-0.023000000044703484,1771.0
83.0,2.0429999828338623,167.0,3253.080078125,1774.0,94.0,1769.0,1790118291000.0,1774.0,106.88896391540766,94.0,109.5999984741211,146.0,-6.438312912359834,0.5,0.04600000008940697,1774.0
82.0,2.0989999771118164,165.0,3271.3701171875,1783.0,92.4000015258789,1778.0,1790118300000.0,1783.0,106.88901596702635,92.4000015258789,109.5999984741211,147.0,-6.438156086951494,0.5,-0.16500000655651093,1783.0
82.0,2.13700008392334,164.0,3292.72998046875,1792.0,92.0,1787.0,1790118309000.0,1792.0,106.88906810246408,92.0,110.0,148.0,-6.437970260158181,0.0,-0.050999999046325684,1792.0
82.0,2.249000072479248,165.0,3309.719970703125,1799.0,92.4000015258789,1794.0,1790118316000.0,1799.0,106.88911923207343,92.4000015258789,109.80000305175781,149.0,-6.437825337052345,0.5,0.05999999865889549,1799.0
82.0,2.2669999599456787,165.0,3312.360107421875,1800.0,92.4000015258789,1795.0,1790118317000.0,1800.0,106.88912635669112,92.4000015258789,109.80000305175781,149.0,-6.437802538275719,0.5,0.04600000008940697,1800.0
83.0,2.369999885559082,167.0,3333.47998046875,1808.0,93.80000305175781,1803.0,1790118325000.0,1808.0,106.88918394036591,93.80000305175781,108.80000305175781,151.0,-6.437620902433991,0.5,0.17299999296665192,1808.0
84.0,2.4630000591278076,169.0,3352.080078125,1815.0,95.19999694824219,1810.0,1790118332000.0,1815.0,106.88923842273653,95.19999694824219,107.80000305175781,154.0,-6.437461730092764,0.5,0.1899999976158142,1815.0
84.0,2.4820001125335693,169.0,3357.139892578125,1817.0,95.19999694824219,1812.0,1790118334000.0,1817.0,106.889255521819,95.19999694824219,107.5999984741211,156.0,-6.437419233843684,0.5,0.0010000000474974513,1817.0
83.0,2.5190000534057617,166.0,3377.10009765625,1825.0,94.80000305175781,1820.0,1790118342000.0,1825.0,106.88932366669178,94.80000305175781,107.4000015258789,159.0,-6.437252685427666,0.0,-0.04100000113248825,1825.0
83.0,2.5190000534057617,166.0,3379.56005859375,1826.0,94.80000305175781,1821.0,1790118343000.0,1826.0,106.88933037221432,94.80000305175781,107.4000015258789,160.0,-6.43723139539361,0.0,-0.08100000023841858,1826.0
83.0,2.5190000534057617,166.0,3394.889892578125,1832.0,93.4000015258789,1827.0,1790118349000.0,1832.0,106.88938854262233,93.4000015258789,108.4000015258789,160.0,-6.437105918303132,0.0,-0.2240000069141388,1832.0
83.0,2.5190000534057617,166.0,3404.909912109375,1836.0,92.80000305175781,1831.0,1790118353000.0,1836.0,106.88944051042199,92.80000305175781,108.80000305175781,163.0,-6.437031822279096,0.0,-0.18700000643730164,1836.0
84.0,2.5190000534057617,169.0,3411.18994140625,1839.0,92.4000015258789,1834.0,1790118356000.0,1839.0,106.88948074355721,92.4000015258789,109.19999694824219,164.0,-6.436992427334189,0.5,-0.09300000220537186,1839.0
82.0,2.4260001182556152,164.0,3425.550048828125,1846.0,92.4000015258789,1841.0,1790118363000.0,1846.0,106.88958811573684,92.4000015258789,108.80000305175781,164.0,-6.436919840052724,0.0,0.008999999612569809,1846.0
83.0,2.3329999446868896,166.0,3447.85009765625,1855.0,93.5999984741211,1850.0,1790118372000.0,1855.0,106.88971074298024,93.5999984741211,107.5999984741211,162.0,-6.436761086806655,0.0,0.12600000202655792,1855.0
80.0,2.3510000705718994,161.0,3469.31005859375,1863.0,94.0,1858.0,1790118380000.0,1863.0,106.88977042213082,94.0,108.19999694824219,162.0,-6.436576684936881,0.5,0.041999999433755875,1863.0
83.0,2.4170000553131104,166.0,3489.93994140625,1871.0,95.80000305175781,1866.0,1790118388000.0,1871.0,106.88983043655753,95.80000305175781,107.4000015258789,160.0,-6.436400413513184,0.0,0.2409999966621399,1871.0
83.0,2.4539999961853027,166.0,3504.469970703125,1877.0,96.80000305175781,1872.0,1790118394000.0,1877.0,106.88987561501563,96.80000305175781,106.80000305175781,163.0,-6.436277199536562,0.0,0.15800000727176666,1877.0
81.0,2.4539999961853027,163.0,3509.4599609375,1879.0,97.19999694824219,1874.0,1790118396000.0,1879.0,106.88989170826972,97.19999694824219,106.80000305175781,165.0,-6.436234954744577,0.5,0.1809999942779541,1879.0
82.0,2.4539999961853027,165.0,3529.989990234375,1888.0,98.19999694824219,1883.0,1790118405000.0,1888.0,106.88994619064033,98.19999694824219,107.0,168.0,-6.436058012768626,0.5,0.10700000077486038,1888.0
81.0,2.444999933242798,163.0,3536.699951171875,1891.0,97.80000305175781,1886.0,1790118408000.0,1891.0,106.88996714539826,97.80000305175781,107.0,171.0,-6.4360010996460915,0.5,-0.11100000143051147,1891.0
80.0,2.4260001182556152,161.0,3544.8798828125,1895.0,97.4000015258789,1890.0,1790118412000.0,1895.0,106.8899891898036,97.4000015258789,107.0,174.0,-6.435930440202355,0.5,-0.11100000143051147,1895.0
79.0,2.4170000553131104,159.0,3547.070068359375,1896.0,97.19999694824219,1891.0,1790118413000.0,1896.0,106.88999488949776,97.19999694824219,107.0,174.0,-6.435911497101188,0.5,-0.164000004529953,1896.0
81.0,2.3510000705718994,163.0,3567.56005859375,1906.0,96.19999694824219,1901.0,1790118423000.0,1906.0,106.89006621949375,96.19999694824219,107.5999984741211,173.0,-6.435740673914552,0.5,-0.10599999874830246,1906.0
80.0,2.3510000705718994,161.0,3569.18994140625,1907.0,96.0,1902.0,1790118424000.0,1907.0,106.89007108099759,96.0,107.5999984741211,172.0,-6.435726759955287,0.5,-0.06499999761581421,1907.0
81.0,2.313999891281128,163.0,3585.570068359375,1914.0,95.4000015258789,1909.0,1790118431000.0,1914.0,106.89016160555184,95.4000015258789,108.19999694824219,170.0,-6.435610838234425,0.5,-0.1080000028014183,1914.0
81.0,2.305000066757202,163.0,3603.60009765625,1921.0,94.4000015258789,1916.0,1790118438000.0,1921.0,106.8902986496687,94.4000015258789,108.0,170.0,-6.435523750260472,0.5,-0.1459999978542328,1921.0
82.0,2.322999954223633,165.0,3610.669921875,1924.0,94.0,1919.0,1790118441000.0,1924.0,106.89035925082862,94.0,107.19999694824219,167.0,-6.435503801330924,0.5,-0.0729999989271164,1924.0
81.0,2.322999954223633,163.0,3614.800048828125,1926.0,94.0,1921.0,1790118443000.0,1926.0,106.89039479009807,94.0,106.80000305175781,164.0,-6.4354918990284204,0.5,-0.06400000303983688,1926.0
82.0,2.3329999446868896,165.0,3623.06005859375,1930.0,93.80000305175781,1925.0,1790118447000.0,1930.0,106.89046310260892,93.80000305175781,106.19999694824219,162.0,-6.435461975634098,0.5,-0.05900000035762787,1930.0
81.0,2.305000066757202,163.0,3644.31005859375,1939.0,93.80000305175781,1934.0,1790118456000.0,1939.0,106.8906401284039,93.80000305175781,107.0,164.0,-6.435387376695871,0.5,0.010999999940395355,1939.0
82.0,2.313999891281128,165.0,3663.550048828125,1947.0,94.0,1942.0,1790118464000.0,1947.0,106.89079997129738,94.0,108.19999694824219,163.0,-6.435321411117911,0.5,0.013000000268220901,1947.0
80.0,2.313999891281128,161.0,3681.5,1956.0,94.19999694824219,1951.0,1790118473000.0,1956.0,106.89095025882125,94.19999694824219,109.19999694824219,162.0,-6.435259887948632,0.5,0.020999999716877937,1956.0
81.0,2.239000082015991,163.0,3700.159912109375,1965.0,95.19999694824219,1960.0,1790118482000.0,1965.0,106.89110825769603,95.19999694824219,109.19999694824219,164.0,-6.4352006278932095,0.5,0.11100000143051147,1965.0
82.0,2.193000078201294,164.0,3718.219970703125,1974.0,96.5999984741211,1969.0,1790118491000.0,1974.0,106.89126307144761,96.5999984741211,109.19999694824219,163.0,-6.435148324817419,0.0,0.15700000524520874,1974.0
83.0,2.1649999618530273,166.0,3738.97998046875,1984.0,98.5999984741211,1979.0,1790118501000.0,1984.0,106.89143892377615,98.5999984741211,108.4000015258789,164.0,-6.435087891295552,0.0,0.2150000035762787,1984.0
82.0,2.1649999618530273,164.0,3740.820068359375,1985.0,98.80000305175781,1980.0,1790118502000.0,1985.0,106.89145250245929,98.80000305175781,108.4000015258789,164.0,-6.4350780844688416,0.0,0.05400000140070915,1985.0
81.0,2.1549999713897705,163.0,3746.989990234375,1988.0,99.0,1983.0,1790118505000.0,1988.0,106.89150053076446,99.0,107.80000305175781,164.0,-6.435049502179027,0.5,0.0860000029206276,1988.0
81.0,2.1549999713897705,163.0,3748.9599609375,1989.0,99.0,1984.0,1790118506000.0,1989.0,106.89151645638049,99.0,107.5999984741211,167.0,-6.435041539371014,0.5,0.0,1989.0
80.0,2.1549999713897705,161.0,3750.989990234375,1990.0,98.80000305175781,1985.0,1790118507000.0,1990.0,106.89152877777815,98.80000305175781,107.5999984741211,165.0,-6.435027876868844,0.5,-0.1080000028014183,1990.0
81.0,2.1459999084472656,163.0,3770.169921875,1998.0,98.80000305175781,1993.0,1790118515000.0,1998.0,106.89164469949901,98.80000305175781,107.4000015258789,162.0,-6.434899382293224,0.5,-0.014999999664723873,1998.0
83.0,2.1740000247955322,166.0,3786.139892578125,2004.0,99.19999694824219,1999.0,1790118521000.0,2004.0,106.8917519878596,99.19999694824219,107.5999984741211,162.0,-6.434802487492561,0.0,0.07100000232458115,2004.0
83.0,2.2109999656677246,167.0,3807.6298828125,2013.0,99.4000015258789,2008.0,1790118530000.0,2013.0,106.89188157208264,99.4000015258789,109.19999694824219,161.0,-6.434657396748662,0.5,0.02199999988079071,2013.0
83.0,2.2209999561309814,166.0,3812.469970703125,2015.0,99.4000015258789,2010.0,1790118532000.0,2015.0,106.8919126689434,99.4000015258789,109.80000305175781,162.0,-6.434626551344991,0.0,0.0560000017285347,2015.0
84.0,2.2300000190734863,169.0,3833.530029296875,2024.0,100.0,2019.0,1790118541000.0,2024.0,106.89204175025225,100.0,110.4000015258789,161.0,-6.4344908483326435,0.5,0.052000001072883606,2024.0
84.0,2.2300000190734863,169.0,3836.25,2025.0,100.0,2020.0,1790118542000.0,2025.0,106.89205625094473,100.0,110.4000015258789,161.0,-6.434470647946,0.5,0.009999999776482582,2025.0
84.0,2.2669999599456787,169.0,3853.429931640625,2031.0,98.4000015258789,2026.0,1790118548000.0,2031.0,106.89215247519314,98.4000015258789,111.0,161.0,-6.434349277988076,0.5,-0.26499998569488525,2031.0
84.0,2.3610000610351562,169.0,3861.340087890625,2034.0,97.4000015258789,2029.0,1790118551000.0,2034.0,106.89219681546092,97.4000015258789,111.19999694824219,164.0,-6.434293119236827,0.5,-0.2939999997615814,2034.0
83.0,2.490999937057495,166.0,3877.14990234375,2040.0,95.5999984741211,2035.0,1790118557000.0,2040.0,106.89227350987494,95.5999984741211,110.5999984741211,166.0,-6.434172000735998,0.0,-0.3240000009536743,2040.0
84.0,2.5290000438690186,169.0,3894.860107421875,2047.0,92.80000305175781,2042.0,1790118564000.0,2047.0,106.89232053235173,92.80000305175781,107.80000305175781,169.0,-6.434018779546022,0.5,-0.4059999883174896,2047.0
81.0,2.5290000438690186,163.0,3902.530029296875,2050.0,91.5999984741211,2045.0,1790118567000.0,2050.0,106.89234090037644,91.5999984741211,107.0,171.0,-6.433952562510967,0.5,-0.39800000190734863,2050.0
79.0,2.490999937057495,159.0,3915.75,2056.0,90.19999694824219,2051.0,1790118573000.0,2056.0,106.89237761311233,90.19999694824219,105.80000305175781,175.0,-6.433838736265898,0.5,-0.2240000069141388,2056.0
81.0,2.434999942779541,163.0,3926.530029296875,2061.0,90.19999694824219,2056.0,1790118578000.0,2061.0,106.89240904524922,90.19999694824219,104.5999984741211,177.0,-6.433746535331011,0.5,-0.010999999940395355,2061.0
80.0,2.369999885559082,161.0,3941.530029296875,2068.0,89.5999984741211,2063.0,1790118585000.0,2068.0,106.89241038635373,89.5999984741211,104.0,176.0,-6.433611251413822,0.5,-0.06800000369548798,2068.0
80.0,2.305000066757202,161.0,3961.760009765625,2078.0,89.4000015258789,2073.0,1790118595000.0,2078.0,106.89239772967994,89.4000015258789,103.0,175.0,-6.4334288612008095,0.5,-0.01600000075995922,2078.0
80.0,2.2950000762939453,161.0,3963.830078125,2079.0,89.5999984741211,2074.0,1790118596000.0,2079.0,106.89240074716508,89.5999984741211,103.0,175.0,-6.433410421013832,0.5,0.02199999988079071,2079.0
80.0,2.239000082015991,160.0,3979.260009765625,2087.0,89.5999984741211,2082.0,1790118604000.0,2087.0,106.8923963047564,89.5999984741211,102.5999984741211,176.0,-6.433270778506994,0.0,0.01600000075995922,2087.0
80.0,2.2209999561309814,161.0,3983.7099609375,2089.0,89.80000305175781,2084.0,1790118606000.0,2089.0,106.89239018596709,89.80000305175781,102.5999984741211,173.0,-6.433231132104993,0.5,0.04899999871850014,2089.0
82.0,2.2209999561309814,165.0,3994.699951171875,2094.0,90.0,2089.0,1790118611000.0,2094.0,106.89238549210131,90.0,102.80000305175781,175.0,-6.433131890371442,0.5,0.06499999761581421,2094.0
81.0,2.2109999656677246,163.0,4010.669921875,2102.0,90.4000015258789,2097.0,1790118619000.0,2102.0,106.89239781349897,90.4000015258789,103.4000015258789,173.0,-6.4329885598272085,0.5,0.03200000151991844,2102.0
82.0,2.2109999656677246,165.0,4016.669921875,2105.0,90.19999694824219,2100.0,1790118622000.0,2105.0,106.89240988343954,90.19999694824219,103.5999984741211,170.0,-6.432935753837228,0.5,-0.061000000685453415,2105.0
79.0,2.2019999027252197,159.0,4020.550048828125,2107.0,90.0,2102.0,1790118624000.0,2107.0,106.89242321066558,90.0,103.80000305175781,167.0,-6.432903232052922,0.5,-0.04500000178813934,2107.0
79.0,2.193000078201294,159.0,4022.580078125,2108.0,90.0,2103.0,1790118625000.0,2108.0,106.89243201166391,90.0,103.80000305175781,164.0,-6.432887138798833,0.5,-0.020999999716877937,2108.0
79.0,2.193000078201294,159.0,4025.070068359375,2109.0,90.0,2104.0,1790118626000.0,2109.0,106.89243980683386,90.0,104.0,161.0,-6.432865848764777,0.5,-0.0689999982714653,2109.0
81.0,2.183000087738037,163.0,4028.52001953125,2111.0,89.80000305175781,2106.0,1790118628000.0,2111.0,106.89244709908962,89.80000305175781,104.19999694824219,159.0,-6.432835590094328,0.5,-0.07000000029802322,2111.0
82.0,2.1459999084472656,164.0,4047.110107421875,2119.0,89.4000015258789,2114.0,1790118636000.0,2119.0,106.89250920899212,89.4000015258789,104.19999694824219,157.0,-6.432679016143084,0.0,-0.05700000002980232,2119.0
83.0,2.183000087738037,166.0,4065.909912109375,2126.0,89.0,2121.0,1790118643000.0,2126.0,106.89258087426424,89.0,106.0,158.0,-6.432525208219886,0.0,-0.04800000041723251,2126.0
83.0,2.183000087738037,166.0,4068.590087890625,2127.0,88.80000305175781,2122.0,1790118644000.0,2127.0,106.89258464612067,88.80000305175781,106.4000015258789,158.0,-6.4325011521577835,0.0,-0.11599999666213989,2127.0
81.0,2.305000066757202,163.0,4088.800048828125,2136.0,89.4000015258789,2131.0,1790118653000.0,2136.0,106.89263979904354,89.4000015258789,106.4000015258789,157.0,-6.432327227666974,0.5,0.04899999871850014,2136.0
82.0,2.2669999599456787,164.0,4093.2900390625,2138.0,89.4000015258789,2133.0,1790118655000.0,2138.0,106.89265597611666,89.4000015258789,106.4000015258789,158.0,-6.432289844378829,0.0,0.008999999612569809,2138.0
83.0,2.13700008392334,166.0,4114.919921875,2147.0,88.80000305175781,2142.0,1790118664000.0,2147.0,106.89272730611265,88.80000305175781,108.4000015258789,158.0,-6.432107454165816,0.0,-0.061000000685453415,2147.0
83.0,2.2300000190734863,166.0,4127.56982421875,2152.0,88.5999984741211,2147.0,1790118669000.0,2152.0,106.89276007935405,88.5999984741211,111.0,161.0,-6.431998405605555,0.0,-0.04800000041723251,2152.0
83.0,2.2769999504089355,166.0,4134.669921875,2155.0,88.4000015258789,2150.0,1790118672000.0,2155.0,106.8927832134068,88.4000015258789,112.80000305175781,162.0,-6.431938474997878,0.0,-0.039000000804662704,2155.0
81.0,2.313999891281128,163.0,4143.75,2159.0,88.5999984741211,2154.0,1790118676000.0,2159.0,106.89280643127859,88.5999984741211,114.5999984741211,165.0,-6.431859685108066,0.5,0.04699999839067459,2159.0
81.0,2.305000066757202,163.0,4148.5,2161.0,88.80000305175781,2156.0,1790118678000.0,2161.0,106.89281674101949,88.80000305175781,115.0,169.0,-6.431817775592208,0.5,0.07699999958276749,2161.0
81.0,2.305000066757202,163.0,4152.169921875,2163.0,88.80000305175781,2158.0,1790118680000.0,2163.0,106.89282579347491,88.80000305175781,115.0,170.0,-6.431785840541124,0.5,0.05000000074505806,2163.0
82.0,2.2300000190734863,165.0,4171.52001953125,2172.0,89.0,2167.0,1790118689000.0,2172.0,106.8928854726255,89.0,110.5999984741211,170.0,-6.431621052324772,0.5,0.003000000026077032,2172.0
84.0,2.2109999656677246,169.0,4180.169921875,2176.0,88.5999984741211,2171.0,1790118693000.0,2176.0,106.89291003160179,88.5999984741211,108.80000305175781,167.0,-6.43154670484364,0.5,-0.08900000154972076,2176.0
83.0,2.2209999561309814,166.0,4198.27978515625,2183.0,87.80000305175781,2178.0,1790118700000.0,2183.0,106.89296853728592,87.80000305175781,105.5999984741211,166.0,-6.431393567472696,0.0,-0.10899999737739563,2183.0
82.0,2.239000082015991,164.0,4207.06005859375,2187.0,87.19999694824219,2182.0,1790118704000.0,2187.0,106.89299510791898,87.19999694824219,105.4000015258789,169.0,-6.431319219991565,0.0,-0.13600000739097595,2187.0
83.0,2.249000072479248,166.0,4217.18994140625,2191.0,86.4000015258789,2186.0,1790118708000.0,2191.0,106.89304078929126,86.4000015258789,105.5999984741211,169.0,-6.431237915530801,0.0,-0.18700000643730164,2191.0
83.0,2.2669999599456787,166.0,4234.3798828125,2198.0,85.5999984741211,2193.0,1790118715000.0,2198.0,106.8930942658335,85.5999984741211,105.0,169.0,-6.431092405691743,0.0,-0.14100000262260437,2198.0
83.0,2.2769999504089355,167.0,4253.3798828125,2206.0,84.4000015258789,2201.0,1790118723000.0,2206.0,106.89315754920244,84.4000015258789,108.0,169.0,-6.430933568626642,0.5,-0.12800000607967377,2206.0
83.0,2.2669999599456787,166.0,4268.68994140625,2213.0,84.0,2208.0,1790118730000.0,2213.0,106.89322301186621,84.0,109.5999984741211,168.0,-6.4308130368590355,0.0,-0.0689999982714653,2213.0
83.0,2.249000072479248,166.0,4282.77978515625,2220.0,84.0,2215.0,1790118737000.0,2220.0,106.89328042790294,84.0,108.4000015258789,170.0,-6.430700467899442,0.0,0.0,2220.0
83.0,2.239000082015991,166.0,4287.66015625,2222.0,84.0,2217.0,1790118739000.0,2222.0,106.89328805543482,84.0,107.5999984741211,171.0,-6.430657301098108,0.0,0.0,2222.0
81.0,2.239000082015991,163.0,4297.64013671875,2226.0,84.0,2221.0,1790118743000.0,2226.0,106.8933101836592,84.0,106.0,170.0,-6.430571051314473,0.5,0.0,2226.0
82.0,2.239000082015991,165.0,4303.93017578125,2229.0,84.0,2224.0,1790118746000.0,2229.0,106.89332460053265,84.0,105.19999694824219,166.0,-6.430516736581922,0.5,-0.023000000044703484,2229.0
83.0,2.249000072479248,166.0,4311.6298828125,2232.0,83.5999984741211,2227.0,1790118749000.0,2232.0,106.89333960413933,83.5999984741211,105.0,168.0,-6.430448926985264,0.0,-0.08100000023841858,2232.0
83.0,2.249000072479248,167.0,4313.5400390625,2233.0,83.5999984741211,2228.0,1790118750000.0,2233.0,106.89334010705352,83.5999984741211,105.0,168.0,-6.430431576445699,0.5,-0.06199999898672104,2233.0
83.0,2.257999897003174,167.0,4322.60986328125,2237.0,83.4000015258789,2232.0,1790118754000.0,2237.0,106.89337137155235,83.4000015258789,104.5999984741211,165.0,-6.430357815697789,0.5,-0.06599999964237213,2237.0
83.0,2.257999897003174,166.0,4324.68994140625,2238.0,83.19999694824219,2233.0,1790118755000.0,2238.0,106.89337899908423,83.19999694824219,104.5999984741211,165.0,-6.430340548977256,0.0,-0.06199999898672104,2238.0
83.0,2.257999897003174,166.0,4344.85009765625,2247.0,81.80000305175781,2242.0,1790118764000.0,2247.0,106.89344454556704,81.80000305175781,101.4000015258789,164.0,-6.430170647799969,0.0,-0.1720000058412552,2247.0
83.0,2.249000072479248,166.0,4361.02001953125,2253.0,79.5999984741211,2248.0,1790118770000.0,2253.0,106.89345217309892,79.5999984741211,102.0,167.0,-6.430025389418006,0.0,-0.3440000116825104,2253.0
83.0,2.2950000762939453,166.0,4382.1201171875,2261.0,78.80000305175781,2256.0,1790118778000.0,2261.0,106.8935205694288,78.80000305175781,108.5999984741211,166.0,-6.429846687242389,0.0,-0.10999999940395355,2261.0
83.0,2.3980000019073486,167.0,4394.60009765625,2266.0,78.5999984741211,2261.0,1790118783000.0,2266.0,106.89357119612396,78.5999984741211,111.4000015258789,166.0,-6.429747026413679,0.5,-0.03500000014901161,2266.0
83.0,2.434999942779541,167.0,4398.85986328125,2268.0,78.5999984741211,2263.0,1790118785000.0,2268.0,106.89358854666352,78.5999984741211,111.80000305175781,166.0,-6.429712409153581,0.5,-0.03099999949336052,2268.0
83.0,2.4630000591278076,167.0,4418.0,2275.0,79.19999694824219,2270.0,1790118792000.0,2275.0,106.89363196492195,79.19999694824219,113.19999694824219,168.0,-6.42954477109015,0.5,0.0989999994635582,2275.0
83.0,2.4630000591278076,167.0,4420.9501953125,2276.0,79.4000015258789,2271.0,1790118793000.0,2276.0,106.89364512450993,79.4000015258789,113.19999694824219,171.0,-6.42952130176127,0.5,0.13199999928474426,2276.0
83.0,2.4820001125335693,167.0,4426.35986328125,2278.0,79.5999984741211,2273.0,1790118795000.0,2278.0,106.89365912228823,79.5999984741211,112.4000015258789,168.0,-6.429473692551255,0.5,0.06599999964237213,2278.0
83.0,2.5190000534057617,167.0,4437.2099609375,2282.0,79.4000015258789,2277.0,1790118799000.0,2282.0,106.8936878722161,79.4000015258789,109.80000305175781,168.0,-6.429379731416702,0.5,-0.04800000041723251,2282.0
84.0,2.5380001068115234,169.0,4448.02001953125,2287.0,79.19999694824219,2282.0,1790118804000.0,2287.0,106.89372953027487,79.19999694824219,106.0,166.0,-6.429289961233735,0.5,-0.026000000536441803,2287.0
80.0,2.4820001125335693,161.0,4469.27978515625,2295.0,79.4000015258789,2290.0,1790118812000.0,2295.0,106.89380999654531,79.4000015258789,102.19999694824219,168.0,-6.429117294028401,0.5,0.026000000536441803,2295.0
80.0,2.4630000591278076,160.0,4474.31982421875,2297.0,79.19999694824219,2292.0,1790118814000.0,2297.0,106.89381871372461,79.19999694824219,101.80000305175781,168.0,-6.4290721993893385,0.0,-0.08399999886751175,2297.0
84.0,2.444999933242798,169.0,4494.56005859375,2305.0,79.19999694824219,2300.0,1790118822000.0,2305.0,106.89386087469757,79.19999694824219,101.19999694824219,169.0,-6.428896766155958,0.5,-0.014000000432133675,2305.0
83.0,2.4730000495910645,167.0,4512.8701171875,2313.0,79.19999694824219,2308.0,1790118830000.0,2313.0,106.89390731044114,79.19999694824219,102.4000015258789,171.0,-6.428737845271826,0.5,0.012000000104308128,2313.0
83.0,2.434999942779541,167.0,4534.2998046875,2322.0,79.80000305175781,2317.0,1790118839000.0,2322.0,106.89398031681776,79.80000305175781,101.5999984741211,171.0,-6.428558388724923,0.5,0.06499999761581421,2322.0
83.0,2.4260001182556152,166.0,4546.9599609375,2327.0,80.0,2322.0,1790118844000.0,2327.0,106.89399590715766,80.0,99.0,171.0,-6.428441796451807,0.0,0.03400000184774399,2327.0
83.0,2.4170000553131104,166.0,4549.5498046875,2328.0,80.0,2323.0,1790118845000.0,2328.0,106.89400437287986,80.0,98.5999984741211,171.0,-6.428420003503561,0.0,0.07000000029802322,2328.0
82.0,2.4070000648498535,165.0,4566.43017578125,2335.0,80.19999694824219,2330.0,1790118852000.0,2335.0,106.89405005425215,80.19999694824219,98.0,172.0,-6.4282758347690105,0.5,0.00800000037997961,2335.0
84.0,2.4070000648498535,169.0,4577.72998046875,2340.0,79.80000305175781,2335.0,1790118857000.0,2340.0,106.8940832465887,79.80000305175781,99.19999694824219,173.0,-6.428180867806077,0.5,-0.054999999701976776,2340.0
83.0,2.4070000648498535,167.0,4581.72021484375,2342.0,79.5999984741211,2337.0,1790118859000.0,2342.0,106.89407922327518,79.5999984741211,99.80000305175781,174.0,-6.428144406527281,0.5,-0.0729999989271164,2342.0
80.0,2.3980000019073486,161.0,4592.6201171875,2347.0,79.4000015258789,2342.0,1790118864000.0,2347.0,106.8941057100892,79.4000015258789,102.0,174.0,-6.428050026297569,0.5,-0.04899999871850014,2347.0
80.0,2.3889999389648438,161.0,4595.259765625,2348.0,79.4000015258789,2343.0,1790118865000.0,2348.0,106.8941059615463,79.4000015258789,102.19999694824219,174.0,-6.428024377673864,0.5,-0.09099999815225601,2348.0
83.0,2.369999885559082,166.0,4602.7001953125,2351.0,79.0,2346.0,1790118868000.0,2351.0,106.89405424520373,79.0,103.0,172.0,-6.427983473986387,0.0,-0.11100000143051147,2351.0
83.0,2.3610000610351562,167.0,4606.77978515625,2353.0,79.0,2348.0,1790118870000.0,2353.0,106.89401828683913,79.0,104.0,172.0,-6.427966291084886,0.5,-0.007000000216066837,2353.0
83.0,2.3420000076293945,166.0,4612.2001953125,2356.0,78.80000305175781,2351.0,1790118873000.0,2356.0,106.89397159963846,78.80000305175781,105.4000015258789,171.0,-6.427950197830796,0.0,-0.06400000303983688,2356.0
82.0,2.305000066757202,164.0,4630.25,2364.0,77.80000305175781,2359.0,1790118881000.0,2364.0,106.8938123434782,77.80000305175781,107.19999694824219,170.0,-6.4279168378561735,0.0,-0.11900000274181366,2364.0
83.0,2.305000066757202,166.0,4641.64013671875,2369.0,78.19999694824219,2364.0,1790118886000.0,2369.0,106.89372483640909,78.19999694824219,108.19999694824219,169.0,-6.427864450961351,0.0,0.07500000298023224,2369.0
83.0,2.313999891281128,166.0,4643.0498046875,2370.0,78.4000015258789,2365.0,1790118887000.0,2370.0,106.89372357912362,78.4000015258789,108.4000015258789,169.0,-6.427851710468531,0.0,0.09200000017881393,2370.0
83.0,2.313999891281128,166.0,4644.56982421875,2371.0,78.4000015258789,2366.0,1790118888000.0,2371.0,106.8937277700752,78.4000015258789,108.4000015258789,169.0,-6.427836203947663,0.0,0.1120000034570694,2371.0
82.0,2.305000066757202,165.0,4647.31005859375,2373.0,78.4000015258789,2368.0,1790118890000.0,2373.0,106.89375316724181,78.4000015258789,108.19999694824219,170.0,-6.427829498425126,0.5,0.024000000208616257,2373.0
82.0,2.2209999561309814,164.0,4659.47998046875,2379.0,78.19999694824219,2374.0,1790118896000.0,2379.0,106.89385735429823,78.19999694824219,106.80000305175781,171.0,-6.427863780409098,0.0,-0.04100000113248825,2379.0
83.0,2.1740000247955322,166.0,4679.4501953125,2386.0,79.0,2381.0,1790118903000.0,2386.0,106.89403077587485,79.0,105.5999984741211,174.0,-6.427920609712601,0.0,0.10899999737739563,2386.0
83.0,2.2209999561309814,167.0,4691.27001953125,2391.0,79.19999694824219,2386.0,1790118908000.0,2391.0,106.8941334541887,79.19999694824219,106.4000015258789,177.0,-6.427949359640479,0.5,0.03500000014901161,2391.0
83.0,2.183000087738037,167.0,4697.52001953125,2394.0,79.19999694824219,2389.0,1790118911000.0,2394.0,106.89418299123645,79.19999694824219,106.5999984741211,177.0,-6.42792153172195,0.5,0.026000000536441803,2394.0
83.0,2.1740000247955322,167.0,4703.830078125,2397.0,79.19999694824219,2392.0,1790118914000.0,2397.0,106.8942219670862,79.19999694824219,106.19999694824219,177.0,-6.427880125120282,0.5,-0.003000000026077032,2397.0
82.0,2.1459999084472656,165.0,4710.14990234375,2400.0,79.19999694824219,2395.0,1790118917000.0,2400.0,106.89423789270222,79.19999694824219,105.0,176.0,-6.427824888378382,0.5,-0.04699999839067459,2400.0
81.0,2.0339999198913574,163.0,4726.06982421875,2409.0,78.80000305175781,2404.0,1790118926000.0,2409.0,106.89428156241775,78.80000305175781,101.19999694824219,175.0,-6.4276880118995905,0.5,-0.041999999433755875,2409.0
0.0,1.8849999904632568,0.0,4735.47998046875,2415.0,78.4000015258789,2410.0,1790118932000.0,2415.0,106.89431324601173,78.4000015258789,100.0,172.0,-6.427609892562032,0.0,-0.06599999964237213,2415.0
0.0,1.8569999933242798,0.0,4739.06982421875,2417.0,78.19999694824219,2412.0,1790118934000.0,2417.0,106.89431400038302,78.19999694824219,100.0,169.0,-6.427577370777726,0.0,-0.05999999865889549,2417.0
78.0,1.8380000591278076,156.0,4742.31005859375,2419.0,78.0,2414.0,1790118936000.0,2419.0,106.89431978389621,78.0,100.0,168.0,-6.427548620849848,0.0,-0.06199999898672104,2419.0
78.0,1.8289999961853027,156.0,4746.91015625,2422.0,78.0,2417.0,1790118939000.0,2422.0,106.8943234719336,78.0,100.0,165.0,-6.42750721424818,0.0,-0.05400000140070915,2422.0
74.0,1.8009999990463257,148.0,4758.52978515625,2429.0,77.4000015258789,2424.0,1790118946000.0,2429.0,106.89435976557434,77.4000015258789,99.19999694824219,165.0,-6.427408726885915,0.0,-0.0689999982714653,2429.0
78.0,1.809999942779541,157.0,4774.83984375,2439.0,76.80000305175781,2434.0,1790118956000.0,2439.0,106.8944098893553,76.80000305175781,99.0,163.0,-6.427270257845521,0.5,-0.06800000369548798,2439.0
77.0,1.7640000581741333,154.0,4795.7001953125,2452.0,76.0,2447.0,1790118969000.0,2452.0,106.89443461596966,76.0,98.19999694824219,163.0,-6.427083760499954,0.0,-0.057999998331069946,2452.0
77.0,1.753999948501587,155.0,4797.2099609375,2453.0,76.0,2448.0,1790118970000.0,2453.0,106.8944378849119,76.0,98.19999694824219,163.0,-6.4270704332739115,0.5,-0.05999999865889549,2453.0
78.0,1.7450000047683716,156.0,4803.740234375,2457.0,75.5999984741211,2452.0,1790118974000.0,2457.0,106.89446051605046,75.5999984741211,98.0,162.0,-6.427017962560058,0.0,-0.06800000369548798,2457.0
78.0,1.7450000047683716,157.0,4807.0,2459.0,75.5999984741211,2454.0,1790118976000.0,2459.0,106.89448909834027,75.5999984741211,98.19999694824219,162.0,-6.4270141907036304,0.5,-0.057999998331069946,2459.0
78.0,1.7359999418258667,157.0,4808.7001953125,2460.0,75.5999984741211,2455.0,1790118977000.0,2460.0,106.8945029284805,75.5999984741211,98.19999694824219,162.0,-6.427021147683263,0.5,-0.02500000037252903,2460.0
77.0,1.7259999513626099,155.0,4816.39013671875,2464.0,75.5999984741211,2459.0,1790118981000.0,2464.0,106.89453000202775,75.5999984741211,98.80000305175781,161.0,-6.427083425223827,0.5,0.03200000151991844,2464.0
76.0,1.7259999513626099,152.0,4833.47021484375,2474.0,76.19999694824219,2469.0,1790118991000.0,2474.0,106.89451365731657,76.19999694824219,97.19999694824219,161.0,-6.427237149327993,0.0,0.061000000685453415,2474.0
76.0,1.6979999542236328,152.0,4843.33984375,2480.0,76.5999984741211,2475.0,1790118997000.0,2480.0,106.89450141973794,76.5999984741211,96.19999694824219,158.0,-6.427325494587421,0.0,0.05999999865889549,2480.0
77.0,1.6890000104904175,154.0,4846.7900390625,2482.0,76.80000305175781,2477.0,1790118999000.0,2482.0,106.89449328929186,76.80000305175781,96.0,155.0,-6.427355669438839,0.0,0.0689999982714653,2482.0
77.0,1.6799999475479126,154.0,4851.89013671875,2485.0,77.0,2480.0,1790119002000.0,2485.0,106.89448800869286,77.0,96.19999694824219,153.0,-6.427401099354029,0.0,0.061000000685453415,2485.0
77.0,1.6699999570846558,154.0,4860.75,2490.0,77.19999694824219,2485.0,1790119007000.0,2490.0,106.89448649995029,77.19999694824219,96.0,156.0,-6.427478883415461,0.0,0.05700000002980232,2490.0
77.0,1.6699999570846558,155.0,4865.68017578125,2493.0,77.4000015258789,2488.0,1790119010000.0,2493.0,106.89447862096131,77.4000015258789,94.19999694824219,154.0,-6.427522636950016,0.5,0.06199999898672104,2493.0
76.0,1.6610000133514404,152.0,4876.8798828125,2500.0,78.0,2495.0,1790119017000.0,2500.0,106.8944344483316,78.0,92.5999984741211,157.0,-6.427613664418459,0.0,0.07000000029802322,2500.0
76.0,1.6519999504089355,152.0,4880.1201171875,2502.0,78.0,2497.0,1790119019000.0,2502.0,106.89442103728652,78.0,92.5999984741211,156.0,-6.427639899775386,0.0,0.07100000232458115,2502.0
77.0,1.6419999599456787,154.0,4887.8798828125,2507.0,78.4000015258789,2502.0,1790119024000.0,2507.0,106.89439320936799,78.4000015258789,93.19999694824219,154.0,-6.427704272791743,0.0,0.06599999964237213,2507.0
76.0,1.6419999599456787,152.0,4890.68017578125,2509.0,78.5999984741211,2504.0,1790119026000.0,2509.0,106.89438348636031,78.5999984741211,93.4000015258789,151.0,-6.427727658301592,0.0,0.05999999865889549,2509.0
76.0,1.6330000162124634,152.0,4892.02001953125,2510.0,78.5999984741211,2505.0,1790119027000.0,2510.0,106.89437703229487,78.5999984741211,93.4000015258789,151.0,-6.427737968042493,0.0,0.05999999865889549,2510.0
75.0,1.6239999532699585,150.0,4898.14990234375,2514.0,78.80000305175781,2509.0,1790119031000.0,2514.0,106.89436093904078,78.80000305175781,93.4000015258789,148.0,-6.427790941670537,0.0,0.06199999898672104,2514.0
75.0,1.6139999628067017,150.0,4903.56005859375,2517.0,79.0,2512.0,1790119034000.0,2517.0,106.89435347914696,79.0,93.19999694824219,148.0,-6.4278394728899,0.0,0.06700000166893005,2517.0
76.0,1.6139999628067017,153.0,4915.14013671875,2525.0,79.4000015258789,2520.0,1790119042000.0,2525.0,106.89432104118168,79.4000015258789,93.5999984741211,148.0,-6.427939385175705,0.5,0.05999999865889549,2525.0
78.0,1.5959999561309814,156.0,4926.080078125,2532.0,80.19999694824219,2527.0,1790119049000.0,2532.0,106.89430964179337,80.19999694824219,93.4000015258789,147.0,-6.4280398003757,0.0,0.11100000143051147,2532.0
79.0,1.5859999656677246,158.0,4933.4501953125,2536.0,80.5999984741211,2531.0,1790119053000.0,2536.0,106.89429983496666,80.5999984741211,92.5999984741211,146.0,-6.428106185048819,0.0,0.10199999809265137,2536.0
78.0,1.5859999656677246,156.0,4940.2001953125,2540.0,81.0,2535.0,1790119057000.0,2540.0,106.89427485689521,81.0,93.0,146.0,-6.428162008523941,0.0,0.0560000017285347,2540.0
76.0,1.5959999561309814,153.0,4954.75,2548.0,81.5999984741211,2543.0,1790119065000.0,2548.0,106.8942338693887,81.5999984741211,94.0,146.0,-6.42828706651926,0.5,0.07599999755620956,2548.0
75.0,1.5770000219345093,150.0,4967.5,2557.0,81.80000305175781,2552.0,1790119074000.0,2557.0,106.89421375282109,81.80000305175781,93.4000015258789,144.0,-6.428400808945298,0.0,0.02500000037252903,2557.0
75.0,1.5770000219345093,150.0,4968.97021484375,2558.0,81.80000305175781,2553.0,1790119075000.0,2558.0,106.89421056769788,81.80000305175781,93.4000015258789,143.0,-6.428413800895214,0.0,0.04800000041723251,2558.0
75.0,1.5490000247955322,150.0,4977.419921875,2564.0,82.19999694824219,2559.0,1790119081000.0,2564.0,106.89419548027217,82.19999694824219,93.4000015258789,142.0,-6.428489405661821,0.0,0.054999999701976776,2564.0
75.0,1.5399999618530273,150.0,4980.3798828125,2566.0,82.19999694824219,2561.0,1790119083000.0,2566.0,106.89418508671224,82.19999694824219,93.4000015258789,141.0,-6.428513880819082,0.0,0.013000000268220901,2566.0
75.0,1.5299999713897705,150.0,4990.06982421875,2572.0,82.19999694824219,2567.0,1790119089000.0,2572.0,106.89415398985147,82.19999694824219,93.19999694824219,141.0,-6.428595017641783,0.0,0.019999999552965164,2572.0
76.0,1.5299999713897705,152.0,4991.5498046875,2573.0,82.19999694824219,2568.0,1790119090000.0,2573.0,106.89414359629154,82.19999694824219,93.0,141.0,-6.428604405373335,0.0,-0.11599999666213989,2573.0
77.0,1.5299999713897705,155.0,4994.52978515625,2575.0,82.0,2570.0,1790119092000.0,2575.0,106.8941252399236,82.0,92.80000305175781,140.0,-6.428624438121915,0.5,-0.09600000083446503,2575.0
78.0,1.5210000276565552,156.0,4996.02978515625,2576.0,81.80000305175781,2571.0,1790119093000.0,2576.0,106.89411669038236,81.80000305175781,92.80000305175781,140.0,-6.428635837510228,0.0,-0.0820000022649765,2576.0
79.0,1.5210000276565552,158.0,5001.93017578125,2579.0,81.80000305175781,2574.0,1790119096000.0,2579.0,106.89409355632961,81.80000305175781,92.4000015258789,140.0,-6.428683698177338,0.0,-0.05400000140070915,2579.0
77.0,1.5399999618530273,155.0,5014.72021484375,2584.0,81.0,2579.0,1790119101000.0,2584.0,106.89402214251459,81.0,90.19999694824219,140.0,-6.428780006244779,0.5,-0.13600000739097595,2584.0
77.0,1.5299999713897705,155.0,5030.77001953125,2594.0,80.4000015258789,2589.0,1790119111000.0,2594.0,106.89394637010992,80.4000015258789,90.5999984741211,140.0,-6.428905483335257,0.5,-0.06400000303983688,2594.0
77.0,1.5770000219345093,155.0,5050.77978515625,2604.0,81.5999984741211,2599.0,1790119121000.0,2604.0,106.89394008368254,81.5999984741211,95.4000015258789,142.0,-6.4290904719382524,0.5,0.11599999666213989,2604.0
77.0,1.6239999532699585,154.0,5063.47998046875,2612.0,81.5999984741211,2607.0,1790119129000.0,2612.0,106.8939021974802,81.5999984741211,97.4000015258789,144.0,-6.429199520498514,0.0,0.013000000268220901,2612.0
76.0,1.5119999647140503,152.0,5070.8701171875,2618.0,82.0,2613.0,1790119135000.0,2618.0,106.89389842562377,82.0,96.0,141.0,-6.429271353408694,0.0,0.05999999865889549,2618.0
75.0,1.4459999799728394,150.0,5077.5400390625,2623.0,81.80000305175781,2618.0,1790119140000.0,2623.0,106.89387436956167,81.80000305175781,93.4000015258789,139.0,-6.429327260702848,0.0,-0.028999999165534973,2623.0
74.0,1.409000039100647,149.0,5090.6298828125,2632.0,81.80000305175781,2627.0,1790119149000.0,2632.0,106.89385215751827,81.80000305175781,91.4000015258789,138.0,-6.4294432662427425,0.5,-0.004000000189989805,2632.0
78.0,1.4839999675750732,156.0,5106.02978515625,2642.0,80.19999694824219,2637.0,1790119159000.0,2642.0,106.89377211034298,80.19999694824219,93.4000015258789,138.0,-6.4295554999262094,0.0,-0.15600000321865082,2642.0
78.0,1.4839999675750732,156.0,5107.41015625,2643.0,80.19999694824219,2638.0,1790119160000.0,2643.0,106.893769511953,80.19999694824219,93.19999694824219,138.0,-6.429567653685808,0.0,-0.08100000023841858,2643.0
76.0,1.5019999742507935,152.0,5114.259765625,2648.0,79.80000305175781,2643.0,1790119165000.0,2648.0,106.89376297406852,79.80000305175781,92.19999694824219,137.0,-6.429629428312182,0.0,-0.06300000101327896,2648.0
76.0,1.5019999742507935,152.0,5115.47021484375,2649.0,79.80000305175781,2644.0,1790119166000.0,2649.0,106.89375752583146,79.80000305175781,91.80000305175781,137.0,-6.429639235138893,0.0,-0.11400000005960464,2649.0
74.0,1.4930000305175781,148.0,5121.919921875,2653.0,79.19999694824219,2648.0,1790119170000.0,2653.0,106.89370321109891,79.19999694824219,91.0,138.0,-6.429653065279126,0.0,-0.16099999845027924,2653.0
75.0,1.4930000305175781,150.0,5129.77978515625,2657.0,79.0,2652.0,1790119174000.0,2657.0,106.89364646561444,79.0,91.4000015258789,137.0,-6.429613418877125,0.0,-0.014999999664723873,2657.0
76.0,1.5019999742507935,153.0,5134.18017578125,2659.0,79.19999694824219,2654.0,1790119176000.0,2659.0,106.89364118501544,79.19999694824219,92.4000015258789,137.0,-6.429573018103838,0.5,0.06300000101327896,2659.0
79.0,1.6139999628067017,158.0,5148.64990234375,2665.0,79.80000305175781,2660.0,1790119182000.0,2665.0,106.89369985833764,79.80000305175781,95.5999984741211,136.0,-6.429464053362608,0.0,0.10100000351667404,2665.0
81.0,2.0429999828338623,163.0,5161.93994140625,2672.0,79.4000015258789,2667.0,1790119189000.0,2672.0,106.89372265711427,79.4000015258789,97.0,135.0,-6.429348047822714,0.5,-0.0430000014603138,2672.0
80.0,1.9220000505447388,161.0,5170.16015625,2677.0,79.5999984741211,2672.0,1790119194000.0,2677.0,106.8937557656318,79.5999984741211,96.4000015258789,138.0,-6.429282585158944,0.5,0.02500000037252903,2677.0
80.0,1.847000002861023,161.0,5175.83984375,2680.0,79.5999984741211,2675.0,1790119197000.0,2680.0,106.89377789385617,79.5999984741211,95.5999984741211,141.0,-6.42923497594893,0.5,0.01899999938905239,2680.0
79.0,1.7259999513626099,159.0,5179.490234375,2682.0,79.5999984741211,2677.0,1790119199000.0,2682.0,106.89378703013062,79.5999984741211,95.4000015258789,145.0,-6.429203292354941,0.5,-0.03200000151991844,2682.0
79.0,1.6419999599456787,159.0,5185.41015625,2685.0,79.5999984741211,2680.0,1790119202000.0,2685.0,106.89380479976535,79.5999984741211,95.4000015258789,145.0,-6.4291525818407536,0.5,-0.014999999664723873,2685.0
75.0,1.5859999656677246,150.0,5197.47021484375,2693.0,79.19999694824219,2688.0,1790119210000.0,2693.0,106.8938279338181,79.19999694824219,98.19999694824219,145.0,-6.429043365642428,0.0,-0.04600000008940697,2693.0
75.0,1.5490000247955322,150.0,5203.33984375,2697.0,79.19999694824219,2692.0,1790119214000.0,2697.0,106.89384117722511,79.19999694824219,98.5999984741211,141.0,-6.428991984575987,0.0,-0.0020000000949949026,2697.0
75.0,1.5399999618530273,150.0,5206.5498046875,2700.0,79.19999694824219,2695.0,1790119217000.0,2700.0,106.89385584555566,79.19999694824219,98.80000305175781,140.0,-6.428955439478159,0.0,0.027000000700354576,2700.0
