directDoubleCadence,directSpeed,sumMovingDuration,directTimestamp,directElevation,directCorrectedElevation,sumDistance,sumDuration,directLongitude,directUncorrectedElevation,sumElapsedDuration,directHeartRate,directFractionalCadence,directRunCadence,directLatitude,directVerticalSpeed,elapsed_s
130.0,0.0,0.0,1791066350000.0,13.0,13.0,0.0,0.0,106.82084586471319,68.4000015258789,0.0,140.0,0.0,65.0,-6.201720703393221,,0.0
130.0,1.0449999570846558,2.0,1791066352000.0,13.0,13.0,3.630000114440918,2.0,106.82087671011686,68.4000015258789,2.0,143.0,0.0,65.0,-6.201728833839297,0.03799999877810478,2.0
169.0,1.4559999704360962,4.0,1791066354000.0,13.0,13.0,9.510000228881836,4.0,106.82093043811619,68.5999984741211,4.0,146.0,0.5,84.0,-6.201739562675357,0.010999999940395355,4.0
169.0,1.9780000448226929,8.0,1791066358000.0,11.199999809265137,11.199999809265137,23.34000015258789,8.0,106.82105675339699,69.80000305175781,8.0,150.0,0.5,84.0,-6.201756075024605,-0.45100000500679016,8.0
169.0,2.052999973297119,9.0,1791066359000.0,11.199999809265137,11.199999809265137,27.010000228881836,9.0,106.82108994573355,70.0,9.0,152.0,0.5,84.0,-6.2017567455768585,-0.12399999797344208,9.0
167.0,2.3420000076293945,11.0,1791066361000.0,11.0,11.0,32.369998931884766,11.0,106.82113839313388,70.4000015258789,11.0,155.0,0.5,83.0,-6.201759427785873,-0.09700000286102295,11.0
164.0,2.2860000133514404,14.0,1791066364000.0,10.600000381469727,10.600000381469727,39.34000015258789,14.0,106.82120150886476,70.5999984741211,14.0,158.0,0.0,82.0,-6.201767306774855,-0.0989999994635582,14.0
167.0,2.0810000896453857,16.0,1791066366000.0,10.0,10.0,44.09000015258789,16.0,106.82124459184706,70.5999984741211,16.0,161.0,0.5,83.0,-6.20177292264998,-0.33000001311302185,16.0
176.0,2.1089999675750732,19.0,1791066369000.0,9.199999809265137,9.199999809265137,53.2599983215332,19.0,106.82132681831717,70.4000015258789,19.0,164.0,0.0,88.0,-6.201781472191215,-0.24799999594688416,19.0
176.0,2.183000087738037,23.0,1791066373000.0,9.0,9.0,64.91999816894531,23.0,106.82143083773553,69.4000015258789,23.0,165.0,0.0,88.0,-6.20179588906467,-0.08100000023841858,23.0
167.0,2.2209999561309814,27.0,1791066377000.0,10.0,10.0,78.70999908447266,27.0,106.82155623100698,66.4000015258789,27.0,162.0,0.5,83.0,-6.201806198805571,0.24799999594688416,27.0
165.0,2.2209999561309814,31.0,1791066381000.0,11.399999618530273,11.399999618530273,89.45999908447266,31.0,106.82165287435055,61.79999923706055,31.0,161.0,0.5,82.0,-6.201811395585537,0.35199999809265137,31.0
167.0,2.2109999656677246,40.0,1791066390000.0,13.600000381469727,13.600000381469727,106.43000030517578,40.0,106.82179645635188,53.599998474121094,40.0,162.0,0.5,83.0,-6.201872248202562,0.24899999797344208,40.0
165.0,2.127000093460083,45.0,1791066395000.0,14.800000190734863,14.800000190734863,116.02999877929688,45.0,106.82188086211681,52.400001525878906,45.0,163.0,0.5,82.0,-6.201890772208571,0.25,45.0
165.0,2.1089999675750732,48.0,1791066398000.0,15.800000190734863,15.800000190734863,122.55999755859375,48.0,106.82193978689611,51.79999923706055,48.0,165.0,0.5,82.0,-6.201891358941793,0.35100001096725464,48.0
164.0,2.127000093460083,50.0,1791066400000.0,16.399999618530273,16.399999618530273,126.81999969482422,50.0,106.82197708636522,51.20000076293945,50.0,166.0,0.0,82.0,-6.201902590692043,0.2549999952316284,50.0
169.0,2.0989999771118164,57.0,1791066407000.0,17.600000381469727,17.600000381469727,141.52999877929688,57.0,106.82210407219827,50.0,57.0,163.0,0.5,84.0,-6.201941901817918,0.18400000035762787,57.0
169.0,2.0989999771118164,58.0,1791066408000.0,17.799999237060547,17.799999237060547,143.5,58.0,106.82212142273784,50.0,58.0,162.0,0.5,84.0,-6.201947098597884,0.02500000037252903,58.0
165.0,2.1649999618530273,65.0,1791066415000.0,17.799999237060547,17.799999237060547,163.99000549316406,65.0,106.82230356149375,50.599998474121094,65.0,162.0,0.5,82.0,-6.20198062621057,0.0020000000949949026,65.0
164.0,2.2209999561309814,71.0,1791066421000.0,14.600000381469727,14.600000381469727,179.35000610351562,71.0,106.82243691757321,55.20000076293945,71.0,161.0,0.0,82.0,-6.201971909031272,-0.5099999904632568,71.0
164.0,2.239000082015991,76.0,1791066426000.0,15.0,15.0,191.6999969482422,76.0,106.82246474549174,57.0,76.0,162.0,0.0,82.0,-6.2018662970513105,0.08799999952316284,76.0
169.0,2.322999954223633,84.0,1791066434000.0,16.0,16.0,211.33999633789062,84.0,106.82250372134149,53.79999923706055,84.0,162.0,0.5,84.0,-6.201695306226611,0.1080000028014183,84.0
175.0,2.490999937057495,92.0,1791066442000.0,14.800000190734863,14.800000190734863,231.13999938964844,92.0,106.82252400554717,48.79999923706055,92.0,164.0,0.5,87.0,-6.2015176098793745,-0.15000000596046448,92.0
171.0,2.621999979019165,100.0,1791066450000.0,12.199999809265137,12.199999809265137,253.99000549316406,100.0,106.82256021536887,41.599998474121094,100.0,165.0,0.5,85.0,-6.201313594356179,-0.3269999921321869,100.0
171.0,2.6410000324249268,101.0,1791066451000.0,11.800000190734863,11.800000190734863,256.80999755859375,101.0,106.82256541214883,40.400001525878906,101.0,166.0,0.5,85.0,-6.201288616284728,-0.2619999945163727,101.0
171.0,2.6689999103546143,105.0,1791066455000.0,11.199999809265137,11.199999809265137,267.9100036621094,105.0,106.82258745655417,37.0,105.0,169.0,0.5,85.0,-6.2011907156556845,-0.17599999904632568,105.0
171.0,2.7060000896453857,110.0,1791066460000.0,10.399999618530273,10.399999618530273,281.7300109863281,110.0,106.8226036336273,33.20000076293945,110.0,171.0,0.5,85.0,-6.201066914945841,-0.1679999977350235,110.0
171.0,2.743000030517578,116.0,1791066466000.0,9.800000190734863,9.800000190734863,296.7300109863281,116.0,106.8226258456707,30.399999618530273,116.0,171.0,0.5,85.0,-6.200932888314128,-0.09000000357627869,116.0
171.0,2.743000030517578,122.0,1791066472000.0,9.399999618530273,9.399999618530273,311.9200134277344,122.0,106.8226430285722,29.0,122.0,169.0,0.5,85.0,-6.2007969338446856,-0.07100000232458115,122.0
169.0,2.743000030517578,128.0,1791066478000.0,9.0,9.0,328.1700134277344,128.0,106.82266280986369,28.200000762939453,128.0,169.0,0.5,84.0,-6.200652178376913,-0.04600000008940697,128.0
167.0,2.7339999675750732,133.0,1791066483000.0,8.199999809265137,8.199999809265137,342.4700012207031,133.0,106.8226675875485,29.0,133.0,172.0,0.5,83.0,-6.2005227617919445,-0.17599999904632568,133.0
166.0,2.7339999675750732,135.0,1791066485000.0,8.0,8.0,348.7799987792969,135.0,106.8226710241288,29.200000762939453,135.0,172.0,0.0,83.0,-6.200465681031346,-0.12700000405311584,135.0
168.0,2.7339999675750732,142.0,1791066492000.0,9.600000381469727,9.600000381469727,365.1600036621094,142.0,106.82269977405667,27.399999618530273,142.0,171.0,0.0,84.0,-6.200320590287447,0.24699999392032623,142.0
160.0,2.239000082015991,149.0,1791066499000.0,10.199999809265137,10.199999809265137,377.3999938964844,149.0,106.82268594391644,22.399999618530273,149.0,169.0,0.0,80.0,-6.200208188965917,0.08699999749660492,149.0
163.0,2.052999973297119,153.0,1791066503000.0,10.600000381469727,10.600000381469727,383.8299865722656,153.0,106.82268259115517,19.0,153.0,168.0,0.5,81.0,-6.200146330520511,0.0989999994635582,153.0
164.0,2.071000099182129,156.0,1791066506000.0,11.199999809265137,11.199999809265137,388.1499938964844,156.0,106.82270161807537,17.0,156.0,169.0,0.0,82.0,-6.200112467631698,0.17299999296665192,156.0
167.0,2.575000047683716,164.0,1791066514000.0,13.399999618530273,13.399999618530273,409.7099914550781,164.0,106.8227521609515,11.600000381469727,164.0,169.0,0.5,83.0,-6.19992203079164,0.2619999945163727,164.0
169.0,2.4260001182556152,173.0,1791066523000.0,11.199999809265137,11.199999809265137,431.07000732421875,173.0,106.8227899633348,7.800000190734863,173.0,170.0,0.5,84.0,-6.199736874550581,-0.22300000488758087,173.0
167.0,2.3420000076293945,179.0,1791066529000.0,10.600000381469727,10.600000381469727,443.55999755859375,179.0,106.82280764915049,5.199999809265137,179.0,170.0,0.5,83.0,-6.199631430208683,-0.10700000077486038,179.0
169.0,2.3329999446868896,184.0,1791066534000.0,10.0,10.0,457.1199951171875,184.0,106.82292843237519,6.0,184.0,172.0,0.5,84.0,-6.19959807023406,-0.15000000596046448,184.0
171.0,2.3329999446868896,189.0,1791066539000.0,7.400000095367432,7.400000095367432,471.4200134277344,189.0,106.82298651896417,6.599999904632568,189.0,169.0,0.5,85.0,-6.19948617182672,-0.5009999871253967,189.0
171.0,2.3510000705718994,191.0,1791066541000.0,6.400000095367432,6.400000095367432,476.92999267578125,191.0,106.82299112901092,6.599999904632568,191.0,168.0,0.5,85.0,-6.199436550959945,-0.46299999952316284,191.0
169.0,2.5380001068115234,197.0,1791066547000.0,5.0,5.0,491.8699951171875,197.0,106.82298576459289,5.199999809265137,197.0,171.0,0.5,84.0,-6.199300931766629,-0.25600001215934753,197.0
169.0,2.621999979019165,200.0,1791066550000.0,4.599999904632568,4.599999904632568,500.8800048828125,200.0,106.82300671935081,5.0,200.0,172.0,0.5,84.0,-6.199218956753612,-0.13899999856948853,200.0
171.0,2.7249999046325684,208.0,1791066558000.0,6.0,6.0,521.6599731445312,208.0,106.82302691973746,3.799999952316284,208.0,172.0,0.5,85.0,-6.19903321377933,0.1889999955892563,208.0
171.0,2.7249999046325684,209.0,1791066559000.0,6.599999904632568,6.599999904632568,524.6199951171875,209.0,106.82302499189973,3.799999952316284,209.0,173.0,0.5,85.0,-6.199006559327245,0.5139999985694885,209.0
162.0,2.5940001010894775,216.0,1791066566000.0,8.199999809265137,8.199999809265137,540.3499755859375,216.0,106.82300202548504,6.400000095367432,216.0,174.0,0.0,81.0,-6.198866916820407,0.25,216.0
167.0,2.63100004196167,223.0,1791066573000.0,8.600000381469727,8.600000381469727,561.010009765625,223.0,106.82298936881125,11.0,223.0,174.0,0.5,83.0,-6.198680503293872,0.03500000014901161,223.0
167.0,2.6410000324249268,224.0,1791066574000.0,8.399999618530273,8.399999618530273,563.97998046875,224.0,106.82298425585032,11.800000190734863,224.0,174.0,0.5,83.0,-6.1986541002988815,-0.20800000429153442,224.0
169.0,2.677999973297119,231.0,1791066581000.0,7.199999809265137,7.199999809265137,581.969970703125,231.0,106.82297503575683,15.399999618530273,231.0,175.0,0.5,84.0,-6.1984924133867025,-0.17100000381469727,231.0
169.0,2.677999973297119,234.0,1791066584000.0,6.400000095367432,6.400000095367432,592.719970703125,234.0,106.82296170853078,16.600000381469727,234.0,178.0,0.5,84.0,-6.1983955185860395,-0.24799999594688416,234.0
167.0,2.6689999103546143,237.0,1791066587000.0,5.800000190734863,5.800000190734863,602.0499877929688,237.0,106.82295827195048,19.0,237.0,177.0,0.5,83.0,-6.198311448097229,-0.20600000023841858,237.0
165.0,2.1649999618530273,242.0,1791066592000.0,5.0,5.0,614.489990234375,242.0,106.82295483537018,23.0,242.0,176.0,0.5,82.0,-6.198199214413762,-0.164000004529953,242.0
125.0,2.052999973297119,250.0,1791066600000.0,3.799999952316284,3.799999952316284,631.6500244140625,250.0,106.82295768521726,28.200000762939453,250.0,173.0,0.5,62.0,-6.198043646290898,-0.13899999856948853,250.0
132.0,1.9589999914169312,260.0,1791066610000.0,2.5999999046325684,2.5999999046325684,648.1599731445312,260.0,106.82296036742628,32.79999923706055,260.0,171.0,0.0,66.0,-6.1978948675096035,-0.1340000033378601,260.0
129.0,1.8569999933242798,269.0,1791066619000.0,0.800000011920929,0.800000011920929,660.8499755859375,269.0,106.82294050231576,35.0,269.0,168.0,0.5,64.0,-6.197782382369041,-0.1889999955892563,269.0
0.0,1.8289999961853027,270.0,1791066620000.0,0.6000000238418579,0.6000000238418579,661.9099731445312,270.0,106.82293974794447,35.400001525878906,270.0,168.0,0.0,0.0,-6.197772743180394,-0.14399999380111694,270.0
130.0,1.6050000190734863,279.0,1791066629000.0,0.0,0.0,676.4299926757812,279.0,106.8229691684246,35.0,279.0,166.0,0.0,65.0,-6.1976436618715525,-0.06300000101327896,279.0
130.0,1.6050000190734863,280.0,1791066630000.0,0.20000000298023224,0.20000000298023224,677.3300170898438,280.0,106.82297436520457,35.0,280.0,166.0,0.0,65.0,-6.197637123987079,0.08399999886751175,280.0
127.0,1.4739999771118164,285.0,1791066635000.0,0.6000000238418579,0.6000000238418579,682.5700073242188,285.0,106.82298257946968,35.400001525878906,285.0,165.0,0.5,63.0,-6.197597393766046,0.0689999982714653,285.0
128.0,1.4559999704360962,287.0,1791066637000.0,0.6000000238418579,0.6000000238418579,686.1900024414062,287.0,106.82296665385365,36.0,287.0,165.0,0.0,64.0,-6.197568895295262,-0.0010000000474974513,287.0
125.0,1.4839999675750732,292.0,1791066642000.0,0.800000011920929,0.800000011920929,691.510009765625,292.0,106.82297570630908,36.20000076293945,292.0,165.0,0.5,62.0,-6.1975232139229774,0.052000001072883606,292.0
133.0,1.4839999675750732,294.0,1791066644000.0,0.800000011920929,0.800000011920929,694.8200073242188,294.0,106.8229747004807,36.0,294.0,164.0,0.5,66.0,-6.197492955252528,0.04899999871850014,294.0
128.0,1.5210000276565552,297.0,1791066647000.0,1.2000000476837158,1.2000000476837158,699.8300170898438,297.0,106.82298065163195,35.400001525878906,297.0,164.0,0.0,64.0,-6.197448195889592,0.07500000298023224,297.0
128.0,1.5210000276565552,299.0,1791066649000.0,1.2000000476837158,1.2000000476837158,702.6900024414062,299.0,106.82298651896417,34.79999923706055,299.0,164.0,0.0,64.0,-6.197423133999109,0.07699999958276749,299.0
128.0,1.5119999647140503,303.0,1791066653000.0,2.0,2.0,709.6900024414062,303.0,106.82299045845866,34.20000076293945,303.0,164.0,0.0,64.0,-6.197360521182418,0.16699999570846558,303.0
172.0,1.6419999599456787,308.0,1791066658000.0,3.4000000953674316,3.4000000953674316,721.4500122070312,308.0,106.82301769964397,33.599998474121094,308.0,162.0,0.0,86.0,-6.19725557975471,0.2930000126361847,308.0
167.0,1.8940000534057617,311.0,1791066661000.0,4.199999809265137,4.199999809265137,727.5399780273438,311.0,106.82300713844597,33.0,311.0,164.0,0.5,83.0,-6.197191039100289,0.2840000092983246,311.0
165.0,2.0339999198913574,319.0,1791066669000.0,5.199999809265137,5.199999809265137,742.6599731445312,319.0,106.82298970408738,30.600000381469727,319.0,166.0,0.5,82.0,-6.197050977498293,0.11900000274181366,319.0
163.0,1.9869999885559082,322.0,1791066672000.0,5.400000095367432,5.400000095367432,748.3400268554688,322.0,106.82297964580357,30.799999237060547,322.0,163.0,0.5,81.0,-6.196997920051217,0.0729999989271164,322.0
165.0,2.015000104904175,328.0,1791066678000.0,6.0,6.0,768.7999877929688,328.0,106.82290848344564,29.200000762939453,328.0,163.0,0.5,82.0,-6.196812931448221,0.10199999809265137,328.0
167.0,2.062000036239624,329.0,1791066679000.0,6.199999809265137,6.199999809265137,772.25,329.0,106.82289079762995,28.0,329.0,162.0,0.5,83.0,-6.196782924234867,0.1720000058412552,329.0
169.0,2.490999937057495,337.0,1791066687000.0,7.0,7.0,792.1799926757812,337.0,106.82285961695015,21.0,337.0,162.0,0.5,84.0,-6.196605563163757,0.09000000357627869,337.0
171.0,2.4630000591278076,345.0,1791066695000.0,6.199999809265137,6.199999809265137,814.780029296875,345.0,106.82281879708171,12.800000190734863,345.0,165.0,0.5,85.0,-6.196402637287974,-0.09200000017881393,345.0
171.0,2.4730000495910645,348.0,1791066698000.0,6.0,6.0,821.77001953125,348.0,106.8228156119585,9.0,348.0,168.0,0.5,85.0,-6.196339773014188,-0.05900000035762787,348.0
171.0,2.4539999961853027,351.0,1791066701000.0,7.0,7.0,831.8499755859375,351.0,106.82281192392111,7.400000095367432,351.0,171.0,0.5,85.0,-6.196249080821872,0.3330000042915344,351.0
167.0,2.434999942779541,354.0,1791066704000.0,8.0,8.0,838.1300048828125,354.0,106.82280697859824,7.199999809265137,354.0,169.0,0.5,83.0,-6.196192586794496,0.33899998664855957,354.0
169.0,2.4630000591278076,363.0,1791066713000.0,10.800000190734863,10.800000190734863,860.3099975585938,363.0,106.8229059688747,14.199999809265137,363.0,171.0,0.5,84.0,-6.195991840213537,0.31200000643730164,363.0
167.0,2.434999942779541,372.0,1791066722000.0,11.600000381469727,11.600000381469727,881.4199829101562,372.0,106.82291015982628,23.399999618530273,372.0,170.0,0.5,83.0,-6.195800816640258,0.07599999755620956,372.0
167.0,2.444999933242798,376.0,1791066726000.0,11.0,11.0,890.4199829101562,376.0,106.8228985927999,25.600000381469727,376.0,170.0,0.5,83.0,-6.195720266550779,-0.1120000034570694,376.0
169.0,2.434999942779541,384.0,1791066734000.0,8.0,8.0,908.6300048828125,384.0,106.82282944209874,27.399999618530273,384.0,173.0,0.5,84.0,-6.195579366758466,-0.38100001215934753,384.0
169.0,2.4260001182556152,392.0,1791066742000.0,8.800000190734863,8.800000190734863,925.530029296875,392.0,106.8227056413889,26.200000762939453,392.0,174.0,0.5,84.0,-6.1954905185848475,0.08799999952316284,392.0
166.0,2.3889999389648438,399.0,1791066749000.0,10.600000381469727,10.600000381469727,941.4099731445312,399.0,106.82257731445134,26.200000762939453,399.0,173.0,0.0,83.0,-6.1954256426543,0.2709999978542328,399.0
167.0,2.3610000610351562,407.0,1791066757000.0,9.800000190734863,9.800000190734863,958.5,407.0,106.82248796336353,26.200000762939453,407.0,174.0,0.5,83.0,-6.195299159735441,-0.09000000357627869,407.0
167.0,2.3329999446868896,412.0,1791066762000.0,9.0,9.0,970.2899780273438,412.0,106.82244722731411,25.799999237060547,412.0,171.0,0.5,83.0,-6.195198995992541,-0.15800000727176666,412.0
171.0,2.322999954223633,416.0,1791066766000.0,8.800000190734863,8.800000190734863,978.8300170898438,416.0,106.8224199861288,25.200000762939453,416.0,172.0,0.5,85.0,-6.195126660168171,-0.0860000029206276,416.0
171.0,2.3329999446868896,423.0,1791066773000.0,5.400000095367432,5.400000095367432,999.1799926757812,423.0,106.82240573689342,25.0,423.0,171.0,0.5,85.0,-6.1949447728693485,-0.49000000953674316,423.0
171.0,2.3329999446868896,424.0,1791066774000.0,4.800000190734863,4.800000190734863,1001.760009765625,424.0,106.82241261005402,25.200000762939453,424.0,171.0,0.5,85.0,-6.194921722635627,-0.4480000138282776,424.0
167.0,2.369999885559082,432.0,1791066782000.0,5.599999904632568,5.599999904632568,1022.239990234375,432.0,106.82242585346103,26.0,432.0,172.0,0.5,83.0,-6.194737488403916,0.07999999821186066,432.0
169.0,2.378999948501587,435.0,1791066785000.0,6.199999809265137,6.199999809265137,1029.5799560546875,435.0,106.82240749709308,26.200000762939453,435.0,172.0,0.5,84.0,-6.1946752946823835,0.2460000067949295,435.0
169.0,2.3980000019073486,443.0,1791066793000.0,9.199999809265137,9.199999809265137,1047.6199951171875,443.0,106.8223047349602,27.399999618530273,443.0,175.0,0.5,84.0,-6.194551242515445,0.3619999885559082,443.0
167.0,2.369999885559082,451.0,1791066801000.0,9.199999809265137,9.199999809265137,1066.52001953125,451.0,106.82213701307774,30.399999618530273,451.0,176.0,0.5,83.0,-6.194525677710772,0.0010000000474974513,451.0
167.0,2.3420000076293945,458.0,1791066808000.0,8.399999618530273,8.399999618530273,1089.239990234375,458.0,106.821931572631,31.799999237060547,458.0,173.0,0.5,83.0,-6.194592732936144,-0.10300000011920929,458.0
167.0,2.3510000705718994,459.0,1791066809000.0,8.600000381469727,8.600000381469727,1092.3399658203125,459.0,106.82190332561731,32.0,459.0,174.0,0.5,83.0,-6.1946001928299665,0.2460000067949295,459.0
171.0,2.4170000553131104,463.0,1791066813000.0,10.399999618530273,10.399999618530273,1103.1800537109375,463.0,106.82180944830179,32.400001525878906,463.0,174.0,0.5,85.0,-6.194583512842655,0.42500001192092896,463.0
169.0,2.4070000648498535,464.0,1791066814000.0,10.399999618530273,10.399999618530273,1104.5999755859375,464.0,106.82179905474186,33.79999923706055,464.0,174.0,0.5,84.0,-6.1945760529488325,-0.07500000298023224,464.0
164.0,2.3420000076293945,468.0,1791066818000.0,9.199999809265137,9.199999809265137,1116.6300048828125,468.0,106.82168841362,36.79999923706055,468.0,174.0,0.0,82.0,-6.194563144817948,-0.25999999046325684,468.0
164.0,2.3420000076293945,469.0,1791066819000.0,9.0,9.0,1120.3399658203125,469.0,106.82165681384504,37.20000076293945,469.0,173.0,0.0,82.0,-6.194549817591906,-0.3409999907016754,469.0
167.0,2.3329999446868896,477.0,1791066827000.0,9.199999809265137,9.199999809265137,1142.3599853515625,477.0,106.82146176695824,39.599998474121094,477.0,172.0,0.5,83.0,-6.194486366584897,0.023000000044703484,477.0
165.0,2.322999954223633,481.0,1791066831000.0,9.600000381469727,9.600000381469727,1151.3199462890625,481.0,106.82138230651617,40.599998474121094,481.0,169.0,0.5,82.0,-6.194439008831978,0.0989999994635582,481.0
165.0,2.313999891281128,482.0,1791066832000.0,9.800000190734863,9.800000190734863,1152.8800048828125,482.0,106.82136973366141,40.599998474121094,482.0,172.0,0.5,82.0,-6.194413611665368,0.3199999928474426,482.0
163.0,2.3329999446868896,485.0,1791066835000.0,10.199999809265137,10.199999809265137,1161.1400146484375,485.0,106.82130091823637,40.79999923706055,485.0,172.0,0.5,81.0,-6.194369522854686,0.1289999932050705,485.0
167.0,2.500999927520752,492.0,1791066842000.0,9.600000381469727,9.600000381469727,1183.22998046875,492.0,106.82110846973956,45.0,492.0,172.0,0.5,83.0,-6.194309424608946,-0.09600000083446503,492.0
169.0,2.5380001068115234,495.0,1791066845000.0,9.199999809265137,9.199999809265137,1189.949951171875,495.0,106.82105029933155,47.20000076293945,495.0,172.0,0.5,84.0,-6.194287212565541,-0.1289999932050705,495.0
167.0,2.575000047683716,502.0,1791066852000.0,7.0,7.0,1205.6500244140625,502.0,106.8208992574364,51.20000076293945,502.0,173.0,0.5,83.0,-6.194298947229981,-0.3009999990463257,502.0
163.0,2.556999921798706,503.0,1791066853000.0,7.0,7.0,1207.719970703125,503.0,106.82088618166745,51.0,503.0,174.0,0.5,81.0,-6.194284446537495,-0.041999999433755875,503.0
163.0,2.2019999027252197,507.0,1791066857000.0,7.400000095367432,7.400000095367432,1214.8699951171875,507.0,106.82092918083072,50.0,507.0,173.0,0.5,81.0,-6.194274639710784,0.10400000214576721,507.0
165.0,2.118000030517578,516.0,1791066866000.0,9.600000381469727,9.600000381469727,1235.56005859375,516.0,106.82111416943371,49.0,516.0,173.0,0.5,82.0,-6.1943048145622015,0.24799999594688416,516.0
164.0,2.239000082015991,524.0,1791066874000.0,9.600000381469727,9.600000381469727,1254.5,524.0,106.82127200067043,47.599998474121094,524.0,176.0,0.0,82.0,-6.194408163428307,-0.013000000268220901,524.0
164.0,2.2019999027252197,533.0,1791066883000.0,9.399999618530273,9.399999618530273,1276.739990234375,533.0,106.8214669637382,46.400001525878906,533.0,175.0,0.0,82.0,-6.194469770416617,-0.020999999716877937,533.0
163.0,2.369999885559082,537.0,1791066887000.0,9.199999809265137,9.199999809265137,1298.1099853515625,537.0,106.82166083715856,46.79999923706055,537.0,175.0,0.5,81.0,-6.194432219490409,-0.01899999938905239,537.0
162.0,2.0429999828338623,541.0,1791066891000.0,10.0,10.0,1308.469970703125,541.0,106.8217553012073,47.599998474121094,541.0,172.0,0.0,81.0,-6.194418892264366,0.17399999499320984,541.0
161.0,2.0429999828338623,542.0,1791066892000.0,10.199999809265137,10.199999809265137,1310.8699951171875,542.0,106.82177701033652,47.599998474121094,542.0,172.0,0.5,80.0,-6.194417970255017,0.1589999943971634,542.0
138.0,2.0429999828338623,547.0,1791066897000.0,11.0,11.0,1323.469970703125,547.0,106.82189050130546,46.79999923706055,547.0,169.0,0.0,69.0,-6.194410677999258,0.16300000250339508,547.0
127.0,1.8940000534057617,552.0,1791066902000.0,11.600000381469727,11.600000381469727,1336.7099609375,552.0,106.82200893759727,45.599998474121094,552.0,167.0,0.5,63.0,-6.194392656907439,0.13500000536441803,552.0
128.0,1.809999942779541,563.0,1791066913000.0,11.800000190734863,11.800000190734863,1356.3699951171875,563.0,106.82218420319259,43.400001525878906,563.0,167.0,0.0,64.0,-6.194416796788573,0.017999999225139618,563.0
125.0,1.8849999904632568,571.0,1791066921000.0,12.0,12.0,1377.6300048828125,571.0,106.8223769031465,38.599998474121094,571.0,168.0,0.5,62.0,-6.194423334673047,0.009999999776482582,571.0
127.0,1.8849999904632568,573.0,1791066923000.0,12.399999618530273,12.399999618530273,1380.1600341796875,573.0,106.82240003719926,38.0,573.0,168.0,0.5,63.0,-6.194399194791913,0.22100000083446503,573.0
129.0,1.8380000591278076,584.0,1791066934000.0,10.399999618530273,10.399999618530273,1395.8199462890625,584.0,106.8225343991071,39.400001525878906,584.0,168.0,0.5,64.0,-6.1944464687258005,-0.1860000044107437,584.0
122.0,1.7730000019073486,593.0,1791066943000.0,8.600000381469727,8.600000381469727,1406.030029296875,593.0,106.82262165471911,37.79999923706055,593.0,165.0,0.0,61.0,-6.194490306079388,-0.19099999964237213,593.0
0.0,1.7640000581741333,594.0,1791066944000.0,8.600000381469727,8.600000381469727,1406.7900390625,594.0,106.82262844406068,37.400001525878906,594.0,165.0,0.0,0.0,-6.1944888811558485,-0.09099999815225601,594.0
121.0,1.6979999542236328,598.0,1791066948000.0,8.600000381469727,8.600000381469727,1412.1800537109375,598.0,106.82266448624432,35.599998474121094,598.0,164.0,0.5,60.0,-6.194450575858355,0.04500000178813934,598.0
122.0,1.6519999504089355,601.0,1791066951000.0,8.800000190734863,8.800000190734863,1416.280029296875,601.0,106.82268896140158,35.0,601.0,163.0,0.0,61.0,-6.194422831758857,0.05299999937415123,601.0
159.0,1.875,609.0,1791066959000.0,9.800000190734863,9.800000190734863,1432.7099609375,609.0,106.82278476655483,32.599998474121094,609.0,162.0,0.5,79.0,-6.1943100951612,0.11100000143051147,609.0
164.0,2.0899999141693115,613.0,1791066963000.0,10.800000190734863,10.800000190734863,1442.5,613.0,106.82283195666969,32.400001525878906,613.0,165.0,0.0,82.0,-6.194235077127814,0.25999999046325684,613.0
166.0,2.1740000247955322,616.0,1791066966000.0,11.600000381469727,11.600000381469727,1449.81005859375,616.0,106.8228660710156,32.599998474121094,616.0,162.0,0.0,83.0,-6.194178499281406,0.27000001072883606,616.0
166.0,2.2019999027252197,617.0,1791066967000.0,11.800000190734863,11.800000190734863,1452.2900390625,617.0,106.82287696748972,32.599998474121094,617.0,162.0,0.0,83.0,-6.194158801808953,0.16300000250339508,617.0
169.0,2.313999891281128,623.0,1791066973000.0,12.199999809265137,12.199999809265137,1464.6700439453125,623.0,106.82293765246868,32.599998474121094,623.0,161.0,0.5,84.0,-6.194065511226654,0.07400000095367432,623.0
169.0,2.313999891281128,624.0,1791066974000.0,12.600000381469727,12.600000381469727,1466.93994140625,624.0,106.82294117286801,32.400001525878906,624.0,161.0,0.5,84.0,-6.194045143201947,0.47200000286102295,624.0
165.0,2.257999897003174,630.0,1791066980000.0,17.600000381469727,17.600000381469727,1479.5999755859375,630.0,106.82290454395115,30.200000762939453,630.0,161.0,0.5,82.0,-6.193927293643355,0.8339999914169312,630.0
165.0,2.257999897003174,638.0,1791066988000.0,23.399999618530273,23.399999618530273,1499.6199951171875,638.0,106.8228502292186,26.600000381469727,638.0,161.0,0.5,82.0,-6.193745071068406,0.7089999914169312,638.0
165.0,2.1649999618530273,640.0,1791066990000.0,23.399999618530273,23.399999618530273,1503.1199951171875,640.0,106.82284846901894,25.799999237060547,640.0,162.0,0.5,82.0,-6.193713471293449,0.06300000101327896,640.0
165.0,2.1649999618530273,649.0,1791066999000.0,24.0,24.0,1522.0899658203125,649.0,106.82282952591777,23.600000381469727,649.0,164.0,0.5,82.0,-6.193542145192623,0.04899999871850014,649.0
165.0,2.1649999618530273,658.0,1791067008000.0,18.0,18.0,1544.47998046875,658.0,106.82273053564131,20.200000762939453,658.0,164.0,0.5,82.0,-6.193336872383952,-0.6650000214576721,658.0
164.0,2.13700008392334,666.0,1791067016000.0,14.399999618530273,14.399999618530273,1559.699951171875,666.0,106.8226707726717,17.200000762939453,666.0,162.0,0.0,82.0,-6.193186584860086,-0.43299999833106995,666.0
161.0,2.1549999713897705,674.0,1791067024000.0,11.600000381469727,11.600000381469727,1579.6700439453125,674.0,106.82259357534349,13.0,674.0,165.0,0.5,80.0,-6.193007882684469,-0.3499999940395355,674.0
165.0,2.1649999618530273,678.0,1791067028000.0,10.800000190734863,10.800000190734863,1589.6700439453125,678.0,106.82252710685134,8.0,678.0,168.0,0.5,82.0,-6.19291459210217,-0.1940000057220459,678.0
169.0,2.3510000705718994,682.0,1791067032000.0,9.800000190734863,9.800000190734863,1602.3299560546875,682.0,106.82246566750109,-0.6000000238418579,682.0,170.0,0.5,84.0,-6.192803448066115,-0.2460000067949295,682.0
164.0,2.378999948501587,691.0,1791067041000.0,7.400000095367432,7.400000095367432,1622.719970703125,691.0,106.8224392645061,-22.399999618530273,691.0,172.0,0.0,82.0,-6.192621476948261,-0.28600001335144043,691.0
164.0,2.3510000705718994,693.0,1791067043000.0,6.800000190734863,6.800000190734863,1627.219970703125,693.0,106.82245636358857,-25.0,693.0,173.0,0.0,82.0,-6.1925828363746405,-0.27000001072883606,693.0
165.0,2.4630000591278076,700.0,1791067050000.0,4.199999809265137,4.199999809265137,1647.6400146484375,700.0,106.82241696864367,-30.0,700.0,174.0,0.5,82.0,-6.192400781437755,-0.375,700.0
165.0,2.4730000495910645,701.0,1791067051000.0,4.400000095367432,4.400000095367432,1650.27001953125,701.0,106.82241763919592,-31.0,701.0,173.0,0.5,82.0,-6.192377060651779,0.25600001215934753,701.0
167.0,2.4820001125335693,705.0,1791067055000.0,4.599999904632568,4.599999904632568,1652.989990234375,705.0,106.8224942497909,-34.400001525878906,705.0,170.0,0.5,83.0,-6.192364739254117,0.032999999821186066,705.0
165.0,2.4820001125335693,711.0,1791067061000.0,5.599999904632568,5.599999904632568,1664.2099609375,711.0,106.82249802164733,-34.599998474121094,711.0,167.0,0.5,82.0,-6.1922629829496145,0.18299999833106995,711.0
165.0,2.313999891281128,721.0,1791067071000.0,6.400000095367432,6.400000095367432,1681.780029296875,721.0,106.82254110462964,-33.0,721.0,166.0,0.5,82.0,-6.192104732617736,0.06700000166893005,721.0
165.0,2.239000082015991,730.0,1791067080000.0,8.600000381469727,8.600000381469727,1693.949951171875,730.0,106.8226641509682,-29.600000381469727,730.0,163.0,0.5,82.0,-6.19198814034462,0.25600001215934753,730.0
163.0,2.249000072479248,733.0,1791067083000.0,10.600000381469727,10.600000381469727,1699.8499755859375,733.0,106.82275936938822,-27.799999237060547,733.0,163.0,0.5,81.0,-6.19193977676332,0.6850000023841858,733.0
161.0,2.2300000190734863,740.0,1791067090000.0,10.800000190734863,10.800000190734863,1721.0899658203125,740.0,106.82282290421426,-18.799999237060547,740.0,166.0,0.5,80.0,-6.191752525046468,0.03200000151991844,740.0
163.0,2.2109999656677246,743.0,1791067093000.0,10.199999809265137,10.199999809265137,1726.8499755859375,743.0,106.82281292974949,-14.399999618530273,743.0,169.0,0.5,81.0,-6.1917010601609945,-0.25699999928474426,743.0
163.0,2.257999897003174,745.0,1791067095000.0,9.600000381469727,9.600000381469727,1731.5,745.0,106.8228103313595,-12.800000190734863,745.0,169.0,0.5,81.0,-6.191659066826105,-0.2549999952316284,745.0
163.0,2.2209999561309814,750.0,1791067100000.0,9.399999618530273,9.399999618530273,1738.1300048828125,750.0,106.82281695306301,-10.399999618530273,750.0,166.0,0.5,81.0,-6.191599136218429,-0.05400000140070915,750.0
165.0,2.071000099182129,759.0,1791067109000.0,7.199999809265137,7.199999809265137,1753.300048828125,759.0,106.82281854562461,0.20000000298023224,759.0,169.0,0.5,82.0,-6.191461756825447,-0.24300000071525574,759.0
166.0,2.0899999141693115,770.0,1791067120000.0,4.599999904632568,4.599999904632568,1772.1099853515625,770.0,106.82283338159323,7.199999809265137,770.0,169.0,0.0,83.0,-6.191290430724621,-0.22599999606609344,770.0
159.0,2.062000036239624,779.0,1791067129000.0,3.5999999046325684,3.5999999046325684,1789.5,779.0,106.82285442017019,16.399999618530273,779.0,170.0,0.5,79.0,-6.191133353859186,-0.10899999737739563,779.0
159.0,1.902999997138977,784.0,1791067134000.0,2.799999952316284,2.799999952316284,1800.1199951171875,784.0,106.8228399194777,21.399999618530273,784.0,169.0,0.5,79.0,-6.1910387221723795,-0.18799999356269836,784.0
163.0,1.8660000562667847,785.0,1791067135000.0,2.5999999046325684,2.5999999046325684,1801.9300537109375,785.0,106.82284528389573,23.0,785.0,169.0,0.5,81.0,-6.191023048013449,-0.15299999713897705,785.0
163.0,1.6799999475479126,795.0,1791067145000.0,2.5999999046325684,2.5999999046325684,1821.969970703125,795.0,106.82288962416351,27.200000762939453,795.0,168.0,0.5,81.0,-6.190849458798766,0.008999999612569809,795.0
165.0,1.819000005722046,803.0,1791067153000.0,2.200000047683716,2.200000047683716,1839.3499755859375,803.0,106.82288392446935,32.0,803.0,168.0,0.5,82.0,-6.190694561228156,-0.0560000017285347,803.0
165.0,2.015000104904175,810.0,1791067160000.0,1.7999999523162842,1.7999999523162842,1851.239990234375,810.0,106.82285534217954,24.600000381469727,810.0,171.0,0.5,82.0,-6.190589871257544,-0.05299999937415123,810.0
163.0,2.0250000953674316,814.0,1791067164000.0,2.0,2.0,1858.6199951171875,814.0,106.82286246679723,22.799999237060547,814.0,172.0,0.5,81.0,-6.190523486584425,0.01899999938905239,814.0
165.0,1.9780000448226929,824.0,1791067174000.0,3.799999952316284,3.799999952316284,1874.4599609375,824.0,106.82286892086267,22.399999618530273,824.0,170.0,0.5,82.0,-6.190382670611143,0.19499999284744263,824.0
161.0,2.015000104904175,834.0,1791067184000.0,8.0,8.0,1895.4599609375,834.0,106.82285190559924,23.0,834.0,169.0,0.5,80.0,-6.190194161608815,0.4009999930858612,834.0
161.0,2.015000104904175,835.0,1791067185000.0,8.199999809265137,8.199999809265137,1897.050048828125,835.0,106.82285609655082,23.0,835.0,168.0,0.5,80.0,-6.190179996192455,0.2280000001192093,835.0
163.0,2.0810000896453857,843.0,1791067193000.0,10.399999618530273,10.399999618530273,1914.3199462890625,843.0,106.82285089977086,20.399999618530273,843.0,168.0,0.5,81.0,-6.190026272088289,0.27399998903274536,843.0
145.0,2.0899999141693115,849.0,1791067199000.0,11.399999618530273,11.399999618530273,1926.719970703125,849.0,106.8228317052126,19.200000762939453,849.0,167.0,0.5,72.0,-6.18991831317544,0.1720000058412552,849.0
132.0,1.940999984741211,858.0,1791067208000.0,10.199999809265137,10.199999809265137,1943.0400390625,858.0,106.82285265997052,17.600000381469727,858.0,166.0,0.0,66.0,-6.189772132784128,-0.12800000607967377,858.0
122.0,1.8009999990463257,868.0,1791067218000.0,8.600000381469727,8.600000381469727,1960.4000244140625,868.0,106.8228571023792,15.800000190734863,868.0,164.0,0.0,61.0,-6.189615223556757,-0.16500000655651093,868.0
129.0,1.7079999446868896,876.0,1791067226000.0,7.0,7.0,1972.9300537109375,876.0,106.82285693474114,15.399999618530273,876.0,164.0,0.5,64.0,-6.189501229673624,-0.20499999821186066,876.0
122.0,1.7079999446868896,884.0,1791067234000.0,5.0,5.0,1987.43994140625,884.0,106.82284922339022,17.799999237060547,884.0,165.0,0.0,61.0,-6.189373405650258,-0.2409999966621399,884.0
122.0,1.6979999542236328,887.0,1791067237000.0,4.800000190734863,4.800000190734863,1991.9100341796875,887.0,106.82285115122795,19.799999237060547,887.0,165.0,0.0,61.0,-6.189333340153098,-0.06199999898672104,887.0
122.0,1.6799999475479126,889.0,1791067239000.0,4.800000190734863,4.800000190734863,1995.6500244140625,889.0,106.82285768911242,21.799999237060547,889.0,164.0,0.0,61.0,-6.189299980178475,-0.03700000047683716,889.0
125.0,1.6799999475479126,893.0,1791067243000.0,4.400000095367432,4.400000095367432,2000.989990234375,893.0,106.82283799163997,25.200000762939453,893.0,164.0,0.5,62.0,-6.1892566457390785,-0.07400000095367432,893.0
128.0,1.6699999570846558,894.0,1791067244000.0,4.400000095367432,4.400000095367432,2001.9000244140625,894.0,106.82283438742161,25.799999237060547,894.0,163.0,0.0,64.0,-6.189248599112034,-0.054999999701976776,894.0
128.0,1.6699999570846558,898.0,1791067248000.0,4.199999809265137,4.199999809265137,2008.5799560546875,898.0,106.82282893918455,26.399999618530273,898.0,160.0,0.0,64.0,-6.189188500866294,-0.06400000303983688,898.0
0.0,1.6610000133514404,903.0,1791067253000.0,3.799999952316284,3.799999952316284,2018.0400390625,903.0,106.82281712070107,26.200000762939453,903.0,160.0,0.0,0.0,-6.189104346558452,-0.05900000035762787,903.0
167.0,1.6890000104904175,908.0,1791067258000.0,6.199999809265137,6.199999809265137,2031.530029296875,908.0,106.82282516732812,25.799999237060547,908.0,163.0,0.5,83.0,-6.188983311876655,0.4950000047683716,908.0
167.0,1.819000005722046,910.0,1791067260000.0,7.800000190734863,7.800000190734863,2037.9300537109375,910.0,106.82281795889139,25.600000381469727,910.0,161.0,0.5,83.0,-6.18892589583993,0.7099999785423279,910.0
169.0,2.1740000247955322,914.0,1791067264000.0,10.399999618530273,10.399999618530273,2050.739990234375,914.0,106.82284209877253,25.600000381469727,914.0,164.0,0.5,84.0,-6.188810141757131,0.6869999766349792,914.0
166.0,2.2950000762939453,917.0,1791067267000.0,11.399999618530273,11.399999618530273,2061.110107421875,917.0,106.8228586949408,25.600000381469727,917.0,163.0,0.0,83.0,-6.188717521727085,0.3310000002384186,917.0
166.0,2.239000082015991,925.0,1791067275000.0,12.800000190734863,12.800000190734863,2079.85009765625,925.0,106.82287160307169,29.200000762939453,925.0,162.0,0.0,83.0,-6.188549296930432,0.1770000010728836,925.0
171.0,2.2950000762939453,929.0,1791067279000.0,11.199999809265137,11.199999809265137,2090.110107421875,929.0,106.82288811542094,31.399999618530273,929.0,165.0,0.5,85.0,-6.188458101823926,-0.40799999237060547,929.0
164.0,2.183000087738037,932.0,1791067282000.0,10.0,10.0,2095.110107421875,932.0,106.82288199663162,32.599998474121094,932.0,166.0,0.0,82.0,-6.18841334246099,-0.4440000057220459,932.0
165.0,2.0429999828338623,940.0,1791067290000.0,5.400000095367432,5.400000095367432,2112.280029296875,940.0,106.82288945652544,35.79999923706055,940.0,163.0,0.5,82.0,-6.188258612528443,-0.550000011920929,940.0
164.0,2.0429999828338623,941.0,1791067291000.0,5.0,5.0,2114.919921875,941.0,106.82289230637252,36.0,941.0,163.0,0.0,82.0,-6.1882349755615,-0.49000000953674316,941.0
166.0,2.1089999675750732,948.0,1791067298000.0,2.5999999046325684,2.5999999046325684,2128.550048828125,948.0,106.82281888090074,35.400001525878906,948.0,165.0,0.0,83.0,-6.18811771273613,-0.34200000762939453,948.0
163.0,2.071000099182129,959.0,1791067309000.0,0.6000000238418579,0.6000000238418579,2146.18994140625,959.0,106.8227897118777,36.20000076293945,959.0,163.0,0.5,81.0,-6.187956612557173,-0.1770000010728836,959.0
164.0,2.052999973297119,963.0,1791067313000.0,0.4000000059604645,0.4000000059604645,2153.909912109375,963.0,106.8227913044393,39.79999923706055,963.0,162.0,0.0,82.0,-6.187892658635974,-0.0560000017285347,963.0
166.0,2.052999973297119,965.0,1791067315000.0,0.4000000059604645,0.4000000059604645,2155.8701171875,965.0,106.82277563028038,41.400001525878906,965.0,161.0,0.0,83.0,-6.187879918143153,-0.050999999046325684,965.0
166.0,2.0250000953674316,970.0,1791067320000.0,0.20000000298023224,0.20000000298023224,2168.4599609375,970.0,106.82282315567136,44.599998474121094,970.0,163.0,0.0,83.0,-6.187780173495412,-0.03799999877810478,970.0
169.0,2.193000078201294,977.0,1791067327000.0,1.2000000476837158,1.2000000476837158,2189.43994140625,977.0,106.82285743765533,45.400001525878906,977.0,167.0,0.5,84.0,-6.187593676149845,0.14300000667572021,977.0
169.0,2.2209999561309814,978.0,1791067328000.0,1.2000000476837158,1.2000000476837158,2191.679931640625,978.0,106.82286598719656,45.20000076293945,978.0,165.0,0.5,84.0,-6.187574230134487,0.11800000071525574,978.0
164.0,2.313999891281128,987.0,1791067337000.0,3.4000000953674316,3.4000000953674316,2211.169921875,987.0,106.82289557531476,43.0,987.0,168.0,0.0,82.0,-6.187399802729487,0.2409999966621399,987.0
164.0,2.2860000133514404,989.0,1791067339000.0,4.0,4.0,2214.919921875,989.0,106.82290127500892,42.20000076293945,989.0,170.0,0.0,82.0,-6.1873661912977695,0.3230000138282776,989.0
166.0,2.239000082015991,993.0,1791067343000.0,5.599999904632568,5.599999904632568,2223.3701171875,993.0,106.82290881872177,40.79999923706055,993.0,173.0,0.0,83.0,-6.1872899159789085,0.3569999933242798,993.0
164.0,2.1089999675750732,1000.0,1791067350000.0,7.599999904632568,7.599999904632568,2235.679931640625,1000.0,106.82293773628771,37.400001525878906,1000.0,172.0,0.0,82.0,-6.187180280685425,0.31200000643730164,1000.0
163.0,1.9500000476837158,1010.0,1791067360000.0,9.199999809265137,9.199999809265137,2255.489990234375,1010.0,106.82302901521325,31.200000762939453,1010.0,171.0,0.5,81.0,-6.187038877978921,0.1469999998807907,1010.0
161.0,1.9500000476837158,1015.0,1791067365000.0,9.800000190734863,9.800000190734863,2269.64990234375,1015.0,106.8231269158423,30.399999618530273,1015.0,171.0,0.5,80.0,-6.187107274308801,0.14100000262260437,1015.0
161.0,1.9500000476837158,1018.0,1791067368000.0,9.399999618530273,9.399999618530273,2276.409912109375,1018.0,106.82313957251608,30.0,1018.0,169.0,0.5,80.0,-6.187166199088097,-0.1550000011920929,1018.0
166.0,1.9500000476837158,1021.0,1791067371000.0,8.600000381469727,8.600000381469727,2280.97998046875,1021.0,106.82313823141158,29.0,1021.0,167.0,0.0,83.0,-6.1872077733278275,-0.2529999911785126,1021.0
169.0,1.940999984741211,1025.0,1791067375000.0,7.199999809265137,7.199999809265137,2289.8701171875,1025.0,106.82313487865031,27.399999618530273,1025.0,164.0,0.5,84.0,-6.1872881557792425,-0.36800000071525574,1025.0
171.0,1.9500000476837158,1028.0,1791067378000.0,6.0,6.0,2297.10009765625,1028.0,106.82312750257552,26.399999618530273,1028.0,164.0,0.5,85.0,-6.1873535346239805,-0.4099999964237213,1028.0
166.0,2.071000099182129,1036.0,1791067386000.0,3.5999999046325684,3.5999999046325684,2315.389892578125,1036.0,106.82312306016684,25.0,1036.0,166.0,0.0,83.0,-6.187519831582904,-0.28200000524520874,1036.0
166.0,2.13700008392334,1040.0,1791067390000.0,2.799999952316284,2.799999952316284,2324.510009765625,1040.0,106.8231332860887,24.799999237060547,1040.0,170.0,0.0,83.0,-6.187603315338492,-0.2070000022649765,1040.0
163.0,2.183000087738037,1046.0,1791067396000.0,2.200000047683716,2.200000047683716,2337.169921875,1046.0,106.82315139099956,25.399999618530273,1046.0,167.0,0.5,81.0,-6.1877181474119425,-0.11999999731779099,1046.0
166.0,2.183000087738037,1050.0,1791067400000.0,2.4000000953674316,2.4000000953674316,2344.429931640625,1050.0,106.82315373793244,27.200000762939453,1050.0,168.0,0.0,83.0,-6.187781933695078,0.06199999898672104,1050.0
164.0,2.1549999713897705,1053.0,1791067403000.0,2.5999999046325684,2.5999999046325684,2348.6298828125,1053.0,106.82317553088069,28.200000762939453,1053.0,171.0,0.0,82.0,-6.187818143516779,0.09600000083446503,1053.0
163.0,2.052999973297119,1060.0,1791067410000.0,4.599999904632568,4.599999904632568,2366.320068359375,1060.0,106.82328843511641,36.0,1060.0,170.0,0.5,81.0,-6.187966503202915,0.26499998569488525,1060.0
166.0,2.071000099182129,1068.0,1791067418000.0,6.599999904632568,6.599999904632568,2383.510009765625,1068.0,106.82328156195581,43.0,1068.0,171.0,0.0,83.0,-6.188120059669018,0.25200000405311584,1068.0
161.0,2.13700008392334,1076.0,1791067426000.0,8.0,8.0,2401.669921875,1076.0,106.8232461065054,43.79999923706055,1076.0,170.0,0.5,80.0,-6.188279567286372,0.1899999976158142,1076.0
161.0,2.071000099182129,1085.0,1791067435000.0,12.800000190734863,12.800000190734863,2419.030029296875,1085.0,106.82318810373545,47.20000076293945,1085.0,169.0,0.5,80.0,-6.188426753506064,0.5299999713897705,1085.0
163.0,2.0429999828338623,1093.0,1791067443000.0,14.800000190734863,14.800000190734863,2435.780029296875,1093.0,106.82316337712109,50.0,1093.0,169.0,0.5,81.0,-6.188575280830264,0.23999999463558197,1093.0
159.0,2.0339999198913574,1104.0,1791067454000.0,12.399999618530273,12.399999618530273,2457.800048828125,1104.0,106.82314183562994,53.79999923706055,1104.0,169.0,0.5,79.0,-6.188773596659303,-0.21299999952316284,1104.0
159.0,2.0429999828338623,1113.0,1791067463000.0,8.399999618530273,8.399999618530273,2475.85009765625,1113.0,106.82310202158988,54.20000076293945,1113.0,170.0,0.5,79.0,-6.188937462866306,-0.4399999976158142,1113.0
161.0,2.0339999198913574,1121.0,1791067471000.0,4.800000190734863,4.800000190734863,2491.610107421875,1121.0,106.82307385839522,47.0,1121.0,170.0,0.5,80.0,-6.1890781950205564,-0.4560000002384186,1121.0
163.0,2.015000104904175,1129.0,1791067479000.0,5.400000095367432,5.400000095367432,2506.570068359375,1129.0,106.82306723669171,41.400001525878906,1129.0,169.0,0.5,81.0,-6.189213311299682,0.07500000298023224,1129.0
165.0,2.00600004196167,1139.0,1791067489000.0,6.800000190734863,6.800000190734863,2526.330078125,1139.0,106.82305600494146,34.599998474121094,1139.0,169.0,0.5,82.0,-6.189392264932394,0.14499999582767487,1139.0
142.0,1.9869999885559082,1146.0,1791067496000.0,8.0,8.0,2539.550048828125,1146.0,106.82307218201458,31.399999618530273,1146.0,170.0,0.0,71.0,-6.189509527757764,0.1770000010728836,1146.0
0.0,1.8849999904632568,1154.0,1791067504000.0,9.0,9.0,2552.97998046875,1154.0,106.82306975126266,26.399999618530273,1154.0,169.0,0.0,0.0,-6.18962955661118,0.1080000028014183,1154.0
167.0,1.9780000448226929,1163.0,1791067513000.0,10.800000190734863,10.800000190734863,2571.510009765625,1163.0,106.82305877096951,24.0,1163.0,171.0,0.5,83.0,-6.189798787236214,0.20000000298023224,1163.0
167.0,1.9869999885559082,1164.0,1791067514000.0,10.800000190734863,10.800000190734863,2572.889892578125,1164.0,106.82306044735014,23.799999237060547,1164.0,168.0,0.5,83.0,-6.189811863005161,0.14100000262260437,1164.0
0.0,1.9780000448226929,1166.0,1791067516000.0,11.199999809265137,11.199999809265137,2575.030029296875,1166.0,106.82306380011141,23.600000381469727,1166.0,171.0,0.0,0.0,-6.189831392839551,0.10499999672174454,1166.0
0.0,1.940999984741211,1167.0,1791067517000.0,11.199999809265137,11.199999809265137,2575.389892578125,1167.0,106.82306421920657,23.399999618530273,1167.0,172.0,0.0,0.0,-6.189836673438549,0.05700000002980232,1167.0
120.0,1.7359999418258667,1170.0,1791067520000.0,11.399999618530273,11.399999618530273,2576.300048828125,1170.0,106.82306505739689,23.200000762939453,1170.0,170.0,0.0,60.0,-6.189849330112338,0.04600000008940697,1170.0
0.0,0.0,1170.0,1791067527000.0,11.800000190734863,11.800000190734863,2580.47998046875,1177.0,106.82306690141559,24.799999237060547,1177.0,169.0,0.0,0.0,-6.1898924969136715,0.06700000166893005,1177.0
0.0,0.0,1170.0,1791067534000.0,11.800000190734863,11.800000190734863,2581.949951171875,1184.0,106.82306329719722,26.600000381469727,1184.0,169.0,0.0,0.0,-6.189896268770099,0.006000000052154064,1184.0
0.0,0.0,1170.0,1791067541000.0,11.800000190734863,11.800000190734863,2583.530029296875,1191.0,106.82307218201458,27.200000762939453,1191.0,169.0,0.0,0.0,-6.189903728663921,0.012000000104308128,1191.0
0.0,0.0,1170.0,1791067547000.0,11.600000381469727,11.600000381469727,2588.090087890625,1197.0,106.82309405878186,26.399999618530273,1197.0,168.0,0.0,0.0,-6.189935579895973,-0.03400000184774399,1197.0
0.0,0.0,1170.0,1791067553000.0,11.0,11.0,2593.639892578125,1203.0,106.82307905517519,26.0,1203.0,167.0,0.0,0.0,-6.189984865486622,-0.10999999940395355,1203.0
156.0,0.0,1170.0,1791067559000.0,10.800000190734863,10.800000190734863,2599.219970703125,1209.0,106.8230801448226,28.399999618530273,1209.0,165.0,0.0,78.0,-6.190036330372095,-0.028999999165534973,1209.0
158.0,0.2800000011920929,1170.0,1791067562000.0,10.600000381469727,10.600000381469727,2603.35009765625,1212.0,106.82306069880724,29.200000762939453,1212.0,162.0,0.0,79.0,-6.19006734341383,-0.10700000077486038,1212.0
164.0,0.6809999942779541,1172.0,1791067564000.0,10.0,10.0,2608.669921875,1214.0,106.82302717119455,29.399999618530273,1214.0,163.0,0.0,82.0,-6.190102212131023,-0.24400000274181366,1214.0
168.0,2.5190000534057617,1176.0,1791067568000.0,9.600000381469727,9.600000381469727,2618.639892578125,1218.0,106.8230159394443,29.799999237060547,1218.0,165.0,0.0,84.0,-6.1901914793998,-0.11100000143051147,1218.0
168.0,2.4820001125335693,1179.0,1791067571000.0,8.199999809265137,8.199999809265137,2626.25,1221.0,106.82301820255816,29.399999618530273,1221.0,168.0,0.0,84.0,-6.190260797739029,-0.48899999260902405,1221.0
168.0,2.3889999389648438,1183.0,1791067575000.0,6.599999904632568,6.599999904632568,2636.06005859375,1225.0,106.82304175570607,29.200000762939453,1225.0,170.0,0.0,84.0,-6.190350987017155,-0.37299999594688416,1225.0
175.0,2.3980000019073486,1191.0,1791067583000.0,7.0,7.0,2656.800048828125,1233.0,106.8232041131705,34.20000076293945,1233.0,172.0,0.5,87.0,-6.190534383058548,0.052000001072883606,1233.0
175.0,2.4630000591278076,1192.0,1791067584000.0,7.599999904632568,7.599999904632568,2660.81005859375,1234.0,106.82323009707034,36.0,1234.0,172.0,0.5,87.0,-6.190561121329665,0.46799999475479126,1234.0
173.0,2.565999984741211,1196.0,1791067588000.0,8.199999809265137,8.199999809265137,2674.179931640625,1238.0,106.8232545722276,42.20000076293945,1238.0,172.0,0.5,86.0,-6.1906791385263205,0.1469999998807907,1238.0
171.0,2.6029999256134033,1202.0,1791067594000.0,8.600000381469727,8.600000381469727,2690.6201171875,1244.0,106.8232799693942,47.20000076293945,1244.0,172.0,0.5,85.0,-6.190825067460537,0.0860000029206276,1244.0
170.0,2.7149999141693115,1208.0,1791067600000.0,7.0,7.0,2710.780029296875,1250.0,106.82322783395648,47.599998474121094,1250.0,171.0,0.0,85.0,-6.191003015264869,-0.257999986410141,1250.0
171.0,2.8269999027252197,1214.0,1791067606000.0,6.599999904632568,6.599999904632568,2732.669921875,1256.0,106.82316144928336,46.0,1256.0,174.0,0.5,85.0,-6.191197978332639,-0.07199999690055847,1256.0
171.0,2.8369998931884766,1215.0,1791067607000.0,6.599999904632568,6.599999904632568,2735.2099609375,1257.0,106.82315306738019,45.599998474121094,1257.0,174.0,0.5,85.0,-6.19122002273798,-0.052000001072883606,1257.0
173.0,2.8550000190734863,1221.0,1791067613000.0,8.0,8.0,2753.35009765625,1263.0,106.82312373071909,41.79999923706055,1263.0,177.0,0.5,86.0,-6.1913838889449835,0.24799999594688416,1263.0
171.0,2.865000009536743,1223.0,1791067615000.0,9.0,9.0,2759.489990234375,1265.0,106.82313370518386,40.0,1265.0,179.0,0.5,85.0,-6.191438706591725,0.4129999876022339,1265.0
173.0,2.930000066757202,1230.0,1791067622000.0,11.399999618530273,11.399999618530273,2782.280029296875,1272.0,106.82310193777084,35.400001525878906,1272.0,176.0,0.5,86.0,-6.191644063219428,0.3529999852180481,1272.0
173.0,2.938999891281128,1231.0,1791067623000.0,11.399999618530273,11.399999618530273,2785.300048828125,1273.0,106.82309682480991,35.0,1273.0,179.0,0.5,86.0,-6.191671136766672,0.11599999666213989,1273.0
173.0,2.947999954223633,1232.0,1791067624000.0,11.600000381469727,11.600000381469727,2788.409912109375,1274.0,106.823091795668,34.79999923706055,1274.0,176.0,0.5,86.0,-6.19169888086617,0.11800000071525574,1274.0
173.0,2.930000066757202,1238.0,1791067630000.0,12.199999809265137,12.199999809265137,2807.610107421875,1280.0,106.82305986061692,33.20000076293945,1280.0,178.0,0.5,86.0,-6.191867189481854,0.10499999672174454,1280.0
173.0,2.809000015258789,1246.0,1791067638000.0,11.199999809265137,11.199999809265137,2829.199951171875,1288.0,106.82302817702293,32.599998474121094,1288.0,179.0,0.5,86.0,-6.1920571234077215,-0.11999999731779099,1288.0
173.0,2.743000030517578,1248.0,1791067640000.0,11.199999809265137,11.199999809265137,2832.919921875,1290.0,106.82303689420223,32.599998474121094,1290.0,179.0,0.5,86.0,-6.192091070115566,-0.061000000685453415,1290.0
169.0,2.5380001068115234,1255.0,1791067647000.0,10.399999618530273,10.399999618530273,2848.06005859375,1297.0,106.82304100133479,29.600000381469727,1297.0,180.0,0.5,84.0,-6.192227778956294,-0.11699999868869781,1297.0
169.0,2.500999927520752,1256.0,1791067648000.0,10.199999809265137,10.199999809265137,2850.320068359375,1298.0,106.8230365589261,29.0,1298.0,177.0,0.5,84.0,-6.192249236628413,-0.0729999989271164,1298.0
169.0,2.3610000610351562,1265.0,1791067657000.0,13.600000381469727,13.600000381469727,2871.949951171875,1307.0,106.82307763025165,24.600000381469727,1307.0,179.0,0.5,84.0,-6.1924423556774855,0.3630000054836273,1307.0
169.0,2.3889999389648438,1267.0,1791067659000.0,13.800000190734863,13.800000190734863,2877.27001953125,1309.0,106.8230936396867,24.0,1309.0,178.0,0.5,84.0,-6.192490719258785,0.1289999932050705,1309.0
173.0,2.575000047683716,1275.0,1791067667000.0,13.0,13.0,2897.85009765625,1317.0,106.82309028692544,22.799999237060547,1317.0,178.0,0.5,86.0,-6.19267662987113,-0.09099999815225601,1317.0
171.0,2.5850000381469727,1277.0,1791067669000.0,13.199999809265137,13.199999809265137,2902.820068359375,1319.0,106.82309648953378,24.200000762939453,1319.0,177.0,0.5,85.0,-6.192720970138907,0.027000000700354576,1319.0
169.0,2.565999984741211,1284.0,1791067676000.0,11.800000190734863,11.800000190734863,2919.580078125,1326.0,106.82310780510306,25.200000762939453,1326.0,175.0,0.5,84.0,-6.192870922386646,-0.18799999356269836,1326.0
167.0,2.575000047683716,1291.0,1791067683000.0,11.800000190734863,11.800000190734863,2936.679931640625,1333.0,106.82311727665365,23.0,1333.0,176.0,0.5,83.0,-6.193025317043066,-0.0010000000474974513,1333.0
166.0,2.5940001010894775,1299.0,1791067691000.0,13.399999618530273,13.399999618530273,2952.31005859375,1341.0,106.82310386560857,23.399999618530273,1341.0,178.0,0.0,83.0,-6.193165462464094,0.20100000500679016,1341.0
164.0,2.378999948501587,1303.0,1791067695000.0,14.199999809265137,14.199999809265137,2960.35009765625,1345.0,106.82311115786433,24.600000381469727,1345.0,178.0,0.0,82.0,-6.1932366248220205,0.17900000512599945,1345.0
164.0,2.378999948501587,1304.0,1791067696000.0,14.399999618530273,14.399999618530273,2963.169921875,1346.0,106.82312414981425,24.799999237060547,1346.0,178.0,0.0,82.0,-6.19325858540833,0.3310000002384186,1346.0
167.0,2.3980000019073486,1309.0,1791067701000.0,16.600000381469727,16.600000381469727,2975.219970703125,1351.0,106.82314351201057,26.0,1351.0,178.0,0.5,83.0,-6.193365957587957,0.4230000078678131,1351.0
164.0,2.4539999961853027,1317.0,1791067709000.0,18.799999237060547,18.799999237060547,2993.300048828125,1359.0,106.82318324223161,27.0,1359.0,177.0,0.0,82.0,-6.193525632843375,0.2750000059604645,1359.0
164.0,2.4070000648498535,1320.0,1791067712000.0,17.200000762939453,17.200000762939453,3000.070068359375,1362.0,106.82318416424096,27.399999618530273,1362.0,178.0,0.0,82.0,-6.193587658926845,-0.5289999842643738,1362.0
167.0,2.313999891281128,1325.0,1791067717000.0,14.0,14.0,3011.669921875,1367.0,106.8232046160847,30.399999618530273,1367.0,178.0,0.5,83.0,-6.1936895828694105,-0.6460000276565552,1367.0
164.0,2.4070000648498535,1332.0,1791067724000.0,10.399999618530273,10.399999618530273,3027.969970703125,1374.0,106.82319371961057,32.20000076293945,1374.0,178.0,0.0,82.0,-6.193838277831674,-0.5019999742507935,1374.0
168.0,2.444999933242798,1337.0,1791067729000.0,7.599999904632568,7.599999904632568,3039.39990234375,1379.0,106.82319162413478,33.599998474121094,1379.0,179.0,0.0,84.0,-6.1939413752406836,-0.5799999833106995,1379.0
168.0,2.4539999961853027,1338.0,1791067730000.0,6.800000190734863,6.800000190734863,3042.239990234375,1380.0,106.82318936102092,34.0,1380.0,179.0,0.0,84.0,-6.193966940045357,-0.6629999876022339,1380.0
169.0,2.490999937057495,1347.0,1791067739000.0,3.4000000953674316,3.4000000953674316,3063.219970703125,1389.0,106.82321391999722,38.20000076293945,1389.0,180.0,0.5,84.0,-6.19415570050478,-0.3779999911785126,1389.0
168.0,2.490999937057495,1354.0,1791067746000.0,2.799999952316284,2.799999952316284,3078.889892578125,1396.0,106.82326580397785,39.20000076293945,1396.0,180.0,0.0,84.0,-6.194287547841668,-0.09300000220537186,1396.0
167.0,2.434999942779541,1363.0,1791067755000.0,4.599999904632568,4.599999904632568,3097.389892578125,1405.0,106.8233737628907,40.0,1405.0,180.0,0.5,83.0,-6.194412438198924,0.20000000298023224,1405.0
166.0,2.3510000705718994,1372.0,1791067764000.0,4.599999904632568,4.599999904632568,3114.659912109375,1414.0,106.82344073429704,41.79999923706055,1414.0,179.0,0.0,83.0,-6.194555098190904,-0.0020000000949949026,1414.0
167.0,2.1089999675750732,1382.0,1791067774000.0,3.799999952316284,3.799999952316284,3133.3701171875,1424.0,106.82352564297616,32.79999923706055,1424.0,179.0,0.5,83.0,-6.194701949134469,-0.08399999886751175,1424.0
169.0,2.0989999771118164,1388.0,1791067780000.0,3.5999999046325684,3.5999999046325684,3146.89990234375,1430.0,106.82356830686331,27.0,1430.0,179.0,0.5,84.0,-6.1948151886463165,-0.04100000113248825,1430.0
161.0,1.968999981880188,1398.0,1791067790000.0,3.799999952316284,3.799999952316284,3166.919921875,1440.0,106.82358557358384,24.799999237060547,1440.0,178.0,0.5,80.0,-6.194995483383536,0.03500000014901161,1440.0
163.0,1.940999984741211,1407.0,1791067799000.0,4.800000190734863,4.800000190734863,3183.64990234375,1449.0,106.82355397380888,23.0,1449.0,175.0,0.5,81.0,-6.195140993222594,0.1080000028014183,1449.0
121.0,1.930999994277954,1408.0,1791067800000.0,5.0,5.0,3185.47998046875,1450.0,106.82354802265763,22.799999237060547,1450.0,175.0,0.5,60.0,-6.195156499743462,0.10300000011920929,1450.0
125.0,1.7079999446868896,1415.0,1791067807000.0,5.800000190734863,5.800000190734863,3197.330078125,1457.0,106.82351935654879,22.200000762939453,1457.0,173.0,0.5,62.0,-6.195258591324091,0.11299999803304672,1457.0
0.0,1.6330000162124634,1423.0,1791067815000.0,6.0,6.0,3209.429931640625,1465.0,106.82345632463694,23.799999237060547,1465.0,171.0,0.0,0.0,-6.19534894824028,0.03700000047683716,1465.0
0.0,1.6050000190734863,1425.0,1791067817000.0,6.199999809265137,6.199999809265137,3211.7900390625,1467.0,106.82344836182892,24.0,1467.0,170.0,0.0,0.0,-6.195368310436606,0.06199999898672104,1467.0
117.0,1.5770000219345093,1429.0,1791067821000.0,5.800000190734863,5.800000190734863,3218.75,1471.0,106.82339496910572,23.600000381469727,1471.0,169.0,0.5,58.0,-6.195401502773166,-0.07999999821186066,1471.0
105.0,1.5490000247955322,1433.0,1791067825000.0,5.400000095367432,5.400000095367432,3224.949951171875,1475.0,106.82334409095347,23.0,1475.0,166.0,0.5,52.0,-6.195431090891361,-0.10300000011920929,1475.0
105.0,1.5119999647140503,1435.0,1791067827000.0,5.400000095367432,5.400000095367432,3228.510009765625,1477.0,106.823321711272,22.399999618530273,1477.0,165.0,0.5,52.0,-6.195454727858305,-0.032999999821186066,1477.0
122.0,1.5490000247955322,1445.0,1791067837000.0,6.400000095367432,6.400000095367432,3246.47998046875,1487.0,106.8232096452266,21.799999237060547,1487.0,164.0,0.0,61.0,-6.195572912693024,0.11299999803304672,1487.0
127.0,1.5490000247955322,1451.0,1791067843000.0,7.0,7.0,3252.25,1493.0,106.8231821525842,21.799999237060547,1493.0,163.0,0.5,63.0,-6.19561230763793,0.0989999994635582,1493.0
126.0,1.437000036239624,1457.0,1791067849000.0,8.600000381469727,8.600000381469727,3259.260009765625,1499.0,106.82316983118653,23.0,1499.0,162.0,0.0,63.0,-6.195675423368812,0.23499999940395355,1499.0
0.0,1.4279999732971191,1458.0,1791067850000.0,8.800000190734863,8.800000190734863,3260.989990234375,1500.0,106.8231697473675,23.799999237060547,1500.0,162.0,0.0,0.0,-6.195691181346774,0.3959999978542328,1500.0
163.0,2.0810000896453857,1466.0,1791067858000.0,8.199999809265137,8.199999809265137,3282.93994140625,1508.0,106.82320260442793,22.600000381469727,1508.0,160.0,0.5,81.0,-6.195888575166464,-0.07699999958276749,1508.0
171.0,2.575000047683716,1471.0,1791067863000.0,7.199999809265137,7.199999809265137,3297.280029296875,1513.0,106.82317955419421,20.799999237060547,1513.0,163.0,0.5,85.0,-6.196017488837242,-0.22599999606609344,1513.0
174.0,2.63100004196167,1474.0,1791067866000.0,6.599999904632568,6.599999904632568,3306.8798828125,1516.0,106.82317896746099,20.0,1516.0,166.0,0.0,87.0,-6.196103906258941,-0.19699999690055847,1516.0
175.0,2.6589999198913574,1475.0,1791067867000.0,6.400000095367432,6.400000095367432,3309.739990234375,1517.0,106.823176369071,19.799999237060547,1517.0,167.0,0.5,87.0,-6.1961298901587725,-0.19599999487400055,1517.0
173.0,2.743000030517578,1479.0,1791067871000.0,5.800000190734863,5.800000190734863,3319.739990234375,1521.0,106.82316463440657,19.600000381469727,1521.0,169.0,0.5,86.0,-6.1962164752185345,-0.16599999368190765,1521.0
173.0,2.753000020980835,1480.0,1791067872000.0,5.599999904632568,5.599999904632568,3322.5,1522.0,106.8231679033488,19.799999237060547,1522.0,170.0,0.5,86.0,-6.196241369470954,-0.16699999570846558,1522.0
178.0,2.743000030517578,1484.0,1791067876000.0,5.400000095367432,5.400000095367432,3333.68994140625,1526.0,106.8231665622443,21.399999618530273,1526.0,171.0,0.0,89.0,-6.196341533213854,-0.0430000014603138,1526.0
173.0,2.743000030517578,1491.0,1791067883000.0,6.599999904632568,6.599999904632568,3354.169921875,1533.0,106.82325121946633,26.799999237060547,1533.0,173.0,0.5,86.0,-6.196515122428536,0.18000000715255737,1533.0
175.0,2.753000020980835,1493.0,1791067885000.0,6.599999904632568,6.599999904632568,3359.179931640625,1535.0,106.82327695190907,29.399999618530273,1535.0,175.0,0.5,87.0,-6.196559127420187,-0.032999999821186066,1535.0
171.0,2.743000030517578,1499.0,1791067891000.0,7.199999809265137,7.199999809265137,3375.35009765625,1541.0,106.8233600165695,38.0,1541.0,178.0,0.5,85.0,-6.196688963100314,0.10000000149011612,1541.0
171.0,2.7339999675750732,1500.0,1791067892000.0,7.199999809265137,7.199999809265137,3377.949951171875,1542.0,106.82336898520589,39.400001525878906,1542.0,178.0,0.5,85.0,-6.196711091324687,0.1120000034570694,1542.0
170.0,2.6589999198913574,1507.0,1791067899000.0,7.800000190734863,7.800000190734863,3391.6201171875,1549.0,106.82340209372342,49.0,1549.0,179.0,0.0,85.0,-6.1968255043029785,0.07599999755620956,1549.0
169.0,2.556999921798706,1514.0,1791067906000.0,7.599999904632568,7.599999904632568,3409.81005859375,1556.0,106.82343268766999,59.400001525878906,1556.0,179.0,0.5,84.0,-6.196975372731686,-0.026000000536441803,1556.0
167.0,2.3889999389648438,1520.0,1791067912000.0,7.199999809265137,7.199999809265137,3423.199951171875,1562.0,106.82341005653143,61.79999923706055,1562.0,178.0,0.5,83.0,-6.197094144299626,-0.08500000089406967,1562.0
165.0,2.3610000610351562,1522.0,1791067914000.0,7.0,7.0,3427.590087890625,1564.0,106.82340184226632,61.400001525878906,1564.0,178.0,0.5,82.0,-6.197133623063564,-0.0860000029206276,1564.0
167.0,2.2669999599456787,1526.0,1791067918000.0,6.199999809265137,6.199999809265137,3436.429931640625,1568.0,106.82337661273777,60.599998474121094,1568.0,177.0,0.5,83.0,-6.197213754057884,-0.17900000512599945,1568.0
169.0,2.257999897003174,1529.0,1791067921000.0,5.599999904632568,5.599999904632568,3445.56005859375,1571.0,106.82334995828569,59.599998474121094,1571.0,175.0,0.5,84.0,-6.1973020154982805,-0.20200000703334808,1571.0
168.0,2.369999885559082,1537.0,1791067929000.0,3.799999952316284,3.799999952316284,3466.320068359375,1579.0,106.82326538488269,44.0,1579.0,176.0,0.0,84.0,-6.197482813149691,-0.22599999606609344,1579.0
168.0,2.313999891281128,1545.0,1791067937000.0,2.0,2.0,3485.7900390625,1587.0,106.82322121225297,35.599998474121094,1587.0,176.0,0.0,84.0,-6.197653468698263,-0.2290000021457672,1587.0
169.0,2.2950000762939453,1548.0,1791067940000.0,1.7999999523162842,1.7999999523162842,3492.3701171875,1590.0,106.82322355918586,32.400001525878906,1590.0,176.0,0.5,84.0,-6.197712058201432,-0.07400000095367432,1590.0
169.0,2.2669999599456787,1553.0,1791067945000.0,3.0,3.0,3504.050048828125,1595.0,106.82323504239321,27.600000381469727,1595.0,177.0,0.5,84.0,-6.197816580533981,0.24199999868869781,1595.0
168.0,2.2109999656677246,1562.0,1791067954000.0,3.5999999046325684,3.5999999046325684,3520.360107421875,1604.0,106.82323127053678,21.600000381469727,1604.0,176.0,0.0,84.0,-6.197964018210769,0.07999999821186066,1604.0
168.0,2.1740000247955322,1568.0,1791067960000.0,4.400000095367432,4.400000095367432,3531.56005859375,1610.0,106.82320310734212,22.0,1610.0,175.0,0.0,84.0,-6.198060242459178,0.12300000339746475,1610.0
168.0,2.1459999084472656,1578.0,1791067970000.0,5.199999809265137,5.199999809265137,3553.429931640625,1620.0,106.8232181109488,23.600000381469727,1620.0,174.0,0.0,84.0,-6.198256127536297,0.08299999684095383,1620.0
168.0,2.1459999084472656,1579.0,1791067971000.0,5.400000095367432,5.400000095367432,3555.080078125,1621.0,106.8232202064246,23.399999618530273,1621.0,174.0,0.0,84.0,-6.1982709635049105,0.08399999886751175,1621.0
170.0,2.13700008392334,1587.0,1791067979000.0,6.400000095367432,6.400000095367432,3570.56005859375,1629.0,106.82321383617818,19.600000381469727,1629.0,175.0,0.0,85.0,-6.198412198573351,0.13600000739097595,1629.0
171.0,2.13700008392334,1594.0,1791067986000.0,7.0,7.0,3585.3798828125,1636.0,106.82321199215949,13.800000190734863,1636.0,173.0,0.5,85.0,-6.1985463090240955,0.08699999749660492,1636.0
168.0,2.1649999618530273,1602.0,1791067994000.0,7.0,7.0,3603.52001953125,1644.0,106.82321039959788,6.599999904632568,1644.0,172.0,0.0,84.0,-6.198709420859814,0.003000000026077032,1644.0
171.0,2.1740000247955322,1610.0,1791068002000.0,4.400000095367432,4.400000095367432,3622.02001953125,1652.0,106.82322456501424,5.800000190734863,1652.0,172.0,0.5,85.0,-6.1988752987235785,-0.32600000500679016,1652.0
168.0,2.183000087738037,1616.0,1791068008000.0,2.0,2.0,3636.570068359375,1658.0,106.82323286309838,10.0,1658.0,173.0,0.0,84.0,-6.199006726965308,-0.4000000059604645,1658.0
165.0,2.193000078201294,1623.0,1791068015000.0,2.200000047683716,2.200000047683716,3650.60009765625,1665.0,106.82324350811541,13.800000190734863,1665.0,175.0,0.5,82.0,-6.199136981740594,0.010999999940395355,1665.0
171.0,2.1649999618530273,1633.0,1791068025000.0,2.799999952316284,2.799999952316284,3671.550048828125,1675.0,106.823266223073,14.399999618530273,1675.0,177.0,0.5,85.0,-6.1993255745619535,0.07400000095367432,1675.0
168.0,2.1089999675750732,1644.0,1791068036000.0,6.599999904632568,6.599999904632568,3692.739990234375,1686.0,106.82326161302626,16.0,1686.0,176.0,0.0,84.0,-6.199517268687487,0.3330000042915344,1686.0
169.0,2.071000099182129,1651.0,1791068043000.0,9.800000190734863,9.800000190734863,3707.429931640625,1693.0,106.8232564162463,16.799999237060547,1693.0,176.0,0.5,84.0,-6.199649618938565,0.47099998593330383,1693.0
163.0,2.0429999828338623,1659.0,1791068051000.0,12.399999618530273,12.399999618530273,3721.06005859375,1701.0,106.82325348258018,17.600000381469727,1701.0,177.0,0.5,81.0,-6.199772162362933,0.3319999873638153,1701.0
161.0,1.930999994277954,1668.0,1791068060000.0,15.199999809265137,15.199999809265137,3737.5400390625,1710.0,106.82325289584696,19.600000381469727,1710.0,174.0,0.5,80.0,-6.199920354411006,0.30399999022483826,1710.0
161.0,1.9220000505447388,1669.0,1791068061000.0,15.199999809265137,15.199999809265137,3739.530029296875,1711.0,106.82325256057084,19.600000381469727,1711.0,173.0,0.5,80.0,-6.199938543140888,0.0020000000949949026,1711.0
158.0,1.902999997138977,1675.0,1791068067000.0,15.0,15.0,3751.580078125,1717.0,106.82327049784362,20.0,1717.0,173.0,0.0,79.0,-6.200045496225357,-0.02199999988079071,1717.0
163.0,1.8940000534057617,1677.0,1791068069000.0,15.199999809265137,15.199999809265137,3754.8701171875,1719.0,106.82326446287334,20.0,1719.0,173.0,0.5,81.0,-6.200073743239045,0.02199999988079071,1719.0
163.0,1.8940000534057617,1681.0,1791068073000.0,15.399999618530273,15.399999618530273,3762.97998046875,1723.0,106.82327628135681,20.0,1723.0,172.0,0.5,81.0,-6.200145995244384,0.05299999937415123,1723.0
166.0,1.875,1688.0,1791068080000.0,15.0,15.0,3775.3701171875,1730.0,106.8232593499124,19.200000762939453,1730.0,172.0,0.0,83.0,-6.200257390737534,-0.06300000101327896,1730.0
117.0,1.781999945640564,1696.0,1791068088000.0,13.800000190734863,13.800000190734863,3787.320068359375,1738.0,106.82324141263962,20.799999237060547,1738.0,172.0,0.5,58.0,-6.200364260002971,-0.13600000739097595,1738.0
0.0,1.5490000247955322,1704.0,1791068096000.0,12.600000381469727,12.600000381469727,3799.530029296875,1746.0,106.82323135435581,21.600000381469727,1746.0,170.0,0.0,0.0,-6.200473392382264,-0.1420000046491623,1746.0
120.0,1.4739999771118164,1714.0,1791068106000.0,12.199999809265137,12.199999809265137,3813.889892578125,1756.0,106.82323152199388,22.0,1756.0,168.0,0.0,60.0,-6.200602306053042,-0.04600000008940697,1756.0
127.0,1.4459999799728394,1726.0,1791068118000.0,12.399999618530273,12.399999618530273,3832.419921875,1768.0,106.82322255335748,23.799999237060547,1768.0,170.0,0.5,63.0,-6.200768603011966,0.009999999776482582,1768.0
127.0,1.4739999771118164,1736.0,1791068128000.0,12.800000190734863,12.800000190734863,3847.469970703125,1778.0,106.82322414591908,26.799999237060547,1778.0,167.0,0.5,63.0,-6.200904473662376,0.04899999871850014,1778.0
122.0,1.465000033378601,1737.0,1791068129000.0,12.800000190734863,12.800000190734863,3849.0,1779.0,106.82322573848069,27.0,1779.0,167.0,0.0,61.0,-6.200918471440673,0.0560000017285347,1779.0
122.0,1.4930000305175781,1746.0,1791068138000.0,13.0,13.0,3863.9599609375,1788.0,106.8232075497508,27.200000762939453,1788.0,165.0,0.0,61.0,-6.201051659882069,0.017999999225139618,1788.0
129.0,1.5299999713897705,1757.0,1791068149000.0,11.800000190734863,11.800000190734863,3882.0,1799.0,106.8231850862503,26.799999237060547,1799.0,165.0,0.5,64.0,-6.201211754232645,-0.1120000034570694,1799.0
165.0,1.5959999561309814,1765.0,1791068157000.0,11.600000381469727,11.600000381469727,3899.300048828125,1807.0,106.82317025028169,28.0,1807.0,165.0,0.5,82.0,-6.20136690326035,-0.03700000047683716,1807.0
171.0,2.2109999656677246,1773.0,1791068165000.0,12.600000381469727,12.600000381469727,3919.6298828125,1815.0,106.82310931384563,25.799999237060547,1815.0,168.0,0.5,85.0,-6.201538983732462,0.12700000405311584,1815.0
173.0,2.369999885559082,1775.0,1791068167000.0,12.800000190734863,12.800000190734863,3924.830078125,1817.0,106.82310277596116,25.399999618530273,1817.0,171.0,0.5,86.0,-6.201585587114096,0.15000000596046448,1817.0
170.0,2.4070000648498535,1779.0,1791068171000.0,13.199999809265137,13.199999809265137,3935.739990234375,1821.0,106.82309154421091,24.799999237060547,1821.0,174.0,0.0,85.0,-6.201683571562171,0.0729999989271164,1821.0
171.0,2.4820001125335693,1783.0,1791068175000.0,13.800000190734863,13.800000190734863,3946.219970703125,1825.0,106.8230817373842,24.0,1825.0,177.0,0.5,85.0,-6.201778035610914,0.14399999380111694,1825.0
171.0,2.490999937057495,1788.0,1791068180000.0,14.199999809265137,14.199999809265137,3957.590087890625,1830.0,106.82305986061692,23.0,1830.0,180.0,0.5,85.0,-6.2018783669918776,0.09700000286102295,1830.0
169.0,2.4070000648498535,1791.0,1791068183000.0,14.600000381469727,14.600000381469727,3964.090087890625,1833.0,106.82305449619889,23.0,1833.0,179.0,0.5,84.0,-6.20193712413311,0.12200000137090683,1833.0
169.0,2.2300000190734863,1800.0,1791068192000.0,14.800000190734863,14.800000190734863,3983.2099609375,1842.0,106.82300671935081,24.200000762939453,1842.0,179.0,0.5,84.0,-6.202103001996875,0.03400000184774399,1842.0
168.0,2.183000087738037,1803.0,1791068195000.0,14.800000190734863,14.800000190734863,3989.510009765625,1845.0,106.82299783453345,24.600000381469727,1845.0,177.0,0.0,84.0,-6.2021593283861876,-0.0010000000474974513,1845.0
168.0,2.1740000247955322,1805.0,1791068197000.0,14.600000381469727,14.600000381469727,3993.25,1847.0,106.82299020700157,24.600000381469727,1847.0,177.0,0.0,84.0,-6.202192353084683,-0.08699999749660492,1847.0
171.0,2.1549999713897705,1809.0,1791068201000.0,14.199999809265137,14.199999809265137,4002.1201171875,1851.0,106.82297185063362,25.0,1851.0,176.0,0.5,85.0,-6.202270640060306,-0.10300000011920929,1851.0
173.0,2.1649999618530273,1814.0,1791068206000.0,13.800000190734863,13.800000190734863,4013.989990234375,1856.0,106.8229421786964,25.399999618530273,1856.0,176.0,0.5,86.0,-6.202374072745442,-0.0949999988079071,1856.0
171.0,2.193000078201294,1821.0,1791068213000.0,13.399999618530273,13.399999618530273,4030.429931640625,1863.0,106.82290194556117,25.0,1863.0,178.0,0.5,85.0,-6.202517068013549,-0.06199999898672104,1863.0
171.0,2.2300000190734863,1830.0,1791068222000.0,13.0,13.0,4052.260009765625,1872.0,106.82284444570541,25.200000762939453,1872.0,179.0,0.5,85.0,-6.202705996111035,-0.03200000151991844,1872.0
168.0,2.2669999599456787,1838.0,1791068230000.0,14.600000381469727,14.600000381469727,4071.669921875,1880.0,106.8228227365762,27.0,1880.0,179.0,0.0,84.0,-6.20287966914475,0.1979999989271164,1880.0
168.0,2.2669999599456787,1845.0,1791068237000.0,15.800000190734863,15.800000190734863,4085.60009765625,1887.0,106.82279440574348,28.799999237060547,1887.0,177.0,0.0,84.0,-6.203001877292991,0.1589999943971634,1887.0
167.0,2.2209999561309814,1854.0,1791068246000.0,16.399999618530273,16.399999618530273,4103.7001953125,1896.0,106.82276414707303,29.200000762939453,1896.0,176.0,0.5,83.0,-6.203162558376789,0.06499999761581421,1896.0
167.0,2.1740000247955322,1864.0,1791068256000.0,16.600000381469727,16.600000381469727,4124.85986328125,1906.0,106.82271670550108,29.0,1906.0,177.0,0.5,83.0,-6.203347630798817,0.017000000923871994,1906.0
171.0,2.1649999618530273,1871.0,1791068263000.0,16.0,16.0,4140.18017578125,1913.0,106.82268686592579,28.799999237060547,1913.0,176.0,0.5,85.0,-6.2034825794398785,-0.06300000101327896,1913.0
167.0,2.1549999713897705,1876.0,1791068268000.0,15.600000381469727,15.600000381469727,4150.35009765625,1918.0,106.82266951538622,29.200000762939453,1918.0,176.0,0.5,83.0,-6.203572936356068,-0.0820000022649765,1918.0
171.0,2.1549999713897705,1883.0,1791068275000.0,16.0,16.0,4166.240234375,1925.0,106.82261863723397,29.799999237060547,1925.0,178.0,0.5,85.0,-6.203707801178098,0.03500000014901161,1925.0
166.0,2.1549999713897705,1887.0,1791068279000.0,15.800000190734863,15.800000190734863,4173.06005859375,1929.0,106.82261704467237,30.799999237060547,1929.0,175.0,0.0,83.0,-6.203769659623504,-0.05000000074505806,1929.0
166.0,2.13700008392334,1893.0,1791068285000.0,15.800000190734863,15.800000190734863,4186.18994140625,1935.0,106.82261318899691,28.200000762939453,1935.0,176.0,0.0,83.0,-6.203890694305301,0.0010000000474974513,1935.0
166.0,2.118000030517578,1902.0,1791068294000.0,16.0,16.0,4205.22021484375,1944.0,106.82257488369942,27.0,1944.0,176.0,0.0,83.0,-6.2040582485497,0.02199999988079071,1944.0
169.0,2.127000093460083,1908.0,1791068300000.0,15.800000190734863,15.800000190734863,4219.52978515625,1950.0,106.82254923507571,27.399999618530273,1950.0,179.0,0.5,84.0,-6.204184647649527,-0.014999999664723873,1950.0
167.0,2.13700008392334,1911.0,1791068303000.0,15.800000190734863,15.800000190734863,4226.22021484375,1953.0,106.82253381237388,27.399999618530273,1953.0,178.0,0.5,83.0,-6.204243237152696,-0.01899999938905239,1953.0
167.0,2.1459999084472656,1919.0,1791068311000.0,16.0,16.0,4244.240234375,1961.0,106.82249064557254,26.0,1961.0,179.0,0.5,83.0,-6.204400230199099,0.03200000151991844,1961.0
169.0,2.1549999713897705,1925.0,1791068317000.0,17.399999618530273,17.399999618530273,4259.06005859375,1967.0,106.8224569503218,25.600000381469727,1967.0,175.0,0.5,84.0,-6.204529814422131,0.21299999952316284,1967.0
169.0,2.1649999618530273,1928.0,1791068320000.0,18.0,18.0,4266.89990234375,1970.0,106.82244513183832,25.600000381469727,1970.0,172.0,0.5,84.0,-6.204599887132645,0.23800000548362732,1970.0
169.0,2.1740000247955322,1930.0,1791068322000.0,18.399999618530273,18.399999618530273,4272.169921875,1972.0,106.82244127616286,25.600000381469727,1972.0,175.0,0.5,84.0,-6.204647328704596,0.2240000069141388,1972.0
169.0,2.2019999027252197,1935.0,1791068327000.0,18.799999237060547,18.799999237060547,4284.2099609375,1977.0,106.82241881266236,25.0,1977.0,178.0,0.5,84.0,-6.204753192141652,0.05999999865889549,1977.0
169.0,2.2019999027252197,1936.0,1791068328000.0,18.799999237060547,18.799999237060547,4286.31982421875,1978.0,106.82241462171078,25.0,1978.0,178.0,0.5,84.0,-6.204771883785725,0.052000001072883606,1978.0
169.0,2.2109999656677246,1944.0,1791068336000.0,16.399999618530273,16.399999618530273,4305.89990234375,1986.0,106.82241621427238,23.799999237060547,1986.0,179.0,0.5,84.0,-6.204949412494898,-0.3050000071525574,1986.0
167.0,2.239000082015991,1951.0,1791068343000.0,15.199999809265137,15.199999809265137,4323.990234375,1993.0,106.82239282876253,23.600000381469727,1993.0,179.0,0.5,83.0,-6.205111099407077,-0.1770000010728836,1993.0
166.0,2.249000072479248,1956.0,1791068348000.0,15.0,15.0,4336.1201171875,1998.0,106.82238629087806,24.799999237060547,1998.0,176.0,0.0,83.0,-6.205220650881529,-0.04800000041723251,1998.0
166.0,2.257999897003174,1958.0,1791068350000.0,16.0,16.0,4341.1298828125,2000.0,106.82238176465034,25.0,2000.0,174.0,0.0,83.0,-6.205266332253814,0.5419999957084656,2000.0
167.0,2.2669999599456787,1961.0,1791068353000.0,17.399999618530273,17.399999618530273,4347.97998046875,2003.0,106.822375562042,25.0,2003.0,176.0,0.5,83.0,-6.205328106880188,0.48899999260902405,2003.0
169.0,2.2950000762939453,1969.0,1791068361000.0,22.200000762939453,22.200000762939453,4368.5498046875,2011.0,106.8223599717021,24.200000762939453,2011.0,179.0,0.5,84.0,-6.205513849854469,0.6010000109672546,2011.0
169.0,2.305000066757202,1970.0,1791068362000.0,23.0,23.0,4371.3701171875,2012.0,106.82236265391111,24.200000762939453,2012.0,179.0,0.5,84.0,-6.205539582297206,0.6930000185966492,2012.0
169.0,2.3329999446868896,1977.0,1791068369000.0,28.200000762939453,28.200000762939453,4390.18994140625,2019.0,106.82233801111579,25.0,2019.0,179.0,0.5,84.0,-6.205705460160971,0.7459999918937683,2019.0
169.0,2.3610000610351562,1985.0,1791068377000.0,30.799999237060547,30.799999237060547,4408.39990234375,2027.0,106.82232770137489,27.200000762939453,2027.0,181.0,0.5,84.0,-6.205868907272816,0.32600000500679016,2027.0
173.0,2.369999885559082,1993.0,1791068385000.0,32.20000076293945,32.20000076293945,4427.1298828125,2035.0,106.8223203253001,29.600000381469727,2035.0,182.0,0.5,86.0,-6.206038054078817,0.1809999942779541,2035.0
144.0,2.3420000076293945,2002.0,1791068394000.0,27.799999237060547,27.799999237060547,4443.52001953125,2044.0,106.8223134521395,29.799999237060547,2044.0,181.0,0.0,72.0,-6.206185827031732,-0.4909999966621399,2044.0
127.0,1.6419999599456787,2014.0,1791068406000.0,24.399999618530273,24.399999618530273,4460.4501953125,2056.0,106.82228319346905,28.200000762939453,2056.0,180.0,0.5,63.0,-6.2063363660126925,-0.28700000047683716,2056.0
127.0,1.5579999685287476,2025.0,1791068417000.0,20.799999237060547,20.799999237060547,4476.1201171875,2067.0,106.82227422483265,27.200000762939453,2067.0,179.0,0.5,63.0,-6.206477517262101,-0.33399999141693115,2067.0
123.0,1.5399999618530273,2033.0,1791068425000.0,18.200000762939453,18.200000762939453,4488.759765625,2075.0,106.82225905358791,26.200000762939453,2075.0,179.0,0.5,61.0,-6.206590924412012,-0.32600000500679016,2075.0
0.0,1.5399999618530273,2045.0,1791068437000.0,15.199999809265137,15.199999809265137,4507.990234375,2087.0,106.8222494982183,26.399999618530273,2087.0,178.0,0.0,0.0,-6.206763172522187,-0.23999999463558197,2087.0
124.0,1.5399999618530273,2050.0,1791068442000.0,14.600000381469727,14.600000381469727,4515.06005859375,2092.0,106.82224094867706,27.399999618530273,2092.0,177.0,0.0,62.0,-6.206827545538545,-0.13600000739097595,2092.0
124.0,1.5299999713897705,2052.0,1791068444000.0,14.600000381469727,14.600000381469727,4518.0400390625,2094.0,106.82222988456488,28.600000381469727,2094.0,175.0,0.0,62.0,-6.206852691248059,-0.02199999988079071,2094.0
124.0,1.5299999713897705,2055.0,1791068447000.0,13.0,13.0,4524.18017578125,2097.0,106.82223508134484,31.399999618530273,2097.0,172.0,0.0,62.0,-6.206908347085118,-0.47999998927116394,2097.0
0.0,1.5399999618530273,2061.0,1791068453000.0,12.0,12.0,4533.9599609375,2103.0,106.82221479713917,34.0,2103.0,171.0,0.0,0.0,-6.206995267421007,-0.16200000047683716,2103.0
167.0,1.6239999532699585,2067.0,1791068459000.0,11.399999618530273,11.399999618530273,4549.43017578125,2109.0,106.82219635695219,34.79999923706055,2109.0,171.0,0.5,83.0,-6.2071329820901155,-0.13199999928474426,2109.0
169.0,1.940999984741211,2075.0,1791068467000.0,12.800000190734863,12.800000190734863,4570.4599609375,2117.0,106.82216978631914,34.79999923706055,2117.0,174.0,0.5,84.0,-6.207321071997285,0.19099999964237213,2117.0
169.0,1.996999979019165,2076.0,1791068468000.0,13.0,13.0,4572.490234375,2118.0,106.82216777466238,34.599998474121094,2118.0,174.0,0.5,84.0,-6.207339344546199,0.15299999713897705,2118.0
166.0,2.0989999771118164,2079.0,1791068471000.0,13.399999618530273,13.399999618530273,4578.35009765625,2121.0,106.82216232642531,33.599998474121094,2121.0,177.0,0.0,83.0,-6.207391731441021,0.14499999582767487,2121.0
166.0,2.118000030517578,2080.0,1791068472000.0,13.600000381469727,13.600000381469727,4580.68994140625,2122.0,106.82216383516788,33.20000076293945,2122.0,178.0,0.0,83.0,-6.207413440570235,0.14000000059604645,2122.0
167.0,2.118000030517578,2082.0,1791068474000.0,13.800000190734863,13.800000190734863,4586.669921875,2124.0,106.82218219153583,33.0,2124.0,177.0,0.5,83.0,-6.207464402541518,0.16599999368190765,2124.0
167.0,2.13700008392334,2083.0,1791068475000.0,14.199999809265137,14.199999809265137,4588.97021484375,2125.0,106.82217573747039,32.79999923706055,2125.0,176.0,0.5,83.0,-6.207484686747193,0.289000004529953,2125.0
166.0,2.13700008392334,2085.0,1791068477000.0,14.800000190734863,14.800000190734863,4593.68017578125,2127.0,106.82216182351112,32.0,2127.0,173.0,0.0,83.0,-6.2075267639011145,0.3019999861717224,2127.0
166.0,2.127000093460083,2086.0,1791068478000.0,15.0,15.0,4596.06005859375,2128.0,106.8221596442163,31.399999618530273,2128.0,172.0,0.0,83.0,-6.20754805393517,0.2529999911785126,2128.0
167.0,2.052999973297119,2090.0,1791068482000.0,15.600000381469727,15.600000381469727,4604.4599609375,2132.0,106.82214656844735,27.0,2132.0,171.0,0.5,83.0,-6.207623491063714,0.13199999928474426,2132.0
167.0,2.0429999828338623,2093.0,1791068485000.0,15.0,15.0,4613.22021484375,2135.0,106.82217095978558,23.600000381469727,2135.0,172.0,0.5,83.0,-6.2076999340206385,-0.18000000715255737,2135.0
166.0,2.0810000896453857,2097.0,1791068489000.0,14.800000190734863,14.800000190734863,4621.3701171875,2139.0,106.82216903194785,19.399999618530273,2139.0,175.0,0.0,83.0,-6.207773527130485,-0.0560000017285347,2139.0
166.0,2.0810000896453857,2099.0,1791068491000.0,14.399999618530273,14.399999618530273,4625.47998046875,2141.0,106.82217950932682,17.0,2141.0,176.0,0.0,83.0,-6.207809820771217,-0.17800000309944153,2141.0
166.0,2.0899999141693115,2100.0,1791068492000.0,14.399999618530273,14.399999618530273,4627.919921875,2142.0,106.82217992842197,15.800000190734863,2142.0,176.0,0.0,83.0,-6.207832032814622,-0.10199999809265137,2142.0
166.0,2.0989999771118164,2103.0,1791068495000.0,13.0,13.0,4636.669921875,2145.0,106.82221504859626,12.800000190734863,2145.0,175.0,0.0,83.0,-6.207908391952515,-0.4779999852180481,2145.0
166.0,2.127000093460083,2106.0,1791068498000.0,12.600000381469727,12.600000381469727,4642.93017578125,2148.0,106.8222111929208,10.0,2148.0,173.0,0.0,83.0,-6.207965305075049,-0.10400000214576721,2148.0
168.0,2.1549999713897705,2112.0,1791068504000.0,14.199999809265137,14.199999809265137,4657.66015625,2154.0,106.82218168862164,7.599999904632568,2154.0,172.0,0.0,84.0,-6.208090698346496,0.25200000405311584,2154.0
169.0,2.2019999027252197,2119.0,1791068511000.0,16.0,16.0,4676.2900390625,2161.0,106.82212611660361,9.800000190734863,2161.0,171.0,0.5,84.0,-6.208249954506755,0.2709999978542328,2161.0
169.0,2.2300000190734863,2123.0,1791068515000.0,15.199999809265137,15.199999809265137,4686.580078125,2165.0,106.82214078493416,12.800000190734863,2165.0,174.0,0.5,84.0,-6.208353554829955,-0.20999999344348907,2165.0
169.0,2.257999897003174,2126.0,1791068518000.0,15.199999809265137,15.199999809265137,4695.2900390625,2168.0,106.82214480824769,14.399999618530273,2168.0,175.0,0.5,84.0,-6.208432679995894,-0.008999999612569809,2168.0
168.0,2.3610000610351562,2134.0,1791068526000.0,17.200000762939453,17.200000762939453,4714.3798828125,2176.0,106.82206157594919,16.799999237060547,2176.0,174.0,0.0,84.0,-6.208583386614919,0.24899999797344208,2176.0
169.0,2.3329999446868896,2142.0,1791068534000.0,16.200000762939453,16.200000762939453,4732.7099609375,2184.0,106.82200323790312,19.600000381469727,2184.0,175.0,0.5,84.0,-6.208734177052975,-0.12099999934434891,2184.0
168.0,2.2860000133514404,2149.0,1791068541000.0,16.399999618530273,16.399999618530273,4744.4599609375,2191.0,106.8219537846744,24.799999237060547,2191.0,177.0,0.0,84.0,-6.208826461806893,0.04600000008940697,2191.0
169.0,2.1649999618530273,2156.0,1791068548000.0,15.199999809265137,15.199999809265137,4753.0,2198.0,106.82198219932616,32.599998474121094,2198.0,178.0,0.5,84.0,-6.208914555609226,-0.19200000166893005,2198.0
168.0,2.1549999713897705,2157.0,1791068549000.0,15.199999809265137,15.199999809265137,4753.66015625,2199.0,106.82198144495487,33.599998474121094,2199.0,178.0,0.0,84.0,-6.208921764045954,0.05700000002980232,2199.0
166.0,2.0989999771118164,2159.0,1791068551000.0,15.399999618530273,15.399999618530273,4755.68017578125,2201.0,106.82197532616556,35.400001525878906,2201.0,177.0,0.0,83.0,-6.208939785137773,0.08699999749660492,2201.0
166.0,2.0429999828338623,2161.0,1791068553000.0,15.600000381469727,15.600000381469727,4759.60009765625,2203.0,106.82197960093617,37.400001525878906,2203.0,176.0,0.0,83.0,-6.2089775037020445,0.11999999731779099,2203.0
166.0,2.071000099182129,2169.0,1791068561000.0,16.0,16.0,4773.5,2211.0,106.82200818322599,43.400001525878906,2211.0,175.0,0.0,83.0,-6.209112117066979,0.05999999865889549,2211.0
163.0,2.052999973297119,2177.0,1791068569000.0,15.800000190734863,15.800000190734863,4792.93994140625,2219.0,106.8219265434891,52.20000076293945,2219.0,174.0,0.5,81.0,-6.20926265604794,-0.02500000037252903,2219.0
159.0,1.940999984741211,2181.0,1791068573000.0,16.200000762939453,16.200000762939453,4804.72998046875,2223.0,106.82184766978025,50.0,2223.0,171.0,0.5,79.0,-6.20934035629034,0.0729999989271164,2223.0
166.0,1.9129999876022339,2188.0,1791068580000.0,17.399999618530273,17.399999618530273,4824.31982421875,2230.0,106.82170073501766,46.400001525878906,2230.0,170.0,0.0,83.0,-6.209451332688332,0.16500000655651093,2230.0
166.0,1.940999984741211,2191.0,1791068583000.0,17.600000381469727,17.600000381469727,4832.16015625,2233.0,106.82166368700564,45.79999923706055,2233.0,173.0,0.0,83.0,-6.209510425105691,0.07199999690055847,2233.0
167.0,1.930999994277954,2198.0,1791068590000.0,17.799999237060547,17.799999237060547,4847.35009765625,2240.0,106.8215969670564,39.400001525878906,2240.0,174.0,0.5,83.0,-6.2096325494349,0.023000000044703484,2240.0
164.0,2.015000104904175,2204.0,1791068596000.0,19.799999237060547,19.799999237060547,4863.6298828125,2246.0,106.82152312248945,34.79999923706055,2246.0,173.0,0.0,82.0,-6.2097659055143595,0.3330000042915344,2246.0
164.0,2.1089999675750732,2209.0,1791068601000.0,20.799999237060547,20.799999237060547,4875.0498046875,2251.0,106.82148615829647,33.599998474121094,2251.0,174.0,0.0,82.0,-6.2098742835223675,0.21299999952316284,2251.0
167.0,2.193000078201294,2216.0,1791068608000.0,22.200000762939453,22.200000762939453,4889.33984375,2258.0,106.82139219716191,28.799999237060547,2258.0,177.0,0.5,83.0,-6.209968663752079,0.19099999964237213,2258.0
167.0,2.1649999618530273,2222.0,1791068614000.0,23.0,23.0,4899.81982421875,2264.0,106.82132882997394,23.799999237060547,2264.0,178.0,0.5,83.0,-6.2100474536418915,0.16099999845027924,2264.0
164.0,2.062000036239624,2230.0,1791068622000.0,25.200000762939453,25.200000762939453,4915.7900390625,2272.0,106.82128130458295,21.200000762939453,2272.0,179.0,0.0,82.0,-6.210180725902319,0.26899999380111694,2272.0
167.0,1.9500000476837158,2237.0,1791068629000.0,26.0,26.0,4929.25,2279.0,106.8212481122464,22.399999618530273,2279.0,179.0,0.5,83.0,-6.210296060889959,0.11900000274181366,2279.0
167.0,2.015000104904175,2245.0,1791068637000.0,27.200000762939453,27.200000762939453,4950.919921875,2287.0,106.82120863348246,23.600000381469727,2287.0,179.0,0.5,83.0,-6.210494879633188,0.14399999380111694,2287.0
169.0,2.13700008392334,2252.0,1791068644000.0,25.600000381469727,25.600000381469727,4967.490234375,2294.0,106.8211389798671,26.799999237060547,2294.0,179.0,0.5,84.0,-6.210625637322664,-0.21899999678134918,2294.0
167.0,2.257999897003174,2260.0,1791068652000.0,23.799999237060547,23.799999237060547,4988.56982421875,2302.0,106.82103957049549,27.600000381469727,2302.0,180.0,0.5,83.0,-6.210786988958716,-0.22200000286102295,2302.0
167.0,2.3980000019073486,2265.0,1791068657000.0,24.0,24.0,5002.02978515625,2307.0,106.82098793797195,29.399999618530273,2307.0,180.0,0.5,83.0,-6.210896791890264,0.014000000432133675,2307.0
166.0,2.378999948501587,2267.0,1791068659000.0,24.0,24.0,5007.4501953125,2309.0,106.82096899487078,30.200000762939453,2309.0,180.0,0.0,83.0,-6.210941886529326,0.039000000804662704,2309.0
169.0,2.378999948501587,2272.0,1791068664000.0,24.200000762939453,24.200000762939453,5020.1298828125,2314.0,106.82091912254691,31.399999618530273,2314.0,181.0,0.5,84.0,-6.211041882634163,0.041999999433755875,2314.0
169.0,2.490999937057495,2280.0,1791068672000.0,30.399999618530273,30.399999618530273,5041.18017578125,2322.0,106.82077671401203,28.799999237060547,2322.0,181.0,0.5,84.0,-6.2111780885607,0.7580000162124634,2322.0
166.0,2.5190000534057617,2286.0,1791068678000.0,33.400001525878906,33.400001525878906,5054.8798828125,2328.0,106.82072684168816,26.0,2328.0,181.0,0.0,83.0,-6.211295602843165,0.5210000276565552,2328.0
166.0,2.5190000534057617,2292.0,1791068684000.0,28.399999618530273,28.399999618530273,5068.5498046875,2334.0,106.82071619667113,20.200000762939453,2334.0,182.0,0.0,83.0,-6.211427953094244,-0.847000002861023,2334.0
132.0,2.4070000648498535,2302.0,1791068694000.0,22.799999237060547,22.799999237060547,5086.5400390625,2344.0,106.82067663408816,15.800000190734863,2344.0,182.0,0.0,66.0,-6.21159240603447,-0.5619999766349792,2344.0
128.0,1.930999994277954,2311.0,1791068703000.0,19.200000762939453,19.200000762939453,5099.9599609375,2353.0,106.82067898102105,17.200000762939453,2353.0,181.0,0.0,64.0,-6.211729785427451,-0.38499999046325684,2353.0
132.0,1.8569999933242798,2322.0,1791068714000.0,16.600000381469727,16.600000381469727,5117.8701171875,2364.0,106.82057588361204,9.0,2364.0,180.0,0.0,66.0,-6.211838917806745,-0.23899999260902405,2364.0
0.0,2.062000036239624,2330.0,1791068722000.0,16.0,16.0,5137.06005859375,2372.0,106.8204048089683,10.0,2372.0,180.0,0.0,0.0,-6.211876468732953,-0.07500000298023224,2372.0
117.0,1.940999984741211,2338.0,1791068730000.0,15.399999618530273,15.399999618530273,5148.490234375,2380.0,106.82030757889152,24.399999618530273,2380.0,180.0,0.5,58.0,-6.211904631927609,-0.07599999755620956,2380.0
0.0,1.8569999933242798,2340.0,1791068732000.0,15.800000190734863,15.800000190734863,5150.4599609375,2382.0,106.8203173018992,28.799999237060547,2382.0,179.0,0.0,0.0,-6.211933381855488,0.1379999965429306,2382.0
117.0,1.6519999504089355,2344.0,1791068736000.0,15.600000381469727,15.600000381469727,5154.89013671875,2386.0,106.8203017115593,32.400001525878906,2386.0,176.0,0.5,58.0,-6.211966993287206,-0.012000000104308128,2386.0
0.0,1.6330000162124634,2345.0,1791068737000.0,15.600000381469727,15.600000381469727,5156.85009765625,2387.0,106.82029215618968,32.599998474121094,2387.0,176.0,0.0,0.0,-6.211982164531946,-0.04899999871850014,2387.0
129.0,1.5959999561309814,2353.0,1791068745000.0,16.600000381469727,16.600000381469727,5167.669921875,2395.0,106.82034068740904,29.200000762939453,2395.0,174.0,0.5,64.0,-6.2120995949953794,0.11800000071525574,2395.0
126.0,1.5679999589920044,2361.0,1791068753000.0,17.399999618530273,17.399999618530273,5184.080078125,2403.0,106.82028201408684,31.799999237060547,2403.0,173.0,0.0,63.0,-6.212232951074839,0.10300000011920929,2403.0
167.0,1.7640000581741333,2368.0,1791068760000.0,19.399999618530273,19.399999618530273,5204.10986328125,2410.0,106.82023901492357,32.20000076293945,2410.0,173.0,0.5,83.0,-6.212409725412726,0.296999990940094,2410.0
167.0,1.8009999990463257,2369.0,1791068761000.0,19.600000381469727,19.600000381469727,5206.8701171875,2411.0,106.82023415341973,31.799999237060547,2411.0,173.0,0.5,83.0,-6.212434535846114,0.20100000500679016,2411.0
169.0,1.9869999885559082,2375.0,1791068767000.0,19.0,19.0,5227.16015625,2417.0,106.82009208016098,30.600000381469727,2417.0,172.0,0.5,84.0,-6.212553307414055,-0.11299999803304672,2417.0
166.0,2.2209999561309814,2381.0,1791068773000.0,20.399999618530273,20.399999618530273,5244.43017578125,2423.0,106.82000230997801,33.599998474121094,2423.0,176.0,0.0,83.0,-6.212680796161294,0.25099998712539673,2423.0
169.0,2.257999897003174,2390.0,1791068782000.0,22.399999618530273,22.399999618530273,5265.580078125,2432.0,106.81992402300239,40.79999923706055,2432.0,174.0,0.5,84.0,-6.212854133918881,0.20100000500679016,2432.0
171.0,2.2950000762939453,2391.0,1791068783000.0,22.600000381469727,22.600000381469727,5269.0498046875,2433.0,106.8199008051306,41.20000076293945,2433.0,174.0,0.5,85.0,-6.212875423952937,0.3199999928474426,2433.0
171.0,2.500999927520752,2398.0,1791068790000.0,25.0,25.0,5290.7001953125,2440.0,106.81980634108186,34.79999923706055,2440.0,174.0,0.5,85.0,-6.213045660406351,0.34200000762939453,2440.0
169.0,2.677999973297119,2404.0,1791068796000.0,27.200000762939453,27.200000762939453,5306.77978515625,2446.0,106.81973819620907,25.0,2446.0,177.0,0.5,84.0,-6.21317507699132,0.35100001096725464,2446.0
171.0,2.677999973297119,2405.0,1791068797000.0,27.399999618530273,27.399999618530273,5308.97998046875,2447.0,106.81972889229655,24.399999618530273,2447.0,177.0,0.5,85.0,-6.21319267898798,0.28700000047683716,2447.0
167.0,2.444999933242798,2411.0,1791068803000.0,27.0,27.0,5323.97021484375,2453.0,106.8196502700448,26.200000762939453,2453.0,179.0,0.5,83.0,-6.213301056995988,-0.06199999898672104,2453.0
171.0,2.490999937057495,2417.0,1791068809000.0,24.600000381469727,24.600000381469727,5340.6298828125,2459.0,106.81953166611493,25.600000381469727,2459.0,176.0,0.5,85.0,-6.2133921682834625,-0.41499999165534973,2459.0
169.0,2.61299991607666,2425.0,1791068817000.0,20.799999237060547,20.799999237060547,5362.669921875,2467.0,106.81944776326418,23.0,2467.0,179.0,0.5,84.0,-6.213577324524522,-0.4650000035762787,2467.0
169.0,2.61299991607666,2426.0,1791068818000.0,20.399999618530273,20.399999618530273,5365.02001953125,2468.0,106.81943938136101,22.799999237060547,2468.0,179.0,0.5,84.0,-6.213597608730197,-0.37299999594688416,2468.0
169.0,2.556999921798706,2433.0,1791068825000.0,17.200000762939453,17.200000762939453,5381.009765625,2475.0,106.81941088289022,21.799999237060547,2475.0,179.0,0.5,84.0,-6.2137488182634115,-0.47099998593330383,2475.0
169.0,2.490999937057495,2441.0,1791068833000.0,16.0,16.0,5400.56982421875,2483.0,106.81930501945317,16.0,2483.0,176.0,0.5,84.0,-6.213888460770249,-0.15399999916553497,2483.0
171.0,2.500999927520752,2445.0,1791068837000.0,15.399999618530273,15.399999618530273,5407.669921875,2487.0,106.819270234555,13.199999809265137,2487.0,173.0,0.5,85.0,-6.213943278416991,-0.15700000524520874,2487.0
169.0,2.5380001068115234,2447.0,1791068839000.0,15.0,15.0,5412.68017578125,2489.0,106.81923662312329,12.600000381469727,2489.0,173.0,0.5,84.0,-6.213973704725504,-0.12099999934434891,2489.0
167.0,2.565999984741211,2450.0,1791068842000.0,14.399999618530273,14.399999618530273,5419.72998046875,2492.0,106.81919085793197,13.199999809265137,2492.0,176.0,0.5,83.0,-6.214018715545535,-0.21299999952316284,2492.0
166.0,2.575000047683716,2455.0,1791068847000.0,13.600000381469727,13.600000381469727,5431.22021484375,2497.0,106.8191185221076,16.399999618530273,2497.0,178.0,0.0,83.0,-6.214093314483762,-0.16699999570846558,2497.0
166.0,2.434999942779541,2464.0,1791068856000.0,16.399999618530273,16.399999618530273,5447.47021484375,2506.0,106.81899346411228,23.799999237060547,2506.0,179.0,0.0,83.0,-6.214175624772906,0.3149999976158142,2506.0
167.0,2.3610000610351562,2474.0,1791068866000.0,18.200000762939453,18.200000762939453,5467.91015625,2516.0,106.81885013356805,29.0,2516.0,179.0,0.5,83.0,-6.214291965588927,0.1809999942779541,2516.0
167.0,2.3420000076293945,2483.0,1791068875000.0,20.600000381469727,20.600000381469727,5484.43017578125,2525.0,106.8187577649951,30.399999618530273,2525.0,177.0,0.5,83.0,-6.2144099827855825,0.2529999911785126,2525.0
161.0,2.0989999771118164,2492.0,1791068884000.0,24.0,24.0,5500.2998046875,2534.0,106.81868216022849,29.200000762939453,2534.0,176.0,0.5,80.0,-6.214535627514124,0.3790000081062317,2534.0
164.0,2.0250000953674316,2499.0,1791068891000.0,26.799999237060547,26.799999237060547,5515.97998046875,2541.0,106.81857981719077,29.399999618530273,2541.0,173.0,0.0,82.0,-6.214633109048009,0.4009999930858612,2541.0
166.0,2.0250000953674316,2500.0,1791068892000.0,27.0,27.0,5517.60009765625,2542.0,106.81857151910663,29.399999618530273,2542.0,173.0,0.0,83.0,-6.214645095169544,0.3070000112056732,2542.0
163.0,2.0339999198913574,2506.0,1791068898000.0,27.799999237060547,27.799999237060547,5528.3701171875,2548.0,106.81851100176573,29.0,2548.0,173.0,0.5,81.0,-6.214722292497754,0.13899999856948853,2548.0
163.0,2.0989999771118164,2518.0,1791068910000.0,28.799999237060547,,5548.509765625,2560.0,,,2560.0,172.0,0.5,81.0,,0.07900000363588333,2560.0
166.0,2.0989999771118164,2528.0,1791068920000.0,25.0,25.0,5568.91015625,2570.0,106.81824202649295,21.200000762939453,2570.0,172.0,0.0,83.0,-6.214957153424621,-0.3720000088214874,2570.0
166.0,2.1740000247955322,2534.0,1791068926000.0,21.600000381469727,21.600000381469727,5589.259765625,2576.0,106.81813364848495,25.0,2576.0,173.0,0.0,83.0,-6.215042732656002,-0.5839999914169312,2576.0
166.0,2.13700008392334,2537.0,1791068929000.0,20.799999237060547,20.799999237060547,5594.419921875,2579.0,106.81809274479747,25.399999618530273,2579.0,174.0,0.0,83.0,-6.215067459270358,-0.23600000143051147,2579.0
167.0,2.1740000247955322,2544.0,1791068936000.0,19.0,19.0,5609.39990234375,2586.0,106.81796433404088,27.399999618530273,2586.0,173.0,0.5,83.0,-6.2151168286800385,-0.27399998903274536,2586.0
166.0,2.1549999713897705,2552.0,1791068944000.0,16.799999237060547,16.799999237060547,5629.490234375,2594.0,106.8178322352469,30.600000381469727,2594.0,172.0,0.0,83.0,-6.215240294113755,-0.26499998569488525,2594.0
166.0,2.1649999618530273,2553.0,1791068945000.0,16.799999237060547,16.799999237060547,5631.4501953125,2595.0,106.81781781837344,30.600000381469727,2595.0,172.0,0.0,83.0,-6.2152505200356245,-0.02199999988079071,2595.0
163.0,2.2019999027252197,2558.0,1791068950000.0,16.600000381469727,16.600000381469727,5644.5400390625,2600.0,106.81773475371301,30.799999237060547,2600.0,169.0,0.5,81.0,-6.21533140540123,-0.05700000002980232,2600.0
163.0,2.2109999656677246,2560.0,1791068952000.0,16.399999618530273,16.399999618530273,5649.18994140625,2602.0,106.81770851835608,30.799999237060547,2602.0,169.0,0.5,81.0,-6.215364933013916,-0.0729999989271164,2602.0
163.0,2.2669999599456787,2568.0,1791068960000.0,16.200000762939453,16.200000762939453,5668.06005859375,2610.0,106.81757289916277,29.600000381469727,2610.0,171.0,0.5,81.0,-6.2154672760516405,-0.02800000086426735,2610.0
167.0,2.2860000133514404,2575.0,1791068967000.0,16.0,16.0,5684.330078125,2617.0,106.81744951754808,30.0,2617.0,172.0,0.5,83.0,-6.215548245236278,-0.02500000037252903,2617.0
166.0,2.2950000762939453,2576.0,1791068968000.0,15.800000190734863,15.800000190734863,5686.52001953125,2618.0,106.81743417866528,30.200000762939453,2618.0,175.0,0.0,83.0,-6.215560818091035,-0.07100000232458115,2618.0
166.0,2.2950000762939453,2577.0,1791068969000.0,15.800000190734863,15.800000190734863,5688.6298828125,2619.0,106.81741842068732,30.399999618530273,2619.0,172.0,0.0,83.0,-6.2155715469270945,-0.04100000113248825,2619.0
164.0,2.2860000133514404,2582.0,1791068974000.0,15.399999618530273,15.399999618530273,5698.39013671875,2624.0,106.81735421530902,32.0,2624.0,175.0,0.0,82.0,-6.215631980448961,-0.0820000022649765,2624.0
165.0,2.2669999599456787,2585.0,1791068977000.0,15.199999809265137,15.199999809265137,5704.35009765625,2627.0,106.81731146760285,31.0,2627.0,175.0,0.5,82.0,-6.215664753690362,-0.054999999701976776,2627.0
165.0,2.2019999027252197,2595.0,1791068987000.0,12.800000190734863,12.800000190734863,5725.1298828125,2637.0,106.817163862288,29.600000381469727,2637.0,174.0,0.5,82.0,-6.215781681239605,-0.24300000071525574,2637.0
165.0,2.1740000247955322,2602.0,1791068994000.0,11.800000190734863,11.800000190734863,5738.740234375,2644.0,106.8170639500022,29.799999237060547,2644.0,173.0,0.5,82.0,-6.215852256864309,-0.13899999856948853,2644.0
146.0,2.118000030517578,2609.0,1791069001000.0,11.600000381469727,11.600000381469727,5751.259765625,2651.0,106.81697778403759,29.200000762939453,2651.0,170.0,0.0,73.0,-6.215924676507711,-0.04100000113248825,2651.0
128.0,2.0339999198913574,2611.0,1791069003000.0,11.600000381469727,11.600000381469727,5754.31005859375,2653.0,106.8169566616416,29.200000762939453,2653.0,168.0,0.0,64.0,-6.215942781418562,0.004999999888241291,2653.0
124.0,1.781999945640564,2616.0,1791069008000.0,11.600000381469727,11.600000381469727,5761.0498046875,2658.0,106.81690762750804,29.399999618530273,2658.0,165.0,0.0,62.0,-6.21598033234477,0.00800000037997961,2658.0
128.0,1.6330000162124634,2621.0,1791069013000.0,11.600000381469727,11.600000381469727,5766.6201171875,2663.0,106.81686622090638,30.200000762939453,2663.0,166.0,0.0,64.0,-6.216009920462966,0.008999999612569809,2663.0
123.0,1.5210000276565552,2630.0,1791069022000.0,11.600000381469727,11.600000381469727,5781.740234375,2672.0,106.81675759144127,29.799999237060547,2672.0,169.0,0.5,61.0,-6.216092146933079,-0.013000000268220901,2672.0
126.0,1.5399999618530273,2631.0,1791069023000.0,11.600000381469727,11.600000381469727,5784.169921875,2673.0,106.81673990562558,29.799999237060547,2673.0,169.0,0.0,63.0,-6.216105809435248,0.12399999797344208,2673.0
127.0,1.6050000190734863,2639.0,1791069031000.0,12.399999618530273,12.399999618530273,5795.8798828125,2681.0,106.81665709242225,28.200000762939453,2681.0,168.0,0.5,63.0,-6.2161714397370815,0.09000000357627869,2681.0
124.0,1.5959999561309814,2643.0,1791069035000.0,12.800000190734863,12.800000190734863,5801.43017578125,2685.0,106.81661535054445,27.600000381469727,2685.0,165.0,0.0,62.0,-6.216199519112706,0.10000000149011612,2685.0
115.0,1.5299999713897705,2649.0,1791069041000.0,13.399999618530273,13.399999618530273,5810.89013671875,2691.0,106.81654720567167,27.399999618530273,2691.0,164.0,0.5,57.0,-6.216248972341418,0.10400000214576721,2691.0
0.0,1.4459999799728394,2659.0,1791069051000.0,13.800000190734863,13.800000190734863,5826.81982421875,2701.0,106.81644125841558,27.0,2701.0,161.0,0.0,0.0,-6.216345364227891,0.04500000178813934,2701.0
164.0,1.5579999685287476,2665.0,1791069057000.0,13.600000381469727,13.600000381469727,5840.3798828125,2707.0,106.8163540866226,26.799999237060547,2707.0,158.0,0.0,82.0,-6.2164311949163675,-0.05299999937415123,2707.0
164.0,1.6050000190734863,2666.0,1791069058000.0,13.399999618530273,13.399999618530273,5842.85986328125,2708.0,106.81633422151208,26.799999237060547,2708.0,158.0,0.0,82.0,-6.216441756114364,-0.10499999672174454,2708.0
169.0,2.2109999656677246,2674.0,1791069066000.0,11.600000381469727,11.600000381469727,5864.27001953125,2716.0,106.81615568697453,25.200000762939453,2716.0,159.0,0.5,84.0,-6.216519707813859,-0.24199999868869781,2716.0
166.0,2.257999897003174,2675.0,1791069067000.0,11.0,11.0,5866.5400390625,2717.0,106.81613808497787,24.399999618530273,2717.0,160.0,0.0,83.0,-6.216530352830887,-0.46799999475479126,2717.0
166.0,2.2950000762939453,2678.0,1791069070000.0,9.600000381469727,9.600000381469727,5874.33984375,2720.0,106.8160842731595,22.200000762939453,2720.0,163.0,0.0,83.0,-6.216576620936394,-0.460999995470047,2720.0
164.0,2.3420000076293945,2682.0,1791069074000.0,9.0,9.0,5884.14990234375,2724.0,106.81601428426802,20.799999237060547,2724.0,164.0,0.0,82.0,-6.216632528230548,-0.17299999296665192,2724.0
166.0,2.3510000705718994,2684.0,1791069076000.0,8.399999618530273,8.399999618530273,5889.5400390625,2726.0,106.81597128510475,20.399999618530273,2726.0,167.0,0.0,83.0,-6.216655410826206,-0.28999999165534973,2726.0
166.0,2.3510000705718994,2689.0,1791069081000.0,8.399999618530273,8.399999618530273,5900.68994140625,2731.0,106.81590238586068,20.200000762939453,2731.0,169.0,0.0,83.0,-6.216727830469608,0.019999999552965164,2731.0
167.0,2.3610000610351562,2697.0,1791069089000.0,10.0,10.0,5918.4501953125,2739.0,106.81581378914416,15.600000381469727,2739.0,170.0,0.5,83.0,-6.216867472976446,0.18400000035762787,2739.0
166.0,2.3420000076293945,2700.0,1791069092000.0,9.199999809265137,9.199999809265137,5925.72998046875,2742.0,106.81575746275485,14.800000190734863,2742.0,173.0,0.0,83.0,-6.216900832951069,-0.2199999988079071,2742.0
166.0,2.3420000076293945,2703.0,1791069095000.0,9.199999809265137,9.199999809265137,5933.66015625,2745.0,106.81570583023131,14.800000190734863,2745.0,174.0,0.0,83.0,-6.216949950903654,-0.024000000208616257,2745.0
167.0,2.305000066757202,2709.0,1791069101000.0,10.600000381469727,10.600000381469727,5943.240234375,2751.0,106.81566274724901,15.600000381469727,2751.0,176.0,0.5,83.0,-6.217038631439209,0.21899999678134918,2751.0
164.0,2.2669999599456787,2712.0,1791069104000.0,10.199999809265137,10.199999809265137,5950.580078125,2754.0,106.81559577584267,15.600000381469727,2754.0,176.0,0.0,82.0,-6.217036284506321,-0.09600000083446503,2754.0
166.0,2.257999897003174,2714.0,1791069106000.0,11.399999618530273,11.399999618530273,5955.18017578125,2756.0,106.81556568481028,15.800000190734863,2756.0,176.0,0.0,83.0,-6.217065453529358,0.527999997138977,2756.0
166.0,2.1459999084472656,2721.0,1791069113000.0,14.399999618530273,14.399999618530273,5970.31005859375,2763.0,106.81545923464,13.600000381469727,2763.0,176.0,0.0,83.0,-6.217147344723344,0.4309999942779541,2763.0
164.0,2.127000093460083,2728.0,1791069120000.0,14.600000381469727,14.600000381469727,5987.02001953125,2770.0,106.81533895432949,11.0,2770.0,176.0,0.0,82.0,-6.21723803691566,0.041999999433755875,2770.0
166.0,2.1459999084472656,2733.0,1791069125000.0,13.199999809265137,13.199999809265137,6001.080078125,2775.0,106.81523451581597,13.0,2775.0,176.0,0.0,83.0,-6.217311378568411,-0.3009999990463257,2775.0
166.0,2.1740000247955322,2739.0,1791069131000.0,11.600000381469727,11.600000381469727,6017.0400390625,2781.0,106.81512303650379,17.399999618530273,2781.0,175.0,0.0,83.0,-6.217403747141361,-0.2669999897480011,2781.0
164.0,2.249000072479248,2748.0,1791069140000.0,12.399999618530273,12.399999618530273,6037.97021484375,2790.0,106.81497040204704,22.399999618530273,2790.0,176.0,0.0,82.0,-6.217515310272574,0.10199999809265137,2790.0
166.0,2.1740000247955322,2755.0,1791069147000.0,13.600000381469727,13.600000381469727,6052.31982421875,2797.0,106.81486344896257,24.799999237060547,2797.0,177.0,0.0,83.0,-6.217589322477579,0.16899999976158142,2797.0
166.0,2.052999973297119,2763.0,1791069155000.0,15.800000190734863,15.800000190734863,6067.97021484375,2805.0,106.81474023498595,26.600000381469727,2805.0,177.0,0.0,83.0,-6.21765973046422,0.2750000059604645,2805.0
163.0,1.9869999885559082,2771.0,1791069163000.0,18.0,18.0,6081.18017578125,2813.0,106.81465356610715,28.399999618530273,2813.0,175.0,0.5,81.0,-6.217740783467889,0.2669999897480011,2813.0
161.0,1.9500000476837158,2780.0,1791069172000.0,20.200000762939453,20.200000762939453,6101.52978515625,2822.0,106.81448886170983,27.399999618530273,2822.0,173.0,0.5,80.0,-6.217819070443511,0.257999986410141,2822.0
159.0,1.9589999914169312,2785.0,1791069177000.0,20.200000762939453,20.200000762939453,6112.22998046875,2827.0,106.81440085172653,29.600000381469727,2827.0,170.0,0.5,79.0,-6.217859219759703,-0.03400000184774399,2827.0
159.0,1.9589999914169312,2788.0,1791069180000.0,20.0,20.0,6117.35009765625,2830.0,106.81436170823872,31.799999237060547,2830.0,169.0,0.5,79.0,-6.217884868383408,-0.01600000075995922,2830.0
159.0,1.9589999914169312,2790.0,1791069182000.0,20.0,20.0,6121.1201171875,2832.0,106.81434167549014,33.400001525878906,2832.0,168.0,0.5,79.0,-6.217909008264542,0.007000000216066837,2832.0
159.0,1.9589999914169312,2794.0,1791069186000.0,20.200000762939453,20.200000762939453,6129.16015625,2836.0,106.81430437602103,34.79999923706055,2836.0,166.0,0.5,79.0,-6.217975476756692,0.026000000536441803,2836.0
165.0,1.9220000505447388,2804.0,1791069196000.0,20.0,20.0,6146.31005859375,2846.0,106.81420806795359,27.600000381469727,2846.0,167.0,0.5,82.0,-6.218099445104599,-0.012000000104308128,2846.0
163.0,1.930999994277954,2808.0,1791069200000.0,19.200000762939453,19.200000762939453,6153.31982421875,2850.0,106.81415174156427,25.200000762939453,2850.0,171.0,0.5,81.0,-6.218128697946668,-0.20100000500679016,2850.0
163.0,1.9220000505447388,2813.0,1791069205000.0,18.799999237060547,18.799999237060547,6162.35986328125,2855.0,106.81410262361169,24.399999618530273,2855.0,170.0,0.5,81.0,-6.218194579705596,-0.0820000022649765,2855.0
161.0,1.902999997138977,2823.0,1791069215000.0,17.0,17.0,6179.1298828125,2865.0,106.81398737244308,26.200000762939453,2865.0,171.0,0.5,80.0,-6.218293737620115,-0.17800000309944153,2865.0
163.0,1.8660000562667847,2832.0,1791069224000.0,16.600000381469727,16.600000381469727,6194.919921875,2874.0,106.81387807242572,27.0,2874.0,173.0,0.5,81.0,-6.218390883877873,-0.061000000685453415,2874.0
165.0,1.875,2836.0,1791069228000.0,16.399999618530273,16.399999618530273,6205.02001953125,2878.0,106.81380171328783,27.799999237060547,2878.0,170.0,0.5,82.0,-6.218440588563681,-0.04500000178813934,2878.0
164.0,1.8849999904632568,2839.0,1791069231000.0,16.200000762939453,16.200000762939453,6212.75,2881.0,106.81374672800303,27.600000381469727,2881.0,167.0,0.0,82.0,-6.218484006822109,-0.05299999937415123,2881.0
165.0,1.9129999876022339,2841.0,1791069233000.0,16.0,16.0,6217.919921875,2883.0,106.81371035054326,27.399999618530273,2883.0,166.0,0.5,82.0,-6.218513427302241,-0.07800000160932541,2883.0
165.0,2.2209999561309814,2848.0,1791069240000.0,15.600000381469727,15.600000381469727,6235.35986328125,2890.0,106.81357615627348,26.600000381469727,2890.0,165.0,0.5,82.0,-6.218596324324608,-0.06800000369548798,2890.0
171.0,2.3420000076293945,2855.0,1791069247000.0,14.600000381469727,14.600000381469727,6257.39990234375,2897.0,106.81342771276832,25.600000381469727,2897.0,166.0,0.5,85.0,-6.218725992366672,-0.13300000131130219,2897.0
171.0,2.3889999389648438,2857.0,1791069249000.0,14.600000381469727,14.600000381469727,6262.41015625,2899.0,106.81339024566114,25.200000762939453,2899.0,170.0,0.5,85.0,-6.218751221895218,-0.03700000047683716,2899.0
169.0,2.4630000591278076,2860.0,1791069252000.0,14.399999618530273,14.399999618530273,6270.240234375,2902.0,106.81333157233894,25.0,2902.0,173.0,0.5,84.0,-6.218791035935283,-0.02500000037252903,2902.0
169.0,2.4730000495910645,2865.0,1791069257000.0,14.399999618530273,14.399999618530273,6282.91015625,2907.0,106.8132405448705,24.799999237060547,2907.0,174.0,0.5,84.0,-6.218859767541289,0.0020000000949949026,2907.0
167.0,2.4630000591278076,2867.0,1791069259000.0,14.399999618530273,14.399999618530273,6288.0498046875,2909.0,106.81320441886783,24.799999237060547,2909.0,177.0,0.5,83.0,-6.218889355659485,0.012000000104308128,2909.0
167.0,2.4820001125335693,2874.0,1791069266000.0,15.399999618530273,15.399999618530273,6307.75,2916.0,106.81306460872293,25.600000381469727,2916.0,174.0,0.5,83.0,-6.218999242410064,0.13600000739097595,2916.0
165.0,2.444999933242798,2877.0,1791069269000.0,16.0,16.0,6314.830078125,2919.0,106.8130122218281,27.0,2919.0,178.0,0.5,82.0,-6.2190361227840185,0.2070000022649765,2919.0
165.0,2.2860000133514404,2885.0,1791069277000.0,17.600000381469727,17.600000381469727,6330.22021484375,2927.0,106.81289730593562,30.0,2927.0,179.0,0.5,82.0,-6.219113487750292,0.18299999833106995,2927.0
163.0,2.1459999084472656,2895.0,1791069287000.0,19.0,19.0,6349.52001953125,2937.0,106.81276428513229,28.600000381469727,2937.0,179.0,0.5,81.0,-6.219225218519568,0.1550000011920929,2937.0
164.0,2.071000099182129,2900.0,1791069292000.0,19.600000381469727,19.600000381469727,6357.64990234375,2942.0,106.81271131150424,28.399999618530273,2942.0,176.0,0.0,82.0,-6.219275929033756,0.11400000005960464,2942.0
128.0,1.7359999418258667,2909.0,1791069301000.0,20.600000381469727,20.600000381469727,6367.6201171875,2951.0,106.81261952966452,27.0,2951.0,175.0,0.0,64.0,-6.2193456664681435,0.10999999940395355,2951.0
130.0,1.6699999570846558,2911.0,1791069303000.0,21.0,21.0,6367.6201171875,2953.0,106.81259513832629,27.0,2953.0,175.0,0.0,65.0,-6.219369722530246,0.13699999451637268,2953.0
128.0,1.6419999599456787,2914.0,1791069306000.0,20.799999237060547,20.799999237060547,6371.97998046875,2956.0,106.81255113333464,26.200000762939453,2956.0,174.0,0.0,64.0,-6.219396628439426,-0.029999999329447746,2956.0
128.0,1.6330000162124634,2915.0,1791069307000.0,20.799999237060547,20.799999237060547,6372.47021484375,2957.0,106.81254635564983,27.0,2957.0,174.0,0.0,64.0,-6.2194019090384245,-0.014000000432133675,2957.0
127.0,1.6239999532699585,2917.0,1791069309000.0,20.799999237060547,20.799999237060547,6373.1298828125,2959.0,106.81254534982145,28.600000381469727,2959.0,173.0,0.5,63.0,-6.219400400295854,-0.010999999940395355,2959.0
127.0,1.5579999685287476,2919.0,1791069311000.0,20.799999237060547,20.799999237060547,6373.9599609375,2961.0,106.81253822520375,28.799999237060547,2961.0,173.0,0.5,63.0,-6.219403585419059,-0.027000000700354576,2961.0
121.0,1.5490000247955322,2927.0,1791069319000.0,28.799999237060547,,6383.18994140625,2969.0,,,2969.0,170.0,0.5,60.0,,1.0069999694824219,2969.0
123.0,1.847000002861023,2938.0,1791069330000.0,28.799999237060547,,6403.8701171875,2980.0,,,2980.0,171.0,0.5,61.0,,0.0,2980.0
0.0,1.5019999742507935,2951.0,1791069343000.0,20.0,20.0,6424.35986328125,2993.0,106.81219599209726,32.79999923706055,2993.0,168.0,0.0,0.0,-6.219747914001346,-0.6769999861717224,2993.0
120.0,1.4930000305175781,2957.0,1791069349000.0,20.0,20.0,6441.509765625,2999.0,106.81211594492197,29.600000381469727,2999.0,168.0,0.0,60.0,-6.219812706112862,0.0,2999.0
163.0,1.5770000219345093,2965.0,1791069357000.0,19.600000381469727,19.600000381469727,6458.7001953125,3007.0,106.81200153194368,31.0,3007.0,168.0,0.5,81.0,-6.219920162111521,-0.03999999910593033,3007.0
169.0,2.313999891281128,2973.0,1791069365000.0,17.399999618530273,17.399999618530273,6479.1298828125,3015.0,106.81189080700278,31.200000762939453,3015.0,168.0,0.5,84.0,-6.220067432150245,-0.289000004529953,3015.0
168.0,2.3980000019073486,2981.0,1791069373000.0,14.800000190734863,14.800000190734863,6499.31982421875,3023.0,106.81183464825153,30.399999618530273,3023.0,169.0,0.0,84.0,-6.220238171517849,-0.3330000042915344,3023.0
169.0,2.4170000553131104,2988.0,1791069380000.0,14.600000381469727,14.600000381469727,6515.990234375,3030.0,106.8118467181921,30.399999618530273,3030.0,171.0,0.5,84.0,-6.220386531203985,-0.008999999612569809,3030.0
168.0,2.3510000705718994,2994.0,1791069386000.0,13.0,13.0,6530.85009765625,3036.0,106.81190488860011,30.0,3036.0,174.0,0.0,84.0,-6.220505638048053,-0.28700000047683716,3036.0
168.0,2.3510000705718994,2995.0,1791069387000.0,12.800000190734863,12.800000190734863,6532.77001953125,3037.0,106.81191536597908,29.799999237060547,3037.0,175.0,0.0,84.0,-6.2205195520073175,-0.10100000351667404,3037.0
168.0,2.2950000762939453,3003.0,1791069395000.0,11.199999809265137,11.199999809265137,6549.77001953125,3045.0,106.81199776008725,30.399999618530273,3045.0,178.0,0.0,84.0,-6.220648298040032,-0.21400000154972076,3045.0
169.0,2.2950000762939453,3004.0,1791069396000.0,10.800000190734863,10.800000190734863,6551.8701171875,3046.0,106.81201393716037,30.399999618530273,3046.0,178.0,0.5,84.0,-6.220658523961902,-0.38600000739097595,3046.0
169.0,2.2950000762939453,3007.0,1791069399000.0,10.0,10.0,6560.0,3049.0,106.81207763962448,31.0,3049.0,181.0,0.5,84.0,-6.22069557197392,-0.2240000069141388,3049.0
168.0,2.3329999446868896,3013.0,1791069405000.0,10.0,10.0,6573.43994140625,3055.0,106.81218886747956,33.0,3055.0,182.0,0.0,84.0,-6.220741253346205,-0.00800000037997961,3055.0
171.0,2.369999885559082,3022.0,1791069414000.0,10.600000381469727,10.600000381469727,6595.990234375,3064.0,106.81238508783281,35.20000076293945,3064.0,181.0,0.5,85.0,-6.2207012716680765,0.061000000685453415,3064.0
168.0,2.378999948501587,3031.0,1791069423000.0,11.600000381469727,11.600000381469727,6618.97021484375,3073.0,106.81254182942212,36.400001525878906,3073.0,182.0,0.0,84.0,-6.2205716874450445,0.125,3073.0
168.0,2.3889999389648438,3038.0,1791069430000.0,12.399999618530273,12.399999618530273,6636.9501953125,3080.0,106.81260804645717,38.20000076293945,3080.0,181.0,0.0,84.0,-6.220423998311162,0.11800000071525574,3080.0
166.0,2.3980000019073486,3044.0,1791069436000.0,13.399999618530273,13.399999618530273,6652.43017578125,3086.0,106.81263143196702,37.0,3086.0,182.0,0.0,83.0,-6.220287540927529,0.1379999965429306,3086.0
171.0,2.4070000648498535,3050.0,1791069442000.0,13.800000190734863,13.800000190734863,6666.0,3092.0,106.81260754354298,35.599998474121094,3092.0,183.0,0.5,85.0,-6.2201708648353815,0.07999999821186066,3092.0
166.0,2.3889999389648438,3058.0,1791069450000.0,17.200000762939453,17.200000762939453,6684.580078125,3100.0,106.81250779889524,34.79999923706055,3100.0,182.0,0.0,83.0,-6.220035245642066,0.4180000126361847,3100.0
166.0,2.3610000610351562,3068.0,1791069460000.0,20.399999618530273,20.399999618530273,6706.58984375,3110.0,106.81239363737404,36.0,3110.0,182.0,0.0,83.0,-6.219872301444411,0.32100000977516174,3110.0
168.0,2.305000066757202,3077.0,1791069469000.0,20.0,20.0,6724.580078125,3119.0,106.81230043061078,35.20000076293945,3119.0,182.0,0.0,84.0,-6.21973886154592,-0.03999999910593033,3119.0
167.0,2.239000082015991,3087.0,1791069479000.0,19.600000381469727,19.600000381469727,6744.6201171875,3129.0,106.81219255551696,34.599998474121094,3129.0,182.0,0.5,83.0,-6.219594441354275,-0.035999998450279236,3129.0
167.0,2.239000082015991,3088.0,1791069480000.0,19.600000381469727,19.600000381469727,6746.68017578125,3130.0,106.81218149140477,34.400001525878906,3130.0,181.0,0.5,83.0,-6.219579437747598,-0.1080000028014183,3130.0
167.0,2.2109999656677246,3098.0,1791069490000.0,17.799999237060547,17.799999237060547,6767.97021484375,3140.0,106.81206556968391,33.400001525878906,3140.0,180.0,0.5,83.0,-6.219425965100527,-0.1770000010728836,3140.0
166.0,2.183000087738037,3108.0,1791069500000.0,17.0,17.0,6789.22998046875,3150.0,106.8119484744966,33.79999923706055,3150.0,181.0,0.0,83.0,-6.219274839386344,-0.07699999958276749,3150.0
166.0,2.2109999656677246,3116.0,1791069508000.0,17.600000381469727,17.600000381469727,6811.10009765625,3158.0,106.81185208261013,33.20000076293945,3158.0,181.0,0.0,83.0,-6.219102591276169,0.07400000095367432,3158.0
166.0,2.2209999561309814,3117.0,1791069509000.0,17.799999237060547,17.799999237060547,6813.83984375,3159.0,106.81183917447925,33.20000076293945,3159.0,181.0,0.0,83.0,-6.2190814688801765,0.12200000137090683,3159.0
169.0,2.305000066757202,3125.0,1791069517000.0,17.600000381469727,17.600000381469727,6834.64990234375,3167.0,106.8116979394108,33.79999923706055,3167.0,182.0,0.5,84.0,-6.218961691483855,-0.014000000432133675,3167.0
167.0,2.3420000076293945,3133.0,1791069525000.0,16.399999618530273,16.399999618530273,6854.3798828125,3175.0,106.81153843179345,32.79999923706055,3175.0,182.0,0.5,83.0,-6.218894636258483,-0.14399999380111694,3175.0
169.0,2.3610000610351562,3141.0,1791069533000.0,16.399999618530273,16.399999618530273,6875.72021484375,3183.0,106.81135327555239,32.400001525878906,3183.0,181.0,0.5,84.0,-6.218945849686861,-0.0020000000949949026,3183.0
166.0,2.369999885559082,3148.0,1791069540000.0,16.799999237060547,16.799999237060547,6892.89013671875,3190.0,106.81123626418412,33.0,3190.0,181.0,0.0,83.0,-6.219042660668492,0.04899999871850014,3190.0
164.0,2.369999885559082,3156.0,1791069548000.0,17.200000762939453,17.200000762939453,6912.06005859375,3198.0,106.81116283871233,33.20000076293945,3198.0,182.0,0.0,82.0,-6.2191966362297535,0.05999999865889549,3198.0
167.0,2.369999885559082,3158.0,1791069550000.0,17.399999618530273,17.399999618530273,6917.0,3200.0,106.81116526946425,33.79999923706055,3200.0,180.0,0.5,83.0,-6.219240641221404,0.08399999886751175,3200.0
169.0,2.369999885559082,3160.0,1791069552000.0,17.600000381469727,17.600000381469727,6922.10009765625,3202.0,106.81116786785424,34.20000076293945,3202.0,180.0,0.5,84.0,-6.219286574050784,0.08699999749660492,3202.0
167.0,2.3889999389648438,3167.0,1791069559000.0,17.200000762939453,17.200000762939453,6941.669921875,3209.0,106.81118438020349,33.0,3209.0,181.0,0.5,83.0,-6.219461336731911,-0.054999999701976776,3209.0
169.0,2.500999927520752,3174.0,1791069566000.0,15.800000190734863,15.800000190734863,6963.419921875,3216.0,106.81129166856408,31.0,3216.0,183.0,0.5,84.0,-6.219624867662787,-0.2029999941587448,3216.0
169.0,2.7339999675750732,3180.0,1791069572000.0,14.199999809265137,14.199999809265137,6981.240234375,3222.0,106.81142561137676,29.399999618530273,3222.0,185.0,0.5,84.0,-6.219709860160947,-0.2809999883174896,3222.0
169.0,2.809000015258789,3187.0,1791069579000.0,15.0,15.0,7001.06982421875,3229.0,106.8116012122482,28.799999237060547,3229.0,185.0,0.5,84.0,-6.219733413308859,0.11900000274181366,3229.0
171.0,2.7249999046325684,3194.0,1791069586000.0,17.399999618530273,17.399999618530273,7021.2900390625,3236.0,106.81178192608058,28.399999618530273,3236.0,184.0,0.5,85.0,-6.2197350058704615,0.33799999952316284,3236.0
169.0,2.7249999046325684,3195.0,1791069587000.0,17.600000381469727,17.600000381469727,7024.009765625,3237.0,106.81180564686656,28.600000381469727,3237.0,184.0,0.5,84.0,-6.219728887081146,0.25600001215934753,3237.0
165.0,2.5290000438690186,3202.0,1791069594000.0,18.799999237060547,18.799999237060547,7038.47998046875,3244.0,106.8119212333113,31.200000762939453,3244.0,183.0,0.5,82.0,-6.219674153253436,0.17800000309944153,3244.0
129.0,1.9129999876022339,3211.0,1791069603000.0,19.399999618530273,19.399999618530273,7053.7099609375,3253.0,106.81202868930995,32.79999923706055,3253.0,181.0,0.5,64.0,-6.2195877358317375,0.061000000685453415,3253.0
130.0,1.7730000019073486,3221.0,1791069613000.0,19.200000762939453,19.200000762939453,7066.35986328125,3263.0,106.81213111616671,33.20000076293945,3263.0,179.0,0.0,65.0,-6.219541132450104,-0.012000000104308128,3263.0
130.0,1.7640000581741333,3225.0,1791069617000.0,19.0,19.0,7069.0,3267.0,106.81219791993499,30.0,3267.0,178.0,0.0,65.0,-6.219515986740589,-0.041999999433755875,3267.0
127.0,1.8289999961853027,3228.0,1791069620000.0,18.399999618530273,18.399999618530273,7077.8701171875,3270.0,106.81222138926387,28.200000762939453,3270.0,177.0,0.5,63.0,-6.2194419745355844,-0.19200000166893005,3270.0
123.0,1.8289999961853027,3230.0,1791069622000.0,18.600000381469727,18.600000381469727,7081.1298828125,3272.0,106.81223538704216,28.200000762939453,3272.0,176.0,0.5,61.0,-6.219446584582329,0.03799999877810478,3272.0
123.0,1.7359999418258667,3231.0,1791069623000.0,18.600000381469727,18.600000381469727,7082.08984375,3273.0,106.81224435567856,29.200000762939453,3273.0,176.0,0.5,61.0,-6.219447506591678,0.007000000216066837,3273.0
234.0,0.31299999356269836,3234.0,1791069626000.0,31.0,,7083.02978515625,3276.0,,,3276.0,177.0,0.0,117.0,,4.138999938964844,3276.0
0.0,2.118000030517578,3243.0,1791069635000.0,31.0,,7104.7900390625,3285.0,,,3285.0,174.0,0.0,0.0,,0.0,3285.0
0.0,2.118000030517578,3249.0,1791069641000.0,31.0,,7117.5,3291.0,,,3291.0,171.0,0.0,0.0,,0.0,3291.0
0.0,1.6050000190734863,3260.0,1791069652000.0,31.0,,7137.83984375,3302.0,,,3302.0,170.0,0.0,0.0,,0.0,3302.0
0.0,1.5859999656677246,3262.0,1791069654000.0,18.0,18.0,7141.009765625,3304.0,106.81263620965183,34.20000076293945,3304.0,170.0,0.0,0.0,-6.219094377011061,-6.468999862670898,3304.0
165.0,1.5859999656677246,3265.0,1791069657000.0,17.799999237060547,17.799999237060547,7152.080078125,3307.0,106.81269655935466,31.799999237060547,3307.0,171.0,0.5,82.0,-6.219061771407723,-0.08500000089406967,3307.0
167.0,2.13700008392334,3270.0,1791069662000.0,17.399999618530273,17.399999618530273,7164.18994140625,3312.0,106.81279404088855,32.79999923706055,3312.0,171.0,0.5,83.0,-6.2190113961696625,-0.0729999989271164,3312.0
173.0,2.3510000705718994,3276.0,1791069668000.0,16.399999618530273,16.399999618530273,7182.14013671875,3318.0,106.81291775777936,33.20000076293945,3318.0,174.0,0.5,86.0,-6.218906119465828,-0.15800000727176666,3318.0
171.0,2.444999933242798,3279.0,1791069671000.0,16.0,16.0,7189.93017578125,3321.0,106.8129693903029,33.599998474121094,3321.0,175.0,0.5,85.0,-6.218858677893877,-0.17599999904632568,3321.0
168.0,2.5190000534057617,3283.0,1791069675000.0,15.399999618530273,15.399999618530273,7199.43017578125,3325.0,106.81304248049855,34.20000076293945,3325.0,178.0,0.0,84.0,-6.218813583254814,-0.1469999998807907,3325.0
169.0,2.490999937057495,3288.0,1791069680000.0,14.600000381469727,14.600000381469727,7210.47021484375,3330.0,106.81312252767384,34.599998474121094,3330.0,179.0,0.5,84.0,-6.2187545746564865,-0.14300000667572021,3330.0
173.0,2.313999891281128,3297.0,1791069689000.0,15.0,15.0,7232.02001953125,3339.0,106.81327214464545,34.20000076293945,3339.0,177.0,0.5,86.0,-6.218630187213421,0.04800000041723251,3339.0
171.0,2.313999891281128,3298.0,1791069690000.0,15.199999809265137,15.199999809265137,7234.35009765625,3340.0,106.81328874081373,34.400001525878906,3340.0,177.0,0.5,85.0,-6.218617195263505,0.0860000029206276,3340.0
173.0,2.322999954223633,3307.0,1791069699000.0,15.800000190734863,15.800000190734863,7256.1201171875,3349.0,106.8134369328618,34.0,3349.0,177.0,0.5,86.0,-6.2184874434024096,0.07199999690055847,3349.0
171.0,2.3329999446868896,3308.0,1791069700000.0,15.800000190734863,15.800000190734863,7258.5498046875,3350.0,106.81345554068685,33.79999923706055,3350.0,177.0,0.5,85.0,-6.218475541099906,-0.0430000014603138,3350.0
167.0,2.3510000705718994,3315.0,1791069707000.0,15.399999618530273,15.399999618530273,7277.6201171875,3357.0,106.81358034722507,33.20000076293945,3357.0,177.0,0.5,83.0,-6.218356434255838,-0.061000000685453415,3357.0
169.0,2.305000066757202,3324.0,1791069716000.0,15.199999809265137,15.199999809265137,7299.64013671875,3366.0,106.81374463252723,31.0,3366.0,179.0,0.5,84.0,-6.218242775648832,-0.013000000268220901,3366.0
169.0,2.305000066757202,3325.0,1791069717000.0,15.199999809265137,15.199999809265137,7302.39013671875,3367.0,106.81376106105745,31.0,3367.0,179.0,0.5,84.0,-6.2182235810905695,-0.019999999552965164,3367.0
169.0,2.3610000610351562,3332.0,1791069724000.0,15.399999618530273,15.399999618530273,7322.56005859375,3374.0,106.81389919482172,32.20000076293945,3374.0,181.0,0.5,84.0,-6.218105144798756,0.019999999552965164,3374.0
169.0,2.3889999389648438,3334.0,1791069726000.0,15.399999618530273,15.399999618530273,7327.740234375,3376.0,106.81393523700535,33.0,3376.0,181.0,0.5,84.0,-6.2180745508521795,0.019999999552965164,3376.0
171.0,2.500999927520752,3342.0,1791069734000.0,17.200000762939453,17.200000762939453,7350.14990234375,3384.0,106.81409968994558,35.599998474121094,3384.0,180.0,0.5,85.0,-6.217956701293588,0.21799999475479126,3384.0
171.0,2.5190000534057617,3343.0,1791069735000.0,17.600000381469727,17.600000381469727,7354.330078125,3385.0,106.81412634439766,36.0,3385.0,180.0,0.5,85.0,-6.217929543927312,0.38199999928474426,3385.0
173.0,2.7149999141693115,3350.0,1791069742000.0,19.399999618530273,19.399999618530273,7376.97998046875,3392.0,106.81427713483572,34.79999923706055,3392.0,179.0,0.5,86.0,-6.21779115870595,0.26899999380111694,3392.0
173.0,2.7149999141693115,3351.0,1791069743000.0,19.399999618530273,19.399999618530273,7379.97021484375,3393.0,106.81429180316627,33.599998474121094,3393.0,179.0,0.5,86.0,-6.217767940834165,-0.03099999949336052,3393.0
173.0,2.9110000133514404,3357.0,1791069749000.0,21.399999618530273,21.399999618530273,7397.75,3399.0,106.81440822780132,29.0,3399.0,181.0,0.5,86.0,-6.217656964436173,0.33399999141693115,3399.0
173.0,2.7990000247955322,3363.0,1791069755000.0,25.0,25.0,7412.83984375,3405.0,106.81451962329447,28.799999237060547,3405.0,183.0,0.5,86.0,-6.21758203022182,0.6060000061988831,3405.0
169.0,2.687000036239624,3369.0,1791069761000.0,21.399999618530273,21.399999618530273,7429.68017578125,3411.0,106.8146409932524,33.79999923706055,3411.0,183.0,0.5,84.0,-6.217487063258886,-0.6190000176429749,3411.0
166.0,2.4170000553131104,3374.0,1791069766000.0,17.399999618530273,17.399999618530273,7441.68994140625,3416.0,106.8147308472544,38.400001525878906,3416.0,182.0,0.0,83.0,-6.217425623908639,-0.7630000114440918,3416.0
167.0,2.369999885559082,3382.0,1791069774000.0,13.199999809265137,13.199999809265137,7464.16015625,3424.0,106.81487962603569,45.20000076293945,3424.0,182.0,0.5,83.0,-6.217281958088279,-0.5299999713897705,3424.0
166.0,2.369999885559082,3384.0,1791069776000.0,13.600000381469727,13.600000381469727,7470.22998046875,3426.0,106.81491181254387,46.0,3426.0,182.0,0.0,83.0,-6.217233510687947,0.20399999618530273,3426.0
166.0,2.1089999675750732,3392.0,1791069784000.0,17.600000381469727,17.600000381469727,7492.080078125,3434.0,106.81503158994019,51.599998474121094,3434.0,181.0,0.0,83.0,-6.217072661966085,0.4830000102519989,3434.0
167.0,2.062000036239624,3394.0,1791069786000.0,17.799999237060547,17.799999237060547,7494.9599609375,3436.0,106.81505547836423,54.20000076293945,3436.0,181.0,0.5,83.0,-6.217063274234533,0.1770000010728836,3436.0
166.0,1.996999979019165,3398.0,1791069790000.0,18.799999237060547,18.799999237060547,7500.5400390625,3440.0,106.81509730406106,61.79999923706055,3440.0,181.0,0.0,83.0,-6.2170367036014795,0.210999995470047,3440.0
166.0,1.9500000476837158,3399.0,1791069791000.0,18.600000381469727,18.600000381469727,7502.8798828125,3441.0,106.81511716917157,63.20000076293945,3441.0,181.0,0.0,83.0,-6.217029159888625,-0.21899999678134918,3441.0
164.0,2.0250000953674316,3406.0,1791069798000.0,17.600000381469727,17.600000381469727,7515.72021484375,3448.0,106.81522571481764,69.5999984741211,3448.0,181.0,0.0,82.0,-6.216983059421182,-0.1379999965429306,3448.0
167.0,2.00600004196167,3409.0,1791069801000.0,18.0,18.0,7520.509765625,3451.0,106.8152660317719,70.5999984741211,3451.0,180.0,0.5,83.0,-6.216950369998813,0.12300000339746475,3451.0
166.0,2.015000104904175,3411.0,1791069803000.0,20.399999618530273,20.399999618530273,7522.52978515625,3453.0,106.8152726534754,72.19999694824219,3453.0,179.0,0.0,83.0,-6.2168950494378805,1.1990000009536743,3453.0
167.0,1.9780000448226929,3418.0,1791069810000.0,19.600000381469727,19.600000381469727,7536.080078125,3460.0,106.81533199734986,74.0,3460.0,179.0,0.5,83.0,-6.216770745813847,-0.09799999743700027,3460.0
166.0,1.940999984741211,3422.0,1791069814000.0,18.600000381469727,18.600000381469727,7541.2998046875,3464.0,106.81536552496254,73.5999984741211,3464.0,179.0,0.0,83.0,-6.216737804934382,-0.2720000147819519,3464.0
166.0,1.940999984741211,3423.0,1791069815000.0,18.200000762939453,18.200000762939453,7543.580078125,3465.0,106.81537030264735,73.5999984741211,3465.0,179.0,0.0,83.0,-6.2167171854525805,-0.2980000078678131,3465.0
164.0,1.8569999933242798,3425.0,1791069817000.0,18.399999618530273,18.399999618530273,7548.22998046875,3467.0,106.81536468677223,73.4000015258789,3467.0,179.0,0.0,82.0,-6.2166759464889765,0.050999999046325684,3467.0
166.0,1.902999997138977,3428.0,1791069820000.0,17.799999237060547,17.799999237060547,7554.669921875,3470.0,106.8153730686754,73.19999694824219,3470.0,179.0,0.0,83.0,-6.216619284823537,-0.19499999284744263,3470.0
169.0,1.9589999914169312,3434.0,1791069826000.0,15.600000381469727,15.600000381469727,7567.5498046875,3476.0,106.81543643586338,72.0,3476.0,180.0,0.5,84.0,-6.216519791632891,-0.3490000069141388,3476.0
169.0,1.968999981880188,3435.0,1791069827000.0,14.800000190734863,14.800000190734863,7570.35986328125,3477.0,106.81545780971646,71.80000305175781,3477.0,181.0,0.5,84.0,-6.216505542397499,-0.7950000166893005,3477.0
167.0,2.0250000953674316,3441.0,1791069833000.0,12.600000381469727,12.600000381469727,7582.3701171875,3483.0,106.81551899760962,69.80000305175781,3483.0,180.0,0.5,83.0,-6.216415353119373,-0.3630000054836273,3483.0
164.0,2.0810000896453857,3447.0,1791069839000.0,8.800000190734863,8.800000190734863,7597.35009765625,3489.0,106.81563558988273,67.5999984741211,3489.0,179.0,0.0,82.0,-6.216342430561781,-0.6320000290870667,3489.0
166.0,2.2769999504089355,3454.0,1791069846000.0,12.199999809265137,12.199999809265137,7615.81005859375,3496.0,106.8157702870667,69.80000305175781,3496.0,180.0,0.0,83.0,-6.216237237676978,0.4740000069141388,3496.0
166.0,2.3889999389648438,3461.0,1791069853000.0,15.600000381469727,15.600000381469727,7636.419921875,3503.0,106.81594555266201,78.5999984741211,3503.0,182.0,0.0,83.0,-6.216164147481322,0.4699999988079071,3503.0
166.0,2.4070000648498535,3464.0,1791069856000.0,16.399999618530273,16.399999618530273,7645.43017578125,3506.0,106.81600548326969,82.19999694824219,3506.0,184.0,0.0,83.0,-6.216112514957786,0.28999999165534973,3506.0
167.0,2.322999954223633,3472.0,1791069864000.0,17.200000762939453,17.200000762939453,7668.16015625,3514.0,106.81613699533045,90.5999984741211,3514.0,185.0,0.5,83.0,-6.215953091159463,0.0989999994635582,3514.0
166.0,2.1089999675750732,3480.0,1791069872000.0,15.600000381469727,15.600000381469727,7687.6298828125,3522.0,106.81631351821125,102.4000015258789,3522.0,185.0,0.0,83.0,-6.21589140035212,-0.18700000643730164,3522.0
0.0,1.2319999933242798,3489.0,1791069881000.0,15.800000190734863,15.800000190734863,7699.97998046875,3531.0,106.81646472774446,102.80000305175781,3531.0,182.0,0.0,0.0,-6.215920904651284,0.014000000432133675,3531.0
119.0,1.437000036239624,3497.0,1791069889000.0,15.199999809265137,15.199999809265137,7709.72021484375,3539.0,106.81655567139387,90.80000305175781,3539.0,181.0,0.5,59.0,-6.215898524969816,-0.06599999964237213,3539.0
122.0,1.6890000104904175,3509.0,1791069901000.0,13.600000381469727,13.600000381469727,7730.31005859375,3551.0,106.8167063780129,76.19999694824219,3551.0,180.0,0.0,61.0,-6.215790314599872,-0.14300000667572021,3551.0
111.0,1.7170000076293945,3515.0,1791069907000.0,13.0,13.0,7733.72998046875,3557.0,106.81674912571907,69.4000015258789,3557.0,177.0,0.5,55.0,-6.2157980259507895,-0.10300000011920929,3557.0
111.0,1.6979999542236328,3518.0,1791069910000.0,12.800000190734863,12.800000190734863,7735.759765625,3560.0,106.8167663924396,64.5999984741211,3560.0,177.0,0.5,55.0,-6.215789224952459,-0.03700000047683716,3560.0
122.0,1.5579999685287476,3527.0,1791069919000.0,12.800000190734863,12.800000190734863,7745.31982421875,3569.0,106.81684182956815,50.599998474121094,3569.0,176.0,0.0,61.0,-6.215746980160475,-0.0010000000474974513,3569.0
117.0,1.5579999685287476,3530.0,1791069922000.0,13.0,13.0,7748.52001953125,3572.0,106.81686697527766,46.599998474121094,3572.0,173.0,0.5,58.0,-6.215731725096703,0.061000000685453415,3572.0
120.0,1.5959999561309814,3536.0,1791069928000.0,13.600000381469727,13.600000381469727,7757.64013671875,3578.0,106.81693704798818,38.400001525878906,3578.0,170.0,0.0,60.0,-6.215688558295369,0.08699999749660492,3578.0
0.0,1.6239999532699585,3539.0,1791069931000.0,13.800000190734863,13.800000190734863,7761.89990234375,3581.0,106.81696915067732,36.400001525878906,3581.0,168.0,0.0,0.0,-6.215667268261313,0.08900000154972076,3581.0
116.0,1.5859999656677246,3548.0,1791069940000.0,14.800000190734863,14.800000190734863,7773.02001953125,3590.0,106.8170462641865,35.400001525878906,3590.0,165.0,0.0,58.0,-6.215603481978178,0.1080000028014183,3590.0
116.0,1.5770000219345093,3549.0,1791069941000.0,15.0,15.0,7774.22021484375,3591.0,106.81705305352807,35.599998474121094,3591.0,166.0,0.0,58.0,-6.215594932436943,0.17800000309944153,3591.0
161.0,2.1089999675750732,3555.0,1791069947000.0,16.600000381469727,16.600000381469727,7787.31005859375,3597.0,106.81714248843491,35.599998474121094,3597.0,163.0,0.5,80.0,-6.215517232194543,0.28700000047683716,3597.0
163.0,2.3329999446868896,3556.0,1791069948000.0,17.0,17.0,7789.93994140625,3598.0,106.81716000661254,35.599998474121094,3598.0,162.0,0.5,81.0,-6.2155011389404535,0.3529999852180481,3598.0
168.0,2.3889999389648438,3559.0,1791069951000.0,18.399999618530273,18.399999618530273,7799.419921875,3601.0,106.81722169741988,35.599998474121094,3601.0,165.0,0.0,84.0,-6.2154413759708405,0.4320000112056732,3601.0
173.0,2.4630000591278076,3561.0,1791069953000.0,19.0,19.0,7805.35009765625,3603.0,106.81726167909801,35.599998474121094,3603.0,168.0,0.5,86.0,-6.215405752882361,0.3919999897480011,3603.0
169.0,2.565999984741211,3564.0,1791069956000.0,19.799999237060547,19.799999237060547,7813.0498046875,3606.0,106.81732035242021,35.79999923706055,3606.0,170.0,0.5,84.0,-6.215368453413248,0.20999999344348907,3606.0
169.0,2.5940001010894775,3567.0,1791069959000.0,19.600000381469727,19.600000381469727,7820.89990234375,3609.0,106.81737089529634,37.0,3609.0,173.0,0.5,84.0,-6.215318748727441,-0.06599999964237213,3609.0
170.0,2.621999979019165,3573.0,1791069965000.0,18.399999618530273,18.399999618530273,7835.6201171875,3615.0,106.81748170405626,38.599998474121094,3615.0,176.0,0.0,85.0,-6.215246748179197,-0.18299999833106995,3615.0
166.0,2.556999921798706,3582.0,1791069974000.0,16.200000762939453,16.200000762939453,7857.02001953125,3624.0,106.81763232685626,39.400001525878906,3624.0,177.0,0.0,83.0,-6.215125126764178,-0.24799999594688416,3624.0
168.0,2.546999931335449,3584.0,1791069976000.0,15.800000190734863,15.800000190734863,7862.35009765625,3626.0,106.81766794994473,39.599998474121094,3626.0,177.0,0.0,84.0,-6.215092604979873,-0.17599999904632568,3626.0
166.0,2.500999927520752,3593.0,1791069985000.0,14.600000381469727,14.600000381469727,7883.02978515625,3635.0,106.81781521998346,40.400001525878906,3635.0,176.0,0.0,83.0,-6.214977605268359,-0.1379999965429306,3635.0
166.0,2.490999937057495,3597.0,1791069989000.0,14.800000190734863,14.800000190734863,7893.31005859375,3639.0,106.81788831017911,40.400001525878906,3639.0,179.0,0.0,83.0,-6.214920105412602,0.024000000208616257,3639.0
166.0,2.490999937057495,3603.0,1791069995000.0,16.600000381469727,16.600000381469727,7909.0400390625,3645.0,106.81799677200615,41.0,3645.0,181.0,0.0,83.0,-6.214829245582223,0.31299999356269836,3645.0
164.0,2.5190000534057617,3610.0,1791070002000.0,19.0,19.0,7927.14990234375,3652.0,106.81812526658177,41.20000076293945,3652.0,182.0,0.0,82.0,-6.214729165658355,0.3370000123977661,3652.0
168.0,2.5290000438690186,3617.0,1791070009000.0,20.600000381469727,20.600000381469727,7944.35986328125,3659.0,106.81824680417776,39.599998474121094,3659.0,184.0,0.0,84.0,-6.2146329414099455,0.24799999594688416,3659.0
165.0,2.5380001068115234,3622.0,1791070014000.0,18.600000381469727,18.600000381469727,7957.759765625,3664.0,106.81833900511265,40.20000076293945,3664.0,184.0,0.5,82.0,-6.214553564786911,-0.4309999942779541,3664.0
163.0,2.575000047683716,3632.0,1791070024000.0,14.600000381469727,14.600000381469727,7978.85009765625,3674.0,106.81860588490963,54.0,3674.0,185.0,0.5,81.0,-6.214325241744518,-0.39100000262260437,3674.0
164.0,2.575000047683716,3633.0,1791070025000.0,14.0,14.0,8007.16015625,3675.0,106.81860345415771,48.599998474121094,3675.0,184.0,0.0,82.0,-6.214306801557541,-0.5519999861717224,3675.0
168.0,2.76200008392334,3638.0,1791070030000.0,15.0,15.0,8017.10986328125,3680.0,106.81867009028792,45.20000076293945,3680.0,185.0,0.0,84.0,-6.2142477091401815,0.18199999630451202,3680.0
170.0,2.5940001010894775,3644.0,1791070036000.0,14.399999618530273,14.399999618530273,8029.009765625,3686.0,106.81873915717006,44.20000076293945,3686.0,187.0,0.0,85.0,-6.214166823774576,-0.09099999815225601,3686.0
168.0,2.621999979019165,3652.0,1791070044000.0,14.0,14.0,8049.10009765625,3694.0,106.8188370577991,43.20000076293945,3694.0,185.0,0.0,84.0,-6.214015781879425,-0.05400000140070915,3694.0
168.0,2.575000047683716,3660.0,1791070052000.0,16.200000762939453,16.200000762939453,8069.10986328125,3702.0,106.81895247660577,42.79999923706055,3702.0,186.0,0.0,84.0,-6.213876809924841,0.2809999883174896,3702.0
166.0,2.575000047683716,3662.0,1791070054000.0,16.799999237060547,16.799999237060547,8074.2001953125,3704.0,106.81898063980043,42.599998474121094,3704.0,186.0,0.0,83.0,-6.2138404324650764,0.2770000100135803,3704.0
168.0,2.5940001010894775,3670.0,1791070062000.0,21.200000762939453,21.200000762939453,8095.0498046875,3712.0,106.81910175830126,42.599998474121094,3712.0,186.0,0.0,84.0,-6.213696012273431,0.5450000166893005,3712.0
168.0,2.6029999256134033,3671.0,1791070063000.0,21.799999237060547,21.799999237060547,8097.4501953125,3713.0,106.81911642663181,42.599998474121094,3713.0,186.0,0.0,84.0,-6.2136799190193415,0.5690000057220459,3713.0
166.0,2.61299991607666,3677.0,1791070069000.0,25.600000381469727,25.600000381469727,8112.10986328125,3719.0,106.8191914446652,42.79999923706055,3719.0,187.0,0.0,83.0,-6.213571205735207,0.640999972820282,3719.0
166.0,2.5380001068115234,3685.0,1791070077000.0,28.0,28.0,8130.7099609375,3727.0,106.81930183432996,41.400001525878906,3727.0,187.0,0.0,83.0,-6.213445141911507,0.2919999957084656,3727.0
163.0,2.4820001125335693,3693.0,1791070085000.0,29.200000762939453,29.200000762939453,8152.2900390625,3735.0,106.81942102499306,37.0,3735.0,186.0,0.5,81.0,-6.213291333988309,0.17000000178813934,3735.0
166.0,2.4730000495910645,3697.0,1791070089000.0,29.399999618530273,29.399999618530273,8160.9599609375,3739.0,106.81946670636535,36.400001525878906,3739.0,187.0,0.0,83.0,-6.213227212429047,0.028999999165534973,3739.0
164.0,2.3980000019073486,3706.0,1791070098000.0,27.799999237060547,27.799999237060547,8182.3798828125,3748.0,106.81957483291626,36.599998474121094,3748.0,186.0,0.0,82.0,-6.213066028431058,-0.18400000035762787,3748.0
164.0,2.3889999389648438,3707.0,1791070099000.0,27.600000381469727,27.600000381469727,8184.60009765625,3749.0,106.81958589702845,36.400001525878906,3749.0,186.0,0.0,82.0,-6.213049264624715,-0.2199999988079071,3749.0
166.0,2.369999885559082,3715.0,1791070107000.0,25.0,25.0,8206.41015625,3757.0,106.81969352066517,35.79999923706055,3757.0,186.0,0.0,83.0,-6.212883638218045,-0.3100000023841858,3757.0
166.0,2.2950000762939453,3724.0,1791070116000.0,22.799999237060547,22.799999237060547,8223.900390625,3766.0,106.81979091838002,31.600000381469727,3766.0,187.0,0.0,83.0,-6.2127607595175505,-0.2540000081062317,3766.0
166.0,2.2300000190734863,3733.0,1791070125000.0,20.600000381469727,20.600000381469727,8244.1298828125,3775.0,106.81987599469721,31.399999618530273,3775.0,186.0,0.0,83.0,-6.212598821148276,-0.22699999809265137,3775.0
160.0,2.2109999656677246,3741.0,1791070133000.0,18.799999237060547,18.799999237060547,8262.490234375,3783.0,106.8199407029897,33.400001525878906,3783.0,185.0,0.0,80.0,-6.212446186691523,-0.23499999940395355,3783.0
160.0,2.2300000190734863,3750.0,1791070142000.0,16.0,16.0,8284.66015625,3792.0,106.82003038935363,30.399999618530273,3792.0,185.0,0.0,80.0,-6.212266646325588,-0.31299999356269836,3792.0
163.0,2.249000072479248,3757.0,1791070149000.0,14.199999809265137,14.199999809265137,8299.26953125,3799.0,106.82009384036064,29.200000762939453,3799.0,185.0,0.5,81.0,-6.212151730433106,-0.2590000033378601,3799.0
166.0,2.2769999504089355,3764.0,1791070156000.0,14.199999809265137,14.199999809265137,8319.16015625,3806.0,106.82017992250621,29.0,3806.0,184.0,0.0,83.0,-6.211993983015418,0.00800000037997961,3806.0
168.0,2.3980000019073486,3771.0,1791070163000.0,15.0,15.0,8338.0498046875,3813.0,106.82025636546314,30.600000381469727,3813.0,186.0,0.0,84.0,-6.211840845644474,0.10899999737739563,3813.0
168.0,2.4730000495910645,3779.0,1791070171000.0,20.399999618530273,20.399999618530273,8358.76953125,3821.0,106.8203397653997,32.0,3821.0,186.0,0.0,84.0,-6.211673291400075,0.6779999732971191,3821.0
168.0,2.434999942779541,3787.0,1791070179000.0,26.600000381469727,26.600000381469727,8380.419921875,3829.0,106.82041771709919,35.0,3829.0,186.0,0.0,84.0,-6.211496265605092,0.7789999842643738,3829.0
168.0,2.434999942779541,3794.0,1791070186000.0,32.20000076293945,32.20000076293945,8397.8701171875,3836.0,106.82050187140703,35.20000076293945,3836.0,185.0,0.0,84.0,-6.211365005001426,0.7799999713897705,3836.0
172.0,2.444999933242798,3803.0,1791070195000.0,32.0,32.0,8418.16015625,3845.0,106.8205794878304,35.599998474121094,3845.0,186.0,0.0,86.0,-6.2111989594995975,-0.024000000208616257,3845.0
172.0,2.434999942779541,3804.0,1791070196000.0,31.399999618530273,31.399999618530273,8419.6103515625,3846.0,106.82057152502239,35.599998474121094,3846.0,185.0,0.0,86.0,-6.211182363331318,-0.5920000076293945,3846.0
131.0,1.930999994277954,3812.0,1791070204000.0,28.600000381469727,28.600000381469727,8434.650390625,3854.0,106.82059700600803,35.20000076293945,3854.0,185.0,0.5,65.0,-6.211046492680907,-0.328000009059906,3854.0
120.0,1.6139999628067017,3821.0,1791070213000.0,26.799999237060547,26.799999237060547,8447.4697265625,3863.0,106.82066531851888,35.20000076293945,3863.0,185.0,0.0,60.0,-6.210952447727323,-0.2029999941587448,3863.0
0.0,1.465000033378601,3828.0,1791070220000.0,25.399999618530273,25.399999618530273,8456.76953125,3870.0,106.82070747949183,34.20000076293945,3870.0,182.0,0.0,0.0,-6.210879776626825,-0.19900000095367432,3870.0
122.0,1.5299999713897705,3833.0,1791070225000.0,24.399999618530273,24.399999618530273,8463.58984375,3875.0,106.82073430158198,34.20000076293945,3875.0,181.0,0.0,61.0,-6.210824036970735,-0.1979999989271164,3875.0
127.0,1.5959999561309814,3843.0,1791070235000.0,23.0,23.0,8479.740234375,3885.0,106.82081510312855,37.599998474121094,3885.0,179.0,0.5,63.0,-6.210702080279589,-0.15600000321865082,3885.0
124.0,1.5959999561309814,3848.0,1791070240000.0,22.799999237060547,22.799999237060547,8487.4501953125,3890.0,106.82085030712187,38.599998474121094,3890.0,176.0,0.0,62.0,-6.210642149671912,-0.014999999664723873,3890.0
120.0,1.5859999656677246,3853.0,1791070245000.0,23.0,23.0,8495.400390625,3895.0,106.8208746984601,38.400001525878906,3895.0,175.0,0.0,60.0,-6.210574759170413,0.027000000700354576,3895.0
0.0,1.6050000190734863,3862.0,1791070254000.0,23.200000762939453,23.200000762939453,8512.0400390625,3904.0,106.82094845920801,36.20000076293945,3904.0,174.0,0.0,0.0,-6.210443498566747,0.028999999165534973,3904.0
168.0,2.546999931335449,3869.0,1791070261000.0,24.399999618530273,24.399999618530273,8534.080078125,3911.0,106.82104795239866,34.79999923706055,3911.0,176.0,0.0,84.0,-6.210270998999476,0.1770000010728836,3911.0
168.0,2.6410000324249268,3873.0,1791070265000.0,24.799999237060547,24.799999237060547,8547.3896484375,3915.0,106.82110310532153,34.0,3915.0,173.0,0.0,84.0,-6.210163878276944,0.10300000011920929,3915.0
170.0,2.818000078201294,3878.0,1791070270000.0,24.399999618530273,24.399999618530273,8562.1201171875,3920.0,106.821144009009,32.400001525878906,3920.0,171.0,0.0,85.0,-6.210036305710673,-0.09200000017881393,3920.0
173.0,2.9110000133514404,3885.0,1791070277000.0,24.200000762939453,24.200000762939453,8584.849609375,3927.0,106.82123905979097,31.799999237060547,3927.0,172.0,0.5,86.0,-6.209854083135724,-0.03799999877810478,3927.0
172.0,2.930000066757202,3887.0,1791070279000.0,24.399999618530273,24.399999618530273,8590.6201171875,3929.0,106.82126227766275,31.799999237060547,3929.0,174.0,0.0,86.0,-6.209807312116027,0.1289999932050705,3929.0
170.0,2.9579999446868896,3889.0,1791070281000.0,24.799999237060547,24.799999237060547,8596.919921875,3931.0,106.82128599844873,31.799999237060547,3931.0,178.0,0.0,85.0,-6.209755511954427,0.17499999701976776,3931.0
170.0,2.994999885559082,3893.0,1791070285000.0,25.0,25.0,8608.1103515625,3935.0,106.82133637368679,31.0,3935.0,181.0,0.0,85.0,-6.209667669609189,0.06599999964237213,3935.0
170.0,2.9670000076293945,3894.0,1791070286000.0,25.0,25.0,8611.2099609375,3936.0,106.8213517125696,30.799999237060547,3936.0,182.0,0.0,85.0,-6.209644200280309,0.009999999776482582,3936.0
168.0,2.9760000705718994,3901.0,1791070293000.0,24.399999618530273,24.399999618530273,8632.7900390625,3943.0,106.82143125683069,29.200000762939453,3943.0,184.0,0.0,84.0,-6.209466001018882,-0.08900000154972076,3943.0
168.0,2.9670000076293945,3902.0,1791070294000.0,24.399999618530273,24.399999618530273,8635.419921875,3944.0,106.8214381299913,29.200000762939453,3944.0,184.0,0.0,84.0,-6.2094431184232235,0.024000000208616257,3944.0
169.0,2.8929998874664307,3910.0,1791070302000.0,23.200000762939453,23.200000762939453,8658.080078125,3952.0,106.82152345776558,29.600000381469727,3952.0,184.0,0.5,84.0,-6.20925678871572,-0.14900000393390656,3952.0
168.0,2.874000072479248,3913.0,1791070305000.0,22.600000381469727,22.600000381469727,8666.0302734375,3955.0,106.82155623100698,29.799999237060547,3955.0,184.0,0.0,84.0,-6.209192918613553,-0.19900000095367432,3955.0
166.0,2.8269999027252197,3920.0,1791070312000.0,22.799999237060547,22.799999237060547,8684.0400390625,3962.0,106.82160669006407,29.0,3962.0,185.0,0.0,83.0,-6.209036931395531,0.024000000208616257,3962.0
167.0,2.7990000247955322,3928.0,1791070320000.0,24.200000762939453,24.200000762939453,8706.0302734375,3970.0,106.82168304920197,28.600000381469727,3970.0,185.0,0.5,83.0,-6.208853367716074,0.18000000715255737,3970.0
169.0,2.7990000247955322,3929.0,1791070321000.0,24.200000762939453,24.200000762939453,8709.2099609375,3971.0,106.82168967090547,28.600000381469727,3971.0,185.0,0.5,84.0,-6.208825455978513,-0.024000000208616257,3971.0
167.0,2.8269999027252197,3936.0,1791070328000.0,28.200000762939453,28.200000762939453,8728.6103515625,3978.0,106.8217489309609,28.600000381469727,3978.0,185.0,0.5,83.0,-6.208661003038287,0.5740000009536743,3978.0
165.0,2.8369998931884766,3943.0,1791070335000.0,27.399999618530273,27.399999618530273,8748.9404296875,3985.0,106.82184934616089,26.200000762939453,3985.0,187.0,0.5,82.0,-6.208501327782869,-0.12200000137090683,3985.0
165.0,2.8369998931884766,3945.0,1791070337000.0,27.0,27.0,8754.330078125,3987.0,106.82186175137758,24.600000381469727,3987.0,187.0,0.5,82.0,-6.208454053848982,-0.22699999809265137,3987.0
167.0,2.818000078201294,3951.0,1791070343000.0,23.399999618530273,23.399999618530273,8770.169921875,3993.0,106.8218951113522,23.0,3993.0,185.0,0.5,83.0,-6.208316087722778,-0.6019999980926514,3993.0
167.0,2.753000020980835,3958.0,1791070350000.0,20.600000381469727,20.600000381469727,8785.599609375,4000.0,106.82191656902432,22.799999237060547,4000.0,186.0,0.5,83.0,-6.208179043605924,-0.3930000066757202,4000.0
169.0,2.490999937057495,3966.0,1791070358000.0,18.600000381469727,18.600000381469727,8806.6904296875,4008.0,106.82189527899027,23.799999237060547,4008.0,186.0,0.5,84.0,-6.2079808954149485,-0.24899999797344208,4008.0
169.0,2.4630000591278076,3967.0,1791070359000.0,18.600000381469727,18.600000381469727,8809.259765625,4009.0,106.82189075276256,24.200000762939453,4009.0,186.0,0.5,84.0,-6.207956336438656,0.020999999716877937,4009.0
169.0,2.3510000705718994,3975.0,1791070367000.0,18.0,18.0,8830.41015625,4017.0,106.82187700644135,29.399999618530273,4017.0,186.0,0.5,84.0,-6.207758020609617,-0.06400000303983688,4017.0
169.0,2.3510000705718994,3976.0,1791070368000.0,17.799999237060547,17.799999237060547,8833.759765625,4018.0,106.82189578190446,30.399999618530273,4018.0,186.0,0.5,84.0,-6.2077308632433414,-0.22599999606609344,4018.0
165.0,2.305000066757202,3983.0,1791070375000.0,15.800000190734863,15.800000190734863,8854.490234375,4025.0,106.82188337668777,39.79999923706055,4025.0,185.0,0.5,82.0,-6.2075370736420155,-0.289000004529953,4025.0
165.0,2.257999897003174,3985.0,1791070377000.0,15.600000381469727,15.600000381469727,8859.5400390625,4027.0,106.82189343497157,41.79999923706055,4027.0,184.0,0.5,82.0,-6.207492062821984,-0.16200000047683716,4027.0
166.0,1.875,3995.0,1791070387000.0,14.600000381469727,14.600000381469727,8873.16015625,4037.0,106.8218715582043,47.0,4037.0,181.0,0.0,83.0,-6.207365412265062,-0.09099999815225601,4037.0
168.0,1.8380000591278076,4004.0,1791070396000.0,16.0,16.0,8889.2197265625,4046.0,106.82181942276657,50.400001525878906,4046.0,181.0,0.0,84.0,-6.2072172202169895,0.15800000727176666,4046.0
171.0,1.875,4009.0,1791070401000.0,18.200000762939453,18.200000762939453,8902.1904296875,4051.0,106.82179779745638,51.599998474121094,4051.0,184.0,0.5,85.0,-6.207104315981269,0.4269999861717224,4051.0
173.0,1.8940000534057617,4010.0,1791070402000.0,18.799999237060547,18.799999237060547,8906.849609375,4052.0,106.8218261282891,51.599998474121094,4052.0,181.0,0.5,86.0,-6.207062741741538,0.5669999718666077,4052.0
173.0,1.940999984741211,4011.0,1791070403000.0,19.200000762939453,19.200000762939453,8910.8203125,4053.0,106.82185311801732,51.599998474121094,4053.0,180.0,0.5,86.0,-6.207029800862074,0.3659999966621399,4053.0
173.0,2.0989999771118164,4013.0,1791070405000.0,20.0,20.0,8916.3603515625,4055.0,106.82187767699361,51.79999923706055,4055.0,176.0,0.5,86.0,-6.206982275471091,0.4189999997615814,4055.0
171.0,2.3980000019073486,4018.0,1791070410000.0,22.200000762939453,22.200000762939453,8927.169921875,4060.0,106.8219003919512,51.400001525878906,4060.0,175.0,0.5,85.0,-6.20688596740365,0.4560000002384186,4060.0
168.0,2.2669999599456787,4021.0,1791070413000.0,23.799999237060547,23.799999237060547,8934.3896484375,4063.0,106.82191472500563,50.400001525878906,4063.0,172.0,0.0,84.0,-6.206822264939547,0.5080000162124634,4063.0
168.0,2.2669999599456787,4027.0,1791070419000.0,26.399999618530273,26.399999618530273,8948.150390625,4069.0,106.82194917462766,46.79999923706055,4069.0,169.0,0.0,84.0,-6.206703241914511,0.44699999690055847,4069.0
168.0,2.2860000133514404,4028.0,1791070420000.0,26.799999237060547,26.799999237060547,8950.490234375,4070.0,106.82195479050279,46.0,4070.0,169.0,0.0,84.0,-6.206682790070772,0.46799999475479126,4070.0
169.0,2.509999990463257,4037.0,1791070429000.0,29.600000381469727,29.600000381469727,8970.990234375,4079.0,106.82198898866773,38.79999923706055,4079.0,171.0,0.5,84.0,-6.20650190860033,0.2939999997615814,4079.0
169.0,2.5190000534057617,4039.0,1791070431000.0,30.0,30.0,8976.1298828125,4081.0,106.82199435308576,36.400001525878906,4081.0,173.0,0.5,84.0,-6.206455808132887,0.20999999344348907,4081.0
169.0,2.556999921798706,4042.0,1791070434000.0,30.600000381469727,30.600000381469727,8983.48046875,4084.0,106.82199980132282,33.599998474121094,4084.0,179.0,0.5,84.0,-6.2063895072788,0.21199999749660492,4084.0
169.0,2.565999984741211,4044.0,1791070436000.0,31.0,31.0,8988.8095703125,4086.0,106.82200910523534,32.400001525878906,4086.0,183.0,0.5,84.0,-6.206342149525881,0.1889999955892563,4086.0
169.0,2.575000047683716,4048.0,1791070440000.0,31.600000381469727,31.600000381469727,8998.9404296875,4090.0,106.8220404535532,31.399999618530273,4090.0,186.0,0.5,84.0,-6.206255815923214,0.17800000309944153,4090.0
169.0,2.575000047683716,4049.0,1791070441000.0,31.799999237060547,31.799999237060547,9001.4501953125,4091.0,106.82205185294151,31.200000762939453,4091.0,186.0,0.5,84.0,-6.206235950812697,0.20399999618530273,4091.0
167.0,2.565999984741211,4056.0,1791070448000.0,34.0,34.0,9022.4501953125,4098.0,106.82212234474719,30.0,4098.0,187.0,0.5,83.0,-6.206055572256446,0.2980000078678131,4098.0
167.0,2.509999990463257,4065.0,1791070457000.0,32.79999923706055,32.79999923706055,9041.01953125,4107.0,106.82215914130211,35.0,4107.0,188.0,0.5,83.0,-6.205890197306871,-0.12700000405311584,4107.0
167.0,2.1649999618530273,4077.0,1791070469000.0,31.799999237060547,31.799999237060547,9063.3603515625,4119.0,106.8221662659198,36.20000076293945,4119.0,186.0,0.5,83.0,-6.205689534544945,-0.08100000023841858,4119.0
165.0,2.2950000762939453,4084.0,1791070476000.0,30.200000762939453,30.200000762939453,9084.490234375,4126.0,106.82211052626371,37.400001525878906,4126.0,185.0,0.5,82.0,-6.205496247857809,-0.22699999809265137,4126.0
165.0,2.3420000076293945,4086.0,1791070478000.0,30.200000762939453,30.200000762939453,9090.6396484375,4128.0,106.8220869731158,37.599998474121094,4128.0,185.0,0.5,82.0,-6.205443609505892,-0.020999999716877937,4128.0
165.0,2.509999990463257,4093.0,1791070485000.0,24.0,24.0,9111.98046875,4135.0,106.8220695387572,36.20000076293945,4135.0,186.0,0.5,82.0,-6.205251161009073,-0.8799999952316284,4135.0
165.0,2.509999990463257,4094.0,1791070486000.0,22.799999237060547,22.799999237060547,9115.3701171875,4136.0,106.82207356207073,36.20000076293945,4136.0,187.0,0.5,82.0,-6.205220818519592,-1.1929999589920044,4136.0
169.0,2.490999937057495,4102.0,1791070494000.0,21.799999237060547,21.799999237060547,9135.650390625,4144.0,106.82204028591514,37.400001525878906,4144.0,186.0,0.5,84.0,-6.205023927614093,-0.14800000190734863,4144.0
169.0,2.444999933242798,4103.0,1791070495000.0,21.799999237060547,21.799999237060547,9135.91015625,4145.0,106.82203324511647,37.400001525878906,4145.0,186.0,0.5,84.0,-6.205020071938634,0.012000000104308128,4145.0
128.0,1.9589999914169312,4107.0,1791070499000.0,21.399999618530273,21.399999618530273,9138.8701171875,4149.0,106.82205269113183,35.20000076293945,4149.0,185.0,0.0,64.0,-6.204997105523944,-0.0729999989271164,4149.0
127.0,1.6330000162124634,4111.0,1791070503000.0,21.0,21.0,9142.830078125,4153.0,106.82206534780562,34.0,4153.0,183.0,0.5,63.0,-6.204962991178036,-0.08399999886751175,4153.0
0.0,1.5959999561309814,4113.0,1791070505000.0,21.0,21.0,9144.9697265625,4155.0,106.82207096368074,33.79999923706055,4155.0,182.0,0.0,0.0,-6.204943209886551,-0.09099999815225601,4155.0
124.0,1.5579999685287476,4120.0,1791070512000.0,20.200000762939453,20.200000762939453,9155.0595703125,4162.0,106.82211748324335,34.0,4162.0,179.0,0.0,62.0,-6.204861989244819,-0.10300000011920929,4162.0
122.0,1.5770000219345093,4126.0,1791070518000.0,19.0,19.0,9164.66015625,4168.0,106.82216257788241,34.20000076293945,4168.0,178.0,0.0,61.0,-6.204783618450165,-0.18400000035762787,4168.0
127.0,1.5579999685287476,4133.0,1791070525000.0,16.0,16.0,9172.3798828125,4175.0,106.82220029644668,34.79999923706055,4175.0,178.0,0.5,63.0,-6.204716144129634,-0.4410000145435333,4175.0
123.0,1.5399999618530273,4142.0,1791070534000.0,11.0,11.0,9184.4599609375,4184.0,106.82222770527005,33.0,4184.0,179.0,0.5,61.0,-6.204610867425799,-0.5529999732971191,4184.0
126.0,1.5019999742507935,4149.0,1791070541000.0,11.800000190734863,11.800000190734863,9193.7900390625,4191.0,106.8222476541996,32.0,4191.0,181.0,0.0,63.0,-6.204527718946338,0.09700000286102295,4191.0
135.0,1.5490000247955322,4156.0,1791070548000.0,10.199999809265137,10.199999809265137,9205.919921875,4198.0,106.82224430143833,31.200000762939453,4198.0,180.0,0.5,67.0,-6.204420095309615,-0.20900000631809235,4198.0
135.0,1.5579999685287476,4157.0,1791070549000.0,9.600000381469727,9.600000381469727,9207.580078125,4199.0,106.82223902083933,31.200000762939453,4199.0,179.0,0.5,67.0,-6.2044058460742235,-0.6420000195503235,4199.0
0.0,1.6050000190734863,4162.0,1791070554000.0,8.600000381469727,8.600000381469727,9216.76953125,4204.0,106.8222341593355,31.799999237060547,4204.0,176.0,0.0,0.0,-6.204323284327984,-0.20600000023841858,4204.0
174.0,2.509999990463257,4166.0,1791070558000.0,11.0,11.0,9229.7099609375,4208.0,106.82226357981563,32.20000076293945,4208.0,178.0,0.0,87.0,-6.204209625720978,0.609000027179718,4208.0
169.0,2.994999885559082,4170.0,1791070562000.0,14.199999809265137,14.199999809265137,9243.4404296875,4212.0,106.82230347767472,32.20000076293945,4212.0,181.0,0.5,84.0,-6.204092111438513,0.8190000057220459,4212.0
171.0,3.0789999961853027,4172.0,1791070564000.0,17.0,17.0,9250.4296875,4214.0,106.82231512852013,32.20000076293945,4214.0,182.0,0.5,85.0,-6.204030169174075,1.3680000305175781,4214.0
171.0,3.1540000438690186,4179.0,1791070571000.0,23.399999618530273,23.399999618530273,9272.3701171875,4221.0,106.82235393673182,30.600000381469727,4221.0,183.0,0.5,85.0,-6.203835625201464,0.9010000228881836,4221.0
171.0,3.0510001182556152,4185.0,1791070577000.0,23.799999237060547,23.799999237060547,9291.2998046875,4227.0,106.82238176465034,28.600000381469727,4227.0,186.0,0.5,85.0,-6.203666897490621,0.06599999964237213,4227.0
171.0,3.0510001182556152,4187.0,1791070579000.0,23.600000381469727,23.600000381469727,9297.83984375,4229.0,106.82238863781095,27.600000381469727,4229.0,187.0,0.5,85.0,-6.203608140349388,-0.11100000143051147,4229.0
171.0,3.0420000553131104,4192.0,1791070584000.0,23.399999618530273,23.399999618530273,9314.1396484375,4234.0,106.82239475660026,26.799999237060547,4234.0,188.0,0.5,85.0,-6.20346212759614,-0.03999999910593033,4234.0
171.0,3.0320000648498535,4199.0,1791070591000.0,22.399999618530273,22.399999618530273,9336.8798828125,4241.0,106.82245996780694,27.399999618530273,4241.0,190.0,0.5,85.0,-6.20326716452837,-0.12700000405311584,4241.0
171.0,3.0320000648498535,4201.0,1791070593000.0,21.600000381469727,21.600000381469727,9342.919921875,4243.0,106.82247220538557,27.600000381469727,4243.0,189.0,0.5,85.0,-6.203213771805167,-0.37700000405311584,4243.0
167.0,2.9760000705718994,4209.0,1791070601000.0,16.799999237060547,16.799999237060547,9364.8701171875,4251.0,106.82253909297287,27.799999237060547,4251.0,189.0,0.5,83.0,-6.203027023002505,-0.6129999756813049,4251.0
167.0,2.947999954223633,4211.0,1791070603000.0,15.199999809265137,15.199999809265137,9369.1298828125,4253.0,106.82255334220827,28.0,4253.0,189.0,0.5,83.0,-6.202991148456931,-0.7630000114440918,4253.0
169.0,2.697000026702881,4218.0,1791070610000.0,14.0,14.0,9383.759765625,4260.0,106.82259114459157,30.799999237060547,4260.0,188.0,0.5,84.0,-6.202864414080977,-0.17800000309944153,4260.0
123.0,2.249000072479248,4225.0,1791070617000.0,13.800000190734863,13.800000190734863,9395.6396484375,4267.0,106.82264084927738,32.20000076293945,4267.0,188.0,0.5,61.0,-6.2027692794799805,-0.026000000536441803,4267.0
119.0,1.6519999504089355,4230.0,1791070622000.0,13.800000190734863,13.800000190734863,9403.1396484375,4272.0,106.82263841852546,31.799999237060547,4272.0,185.0,0.5,59.0,-6.202699961140752,0.0020000000949949026,4272.0
119.0,1.5770000219345093,4235.0,1791070627000.0,13.800000190734863,13.800000190734863,9410.4501953125,4277.0,106.82264780625701,31.0,4277.0,182.0,0.5,59.0,-6.202634330838919,-0.013000000268220901,4277.0
119.0,1.5770000219345093,4236.0,1791070628000.0,13.600000381469727,13.600000381469727,9412.23046875,4278.0,106.82265308685601,30.799999237060547,4278.0,182.0,0.5,59.0,-6.2026190757751465,-0.12700000405311584,4278.0
127.0,1.5959999561309814,4248.0,1791070640000.0,12.0,12.0,9432.1103515625,4290.0,106.82269583456218,30.200000762939453,4290.0,181.0,0.5,63.0,-6.202445570379496,-0.12999999523162842,4290.0
169.0,1.6799999475479126,4254.0,1791070646000.0,12.399999618530273,12.399999618530273,9447.0400390625,4296.0,106.82273061946034,29.200000762939453,4296.0,180.0,0.5,84.0,-6.202315483242273,0.052000001072883606,4296.0
171.0,2.8459999561309814,4261.0,1791070653000.0,13.600000381469727,13.600000381469727,9468.2197265625,4303.0,106.8227833416313,28.600000381469727,4303.0,182.0,0.5,85.0,-6.2021322548389435,0.18000000715255737,4303.0
171.0,2.8459999561309814,4262.0,1791070654000.0,13.399999618530273,13.399999618530273,9471.169921875,4304.0,106.82278904132545,28.399999618530273,4304.0,183.0,0.5,85.0,-6.20210618712008,-0.16699999570846558,4304.0
173.0,2.9019999504089355,4265.0,1791070657000.0,13.0,13.0,9481.0498046875,4307.0,106.82280463166535,28.200000762939453,4307.0,186.0,0.5,86.0,-6.202018177136779,-0.19200000166893005,4307.0
169.0,2.994999885559082,4271.0,1791070663000.0,12.0,12.0,9499.0703125,4313.0,106.82282147929072,28.799999237060547,4313.0,185.0,0.5,84.0,-6.201856154948473,-0.15000000596046448,4313.0
171.0,2.947999954223633,4277.0,1791070669000.0,12.0,12.0,9517.0400390625,4319.0,106.8228576052934,28.600000381469727,4319.0,186.0,0.5,85.0,-6.201698491349816,0.0,4319.0
173.0,2.865000009536743,4283.0,1791070675000.0,11.800000190734863,11.800000190734863,9534.830078125,4325.0,106.82287872768939,28.200000762939453,4325.0,187.0,0.5,86.0,-6.201539654284716,-0.026000000536441803,4325.0
165.0,2.8459999561309814,4291.0,1791070683000.0,11.199999809265137,11.199999809265137,9557.23046875,4333.0,106.82291024364531,28.0,4333.0,187.0,0.5,82.0,-6.201339410617948,-0.09000000357627869,4333.0
169.0,2.809000015258789,4298.0,1791070690000.0,11.399999618530273,11.399999618530273,9575.6103515625,4340.0,106.82293379679322,28.600000381469727,4340.0,188.0,0.5,84.0,-6.201175712049007,0.050999999046325684,4340.0
169.0,2.7899999618530273,4305.0,1791070697000.0,11.600000381469727,11.600000381469727,9596.83984375,4347.0,106.82296992279589,28.799999237060547,4347.0,187.0,0.5,84.0,-6.200987454503775,0.01600000075995922,4347.0
171.0,2.809000015258789,4310.0,1791070702000.0,11.399999618530273,11.399999618530273,9609.830078125,4352.0,106.82298886589706,28.600000381469727,4352.0,187.0,0.5,85.0,-6.2008714489638805,-0.0560000017285347,4352.0
130.0,2.5190000534057617,4317.0,1791070709000.0,10.800000190734863,10.800000190734863,9623.33984375,4359.0,106.82298702187836,28.0,4359.0,187.0,0.0,65.0,-6.2007492408156395,-0.06400000303983688,4359.0
128.0,1.902999997138977,4326.0,1791070718000.0,11.399999618530273,11.399999618530273,9638.7197265625,4368.0,106.82299548760056,25.200000762939453,4368.0,184.0,0.0,64.0,-6.200610939413309,0.057999998331069946,4368.0
122.0,1.8849999904632568,4327.0,1791070719000.0,11.399999618530273,11.399999618530273,9640.33984375,4369.0,106.82299624197185,25.0,4369.0,184.0,0.0,61.0,-6.200596271082759,0.00800000037997961,4369.0
127.0,1.5959999561309814,4338.0,1791070730000.0,12.199999809265137,12.199999809265137,9658.75,4380.0,106.82302893139422,23.799999237060547,4380.0,181.0,0.5,63.0,-6.200435422360897,0.06800000369548798,4380.0
169.0,2.7249999046325684,4343.0,1791070735000.0,13.600000381469727,13.600000381469727,9675.3701171875,4385.0,106.82302163913846,25.799999237060547,4385.0,181.0,0.5,84.0,-6.200285805389285,0.3070000112056732,4385.0
171.0,3.059999942779541,4350.0,1791070742000.0,14.800000190734863,14.800000190734863,9697.919921875,4392.0,106.82302499189973,27.399999618530273,4392.0,182.0,0.5,85.0,-6.20008229278028,0.1459999978542328,4392.0
171.0,3.059999942779541,4351.0,1791070743000.0,14.600000381469727,14.600000381469727,9700.580078125,4393.0,106.82302482426167,27.399999618530273,4393.0,181.0,0.5,85.0,-6.200058236718178,-0.0020000000949949026,4393.0
171.0,3.0510001182556152,4358.0,1791070750000.0,14.199999809265137,14.199999809265137,9723.4697265625,4400.0,106.82299825362861,26.0,4400.0,181.0,0.5,85.0,-6.199856149032712,-0.07599999755620956,4400.0
169.0,3.059999942779541,4363.0,1791070755000.0,13.199999809265137,13.199999809265137,9737.5498046875,4405.0,106.82290253229439,26.200000762939453,4405.0,184.0,0.5,84.0,-6.199794793501496,-0.20900000631809235,4405.0
165.0,2.9110000133514404,4367.0,1791070759000.0,13.399999618530273,13.399999618530273,9747.419921875,4409.0,106.82282675988972,26.399999618530273,4409.0,186.0,0.5,82.0,-6.199841313064098,0.05299999937415123,4409.0
167.0,2.8929998874664307,4368.0,1791070760000.0,13.800000190734863,13.800000190734863,9750.6396484375,4410.0,106.82282709516585,26.399999618530273,4410.0,186.0,0.5,83.0,-6.199871739372611,0.4429999887943268,4410.0
165.0,2.8269999027252197,4374.0,1791070766000.0,12.800000190734863,12.800000190734863,9771.1904296875,4416.0,106.82277521118522,27.200000762939453,4416.0,186.0,0.5,82.0,-6.200050776824355,-0.17800000309944153,4416.0
167.0,2.8369998931884766,4376.0,1791070768000.0,12.399999618530273,12.399999618530273,9774.759765625,4418.0,106.82276682928205,28.0,4418.0,186.0,0.5,83.0,-6.200082208961248,-0.17299999296665192,4418.0
169.0,2.818000078201294,4381.0,1791070773000.0,11.199999809265137,11.199999809265137,9788.48046875,4423.0,106.82274168357253,27.600000381469727,4423.0,187.0,0.5,84.0,-6.20020299218595,-0.2460000067949295,4423.0
171.0,3.0320000648498535,4387.0,1791070779000.0,9.399999618530273,9.399999618530273,9807.009765625,4429.0,106.82271486148238,24.799999237060547,4429.0,187.0,0.5,85.0,-6.200369792059064,-0.27799999713897705,4429.0
169.0,2.947999954223633,4393.0,1791070785000.0,9.199999809265137,9.199999809265137,9829.8798828125,4435.0,106.82271259836853,24.600000381469727,4435.0,189.0,0.5,84.0,-6.200581267476082,-0.057999998331069946,4435.0
169.0,2.947999954223633,4394.0,1791070786000.0,9.399999618530273,9.399999618530273,9832.25,4436.0,106.82271762751043,25.399999618530273,4436.0,189.0,0.5,84.0,-6.200604569166899,0.22200000286102295,4436.0
169.0,2.947999954223633,4395.0,1791070787000.0,9.399999618530273,9.399999618530273,9833.8701171875,4437.0,106.8227154482156,26.399999618530273,4437.0,189.0,0.5,84.0,-6.200621165335178,0.09600000083446503,4437.0
169.0,2.7809998989105225,4398.0,1791070790000.0,9.399999618530273,9.399999618530273,9843.3203125,4440.0,106.8226985167712,28.200000762939453,4440.0,190.0,0.5,84.0,-6.200703727081418,-0.013000000268220901,4440.0
167.0,2.7709999084472656,4405.0,1791070797000.0,9.600000381469727,9.600000381469727,9859.6298828125,4447.0,106.82266532443464,28.200000762939453,4447.0,190.0,0.5,83.0,-6.200848398730159,0.032999999821186066,4447.0
167.0,2.697000026702881,4413.0,1791070805000.0,10.0,10.0,9880.4296875,4455.0,106.82260740548372,27.0,4455.0,191.0,0.5,83.0,-6.201026095077395,0.05400000140070915,4455.0
167.0,2.7060000896453857,4415.0,1791070807000.0,10.399999618530273,10.399999618530273,9885.0302734375,4457.0,106.82259961031377,27.0,4457.0,191.0,0.5,83.0,-6.201066747307777,0.1289999932050705,4457.0
167.0,2.1459999084472656,4420.0,1791070812000.0,10.800000190734863,10.800000190734863,9892.4697265625,4462.0,106.82259567081928,27.399999618530273,4462.0,190.0,0.5,83.0,-6.201134053990245,0.09399999678134918,4462.0
0.0,1.7170000076293945,4430.0,1791070822000.0,11.800000190734863,11.800000190734863,9908.5595703125,4472.0,106.82255443185568,24.799999237060547,4472.0,188.0,0.0,0.0,-6.2012716848403215,0.09700000286102295,4472.0
160.0,2.8550000190734863,4434.0,1791070826000.0,13.199999809265137,13.199999809265137,9921.900390625,4476.0,106.82254303246737,22.799999237060547,4476.0,187.0,0.0,80.0,-6.201391881331801,0.37700000405311584,4476.0
171.0,3.2279999256134033,4440.0,1791070832000.0,15.600000381469727,15.600000381469727,9943.4697265625,4482.0,106.82251604273915,22.200000762939453,4482.0,187.0,0.5,85.0,-6.201586257666349,0.38100001215934753,4482.0
172.0,3.171999931335449,4441.0,1791070833000.0,15.800000190734863,15.800000190734863,9946.58984375,4483.0,106.82251109741628,22.200000762939453,4483.0,188.0,0.0,86.0,-6.201614169403911,0.2370000034570694,4483.0
173.0,3.322000026702881,4447.0,1791070839000.0,16.200000762939453,16.200000762939453,9967.009765625,4489.0,106.8224514182657,23.399999618530273,4489.0,192.0,0.5,86.0,-6.201789183542132,0.07999999821186066,4489.0
171.0,3.2839999198913574,4448.0,1791070840000.0,16.399999618530273,16.399999618530273,9970.169921875,4490.0,106.82243842631578,23.600000381469727,4490.0,188.0,0.5,85.0,-6.201814915984869,0.04899999871850014,4490.0
173.0,3.2750000953674316,4454.0,1791070846000.0,15.399999618530273,15.399999618530273,9991.6103515625,4496.0,106.82239308021963,25.799999237060547,4496.0,189.0,0.5,86.0,-6.202003173530102,-0.14800000190734863,4496.0
173.0,3.2839999198913574,4456.0,1791070848000.0,15.800000190734863,15.800000190734863,9998.08984375,4498.0,106.82235854677856,26.399999618530273,4498.0,190.0,0.5,86.0,-6.2020497769117355,0.18299999833106995,4498.0
173.0,3.2839999198913574,4457.0,1791070849000.0,16.200000762939453,16.200000762939453,10001.240234375,4499.0,106.82233331725001,26.399999618530273,4499.0,191.0,0.5,86.0,-6.202062936499715,0.49399998784065247,4499.0
173.0,3.25600004196167,4460.0,1791070852000.0,16.799999237060547,16.799999237060547,10006.08984375,4502.0,106.82229191064835,26.799999237060547,4502.0,192.0,0.5,86.0,-6.202074252068996,0.14100000262260437,4502.0
131.0,1.6330000162124634,4467.0,1791070859000.0,17.200000762939453,17.200000762939453,10017.2998046875,4509.0,106.82220197282732,27.600000381469727,4509.0,191.0,0.5,65.0,-6.2020359467715025,0.05900000035762787,4509.0
114.0,1.5959999561309814,4472.0,1791070864000.0,17.600000381469727,17.600000381469727,10024.7197265625,4514.0,106.82215126231313,30.399999618530273,4514.0,188.0,0.0,57.0,-6.20197668671608,0.0949999988079071,4514.0
121.0,1.5770000219345093,4474.0,1791070866000.0,17.600000381469727,17.600000381469727,10028.33984375,4516.0,106.8221197463572,31.0,4516.0,187.0,0.5,60.0,-6.201966628432274,-0.020999999716877937,4516.0
121.0,1.5679999589920044,4476.0,1791070868000.0,17.399999618530273,17.399999618530273,10032.8603515625,4518.0,106.8220787588507,31.200000762939453,4518.0,187.0,0.5,60.0,-6.201962102204561,-0.05700000002980232,4518.0
0.0,1.6050000190734863,4481.0,1791070873000.0,16.799999237060547,16.799999237060547,10041.169921875,4523.0,106.82200499810278,31.600000381469727,4523.0,188.0,0.0,0.0,-6.201927484944463,-0.12800000607967377,4523.0
125.0,1.6610000133514404,4489.0,1791070881000.0,14.800000190734863,14.800000190734863,10055.41015625,4531.0,106.8218818679452,33.400001525878906,4531.0,187.0,0.5,62.0,-6.201889598742127,-0.24199999868869781,4531.0
127.0,1.6979999542236328,4494.0,1791070886000.0,14.199999809265137,14.199999809265137,10062.6796875,4536.0,106.82182185351849,33.599998474121094,4536.0,184.0,0.5,63.0,-6.201856071129441,-0.14399999380111694,4536.0
127.0,1.6979999542236328,4496.0,1791070888000.0,13.800000190734863,13.800000190734863,10064.900390625,4538.0,106.8218023236841,33.599998474121094,4538.0,184.0,0.5,63.0,-6.201859507709742,-0.16300000250339508,4538.0
127.0,1.6890000104904175,4497.0,1791070889000.0,13.600000381469727,13.600000381469727,10066.509765625,4539.0,106.82178815826774,33.599998474121094,4539.0,185.0,0.5,63.0,-6.201862944290042,-0.257999986410141,4539.0
160.0,1.7079999446868896,4503.0,1791070895000.0,11.600000381469727,11.600000381469727,10081.349609375,4545.0,106.82166167534888,37.79999923706055,4545.0,186.0,0.0,80.0,-6.201826483011246,-0.3409999907016754,4545.0
169.0,3.069999933242798,4509.0,1791070901000.0,8.800000190734863,8.800000190734863,10101.7099609375,4551.0,106.82148833759129,38.0,4551.0,186.0,0.5,84.0,-6.201766720041633,-0.4519999921321869,4551.0
173.0,3.190999984741211,4512.0,1791070904000.0,9.0,9.0,10114.1298828125,4554.0,106.82137669064105,37.20000076293945,4554.0,190.0,0.5,86.0,-6.201763870194554,0.0689999982714653,4554.0
174.0,3.4059998989105225,4514.0,1791070906000.0,9.199999809265137,9.199999809265137,10122.009765625,4556.0,106.8213067855686,36.79999923706055,4556.0,187.0,0.0,87.0,-6.20175045914948,0.12700000405311584,4556.0
174.0,3.490000009536743,4515.0,1791070907000.0,9.800000190734863,9.800000190734863,10126.169921875,4557.0,106.8212705757469,36.599998474121094,4557.0,187.0,0.0,87.0,-6.201740484684706,0.5929999947547913,4557.0
179.0,3.694999933242798,4520.0,1791070912000.0,11.399999618530273,11.399999618530273,10143.48046875,4562.0,106.82111894711852,36.0,4562.0,190.0,0.5,89.0,-6.20169673115015,0.3240000009536743,4562.0
176.0,3.7039999961853027,4521.0,1791070913000.0,11.600000381469727,11.600000381469727,10147.26953125,4563.0,106.82108474895358,36.20000076293945,4563.0,191.0,0.0,88.0,-6.201694468036294,0.19200000166893005,4563.0
176.0,3.6760001182556152,4523.0,1791070915000.0,13.0,13.0,10156.259765625,4565.0,106.82100344449282,36.20000076293945,4565.0,192.0,0.0,88.0,-6.201690109446645,0.6240000128746033,4565.0
